date,HomeTeam,AwayTeam,xG_Home,xG_Away,understat_id,season,source_url,understat_date,results_date_verified
2015-08-22,Lazio,Bologna,1.54404,0.375662,552,2015,https://understat.com/getLeagueData/Serie_A/2015,2015-08-22,True
2015-08-22,Verona,Roma,0.865017,1.16312,551,2015,https://understat.com/getLeagueData/Serie_A/2015,2015-08-22,True
2015-08-23,Empoli,Chievo,1.24183,1.0769,558,2015,https://understat.com/getLeagueData/Serie_A/2015,2015-08-23,True
2015-08-23,Fiorentina,Milan,1.93344,0.586002,559,2015,https://understat.com/getLeagueData/Serie_A/2015,2015-08-23,True
2015-08-23,Frosinone,Torino,0.895109,1.99731,560,2015,https://understat.com/getLeagueData/Serie_A/2015,2015-08-23,True
2015-08-23,Inter,Atalanta,1.03572,0.380583,557,2015,https://understat.com/getLeagueData/Serie_A/2015,2015-08-23,True
2015-08-23,Juventus,Udinese,1.82451,0.867178,553,2015,https://understat.com/getLeagueData/Serie_A/2015,2015-08-23,True
2015-08-23,Palermo,Genoa,1.63924,0.77741,554,2015,https://understat.com/getLeagueData/Serie_A/2015,2015-08-23,True
2015-08-23,Sampdoria,Carpi,1.40755,2.67392,555,2015,https://understat.com/getLeagueData/Serie_A/2015,2015-08-23,True
2015-08-23,Sassuolo,Napoli,2.16827,1.15002,556,2015,https://understat.com/getLeagueData/Serie_A/2015,2015-08-23,True
2015-08-29,Bologna,Sassuolo,0.153057,0.760634,561,2015,https://understat.com/getLeagueData/Serie_A/2015,2015-08-29,True
2015-08-29,Milan,Empoli,1.05099,1.01877,562,2015,https://understat.com/getLeagueData/Serie_A/2015,2015-08-29,True
2015-08-30,Atalanta,Frosinone,3.15546,0.836519,570,2015,https://understat.com/getLeagueData/Serie_A/2015,2015-08-30,True
2015-08-30,Carpi,Inter,0.866071,3.03344,567,2015,https://understat.com/getLeagueData/Serie_A/2015,2015-08-30,True
2015-08-30,Chievo,Lazio,1.63354,0.832294,568,2015,https://understat.com/getLeagueData/Serie_A/2015,2015-08-30,True
2015-08-30,Genoa,Verona,2.03288,0.520796,569,2015,https://understat.com/getLeagueData/Serie_A/2015,2015-08-30,True
2015-08-30,Napoli,Sampdoria,1.71418,1.36084,566,2015,https://understat.com/getLeagueData/Serie_A/2015,2015-08-30,True
2015-08-30,Roma,Juventus,0.970721,0.973945,563,2015,https://understat.com/getLeagueData/Serie_A/2015,2015-08-30,True
2015-08-30,Torino,Fiorentina,0.646798,0.839819,564,2015,https://understat.com/getLeagueData/Serie_A/2015,2015-08-30,True
2015-08-30,Udinese,Palermo,2.23566,0.791464,565,2015,https://understat.com/getLeagueData/Serie_A/2015,2015-08-30,True
2015-09-12,Fiorentina,Genoa,0.677696,0.612554,571,2015,https://understat.com/getLeagueData/Serie_A/2015,2015-09-12,True
2015-09-12,Frosinone,Roma,0.366506,1.90653,572,2015,https://understat.com/getLeagueData/Serie_A/2015,2015-09-12,True
2015-09-12,Juventus,Chievo,2.74683,0.635511,573,2015,https://understat.com/getLeagueData/Serie_A/2015,2015-09-12,True
2015-09-13,Empoli,Napoli,1.29389,1.03333,577,2015,https://understat.com/getLeagueData/Serie_A/2015,2015-09-13,True
2015-09-13,Inter,Milan,1.85902,0.825596,579,2015,https://understat.com/getLeagueData/Serie_A/2015,2015-09-13,True
2015-09-13,Lazio,Udinese,1.33653,0.611595,578,2015,https://understat.com/getLeagueData/Serie_A/2015,2015-09-13,True
2015-09-13,Palermo,Carpi,1.31893,0.912214,575,2015,https://understat.com/getLeagueData/Serie_A/2015,2015-09-13,True
2015-09-13,Sassuolo,Atalanta,1.26217,1.32444,576,2015,https://understat.com/getLeagueData/Serie_A/2015,2015-09-13,True
2015-09-13,Verona,Torino,1.61701,0.926644,574,2015,https://understat.com/getLeagueData/Serie_A/2015,2015-09-13,True
2015-09-14,Sampdoria,Bologna,1.29105,0.262969,580,2015,https://understat.com/getLeagueData/Serie_A/2015,2015-09-14,True
2015-09-19,Milan,Palermo,1.29857,1.34984,582,2015,https://understat.com/getLeagueData/Serie_A/2015,2015-09-19,True
2015-09-19,Udinese,Empoli,0.991963,0.68218,581,2015,https://understat.com/getLeagueData/Serie_A/2015,2015-09-19,True
2015-09-20,Atalanta,Verona,0.921773,0.753904,587,2015,https://understat.com/getLeagueData/Serie_A/2015,2015-09-20,True
2015-09-20,Bologna,Frosinone,1.20228,1.47246,588,2015,https://understat.com/getLeagueData/Serie_A/2015,2015-09-20,True
2015-09-20,Carpi,Fiorentina,1.49722,0.418407,589,2015,https://understat.com/getLeagueData/Serie_A/2015,2015-09-20,True
2015-09-20,Chievo,Inter,0.885744,1.36927,583,2015,https://understat.com/getLeagueData/Serie_A/2015,2015-09-20,True
2015-09-20,Genoa,Juventus,0.382614,2.17908,584,2015,https://understat.com/getLeagueData/Serie_A/2015,2015-09-20,True
2015-09-20,Napoli,Lazio,2.73209,0.971385,590,2015,https://understat.com/getLeagueData/Serie_A/2015,2015-09-20,True
2015-09-20,Roma,Sassuolo,1.67014,0.913148,585,2015,https://understat.com/getLeagueData/Serie_A/2015,2015-09-20,True
2015-09-20,Torino,Sampdoria,2.63119,0.798391,586,2015,https://understat.com/getLeagueData/Serie_A/2015,2015-09-20,True
2015-09-22,Udinese,Milan,1.06772,0.650335,591,2015,https://understat.com/getLeagueData/Serie_A/2015,2015-09-22,True
2015-09-23,Carpi,Napoli,0.362323,1.16585,595,2015,https://understat.com/getLeagueData/Serie_A/2015,2015-09-23,True
2015-09-23,Chievo,Torino,0.425996,0.151262,596,2015,https://understat.com/getLeagueData/Serie_A/2015,2015-09-23,True
2015-09-23,Fiorentina,Bologna,1.64826,0.311562,597,2015,https://understat.com/getLeagueData/Serie_A/2015,2015-09-23,True
2015-09-23,Inter,Verona,0.838775,0.240971,598,2015,https://understat.com/getLeagueData/Serie_A/2015,2015-09-23,True
2015-09-23,Juventus,Frosinone,1.99042,0.512593,599,2015,https://understat.com/getLeagueData/Serie_A/2015,2015-09-23,True
2015-09-23,Lazio,Genoa,0.812854,0.345925,592,2015,https://understat.com/getLeagueData/Serie_A/2015,2015-09-23,True
2015-09-23,Palermo,Sassuolo,0.458442,0.731694,593,2015,https://understat.com/getLeagueData/Serie_A/2015,2015-09-23,True
2015-09-23,Sampdoria,Roma,0.187797,1.4457,594,2015,https://understat.com/getLeagueData/Serie_A/2015,2015-09-23,True
2015-09-24,Empoli,Atalanta,0.719009,0.690699,600,2015,https://understat.com/getLeagueData/Serie_A/2015,2015-09-24,True
2015-09-26,Napoli,Juventus,0.704583,0.679724,602,2015,https://understat.com/getLeagueData/Serie_A/2015,2015-09-26,True
2015-09-26,Roma,Carpi,3.46661,1.51645,601,2015,https://understat.com/getLeagueData/Serie_A/2015,2015-09-26,True
2015-09-27,Bologna,Udinese,1.61378,1.75506,607,2015,https://understat.com/getLeagueData/Serie_A/2015,2015-09-27,True
2015-09-27,Genoa,Milan,0.656301,0.947572,603,2015,https://understat.com/getLeagueData/Serie_A/2015,2015-09-27,True
2015-09-27,Inter,Fiorentina,1.0519,3.14215,608,2015,https://understat.com/getLeagueData/Serie_A/2015,2015-09-27,True
2015-09-27,Sassuolo,Chievo,0.822599,0.595795,605,2015,https://understat.com/getLeagueData/Serie_A/2015,2015-09-27,True
2015-09-27,Torino,Palermo,0.578424,0.380741,606,2015,https://understat.com/getLeagueData/Serie_A/2015,2015-09-27,True
2015-09-27,Verona,Lazio,1.07591,2.28189,604,2015,https://understat.com/getLeagueData/Serie_A/2015,2015-09-27,True
2015-09-28,Atalanta,Sampdoria,2.02949,0.78253,610,2015,https://understat.com/getLeagueData/Serie_A/2015,2015-09-28,True
2015-09-28,Frosinone,Empoli,1.56653,1.10742,609,2015,https://understat.com/getLeagueData/Serie_A/2015,2015-09-28,True
2015-10-03,Carpi,Torino,0.880132,1.21414,611,2015,https://understat.com/getLeagueData/Serie_A/2015,2015-10-03,True
2015-10-03,Chievo,Verona,1.67182,1.11646,612,2015,https://understat.com/getLeagueData/Serie_A/2015,2015-10-03,True
2015-10-04,Empoli,Sassuolo,0.835463,0.298038,613,2015,https://understat.com/getLeagueData/Serie_A/2015,2015-10-04,True
2015-10-04,Fiorentina,Atalanta,3.24131,0.479182,620,2015,https://understat.com/getLeagueData/Serie_A/2015,2015-10-04,True
2015-10-04,Juventus,Bologna,3.4019,0.139356,617,2015,https://understat.com/getLeagueData/Serie_A/2015,2015-10-04,True
2015-10-04,Lazio,Frosinone,3.62854,0.738998,618,2015,https://understat.com/getLeagueData/Serie_A/2015,2015-10-04,True
2015-10-04,Milan,Napoli,0.380343,1.8145,619,2015,https://understat.com/getLeagueData/Serie_A/2015,2015-10-04,True
2015-10-04,Palermo,Roma,1.27132,2.02203,614,2015,https://understat.com/getLeagueData/Serie_A/2015,2015-10-04,True
2015-10-04,Sampdoria,Inter,2.38692,1.91353,615,2015,https://understat.com/getLeagueData/Serie_A/2015,2015-10-04,True
2015-10-04,Udinese,Genoa,1.36533,1.41836,616,2015,https://understat.com/getLeagueData/Serie_A/2015,2015-10-04,True
2015-10-17,Roma,Empoli,1.59672,0.552993,621,2015,https://understat.com/getLeagueData/Serie_A/2015,2015-10-17,True
2015-10-17,Torino,Milan,0.336416,0.794492,622,2015,https://understat.com/getLeagueData/Serie_A/2015,2015-10-17,True
2015-10-18,Atalanta,Carpi,2.23861,1.03029,628,2015,https://understat.com/getLeagueData/Serie_A/2015,2015-10-18,True
2015-10-18,Bologna,Palermo,1.7239,1.66538,623,2015,https://understat.com/getLeagueData/Serie_A/2015,2015-10-18,True
2015-10-18,Frosinone,Sampdoria,1.23144,1.40095,624,2015,https://understat.com/getLeagueData/Serie_A/2015,2015-10-18,True
2015-10-18,Genoa,Chievo,1.24967,2.1399,625,2015,https://understat.com/getLeagueData/Serie_A/2015,2015-10-18,True
2015-10-18,Inter,Juventus,0.360147,0.900473,630,2015,https://understat.com/getLeagueData/Serie_A/2015,2015-10-18,True
2015-10-18,Napoli,Fiorentina,2.26213,0.682353,629,2015,https://understat.com/getLeagueData/Serie_A/2015,2015-10-18,True
2015-10-18,Sassuolo,Lazio,1.78618,0.719194,627,2015,https://understat.com/getLeagueData/Serie_A/2015,2015-10-18,True
2015-10-18,Verona,Udinese,1.10503,0.839325,626,2015,https://understat.com/getLeagueData/Serie_A/2015,2015-10-18,True
2015-10-24,Carpi,Bologna,0.820122,1.96954,632,2015,https://understat.com/getLeagueData/Serie_A/2015,2015-10-24,True
2015-10-24,Empoli,Genoa,1.60235,0.550221,631,2015,https://understat.com/getLeagueData/Serie_A/2015,2015-10-24,True
2015-10-24,Palermo,Inter,1.06069,2.04874,633,2015,https://understat.com/getLeagueData/Serie_A/2015,2015-10-24,True
2015-10-25,Chievo,Napoli,0.652747,1.27216,640,2015,https://understat.com/getLeagueData/Serie_A/2015,2015-10-25,True
2015-10-25,Fiorentina,Roma,1.27493,0.955907,639,2015,https://understat.com/getLeagueData/Serie_A/2015,2015-10-25,True
2015-10-25,Juventus,Atalanta,3.13825,0.112853,637,2015,https://understat.com/getLeagueData/Serie_A/2015,2015-10-25,True
2015-10-25,Lazio,Torino,1.30999,0.31541,638,2015,https://understat.com/getLeagueData/Serie_A/2015,2015-10-25,True
2015-10-25,Milan,Sassuolo,1.94453,0.104562,636,2015,https://understat.com/getLeagueData/Serie_A/2015,2015-10-25,True
2015-10-25,Sampdoria,Verona,2.84874,0.629179,634,2015,https://understat.com/getLeagueData/Serie_A/2015,2015-10-25,True
2015-10-25,Udinese,Frosinone,2.10451,0.430149,635,2015,https://understat.com/getLeagueData/Serie_A/2015,2015-10-25,True
2015-10-27,Bologna,Inter,0.662582,1.26761,641,2015,https://understat.com/getLeagueData/Serie_A/2015,2015-10-27,True
2015-10-28,Atalanta,Lazio,0.40769,0.189085,647,2015,https://understat.com/getLeagueData/Serie_A/2015,2015-10-28,True
2015-10-28,Frosinone,Carpi,1.00468,0.640609,642,2015,https://understat.com/getLeagueData/Serie_A/2015,2015-10-28,True
2015-10-28,Milan,Chievo,1.5031,0.182518,644,2015,https://understat.com/getLeagueData/Serie_A/2015,2015-10-28,True
2015-10-28,Napoli,Palermo,1.10143,0.26471,645,2015,https://understat.com/getLeagueData/Serie_A/2015,2015-10-28,True
2015-10-28,Roma,Udinese,2.09363,0.538201,646,2015,https://understat.com/getLeagueData/Serie_A/2015,2015-10-28,True
2015-10-28,Sassuolo,Juventus,0.326576,0.552665,648,2015,https://understat.com/getLeagueData/Serie_A/2015,2015-10-28,True
2015-10-28,Torino,Genoa,1.45703,1.57922,649,2015,https://understat.com/getLeagueData/Serie_A/2015,2015-10-28,True
2015-10-28,Verona,Fiorentina,0.0829689,1.97422,643,2015,https://understat.com/getLeagueData/Serie_A/2015,2015-10-28,True
2015-10-29,Sampdoria,Empoli,0.578361,0.698332,650,2015,https://understat.com/getLeagueData/Serie_A/2015,2015-10-29,True
2015-10-31,Inter,Roma,0.392755,1.89135,652,2015,https://understat.com/getLeagueData/Serie_A/2015,2015-10-31,True
2015-10-31,Juventus,Torino,1.47178,0.753835,651,2015,https://understat.com/getLeagueData/Serie_A/2015,2015-10-31,True
2015-11-01,Bologna,Atalanta,1.37773,1.25378,655,2015,https://understat.com/getLeagueData/Serie_A/2015,2015-11-01,True
2015-11-01,Carpi,Verona,1.24528,0.525153,656,2015,https://understat.com/getLeagueData/Serie_A/2015,2015-11-01,True
2015-11-01,Fiorentina,Frosinone,2.48691,0.253216,653,2015,https://understat.com/getLeagueData/Serie_A/2015,2015-11-01,True
2015-11-01,Genoa,Napoli,0.477536,1.28075,654,2015,https://understat.com/getLeagueData/Serie_A/2015,2015-11-01,True
2015-11-01,Lazio,Milan,0.370329,1.97816,658,2015,https://understat.com/getLeagueData/Serie_A/2015,2015-11-01,True
2015-11-01,Udinese,Sassuolo,1.35495,0.249152,657,2015,https://understat.com/getLeagueData/Serie_A/2015,2015-11-01,True
2015-11-02,Chievo,Sampdoria,1.56286,0.959375,659,2015,https://understat.com/getLeagueData/Serie_A/2015,2015-11-02,True
2015-11-02,Palermo,Empoli,1.12409,0.848186,660,2015,https://understat.com/getLeagueData/Serie_A/2015,2015-11-03,True
2015-11-07,Milan,Atalanta,0.444823,1.2934,662,2015,https://understat.com/getLeagueData/Serie_A/2015,2015-11-07,True
2015-11-07,Verona,Bologna,0.238936,1.29364,661,2015,https://understat.com/getLeagueData/Serie_A/2015,2015-11-07,True
2015-11-08,Empoli,Juventus,0.478585,2.15262,667,2015,https://understat.com/getLeagueData/Serie_A/2015,2015-11-08,True
2015-11-08,Frosinone,Genoa,1.26946,1.78652,668,2015,https://understat.com/getLeagueData/Serie_A/2015,2015-11-08,True
2015-11-08,Napoli,Udinese,1.1988,0.298595,669,2015,https://understat.com/getLeagueData/Serie_A/2015,2015-11-08,True
2015-11-08,Palermo,Chievo,0.862642,1.21475,665,2015,https://understat.com/getLeagueData/Serie_A/2015,2015-11-08,True
2015-11-08,Roma,Lazio,2.02818,1.36156,666,2015,https://understat.com/getLeagueData/Serie_A/2015,2015-11-08,True
2015-11-08,Sampdoria,Fiorentina,0.329683,2.70882,670,2015,https://understat.com/getLeagueData/Serie_A/2015,2015-11-08,True
2015-11-08,Sassuolo,Carpi,1.37733,0.271335,664,2015,https://understat.com/getLeagueData/Serie_A/2015,2015-11-08,True
2015-11-08,Torino,Inter,1.34479,0.889238,663,2015,https://understat.com/getLeagueData/Serie_A/2015,2015-11-08,True
2015-11-21,Bologna,Roma,1.55674,2.43427,671,2015,https://understat.com/getLeagueData/Serie_A/2015,2015-11-21,True
2015-11-21,Juventus,Milan,1.00993,0.579847,672,2015,https://understat.com/getLeagueData/Serie_A/2015,2015-11-21,True
2015-11-22,Atalanta,Torino,0.896778,1.55139,679,2015,https://understat.com/getLeagueData/Serie_A/2015,2015-11-22,True
2015-11-22,Carpi,Chievo,0.949266,0.535478,676,2015,https://understat.com/getLeagueData/Serie_A/2015,2015-11-22,True
2015-11-22,Fiorentina,Empoli,1.62042,0.640222,677,2015,https://understat.com/getLeagueData/Serie_A/2015,2015-11-22,True
2015-11-22,Genoa,Sassuolo,0.93114,1.06319,678,2015,https://understat.com/getLeagueData/Serie_A/2015,2015-11-22,True
2015-11-22,Inter,Frosinone,3.15518,0.473179,680,2015,https://understat.com/getLeagueData/Serie_A/2015,2015-11-22,True
2015-11-22,Lazio,Palermo,1.52326,0.648783,674,2015,https://understat.com/getLeagueData/Serie_A/2015,2015-11-22,True
2015-11-22,Udinese,Sampdoria,0.710226,0.432258,675,2015,https://understat.com/getLeagueData/Serie_A/2015,2015-11-22,True
2015-11-22,Verona,Napoli,0.169838,2.39349,673,2015,https://understat.com/getLeagueData/Serie_A/2015,2015-11-22,True
2015-11-28,Milan,Sampdoria,3.69609,1.14859,682,2015,https://understat.com/getLeagueData/Serie_A/2015,2015-11-28,True
2015-11-28,Torino,Bologna,1.32824,0.095766,681,2015,https://understat.com/getLeagueData/Serie_A/2015,2015-11-28,True
2015-11-29,Chievo,Udinese,1.91846,1.83753,686,2015,https://understat.com/getLeagueData/Serie_A/2015,2015-11-29,True
2015-11-29,Empoli,Lazio,0.283493,0.923335,687,2015,https://understat.com/getLeagueData/Serie_A/2015,2015-11-29,True
2015-11-29,Frosinone,Verona,2.46758,0.811855,684,2015,https://understat.com/getLeagueData/Serie_A/2015,2015-11-29,True
2015-11-29,Genoa,Carpi,0.666263,2.06166,685,2015,https://understat.com/getLeagueData/Serie_A/2015,2015-11-29,True
2015-11-29,Palermo,Juventus,0.458932,1.60298,688,2015,https://understat.com/getLeagueData/Serie_A/2015,2015-11-29,True
2015-11-29,Roma,Atalanta,0.900985,1.34272,683,2015,https://understat.com/getLeagueData/Serie_A/2015,2015-11-29,True
2015-11-30,Napoli,Inter,0.669598,0.515146,690,2015,https://understat.com/getLeagueData/Serie_A/2015,2015-12-01,True
2015-11-30,Sassuolo,Fiorentina,0.85517,1.54801,689,2015,https://understat.com/getLeagueData/Serie_A/2015,2015-11-30,True
2015-12-04,Lazio,Juventus,0.394844,0.336716,691,2015,https://understat.com/getLeagueData/Serie_A/2015,2015-12-04,True
2015-12-05,Inter,Genoa,1.02596,0.0962433,693,2015,https://understat.com/getLeagueData/Serie_A/2015,2015-12-05,True
2015-12-05,Torino,Roma,1.64485,0.237957,692,2015,https://understat.com/getLeagueData/Serie_A/2015,2015-12-05,True
2015-12-06,Atalanta,Palermo,1.51762,0.845303,695,2015,https://understat.com/getLeagueData/Serie_A/2015,2015-12-06,True
2015-12-06,Bologna,Napoli,1.61912,1.51699,694,2015,https://understat.com/getLeagueData/Serie_A/2015,2015-12-06,True
2015-12-06,Carpi,Milan,0.413865,0.859272,700,2015,https://understat.com/getLeagueData/Serie_A/2015,2015-12-06,True
2015-12-06,Fiorentina,Udinese,2.02848,0.925195,696,2015,https://understat.com/getLeagueData/Serie_A/2015,2015-12-06,True
2015-12-06,Frosinone,Chievo,1.23162,1.2951,697,2015,https://understat.com/getLeagueData/Serie_A/2015,2015-12-06,True
2015-12-06,Sampdoria,Sassuolo,0.631223,2.65301,699,2015,https://understat.com/getLeagueData/Serie_A/2015,2015-12-06,True
2015-12-06,Verona,Empoli,1.40759,0.644992,698,2015,https://understat.com/getLeagueData/Serie_A/2015,2015-12-06,True
2015-12-12,Genoa,Bologna,2.2972,0.889109,701,2015,https://understat.com/getLeagueData/Serie_A/2015,2015-12-12,True
2015-12-12,Palermo,Frosinone,2.74774,1.49153,702,2015,https://understat.com/getLeagueData/Serie_A/2015,2015-12-12,True
2015-12-12,Udinese,Inter,1.56304,1.76294,703,2015,https://understat.com/getLeagueData/Serie_A/2015,2015-12-12,True
2015-12-13,Chievo,Atalanta,1.55883,0.108307,705,2015,https://understat.com/getLeagueData/Serie_A/2015,2015-12-13,True
2015-12-13,Empoli,Carpi,1.76158,1.39607,706,2015,https://understat.com/getLeagueData/Serie_A/2015,2015-12-13,True
2015-12-13,Juventus,Fiorentina,1.68301,0.886683,708,2015,https://understat.com/getLeagueData/Serie_A/2015,2015-12-13,True
2015-12-13,Milan,Verona,1.44621,1.06932,704,2015,https://understat.com/getLeagueData/Serie_A/2015,2015-12-13,True
2015-12-13,Napoli,Roma,1.42523,0.230838,707,2015,https://understat.com/getLeagueData/Serie_A/2015,2015-12-13,True
2015-12-14,Lazio,Sampdoria,0.821242,0.420474,709,2015,https://understat.com/getLeagueData/Serie_A/2015,2015-12-14,True
2015-12-19,Bologna,Empoli,1.25861,1.9478,710,2015,https://understat.com/getLeagueData/Serie_A/2015,2015-12-19,True
2015-12-20,Atalanta,Napoli,0.799558,3.81906,713,2015,https://understat.com/getLeagueData/Serie_A/2015,2015-12-20,True
2015-12-20,Carpi,Juventus,1.00082,1.66604,711,2015,https://understat.com/getLeagueData/Serie_A/2015,2015-12-20,True
2015-12-20,Fiorentina,Chievo,1.00227,0.228348,712,2015,https://understat.com/getLeagueData/Serie_A/2015,2015-12-20,True
2015-12-20,Frosinone,Milan,1.03341,3.94009,718,2015,https://understat.com/getLeagueData/Serie_A/2015,2015-12-20,True
2015-12-20,Inter,Lazio,0.52033,1.39821,719,2015,https://understat.com/getLeagueData/Serie_A/2015,2015-12-20,True
2015-12-20,Roma,Genoa,2.12232,0.888835,715,2015,https://understat.com/getLeagueData/Serie_A/2015,2015-12-20,True
2015-12-20,Sampdoria,Palermo,1.59365,0.647545,716,2015,https://understat.com/getLeagueData/Serie_A/2015,2015-12-20,True
2015-12-20,Torino,Udinese,0.50199,1.52143,717,2015,https://understat.com/getLeagueData/Serie_A/2015,2015-12-20,True
2015-12-20,Verona,Sassuolo,1.16023,1.49577,714,2015,https://understat.com/getLeagueData/Serie_A/2015,2015-12-20,True
2016-01-05,Genoa,Sampdoria,2.02544,1.17866,720,2015,https://understat.com/getLeagueData/Serie_A/2015,2016-01-05,True
2016-01-06,Chievo,Roma,1.7967,2.52768,722,2015,https://understat.com/getLeagueData/Serie_A/2015,2016-01-06,True
2016-01-06,Empoli,Inter,0.506892,1.13955,728,2015,https://understat.com/getLeagueData/Serie_A/2015,2016-01-06,True
2016-01-06,Juventus,Verona,1.4656,0.268673,725,2015,https://understat.com/getLeagueData/Serie_A/2015,2016-01-06,True
2016-01-06,Lazio,Carpi,0.445881,0.194449,726,2015,https://understat.com/getLeagueData/Serie_A/2015,2016-01-06,True
2016-01-06,Milan,Bologna,1.77385,1.25169,727,2015,https://understat.com/getLeagueData/Serie_A/2015,2016-01-06,True
2016-01-06,Napoli,Torino,1.36081,1.05846,729,2015,https://understat.com/getLeagueData/Serie_A/2015,2016-01-06,True
2016-01-06,Palermo,Fiorentina,0.930207,1.39737,723,2015,https://understat.com/getLeagueData/Serie_A/2015,2016-01-06,True
2016-01-06,Sassuolo,Frosinone,2.31584,0.181481,724,2015,https://understat.com/getLeagueData/Serie_A/2015,2016-01-06,True
2016-01-06,Udinese,Atalanta,1.91362,1.10135,721,2015,https://understat.com/getLeagueData/Serie_A/2015,2016-01-06,True
2016-01-09,Carpi,Udinese,1.49909,0.326424,730,2015,https://understat.com/getLeagueData/Serie_A/2015,2016-01-09,True
2016-01-09,Fiorentina,Lazio,0.733022,1.61272,731,2015,https://understat.com/getLeagueData/Serie_A/2015,2016-01-09,True
2016-01-09,Roma,Milan,1.03182,1.19666,732,2015,https://understat.com/getLeagueData/Serie_A/2015,2016-01-09,True
2016-01-10,Atalanta,Genoa,0.664628,1.29873,734,2015,https://understat.com/getLeagueData/Serie_A/2015,2016-01-10,True
2016-01-10,Bologna,Chievo,1.22915,0.344665,735,2015,https://understat.com/getLeagueData/Serie_A/2015,2016-01-10,True
2016-01-10,Frosinone,Napoli,0.317832,2.93173,737,2015,https://understat.com/getLeagueData/Serie_A/2015,2016-01-10,True
2016-01-10,Inter,Sassuolo,2.22072,2.23726,733,2015,https://understat.com/getLeagueData/Serie_A/2015,2016-01-10,True
2016-01-10,Sampdoria,Juventus,0.76502,1.24169,739,2015,https://understat.com/getLeagueData/Serie_A/2015,2016-01-10,True
2016-01-10,Torino,Empoli,1.94161,1.23208,736,2015,https://understat.com/getLeagueData/Serie_A/2015,2016-01-10,True
2016-01-10,Verona,Palermo,2.97331,1.12513,738,2015,https://understat.com/getLeagueData/Serie_A/2015,2016-01-10,True
2016-01-16,Atalanta,Inter,1.68736,0.718571,740,2015,https://understat.com/getLeagueData/Serie_A/2015,2016-01-16,True
2016-01-16,Napoli,Sassuolo,1.84787,1.04073,742,2015,https://understat.com/getLeagueData/Serie_A/2015,2016-01-16,True
2016-01-16,Torino,Frosinone,2.60731,0.651895,741,2015,https://understat.com/getLeagueData/Serie_A/2015,2016-01-16,True
2016-01-17,Bologna,Lazio,1.45008,1.27249,744,2015,https://understat.com/getLeagueData/Serie_A/2015,2016-01-17,True
2016-01-17,Carpi,Sampdoria,1.3392,2.30542,748,2015,https://understat.com/getLeagueData/Serie_A/2015,2016-01-17,True
2016-01-17,Chievo,Empoli,1.13429,0.941671,747,2015,https://understat.com/getLeagueData/Serie_A/2015,2016-01-17,True
2016-01-17,Genoa,Palermo,2.93614,0.41324,743,2015,https://understat.com/getLeagueData/Serie_A/2015,2016-01-17,True
2016-01-17,Milan,Fiorentina,1.04719,0.821998,749,2015,https://understat.com/getLeagueData/Serie_A/2015,2016-01-17,True
2016-01-17,Roma,Verona,2.46945,1.20156,746,2015,https://understat.com/getLeagueData/Serie_A/2015,2016-01-17,True
2016-01-17,Udinese,Juventus,0.338728,2.68244,745,2015,https://understat.com/getLeagueData/Serie_A/2015,2016-01-17,True
2016-01-20,Sassuolo,Torino,1.59728,0.960259,750,2015,https://understat.com/getLeagueData/Serie_A/2015,2016-01-20,True
2016-01-23,Empoli,Milan,1.30659,1.18014,752,2015,https://understat.com/getLeagueData/Serie_A/2015,2016-01-23,True
2016-01-23,Frosinone,Atalanta,0.800838,0.975734,751,2015,https://understat.com/getLeagueData/Serie_A/2015,2016-01-23,True
2016-01-24,Fiorentina,Torino,0.834601,1.19235,753,2015,https://understat.com/getLeagueData/Serie_A/2015,2016-01-24,True
2016-01-24,Inter,Carpi,2.22439,0.685858,755,2015,https://understat.com/getLeagueData/Serie_A/2015,2016-01-24,True
2016-01-24,Juventus,Roma,0.693173,0.200084,760,2015,https://understat.com/getLeagueData/Serie_A/2015,2016-01-24,True
2016-01-24,Lazio,Chievo,2.6703,1.48963,758,2015,https://understat.com/getLeagueData/Serie_A/2015,2016-01-24,True
2016-01-24,Palermo,Udinese,1.9135,1.78224,759,2015,https://understat.com/getLeagueData/Serie_A/2015,2016-01-24,True
2016-01-24,Sampdoria,Napoli,0.564595,3.3808,754,2015,https://understat.com/getLeagueData/Serie_A/2015,2016-01-24,True
2016-01-24,Sassuolo,Bologna,0.582814,1.77372,756,2015,https://understat.com/getLeagueData/Serie_A/2015,2016-01-24,True
2016-01-24,Verona,Genoa,1.74303,0.67278,757,2015,https://understat.com/getLeagueData/Serie_A/2015,2016-01-24,True
2016-01-30,Atalanta,Sassuolo,1.13065,0.907407,762,2015,https://understat.com/getLeagueData/Serie_A/2015,2016-01-30,True
2016-01-30,Carpi,Palermo,1.18567,0.981895,761,2015,https://understat.com/getLeagueData/Serie_A/2015,2016-01-30,True
2016-01-30,Roma,Frosinone,1.21392,0.515185,763,2015,https://understat.com/getLeagueData/Serie_A/2015,2016-01-30,True
2016-01-31,Bologna,Sampdoria,1.49711,1.44633,769,2015,https://understat.com/getLeagueData/Serie_A/2015,2016-01-31,True
2016-01-31,Chievo,Juventus,0.178979,3.68705,764,2015,https://understat.com/getLeagueData/Serie_A/2015,2016-01-31,True
2016-01-31,Genoa,Fiorentina,0.937274,0.584227,768,2015,https://understat.com/getLeagueData/Serie_A/2015,2016-01-31,True
2016-01-31,Milan,Inter,2.31764,1.75777,770,2015,https://understat.com/getLeagueData/Serie_A/2015,2016-01-31,True
2016-01-31,Napoli,Empoli,2.68666,0.239824,767,2015,https://understat.com/getLeagueData/Serie_A/2015,2016-01-31,True
2016-01-31,Torino,Verona,1.61682,0.546912,766,2015,https://understat.com/getLeagueData/Serie_A/2015,2016-01-31,True
2016-01-31,Udinese,Lazio,0.435839,0.870348,765,2015,https://understat.com/getLeagueData/Serie_A/2015,2016-01-31,True
2016-02-02,Sassuolo,Roma,1.39147,2.61936,771,2015,https://understat.com/getLeagueData/Serie_A/2015,2016-02-02,True
2016-02-03,Empoli,Udinese,2.10015,0.665742,779,2015,https://understat.com/getLeagueData/Serie_A/2015,2016-02-03,True
2016-02-03,Fiorentina,Carpi,0.630181,0.959221,773,2015,https://understat.com/getLeagueData/Serie_A/2015,2016-02-03,True
2016-02-03,Frosinone,Bologna,1.81211,1.06771,772,2015,https://understat.com/getLeagueData/Serie_A/2015,2016-02-03,True
2016-02-03,Inter,Chievo,2.4039,0.382305,774,2015,https://understat.com/getLeagueData/Serie_A/2015,2016-02-03,True
2016-02-03,Juventus,Genoa,0.716861,0.184361,775,2015,https://understat.com/getLeagueData/Serie_A/2015,2016-02-03,True
2016-02-03,Lazio,Napoli,0.554354,1.55653,777,2015,https://understat.com/getLeagueData/Serie_A/2015,2016-02-03,True
2016-02-03,Palermo,Milan,0.69714,2.3384,776,2015,https://understat.com/getLeagueData/Serie_A/2015,2016-02-03,True
2016-02-03,Sampdoria,Torino,0.758631,1.84523,778,2015,https://understat.com/getLeagueData/Serie_A/2015,2016-02-03,True
2016-02-03,Verona,Atalanta,1.54232,1.36097,780,2015,https://understat.com/getLeagueData/Serie_A/2015,2016-02-03,True
2016-02-06,Bologna,Fiorentina,1.01612,0.470711,781,2015,https://understat.com/getLeagueData/Serie_A/2015,2016-02-06,True
2016-02-06,Genoa,Lazio,0.335093,0.521845,782,2015,https://understat.com/getLeagueData/Serie_A/2015,2016-02-06,True
2016-02-07,Atalanta,Empoli,0.983654,0.588857,789,2015,https://understat.com/getLeagueData/Serie_A/2015,2016-02-07,True
2016-02-07,Frosinone,Juventus,0.265668,1.57845,784,2015,https://understat.com/getLeagueData/Serie_A/2015,2016-02-07,True
2016-02-07,Milan,Udinese,1.9269,1.45441,788,2015,https://understat.com/getLeagueData/Serie_A/2015,2016-02-07,True
2016-02-07,Napoli,Carpi,2.27124,0.0810378,786,2015,https://understat.com/getLeagueData/Serie_A/2015,2016-02-07,True
2016-02-07,Roma,Sampdoria,1.46365,1.14306,790,2015,https://understat.com/getLeagueData/Serie_A/2015,2016-02-07,True
2016-02-07,Sassuolo,Palermo,2.28066,0.712807,785,2015,https://understat.com/getLeagueData/Serie_A/2015,2016-02-07,True
2016-02-07,Torino,Chievo,0.955057,1.02676,787,2015,https://understat.com/getLeagueData/Serie_A/2015,2016-02-07,True
2016-02-07,Verona,Inter,1.30961,2.40052,783,2015,https://understat.com/getLeagueData/Serie_A/2015,2016-02-07,True
2016-02-11,Lazio,Verona,4.18006,0.363488,791,2015,https://understat.com/getLeagueData/Serie_A/2015,2016-02-11,True
2016-02-12,Carpi,Roma,0.873983,2.28532,792,2015,https://understat.com/getLeagueData/Serie_A/2015,2016-02-12,True
2016-02-13,Chievo,Sassuolo,1.50751,1.10703,794,2015,https://understat.com/getLeagueData/Serie_A/2015,2016-02-13,True
2016-02-13,Empoli,Frosinone,2.54317,1.02693,793,2015,https://understat.com/getLeagueData/Serie_A/2015,2016-02-13,True
2016-02-13,Juventus,Napoli,0.560005,0.223882,795,2015,https://understat.com/getLeagueData/Serie_A/2015,2016-02-13,True
2016-02-14,Fiorentina,Inter,1.76114,0.638279,800,2015,https://understat.com/getLeagueData/Serie_A/2015,2016-02-14,True
2016-02-14,Milan,Genoa,0.743611,1.08215,796,2015,https://understat.com/getLeagueData/Serie_A/2015,2016-02-14,True
2016-02-14,Palermo,Torino,0.986373,3.01088,797,2015,https://understat.com/getLeagueData/Serie_A/2015,2016-02-14,True
2016-02-14,Sampdoria,Atalanta,0.923922,0.22159,798,2015,https://understat.com/getLeagueData/Serie_A/2015,2016-02-14,True
2016-02-14,Udinese,Bologna,1.73146,1.03902,799,2015,https://understat.com/getLeagueData/Serie_A/2015,2016-02-14,True
2016-02-19,Bologna,Juventus,0.253376,0.824045,801,2015,https://understat.com/getLeagueData/Serie_A/2015,2016-02-19,True
2016-02-20,Inter,Sampdoria,1.91305,0.931898,803,2015,https://understat.com/getLeagueData/Serie_A/2015,2016-02-20,True
2016-02-20,Verona,Chievo,2.44214,1.28607,802,2015,https://understat.com/getLeagueData/Serie_A/2015,2016-02-20,True
2016-02-21,Atalanta,Fiorentina,2.03351,1.94407,806,2015,https://understat.com/getLeagueData/Serie_A/2015,2016-02-21,True
2016-02-21,Frosinone,Lazio,0.630916,0.758094,808,2015,https://understat.com/getLeagueData/Serie_A/2015,2016-02-21,True
2016-02-21,Genoa,Udinese,3.02477,1.73936,804,2015,https://understat.com/getLeagueData/Serie_A/2015,2016-02-21,True
2016-02-21,Roma,Palermo,2.43671,0.207981,809,2015,https://understat.com/getLeagueData/Serie_A/2015,2016-02-21,True
2016-02-21,Sassuolo,Empoli,0.982567,1.49386,805,2015,https://understat.com/getLeagueData/Serie_A/2015,2016-02-21,True
2016-02-21,Torino,Carpi,1.23939,0.299053,807,2015,https://understat.com/getLeagueData/Serie_A/2015,2016-02-21,True
2016-02-22,Napoli,Milan,1.40477,0.593696,810,2015,https://understat.com/getLeagueData/Serie_A/2015,2016-02-23,True
2016-02-27,Empoli,Roma,0.332954,1.08467,811,2015,https://understat.com/getLeagueData/Serie_A/2015,2016-02-27,True
2016-02-27,Milan,Torino,1.34094,0.678004,812,2015,https://understat.com/getLeagueData/Serie_A/2015,2016-02-27,True
2016-02-28,Carpi,Atalanta,1.43845,0.947109,817,2015,https://understat.com/getLeagueData/Serie_A/2015,2016-02-28,True
2016-02-28,Chievo,Genoa,1.76947,0.526085,815,2015,https://understat.com/getLeagueData/Serie_A/2015,2016-02-28,True
2016-02-28,Juventus,Inter,1.97864,0.358357,818,2015,https://understat.com/getLeagueData/Serie_A/2015,2016-02-28,True
2016-02-28,Palermo,Bologna,0.636809,1.04567,813,2015,https://understat.com/getLeagueData/Serie_A/2015,2016-02-28,True
2016-02-28,Sampdoria,Frosinone,1.30627,0.49477,814,2015,https://understat.com/getLeagueData/Serie_A/2015,2016-02-28,True
2016-02-28,Udinese,Verona,2.04738,0.58858,816,2015,https://understat.com/getLeagueData/Serie_A/2015,2016-02-28,True
2016-02-29,Fiorentina,Napoli,0.79925,0.911915,820,2015,https://understat.com/getLeagueData/Serie_A/2015,2016-03-01,True
2016-02-29,Lazio,Sassuolo,1.33889,1.58757,819,2015,https://understat.com/getLeagueData/Serie_A/2015,2016-02-29,True
2016-03-04,Roma,Fiorentina,2.52965,1.07664,821,2015,https://understat.com/getLeagueData/Serie_A/2015,2016-03-04,True
2016-03-05,Napoli,Chievo,3.32828,0.275541,823,2015,https://understat.com/getLeagueData/Serie_A/2015,2016-03-05,True
2016-03-05,Verona,Sampdoria,1.17161,2.77424,822,2015,https://understat.com/getLeagueData/Serie_A/2015,2016-03-05,True
2016-03-06,Atalanta,Juventus,0.65994,1.16757,826,2015,https://understat.com/getLeagueData/Serie_A/2015,2016-03-06,True
2016-03-06,Bologna,Carpi,1.16209,0.285025,828,2015,https://understat.com/getLeagueData/Serie_A/2015,2016-03-06,True
2016-03-06,Frosinone,Udinese,1.09511,0.142297,829,2015,https://understat.com/getLeagueData/Serie_A/2015,2016-03-06,True
2016-03-06,Genoa,Empoli,1.05898,1.03143,827,2015,https://understat.com/getLeagueData/Serie_A/2015,2016-03-06,True
2016-03-06,Inter,Palermo,1.0249,0.769584,830,2015,https://understat.com/getLeagueData/Serie_A/2015,2016-03-06,True
2016-03-06,Sassuolo,Milan,1.65735,1.19852,825,2015,https://understat.com/getLeagueData/Serie_A/2015,2016-03-06,True
2016-03-06,Torino,Lazio,2.49094,1.32027,824,2015,https://understat.com/getLeagueData/Serie_A/2015,2016-03-06,True
2016-03-11,Juventus,Sassuolo,1.48559,0.419901,831,2015,https://understat.com/getLeagueData/Serie_A/2015,2016-03-11,True
2016-03-12,Empoli,Sampdoria,1.83798,0.754732,832,2015,https://understat.com/getLeagueData/Serie_A/2015,2016-03-12,True
2016-03-12,Inter,Bologna,1.77997,0.371108,833,2015,https://understat.com/getLeagueData/Serie_A/2015,2016-03-12,True
2016-03-13,Carpi,Frosinone,1.78367,1.27464,836,2015,https://understat.com/getLeagueData/Serie_A/2015,2016-03-13,True
2016-03-13,Chievo,Milan,0.988176,0.744968,834,2015,https://understat.com/getLeagueData/Serie_A/2015,2016-03-13,True
2016-03-13,Fiorentina,Verona,0.614992,0.780842,837,2015,https://understat.com/getLeagueData/Serie_A/2015,2016-03-13,True
2016-03-13,Genoa,Torino,2.52155,1.26638,838,2015,https://understat.com/getLeagueData/Serie_A/2015,2016-03-13,True
2016-03-13,Lazio,Atalanta,1.4421,0.776464,839,2015,https://understat.com/getLeagueData/Serie_A/2015,2016-03-13,True
2016-03-13,Palermo,Napoli,0.289323,2.02645,840,2015,https://understat.com/getLeagueData/Serie_A/2015,2016-03-13,True
2016-03-13,Udinese,Roma,0.594114,2.23974,835,2015,https://understat.com/getLeagueData/Serie_A/2015,2016-03-13,True
2016-03-19,Empoli,Palermo,0.522438,0.683302,841,2015,https://understat.com/getLeagueData/Serie_A/2015,2016-03-19,True
2016-03-19,Roma,Inter,1.15003,0.296591,842,2015,https://understat.com/getLeagueData/Serie_A/2015,2016-03-19,True
2016-03-20,Atalanta,Bologna,3.91595,0.377709,843,2015,https://understat.com/getLeagueData/Serie_A/2015,2016-03-20,True
2016-03-20,Frosinone,Fiorentina,1.06063,2.10086,846,2015,https://understat.com/getLeagueData/Serie_A/2015,2016-03-20,True
2016-03-20,Milan,Lazio,1.50818,0.71528,850,2015,https://understat.com/getLeagueData/Serie_A/2015,2016-03-20,True
2016-03-20,Napoli,Genoa,2.45798,0.46905,849,2015,https://understat.com/getLeagueData/Serie_A/2015,2016-03-20,True
2016-03-20,Sampdoria,Chievo,1.18347,2.61414,845,2015,https://understat.com/getLeagueData/Serie_A/2015,2016-03-20,True
2016-03-20,Sassuolo,Udinese,0.798145,1.85642,848,2015,https://understat.com/getLeagueData/Serie_A/2015,2016-03-20,True
2016-03-20,Torino,Juventus,1.58508,1.74677,847,2015,https://understat.com/getLeagueData/Serie_A/2015,2016-03-20,True
2016-03-20,Verona,Carpi,0.68967,1.2492,844,2015,https://understat.com/getLeagueData/Serie_A/2015,2016-03-20,True
2016-04-02,Carpi,Sassuolo,1.39986,1.80569,851,2015,https://understat.com/getLeagueData/Serie_A/2015,2016-04-02,True
2016-04-02,Juventus,Empoli,2.19126,0.627317,852,2015,https://understat.com/getLeagueData/Serie_A/2015,2016-04-02,True
2016-04-03,Atalanta,Milan,1.34093,1.52411,858,2015,https://understat.com/getLeagueData/Serie_A/2015,2016-04-03,True
2016-04-03,Chievo,Palermo,1.34014,1.80741,854,2015,https://understat.com/getLeagueData/Serie_A/2015,2016-04-03,True
2016-04-03,Fiorentina,Sampdoria,1.06589,0.259248,856,2015,https://understat.com/getLeagueData/Serie_A/2015,2016-04-03,True
2016-04-03,Genoa,Frosinone,2.08231,0.368689,857,2015,https://understat.com/getLeagueData/Serie_A/2015,2016-04-03,True
2016-04-03,Inter,Torino,1.27119,2.2995,859,2015,https://understat.com/getLeagueData/Serie_A/2015,2016-04-03,True
2016-04-03,Lazio,Roma,2.84764,1.52919,855,2015,https://understat.com/getLeagueData/Serie_A/2015,2016-04-03,True
2016-04-03,Udinese,Napoli,2.75111,0.468281,853,2015,https://understat.com/getLeagueData/Serie_A/2015,2016-04-03,True
2016-04-04,Bologna,Verona,1.00837,0.742433,860,2015,https://understat.com/getLeagueData/Serie_A/2015,2016-04-04,True
2016-04-09,Chievo,Carpi,1.22666,0.721378,863,2015,https://understat.com/getLeagueData/Serie_A/2015,2016-04-09,True
2016-04-09,Frosinone,Inter,0.744526,1.413,861,2015,https://understat.com/getLeagueData/Serie_A/2015,2016-04-09,True
2016-04-09,Milan,Juventus,1.46082,0.769122,864,2015,https://understat.com/getLeagueData/Serie_A/2015,2016-04-09,True
2016-04-09,Sassuolo,Genoa,0.735631,0.70429,862,2015,https://understat.com/getLeagueData/Serie_A/2015,2016-04-09,True
2016-04-10,Empoli,Fiorentina,0.724395,1.04376,865,2015,https://understat.com/getLeagueData/Serie_A/2015,2016-04-10,True
2016-04-10,Napoli,Verona,3.60923,0.313473,866,2015,https://understat.com/getLeagueData/Serie_A/2015,2016-04-10,True
2016-04-10,Palermo,Lazio,0.417993,3.05565,869,2015,https://understat.com/getLeagueData/Serie_A/2015,2016-04-10,True
2016-04-10,Sampdoria,Udinese,2.12831,1.58974,868,2015,https://understat.com/getLeagueData/Serie_A/2015,2016-04-10,True
2016-04-10,Torino,Atalanta,0.873952,0.99328,867,2015,https://understat.com/getLeagueData/Serie_A/2015,2016-04-10,True
2016-04-11,Roma,Bologna,1.21204,0.688923,870,2015,https://understat.com/getLeagueData/Serie_A/2015,2016-04-11,True
2016-04-16,Bologna,Torino,0.507409,1.06984,871,2015,https://understat.com/getLeagueData/Serie_A/2015,2016-04-16,True
2016-04-16,Carpi,Genoa,3.16479,1.37647,872,2015,https://understat.com/getLeagueData/Serie_A/2015,2016-04-16,True
2016-04-16,Inter,Napoli,1.88869,0.322765,873,2015,https://understat.com/getLeagueData/Serie_A/2015,2016-04-16,True
2016-04-17,Atalanta,Roma,2.49058,2.10816,874,2015,https://understat.com/getLeagueData/Serie_A/2015,2016-04-17,True
2016-04-17,Fiorentina,Sassuolo,1.39254,1.04068,875,2015,https://understat.com/getLeagueData/Serie_A/2015,2016-04-17,True
2016-04-17,Juventus,Palermo,1.82684,0.696599,876,2015,https://understat.com/getLeagueData/Serie_A/2015,2016-04-17,True
2016-04-17,Lazio,Empoli,2.55889,0.407612,879,2015,https://understat.com/getLeagueData/Serie_A/2015,2016-04-17,True
2016-04-17,Sampdoria,Milan,0.354318,1.43637,880,2015,https://understat.com/getLeagueData/Serie_A/2015,2016-04-17,True
2016-04-17,Udinese,Chievo,0.994096,0.205673,877,2015,https://understat.com/getLeagueData/Serie_A/2015,2016-04-17,True
2016-04-17,Verona,Frosinone,2.02081,1.10944,878,2015,https://understat.com/getLeagueData/Serie_A/2015,2016-04-17,True
2016-04-19,Napoli,Bologna,2.64419,0.175203,881,2015,https://understat.com/getLeagueData/Serie_A/2015,2016-04-19,True
2016-04-20,Chievo,Frosinone,2.31378,0.265652,886,2015,https://understat.com/getLeagueData/Serie_A/2015,2016-04-20,True
2016-04-20,Empoli,Verona,2.20742,1.9251,887,2015,https://understat.com/getLeagueData/Serie_A/2015,2016-04-20,True
2016-04-20,Genoa,Inter,0.9988,1.15015,888,2015,https://understat.com/getLeagueData/Serie_A/2015,2016-04-20,True
2016-04-20,Juventus,Lazio,3.53103,0.195173,889,2015,https://understat.com/getLeagueData/Serie_A/2015,2016-04-20,True
2016-04-20,Palermo,Atalanta,2.64762,2.25362,884,2015,https://understat.com/getLeagueData/Serie_A/2015,2016-04-20,True
2016-04-20,Roma,Torino,2.19722,1.5845,883,2015,https://understat.com/getLeagueData/Serie_A/2015,2016-04-20,True
2016-04-20,Sassuolo,Sampdoria,3.28685,0.150904,882,2015,https://understat.com/getLeagueData/Serie_A/2015,2016-04-20,True
2016-04-20,Udinese,Fiorentina,1.15644,0.66153,885,2015,https://understat.com/getLeagueData/Serie_A/2015,2016-04-20,True
2016-04-21,Milan,Carpi,1.03038,0.26311,890,2015,https://understat.com/getLeagueData/Serie_A/2015,2016-04-21,True
2016-04-23,Inter,Udinese,2.91335,1.07267,891,2015,https://understat.com/getLeagueData/Serie_A/2015,2016-04-23,True
2016-04-24,Atalanta,Chievo,0.939437,0.347217,896,2015,https://understat.com/getLeagueData/Serie_A/2015,2016-04-24,True
2016-04-24,Bologna,Genoa,0.953231,0.491713,895,2015,https://understat.com/getLeagueData/Serie_A/2015,2016-04-24,True
2016-04-24,Fiorentina,Juventus,2.41849,1.46994,897,2015,https://understat.com/getLeagueData/Serie_A/2015,2016-04-24,True
2016-04-24,Frosinone,Palermo,1.36967,0.841795,892,2015,https://understat.com/getLeagueData/Serie_A/2015,2016-04-24,True
2016-04-24,Sampdoria,Lazio,1.72396,3.45462,894,2015,https://understat.com/getLeagueData/Serie_A/2015,2016-04-24,True
2016-04-24,Torino,Sassuolo,0.957336,1.55044,893,2015,https://understat.com/getLeagueData/Serie_A/2015,2016-04-24,True
2016-04-25,Carpi,Empoli,1.70068,0.696372,900,2015,https://understat.com/getLeagueData/Serie_A/2015,2016-04-25,True
2016-04-25,Roma,Napoli,0.317817,0.639476,898,2015,https://understat.com/getLeagueData/Serie_A/2015,2016-04-25,True
2016-04-25,Verona,Milan,2.66469,1.41824,899,2015,https://understat.com/getLeagueData/Serie_A/2015,2016-04-25,True
2016-04-30,Chievo,Fiorentina,1.07367,0.857695,902,2015,https://understat.com/getLeagueData/Serie_A/2015,2016-04-30,True
2016-04-30,Udinese,Torino,1.56864,1.24571,901,2015,https://understat.com/getLeagueData/Serie_A/2015,2016-04-30,True
2016-05-01,Empoli,Bologna,0.569866,0.596736,905,2015,https://understat.com/getLeagueData/Serie_A/2015,2016-05-01,True
2016-05-01,Juventus,Carpi,0.97521,0.507266,903,2015,https://understat.com/getLeagueData/Serie_A/2015,2016-05-01,True
2016-05-01,Lazio,Inter,1.71802,0.87251,908,2015,https://understat.com/getLeagueData/Serie_A/2015,2016-05-01,True
2016-05-01,Milan,Frosinone,3.58716,0.647214,906,2015,https://understat.com/getLeagueData/Serie_A/2015,2016-05-01,True
2016-05-01,Palermo,Sampdoria,1.29682,0.446755,904,2015,https://understat.com/getLeagueData/Serie_A/2015,2016-05-01,True
2016-05-01,Sassuolo,Verona,0.51533,0.483795,907,2015,https://understat.com/getLeagueData/Serie_A/2015,2016-05-01,True
2016-05-02,Genoa,Roma,1.05403,2.32478,909,2015,https://understat.com/getLeagueData/Serie_A/2015,2016-05-02,True
2016-05-02,Napoli,Atalanta,2.52982,0.172012,910,2015,https://understat.com/getLeagueData/Serie_A/2015,2016-05-02,True
2016-05-07,Bologna,Milan,1.08305,1.2377,912,2015,https://understat.com/getLeagueData/Serie_A/2015,2016-05-07,True
2016-05-07,Inter,Empoli,1.75375,0.929999,911,2015,https://understat.com/getLeagueData/Serie_A/2015,2016-05-07,True
2016-05-08,Atalanta,Udinese,1.12089,0.271001,917,2015,https://understat.com/getLeagueData/Serie_A/2015,2016-05-08,True
2016-05-08,Carpi,Lazio,3.44148,1.98265,918,2015,https://understat.com/getLeagueData/Serie_A/2015,2016-05-08,True
2016-05-08,Fiorentina,Palermo,2.00986,0.166833,915,2015,https://understat.com/getLeagueData/Serie_A/2015,2016-05-08,True
2016-05-08,Frosinone,Sassuolo,1.09778,1.32832,916,2015,https://understat.com/getLeagueData/Serie_A/2015,2016-05-08,True
2016-05-08,Roma,Chievo,2.07283,0.720434,913,2015,https://understat.com/getLeagueData/Serie_A/2015,2016-05-08,True
2016-05-08,Sampdoria,Genoa,0.694054,2.20008,914,2015,https://understat.com/getLeagueData/Serie_A/2015,2016-05-08,True
2016-05-08,Torino,Napoli,0.459127,1.70567,919,2015,https://understat.com/getLeagueData/Serie_A/2015,2016-05-08,True
2016-05-08,Verona,Juventus,1.65219,1.30062,920,2015,https://understat.com/getLeagueData/Serie_A/2015,2016-05-08,True
2016-05-14,Juventus,Sampdoria,2.78687,0.173253,921,2015,https://understat.com/getLeagueData/Serie_A/2015,2016-05-14,True
2016-05-14,Milan,Roma,1.37488,2.27757,923,2015,https://understat.com/getLeagueData/Serie_A/2015,2016-05-14,True
2016-05-14,Napoli,Frosinone,3.96429,0.837464,924,2015,https://understat.com/getLeagueData/Serie_A/2015,2016-05-14,True
2016-05-14,Sassuolo,Inter,1.28643,1.11693,922,2015,https://understat.com/getLeagueData/Serie_A/2015,2016-05-14,True
2016-05-15,Chievo,Bologna,0.35378,0.425809,927,2015,https://understat.com/getLeagueData/Serie_A/2015,2016-05-15,True
2016-05-15,Empoli,Torino,0.640557,1.10246,925,2015,https://understat.com/getLeagueData/Serie_A/2015,2016-05-15,True
2016-05-15,Genoa,Atalanta,2.55677,1.35357,926,2015,https://understat.com/getLeagueData/Serie_A/2015,2016-05-15,True
2016-05-15,Lazio,Fiorentina,1.27504,1.86008,929,2015,https://understat.com/getLeagueData/Serie_A/2015,2016-05-15,True
2016-05-15,Palermo,Verona,0.789971,1.35761,930,2015,https://understat.com/getLeagueData/Serie_A/2015,2016-05-15,True
2016-05-15,Udinese,Carpi,1.29064,1.76289,928,2015,https://understat.com/getLeagueData/Serie_A/2015,2016-05-15,True
2016-08-20,Juventus,Fiorentina,1.5603,0.244198,932,2016,https://understat.com/getLeagueData/Serie_A/2016,2016-08-20,True
2016-08-20,Roma,Udinese,5.74878,0.517156,931,2016,https://understat.com/getLeagueData/Serie_A/2016,2016-08-20,True
2016-08-21,Atalanta,Lazio,1.54669,1.80658,936,2016,https://understat.com/getLeagueData/Serie_A/2016,2016-08-21,True
2016-08-21,Bologna,Crotone,1.73535,0.38438,937,2016,https://understat.com/getLeagueData/Serie_A/2016,2016-08-21,True
2016-08-21,Chievo,Inter,0.778083,1.01715,938,2016,https://understat.com/getLeagueData/Serie_A/2016,2016-08-21,True
2016-08-21,Empoli,Sampdoria,0.934821,1.04646,939,2016,https://understat.com/getLeagueData/Serie_A/2016,2016-08-21,True
2016-08-21,Genoa,Cagliari,1.52666,0.912546,940,2016,https://understat.com/getLeagueData/Serie_A/2016,2016-08-21,True
2016-08-21,Milan,Torino,2.5953,1.74508,933,2016,https://understat.com/getLeagueData/Serie_A/2016,2016-08-21,True
2016-08-21,Palermo,Sassuolo,0.351218,1.67953,934,2016,https://understat.com/getLeagueData/Serie_A/2016,2016-08-21,True
2016-08-21,Pescara,Napoli,1.08269,1.41716,935,2016,https://understat.com/getLeagueData/Serie_A/2016,2016-08-21,True
2016-08-27,Lazio,Juventus,0.16672,0.614088,941,2016,https://understat.com/getLeagueData/Serie_A/2016,2016-08-27,True
2016-08-27,Napoli,Milan,2.78103,0.804413,942,2016,https://understat.com/getLeagueData/Serie_A/2016,2016-08-27,True
2016-08-28,Cagliari,Roma,1.76368,2.92514,948,2016,https://understat.com/getLeagueData/Serie_A/2016,2016-08-28,True
2016-08-28,Crotone,Genoa,1.02444,2.39624,949,2016,https://understat.com/getLeagueData/Serie_A/2016,2016-08-28,True
2016-08-28,Fiorentina,Chievo,0.763552,0.795506,950,2016,https://understat.com/getLeagueData/Serie_A/2016,2016-08-28,True
2016-08-28,Inter,Palermo,1.94441,0.544244,943,2016,https://understat.com/getLeagueData/Serie_A/2016,2016-08-28,True
2016-08-28,Sampdoria,Atalanta,0.933904,0.314303,944,2016,https://understat.com/getLeagueData/Serie_A/2016,2016-08-28,True
2016-08-28,Sassuolo,Pescara,0.54343,1.45854,945,2016,https://understat.com/getLeagueData/Serie_A/2016,2016-08-28,True
2016-08-28,Torino,Bologna,4.22894,0.532401,946,2016,https://understat.com/getLeagueData/Serie_A/2016,2016-08-28,True
2016-08-28,Udinese,Empoli,0.912097,1.18302,947,2016,https://understat.com/getLeagueData/Serie_A/2016,2016-08-28,True
2016-09-10,Juventus,Sassuolo,3.29973,0.835114,951,2016,https://understat.com/getLeagueData/Serie_A/2016,2016-09-10,True
2016-09-10,Palermo,Napoli,0.58528,1.89333,952,2016,https://understat.com/getLeagueData/Serie_A/2016,2016-09-10,True
2016-09-11,Atalanta,Torino,2.47685,0.648686,957,2016,https://understat.com/getLeagueData/Serie_A/2016,2016-09-11,True
2016-09-11,Bologna,Cagliari,1.75506,0.916015,953,2016,https://understat.com/getLeagueData/Serie_A/2016,2016-09-11,True
2016-09-11,Chievo,Lazio,2.00749,0.74614,954,2016,https://understat.com/getLeagueData/Serie_A/2016,2016-09-11,True
2016-09-11,Milan,Udinese,0.959858,0.507771,955,2016,https://understat.com/getLeagueData/Serie_A/2016,2016-09-11,True
2016-09-11,Pescara,Inter,1.52585,1.70313,958,2016,https://understat.com/getLeagueData/Serie_A/2016,2016-09-11,True
2016-09-11,Roma,Sampdoria,3.61418,1.23572,956,2016,https://understat.com/getLeagueData/Serie_A/2016,2016-09-11,True
2016-09-12,Empoli,Crotone,0.636904,0.521587,959,2016,https://understat.com/getLeagueData/Serie_A/2016,2016-09-12,True
2016-09-16,Sampdoria,Milan,0.594515,0.782456,960,2016,https://understat.com/getLeagueData/Serie_A/2016,2016-09-16,True
2016-09-17,Lazio,Pescara,3.04807,1.21293,961,2016,https://understat.com/getLeagueData/Serie_A/2016,2016-09-17,True
2016-09-17,Napoli,Bologna,1.47652,0.312903,962,2016,https://understat.com/getLeagueData/Serie_A/2016,2016-09-17,True
2016-09-18,Cagliari,Atalanta,1.03866,1.02015,966,2016,https://understat.com/getLeagueData/Serie_A/2016,2016-09-18,True
2016-09-18,Crotone,Palermo,1.13821,0.612635,967,2016,https://understat.com/getLeagueData/Serie_A/2016,2016-09-18,True
2016-09-18,Fiorentina,Roma,0.737697,1.02389,969,2016,https://understat.com/getLeagueData/Serie_A/2016,2016-09-18,True
2016-09-18,Inter,Juventus,0.746577,1.24154,968,2016,https://understat.com/getLeagueData/Serie_A/2016,2016-09-18,True
2016-09-18,Sassuolo,Genoa,2.29731,1.40462,964,2016,https://understat.com/getLeagueData/Serie_A/2016,2016-09-18,True
2016-09-18,Torino,Empoli,0.718392,0.184549,965,2016,https://understat.com/getLeagueData/Serie_A/2016,2016-09-18,True
2016-09-18,Udinese,Chievo,0.753743,2.50145,963,2016,https://understat.com/getLeagueData/Serie_A/2016,2016-09-18,True
2016-09-20,Milan,Lazio,2.62568,0.701969,970,2016,https://understat.com/getLeagueData/Serie_A/2016,2016-09-20,True
2016-09-21,Atalanta,Palermo,1.6265,1.04637,979,2016,https://understat.com/getLeagueData/Serie_A/2016,2016-09-21,True
2016-09-21,Bologna,Sampdoria,1.04424,0.902754,971,2016,https://understat.com/getLeagueData/Serie_A/2016,2016-09-21,True
2016-09-21,Chievo,Sassuolo,0.195009,0.435427,972,2016,https://understat.com/getLeagueData/Serie_A/2016,2016-09-21,True
2016-09-21,Empoli,Inter,0.437207,1.89478,973,2016,https://understat.com/getLeagueData/Serie_A/2016,2016-09-21,True
2016-09-21,Genoa,Napoli,0.838569,0.928776,974,2016,https://understat.com/getLeagueData/Serie_A/2016,2016-09-21,True
2016-09-21,Juventus,Cagliari,3.23331,0.0712181,975,2016,https://understat.com/getLeagueData/Serie_A/2016,2016-09-21,True
2016-09-21,Pescara,Torino,0.988465,0.628442,976,2016,https://understat.com/getLeagueData/Serie_A/2016,2016-09-21,True
2016-09-21,Roma,Crotone,2.21659,1.20964,977,2016,https://understat.com/getLeagueData/Serie_A/2016,2016-09-21,True
2016-09-21,Udinese,Fiorentina,1.89441,1.08173,978,2016,https://understat.com/getLeagueData/Serie_A/2016,2016-09-21,True
2016-09-24,Napoli,Chievo,0.644091,0.41855,981,2016,https://understat.com/getLeagueData/Serie_A/2016,2016-09-24,True
2016-09-24,Palermo,Juventus,0.115058,1.22962,980,2016,https://understat.com/getLeagueData/Serie_A/2016,2016-09-24,True
2016-09-25,Fiorentina,Milan,1.54079,0.710461,987,2016,https://understat.com/getLeagueData/Serie_A/2016,2016-09-25,True
2016-09-25,Genoa,Pescara,0.507435,1.09165,984,2016,https://understat.com/getLeagueData/Serie_A/2016,2016-09-25,True
2016-09-25,Inter,Bologna,1.37159,0.551483,985,2016,https://understat.com/getLeagueData/Serie_A/2016,2016-09-25,True
2016-09-25,Lazio,Empoli,1.91368,1.03563,986,2016,https://understat.com/getLeagueData/Serie_A/2016,2016-09-25,True
2016-09-25,Sassuolo,Udinese,1.51059,0.611892,983,2016,https://understat.com/getLeagueData/Serie_A/2016,2016-09-25,True
2016-09-25,Torino,Roma,2.48231,2.97512,982,2016,https://understat.com/getLeagueData/Serie_A/2016,2016-09-25,True
2016-09-26,Cagliari,Sampdoria,1.33563,1.13075,989,2016,https://understat.com/getLeagueData/Serie_A/2016,2016-09-26,True
2016-09-26,Crotone,Atalanta,0.659193,2.1441,988,2016,https://understat.com/getLeagueData/Serie_A/2016,2016-09-26,True
2016-10-01,Pescara,Chievo,0.518031,1.81437,990,2016,https://understat.com/getLeagueData/Serie_A/2016,2016-10-01,True
2016-10-01,Udinese,Lazio,1.05481,1.29748,991,2016,https://understat.com/getLeagueData/Serie_A/2016,2016-10-01,True
2016-10-02,Atalanta,Napoli,1.57211,0.559123,994,2016,https://understat.com/getLeagueData/Serie_A/2016,2016-10-02,True
2016-10-02,Bologna,Genoa,0.1582,1.19687,995,2016,https://understat.com/getLeagueData/Serie_A/2016,2016-10-02,True
2016-10-02,Cagliari,Crotone,0.586739,1.25433,996,2016,https://understat.com/getLeagueData/Serie_A/2016,2016-10-02,True
2016-10-02,Empoli,Juventus,0.310516,4.15533,992,2016,https://understat.com/getLeagueData/Serie_A/2016,2016-10-02,True
2016-10-02,Milan,Sassuolo,1.41957,1.17991,998,2016,https://understat.com/getLeagueData/Serie_A/2016,2016-10-02,True
2016-10-02,Roma,Inter,2.39527,1.17527,999,2016,https://understat.com/getLeagueData/Serie_A/2016,2016-10-02,True
2016-10-02,Sampdoria,Palermo,1.44665,0.514686,993,2016,https://understat.com/getLeagueData/Serie_A/2016,2016-10-02,True
2016-10-02,Torino,Fiorentina,0.934719,1.4493,997,2016,https://understat.com/getLeagueData/Serie_A/2016,2016-10-02,True
2016-10-15,Juventus,Udinese,2.46977,0.257762,1002,2016,https://understat.com/getLeagueData/Serie_A/2016,2016-10-15,True
2016-10-15,Napoli,Roma,1.65517,1.81758,1000,2016,https://understat.com/getLeagueData/Serie_A/2016,2016-10-15,True
2016-10-15,Pescara,Sampdoria,1.69154,1.6457,1001,2016,https://understat.com/getLeagueData/Serie_A/2016,2016-10-15,True
2016-10-16,Chievo,Milan,0.253892,1.59791,1008,2016,https://understat.com/getLeagueData/Serie_A/2016,2016-10-16,True
2016-10-16,Fiorentina,Atalanta,1.36172,0.93609,1003,2016,https://understat.com/getLeagueData/Serie_A/2016,2016-10-16,True
2016-10-16,Genoa,Empoli,0.287766,0.0947143,1004,2016,https://understat.com/getLeagueData/Serie_A/2016,2016-10-16,True
2016-10-16,Inter,Cagliari,2.61615,1.4579,1005,2016,https://understat.com/getLeagueData/Serie_A/2016,2016-10-16,True
2016-10-16,Lazio,Bologna,2.91842,1.04123,1006,2016,https://understat.com/getLeagueData/Serie_A/2016,2016-10-16,True
2016-10-16,Sassuolo,Crotone,2.05142,0.634162,1007,2016,https://understat.com/getLeagueData/Serie_A/2016,2016-10-16,True
2016-10-17,Palermo,Torino,0.865751,1.20703,1009,2016,https://understat.com/getLeagueData/Serie_A/2016,2016-10-17,True
2016-10-22,Milan,Juventus,0.254814,0.731154,1011,2016,https://understat.com/getLeagueData/Serie_A/2016,2016-10-22,True
2016-10-22,Sampdoria,Genoa,2.08079,1.0875,1010,2016,https://understat.com/getLeagueData/Serie_A/2016,2016-10-22,True
2016-10-23,Atalanta,Inter,2.3909,0.235632,1017,2016,https://understat.com/getLeagueData/Serie_A/2016,2016-10-23,True
2016-10-23,Bologna,Sassuolo,1.39945,0.638691,1018,2016,https://understat.com/getLeagueData/Serie_A/2016,2016-10-23,True
2016-10-23,Cagliari,Fiorentina,1.30024,2.22004,1014,2016,https://understat.com/getLeagueData/Serie_A/2016,2016-10-23,True
2016-10-23,Crotone,Napoli,1.78468,2.32041,1015,2016,https://understat.com/getLeagueData/Serie_A/2016,2016-10-23,True
2016-10-23,Empoli,Chievo,0.445783,1.014,1016,2016,https://understat.com/getLeagueData/Serie_A/2016,2016-10-23,True
2016-10-23,Roma,Palermo,2.48508,0.435093,1019,2016,https://understat.com/getLeagueData/Serie_A/2016,2016-10-23,True
2016-10-23,Torino,Lazio,1.66152,1.31796,1013,2016,https://understat.com/getLeagueData/Serie_A/2016,2016-10-23,True
2016-10-23,Udinese,Pescara,2.33345,0.694512,1012,2016,https://understat.com/getLeagueData/Serie_A/2016,2016-10-23,True
2016-10-25,Genoa,Milan,0.918374,0.437331,1020,2016,https://understat.com/getLeagueData/Serie_A/2016,2016-10-25,True
2016-10-26,Chievo,Bologna,1.00976,0.201128,3285,2016,https://understat.com/getLeagueData/Serie_A/2016,2016-10-26,True
2016-10-26,Fiorentina,Crotone,1.41393,0.725924,3286,2016,https://understat.com/getLeagueData/Serie_A/2016,2016-10-26,True
2016-10-26,Inter,Torino,2.39829,0.547634,3281,2016,https://understat.com/getLeagueData/Serie_A/2016,2016-10-26,True
2016-10-26,Juventus,Sampdoria,2.13285,0.347792,3282,2016,https://understat.com/getLeagueData/Serie_A/2016,2016-10-26,True
2016-10-26,Lazio,Cagliari,3.41279,1.28037,3283,2016,https://understat.com/getLeagueData/Serie_A/2016,2016-10-26,True
2016-10-26,Napoli,Empoli,3.89995,0.29497,3284,2016,https://understat.com/getLeagueData/Serie_A/2016,2016-10-26,True
2016-10-26,Pescara,Atalanta,0.22903,0.665026,3287,2016,https://understat.com/getLeagueData/Serie_A/2016,2016-10-26,True
2016-10-26,Sassuolo,Roma,1.00699,2.21845,3288,2016,https://understat.com/getLeagueData/Serie_A/2016,2016-10-26,True
2016-10-27,Palermo,Udinese,0.59003,0.990877,3289,2016,https://understat.com/getLeagueData/Serie_A/2016,2016-10-27,True
2016-10-29,Bologna,Fiorentina,0.225855,1.71314,3290,2016,https://understat.com/getLeagueData/Serie_A/2016,2016-10-29,True
2016-10-29,Juventus,Napoli,0.49027,0.904839,3291,2016,https://understat.com/getLeagueData/Serie_A/2016,2016-10-29,True
2016-10-30,Atalanta,Genoa,1.30193,0.801499,3292,2016,https://understat.com/getLeagueData/Serie_A/2016,2016-10-30,True
2016-10-30,Crotone,Chievo,1.72351,0.659158,3295,2016,https://understat.com/getLeagueData/Serie_A/2016,2016-10-30,True
2016-10-30,Empoli,Roma,0.326558,1.44104,3296,2016,https://understat.com/getLeagueData/Serie_A/2016,2016-10-30,True
2016-10-30,Lazio,Sassuolo,1.78915,1.2589,3293,2016,https://understat.com/getLeagueData/Serie_A/2016,2016-10-30,True
2016-10-30,Milan,Pescara,1.74004,0.736729,3294,2016,https://understat.com/getLeagueData/Serie_A/2016,2016-10-30,True
2016-10-30,Sampdoria,Inter,0.821852,2.47165,3297,2016,https://understat.com/getLeagueData/Serie_A/2016,2016-10-30,True
2016-10-31,Cagliari,Palermo,0.672437,0.701202,2745,2016,https://understat.com/getLeagueData/Serie_A/2016,2016-11-01,True
2016-10-31,Udinese,Torino,2.11839,1.18042,3298,2016,https://understat.com/getLeagueData/Serie_A/2016,2016-10-31,True
2016-11-05,Napoli,Lazio,0.713297,0.414383,2747,2016,https://understat.com/getLeagueData/Serie_A/2016,2016-11-05,True
2016-11-05,Torino,Cagliari,2.84168,0.46731,2746,2016,https://understat.com/getLeagueData/Serie_A/2016,2016-11-05,True
2016-11-06,Chievo,Juventus,1.10586,2.13748,2750,2016,https://understat.com/getLeagueData/Serie_A/2016,2016-11-06,True
2016-11-06,Fiorentina,Sampdoria,1.57162,0.799869,2754,2016,https://understat.com/getLeagueData/Serie_A/2016,2016-11-06,True
2016-11-06,Genoa,Udinese,1.32186,0.870902,2751,2016,https://understat.com/getLeagueData/Serie_A/2016,2016-11-06,True
2016-11-06,Inter,Crotone,2.49682,0.248518,2753,2016,https://understat.com/getLeagueData/Serie_A/2016,2016-11-06,True
2016-11-06,Palermo,Milan,1.03556,1.03836,2749,2016,https://understat.com/getLeagueData/Serie_A/2016,2016-11-06,True
2016-11-06,Pescara,Empoli,2.53565,2.50908,2748,2016,https://understat.com/getLeagueData/Serie_A/2016,2016-11-06,True
2016-11-06,Roma,Bologna,3.45114,0.78738,2755,2016,https://understat.com/getLeagueData/Serie_A/2016,2016-11-06,True
2016-11-06,Sassuolo,Atalanta,1.04128,1.3028,2752,2016,https://understat.com/getLeagueData/Serie_A/2016,2016-11-06,True
2016-11-19,Chievo,Cagliari,1.20696,0.319548,2756,2016,https://understat.com/getLeagueData/Serie_A/2016,2016-11-19,True
2016-11-19,Juventus,Pescara,1.75422,0.895007,2758,2016,https://understat.com/getLeagueData/Serie_A/2016,2016-11-19,True
2016-11-19,Udinese,Napoli,0.336535,1.77046,2757,2016,https://understat.com/getLeagueData/Serie_A/2016,2016-11-19,True
2016-11-20,Atalanta,Roma,1.6764,1.54094,2763,2016,https://understat.com/getLeagueData/Serie_A/2016,2016-11-20,True
2016-11-20,Bologna,Palermo,0.604632,1.36701,2764,2016,https://understat.com/getLeagueData/Serie_A/2016,2016-11-20,True
2016-11-20,Crotone,Torino,1.36886,1.0138,2761,2016,https://understat.com/getLeagueData/Serie_A/2016,2016-11-20,True
2016-11-20,Empoli,Fiorentina,0.773104,3.89131,2762,2016,https://understat.com/getLeagueData/Serie_A/2016,2016-11-20,True
2016-11-20,Lazio,Genoa,1.79807,0.644182,2760,2016,https://understat.com/getLeagueData/Serie_A/2016,2016-11-20,True
2016-11-20,Milan,Inter,0.652106,1.59912,2765,2016,https://understat.com/getLeagueData/Serie_A/2016,2016-11-20,True
2016-11-20,Sampdoria,Sassuolo,2.54447,1.14682,2759,2016,https://understat.com/getLeagueData/Serie_A/2016,2016-11-20,True
2016-11-26,Empoli,Milan,1.52699,0.781264,2767,2016,https://understat.com/getLeagueData/Serie_A/2016,2016-11-26,True
2016-11-26,Torino,Chievo,1.0585,0.902262,2766,2016,https://understat.com/getLeagueData/Serie_A/2016,2016-11-26,True
2016-11-27,Bologna,Atalanta,0.272072,1.31773,2772,2016,https://understat.com/getLeagueData/Serie_A/2016,2016-11-27,True
2016-11-27,Cagliari,Udinese,2.05523,0.920373,2769,2016,https://understat.com/getLeagueData/Serie_A/2016,2016-11-27,True
2016-11-27,Crotone,Sampdoria,0.573257,1.42112,2770,2016,https://understat.com/getLeagueData/Serie_A/2016,2016-11-27,True
2016-11-27,Genoa,Juventus,3.14346,1.35797,2771,2016,https://understat.com/getLeagueData/Serie_A/2016,2016-11-27,True
2016-11-27,Palermo,Lazio,0.704882,1.51663,2768,2016,https://understat.com/getLeagueData/Serie_A/2016,2016-11-27,True
2016-11-27,Roma,Pescara,3.03686,1.20343,2773,2016,https://understat.com/getLeagueData/Serie_A/2016,2016-11-27,True
2016-11-28,Inter,Fiorentina,3.58331,0.819314,2775,2016,https://understat.com/getLeagueData/Serie_A/2016,2016-11-29,True
2016-11-28,Napoli,Sassuolo,1.23939,0.520212,2774,2016,https://understat.com/getLeagueData/Serie_A/2016,2016-11-28,True
2016-12-02,Napoli,Inter,1.76933,1.12104,3066,2016,https://understat.com/getLeagueData/Serie_A/2016,2016-12-02,True
2016-12-03,Juventus,Atalanta,1.01442,0.345085,3067,2016,https://understat.com/getLeagueData/Serie_A/2016,2016-12-03,True
2016-12-04,Fiorentina,Palermo,1.89636,0.395672,3073,2016,https://understat.com/getLeagueData/Serie_A/2016,2016-12-04,True
2016-12-04,Lazio,Roma,0.575784,0.995438,3069,2016,https://understat.com/getLeagueData/Serie_A/2016,2016-12-04,True
2016-12-04,Milan,Crotone,1.58497,0.765682,3068,2016,https://understat.com/getLeagueData/Serie_A/2016,2016-12-04,True
2016-12-04,Pescara,Cagliari,1.43265,0.350794,3070,2016,https://understat.com/getLeagueData/Serie_A/2016,2016-12-04,True
2016-12-04,Sampdoria,Torino,0.945158,0.733393,3071,2016,https://understat.com/getLeagueData/Serie_A/2016,2016-12-04,True
2016-12-04,Sassuolo,Empoli,2.75094,1.20881,3072,2016,https://understat.com/getLeagueData/Serie_A/2016,2016-12-04,True
2016-12-05,Chievo,Genoa,1.0191,0.493735,3074,2016,https://understat.com/getLeagueData/Serie_A/2016,2016-12-05,True
2016-12-05,Udinese,Bologna,1.30253,0.595072,3075,2016,https://understat.com/getLeagueData/Serie_A/2016,2016-12-06,True
2016-12-10,Crotone,Pescara,1.27078,1.0284,3076,2016,https://understat.com/getLeagueData/Serie_A/2016,2016-12-10,True
2016-12-10,Sampdoria,Lazio,0.524617,2.12265,3077,2016,https://understat.com/getLeagueData/Serie_A/2016,2016-12-10,True
2016-12-11,Atalanta,Udinese,2.6581,1.03664,3081,2016,https://understat.com/getLeagueData/Serie_A/2016,2016-12-11,True
2016-12-11,Bologna,Empoli,1.3582,0.0997513,3082,2016,https://understat.com/getLeagueData/Serie_A/2016,2016-12-11,True
2016-12-11,Cagliari,Napoli,0.215274,3.82193,3078,2016,https://understat.com/getLeagueData/Serie_A/2016,2016-12-11,True
2016-12-11,Inter,Genoa,0.848838,1.01464,3083,2016,https://understat.com/getLeagueData/Serie_A/2016,2016-12-11,True
2016-12-11,Palermo,Chievo,0.695367,1.10723,3080,2016,https://understat.com/getLeagueData/Serie_A/2016,2016-12-11,True
2016-12-11,Torino,Juventus,0.407733,2.43229,3079,2016,https://understat.com/getLeagueData/Serie_A/2016,2016-12-11,True
2016-12-12,Fiorentina,Sassuolo,1.70698,1.21595,3084,2016,https://understat.com/getLeagueData/Serie_A/2016,2016-12-12,True
2016-12-12,Roma,Milan,0.554171,1.05015,3085,2016,https://understat.com/getLeagueData/Serie_A/2016,2016-12-13,True
2016-12-15,Genoa,Fiorentina,1.08245,0.505706,3086,2016,https://understat.com/getLeagueData/Serie_A/2016,2016-12-15,True
2016-12-17,Empoli,Cagliari,0.784596,1.43479,3087,2016,https://understat.com/getLeagueData/Serie_A/2016,2016-12-17,True
2016-12-17,Juventus,Roma,0.831542,0.514906,3089,2016,https://understat.com/getLeagueData/Serie_A/2016,2016-12-17,True
2016-12-17,Milan,Atalanta,0.494299,0.603853,3088,2016,https://understat.com/getLeagueData/Serie_A/2016,2016-12-17,True
2016-12-18,Chievo,Sampdoria,2.6292,0.800999,3094,2016,https://understat.com/getLeagueData/Serie_A/2016,2016-12-18,True
2016-12-18,Genoa,Palermo,1.49844,1.84868,3096,2016,https://understat.com/getLeagueData/Serie_A/2016,2016-12-18,True
2016-12-18,Lazio,Fiorentina,1.83592,1.55704,3095,2016,https://understat.com/getLeagueData/Serie_A/2016,2016-12-18,True
2016-12-18,Napoli,Torino,3.96164,2.44594,3092,2016,https://understat.com/getLeagueData/Serie_A/2016,2016-12-18,True
2016-12-18,Pescara,Bologna,0.26406,3.14833,3093,2016,https://understat.com/getLeagueData/Serie_A/2016,2016-12-18,True
2016-12-18,Sassuolo,Inter,0.574257,2.31308,3090,2016,https://understat.com/getLeagueData/Serie_A/2016,2016-12-18,True
2016-12-18,Udinese,Crotone,2.19719,1.00404,3091,2016,https://understat.com/getLeagueData/Serie_A/2016,2016-12-18,True
2016-12-20,Atalanta,Empoli,3.38037,0.108162,3097,2016,https://understat.com/getLeagueData/Serie_A/2016,2016-12-20,True
2016-12-21,Inter,Lazio,1.03142,0.557926,3098,2016,https://understat.com/getLeagueData/Serie_A/2016,2016-12-21,True
2016-12-22,Cagliari,Sassuolo,2.18282,1.42871,3103,2016,https://understat.com/getLeagueData/Serie_A/2016,2016-12-22,True
2016-12-22,Fiorentina,Napoli,0.853715,2.00595,3104,2016,https://understat.com/getLeagueData/Serie_A/2016,2016-12-22,True
2016-12-22,Palermo,Pescara,0.477089,1.17216,3099,2016,https://understat.com/getLeagueData/Serie_A/2016,2016-12-22,True
2016-12-22,Roma,Chievo,3.16305,0.786071,3100,2016,https://understat.com/getLeagueData/Serie_A/2016,2016-12-22,True
2016-12-22,Sampdoria,Udinese,0.822645,0.492442,3101,2016,https://understat.com/getLeagueData/Serie_A/2016,2016-12-22,True
2016-12-22,Torino,Genoa,1.40359,0.813374,3102,2016,https://understat.com/getLeagueData/Serie_A/2016,2016-12-22,True
2017-01-07,Empoli,Palermo,0.901728,0.516544,3520,2016,https://understat.com/getLeagueData/Serie_A/2016,2017-01-07,True
2017-01-07,Napoli,Sampdoria,2.69988,0.884655,3521,2016,https://understat.com/getLeagueData/Serie_A/2016,2017-01-07,True
2017-01-08,Chievo,Atalanta,0.758192,4.06123,3527,2016,https://understat.com/getLeagueData/Serie_A/2016,2017-01-08,True
2017-01-08,Genoa,Roma,0.438633,1.21044,3526,2016,https://understat.com/getLeagueData/Serie_A/2016,2017-01-08,True
2017-01-08,Juventus,Bologna,2.03122,0.232929,3529,2016,https://understat.com/getLeagueData/Serie_A/2016,2017-01-08,True
2017-01-08,Lazio,Crotone,2.08654,0.484413,3525,2016,https://understat.com/getLeagueData/Serie_A/2016,2017-01-08,True
2017-01-08,Milan,Cagliari,1.57357,0.377279,3528,2016,https://understat.com/getLeagueData/Serie_A/2016,2017-01-08,True
2017-01-08,Sassuolo,Torino,0.61014,2.06808,3524,2016,https://understat.com/getLeagueData/Serie_A/2016,2017-01-08,True
2017-01-08,Udinese,Inter,1.33028,1.26519,3522,2016,https://understat.com/getLeagueData/Serie_A/2016,2017-01-08,True
2017-01-14,Crotone,Bologna,0.977165,1.04914,3530,2016,https://understat.com/getLeagueData/Serie_A/2016,2017-01-14,True
2017-01-14,Inter,Chievo,2.95782,0.339844,3531,2016,https://understat.com/getLeagueData/Serie_A/2016,2017-01-14,True
2017-01-15,Cagliari,Genoa,2.73584,1.11726,3532,2016,https://understat.com/getLeagueData/Serie_A/2016,2017-01-15,True
2017-01-15,Fiorentina,Juventus,0.762227,1.78834,3538,2016,https://understat.com/getLeagueData/Serie_A/2016,2017-01-15,True
2017-01-15,Lazio,Atalanta,2.00872,0.372432,3537,2016,https://understat.com/getLeagueData/Serie_A/2016,2017-01-15,True
2017-01-15,Napoli,Pescara,3.42773,1.25032,3535,2016,https://understat.com/getLeagueData/Serie_A/2016,2017-01-15,True
2017-01-15,Sampdoria,Empoli,1.14331,1.32527,3533,2016,https://understat.com/getLeagueData/Serie_A/2016,2017-01-15,True
2017-01-15,Sassuolo,Palermo,1.48319,1.32792,3534,2016,https://understat.com/getLeagueData/Serie_A/2016,2017-01-15,True
2017-01-15,Udinese,Roma,1.25353,2.38721,3536,2016,https://understat.com/getLeagueData/Serie_A/2016,2017-01-15,True
2017-01-16,Torino,Milan,2.67642,3.38884,3539,2016,https://understat.com/getLeagueData/Serie_A/2016,2017-01-16,True
2017-01-21,Chievo,Fiorentina,1.53772,1.30541,3540,2016,https://understat.com/getLeagueData/Serie_A/2016,2017-01-21,True
2017-01-21,Milan,Napoli,0.97198,1.55269,3541,2016,https://understat.com/getLeagueData/Serie_A/2016,2017-01-21,True
2017-01-22,Atalanta,Sampdoria,1.73684,1.08644,3548,2016,https://understat.com/getLeagueData/Serie_A/2016,2017-01-22,True
2017-01-22,Bologna,Torino,1.1389,0.601187,3546,2016,https://understat.com/getLeagueData/Serie_A/2016,2017-01-22,True
2017-01-22,Empoli,Udinese,0.315683,0.938473,3547,2016,https://understat.com/getLeagueData/Serie_A/2016,2017-01-22,True
2017-01-22,Genoa,Crotone,2.48976,1.55254,3544,2016,https://understat.com/getLeagueData/Serie_A/2016,2017-01-22,True
2017-01-22,Juventus,Lazio,1.77194,0.21704,3542,2016,https://understat.com/getLeagueData/Serie_A/2016,2017-01-22,True
2017-01-22,Palermo,Inter,0.292892,1.83761,3543,2016,https://understat.com/getLeagueData/Serie_A/2016,2017-01-22,True
2017-01-22,Pescara,Sassuolo,2.0633,1.21807,3545,2016,https://understat.com/getLeagueData/Serie_A/2016,2017-01-22,True
2017-01-22,Roma,Cagliari,2.10778,0.368905,3549,2016,https://understat.com/getLeagueData/Serie_A/2016,2017-01-22,True
2017-01-28,Inter,Pescara,3.12652,0.53762,3551,2016,https://understat.com/getLeagueData/Serie_A/2016,2017-01-28,True
2017-01-28,Lazio,Chievo,2.08504,0.641181,3550,2016,https://understat.com/getLeagueData/Serie_A/2016,2017-01-28,True
2017-01-29,Cagliari,Bologna,0.931307,1.04376,3553,2016,https://understat.com/getLeagueData/Serie_A/2016,2017-01-29,True
2017-01-29,Crotone,Empoli,2.47879,0.208541,3555,2016,https://understat.com/getLeagueData/Serie_A/2016,2017-01-29,True
2017-01-29,Fiorentina,Genoa,2.10754,2.76031,3556,2016,https://understat.com/getLeagueData/Serie_A/2016,2017-01-29,True
2017-01-29,Napoli,Palermo,1.809,0.143541,3559,2016,https://understat.com/getLeagueData/Serie_A/2016,2017-01-29,True
2017-01-29,Sampdoria,Roma,1.80231,1.32212,3554,2016,https://understat.com/getLeagueData/Serie_A/2016,2017-01-29,True
2017-01-29,Sassuolo,Juventus,0.62385,1.53659,3557,2016,https://understat.com/getLeagueData/Serie_A/2016,2017-01-29,True
2017-01-29,Torino,Atalanta,0.740633,1.02846,3552,2016,https://understat.com/getLeagueData/Serie_A/2016,2017-01-29,True
2017-01-29,Udinese,Milan,1.88842,1.10805,3558,2016,https://understat.com/getLeagueData/Serie_A/2016,2017-01-29,True
2017-02-01,Pescara,Fiorentina,0.430614,0.726305,3523,2016,https://understat.com/getLeagueData/Serie_A/2016,2017-02-01,True
2017-02-04,Bologna,Napoli,1.86641,2.23611,3560,2016,https://understat.com/getLeagueData/Serie_A/2016,2017-02-04,True
2017-02-05,Atalanta,Cagliari,1.75604,0.144194,3565,2016,https://understat.com/getLeagueData/Serie_A/2016,2017-02-05,True
2017-02-05,Chievo,Udinese,0.20522,0.823909,3564,2016,https://understat.com/getLeagueData/Serie_A/2016,2017-02-05,True
2017-02-05,Empoli,Torino,1.95329,1.93049,3563,2016,https://understat.com/getLeagueData/Serie_A/2016,2017-02-05,True
2017-02-05,Genoa,Sassuolo,0.771433,0.916538,3562,2016,https://understat.com/getLeagueData/Serie_A/2016,2017-02-05,True
2017-02-05,Juventus,Inter,1.07568,0.75887,3568,2016,https://understat.com/getLeagueData/Serie_A/2016,2017-02-05,True
2017-02-05,Milan,Sampdoria,1.84656,1.23634,3561,2016,https://understat.com/getLeagueData/Serie_A/2016,2017-02-05,True
2017-02-05,Palermo,Crotone,0.765782,0.384211,3567,2016,https://understat.com/getLeagueData/Serie_A/2016,2017-02-05,True
2017-02-05,Pescara,Lazio,1.82767,3.84448,3566,2016,https://understat.com/getLeagueData/Serie_A/2016,2017-02-05,True
2017-02-07,Roma,Fiorentina,3.58277,0.626366,3569,2016,https://understat.com/getLeagueData/Serie_A/2016,2017-02-07,True
2017-02-08,Bologna,Milan,1.58618,1.75201,3571,2016,https://understat.com/getLeagueData/Serie_A/2016,2017-02-08,True
2017-02-08,Crotone,Juventus,0.124749,1.84465,3570,2016,https://understat.com/getLeagueData/Serie_A/2016,2017-02-08,True
2017-02-10,Napoli,Genoa,1.88294,0.115042,3572,2016,https://understat.com/getLeagueData/Serie_A/2016,2017-02-10,True
2017-02-11,Fiorentina,Udinese,1.6489,0.72842,3573,2016,https://understat.com/getLeagueData/Serie_A/2016,2017-02-11,True
2017-02-12,Cagliari,Juventus,0.445215,1.68248,3580,2016,https://understat.com/getLeagueData/Serie_A/2016,2017-02-12,True
2017-02-12,Crotone,Roma,0.45353,2.34892,3574,2016,https://understat.com/getLeagueData/Serie_A/2016,2017-02-12,True
2017-02-12,Inter,Empoli,3.08595,0.435897,3577,2016,https://understat.com/getLeagueData/Serie_A/2016,2017-02-12,True
2017-02-12,Palermo,Atalanta,0.744515,2.60419,3578,2016,https://understat.com/getLeagueData/Serie_A/2016,2017-02-12,True
2017-02-12,Sampdoria,Bologna,2.65182,1.05142,3579,2016,https://understat.com/getLeagueData/Serie_A/2016,2017-02-12,True
2017-02-12,Sassuolo,Chievo,2.00872,2.83627,3576,2016,https://understat.com/getLeagueData/Serie_A/2016,2017-02-12,True
2017-02-12,Torino,Pescara,2.48777,0.862941,3575,2016,https://understat.com/getLeagueData/Serie_A/2016,2017-02-12,True
2017-02-13,Lazio,Milan,2.48954,0.301882,3581,2016,https://understat.com/getLeagueData/Serie_A/2016,2017-02-13,True
2017-02-17,Juventus,Palermo,1.65089,0.557015,3582,2016,https://understat.com/getLeagueData/Serie_A/2016,2017-02-17,True
2017-02-18,Atalanta,Crotone,1.87331,0.178478,3583,2016,https://understat.com/getLeagueData/Serie_A/2016,2017-02-18,True
2017-02-18,Empoli,Lazio,0.271107,1.63167,3584,2016,https://understat.com/getLeagueData/Serie_A/2016,2017-02-18,True
2017-02-19,Bologna,Inter,0.773628,2.14631,3585,2016,https://understat.com/getLeagueData/Serie_A/2016,2017-02-19,True
2017-02-19,Chievo,Napoli,0.957971,1.27403,3589,2016,https://understat.com/getLeagueData/Serie_A/2016,2017-02-19,True
2017-02-19,Milan,Fiorentina,0.618731,1.52955,3591,2016,https://understat.com/getLeagueData/Serie_A/2016,2017-02-19,True
2017-02-19,Pescara,Genoa,2.00611,1.02749,3586,2016,https://understat.com/getLeagueData/Serie_A/2016,2017-02-19,True
2017-02-19,Roma,Torino,1.14579,0.829091,3590,2016,https://understat.com/getLeagueData/Serie_A/2016,2017-02-19,True
2017-02-19,Sampdoria,Cagliari,1.13647,0.851479,3587,2016,https://understat.com/getLeagueData/Serie_A/2016,2017-02-19,True
2017-02-19,Udinese,Sassuolo,1.62501,2.0648,3588,2016,https://understat.com/getLeagueData/Serie_A/2016,2017-02-19,True
2017-02-25,Juventus,Empoli,2.36639,0.206008,3595,2016,https://understat.com/getLeagueData/Serie_A/2016,2017-02-25,True
2017-02-25,Napoli,Atalanta,1.15396,0.997,3592,2016,https://understat.com/getLeagueData/Serie_A/2016,2017-02-25,True
2017-02-26,Chievo,Pescara,2.25385,0.745747,3597,2016,https://understat.com/getLeagueData/Serie_A/2016,2017-02-26,True
2017-02-26,Crotone,Cagliari,1.07246,0.814299,3594,2016,https://understat.com/getLeagueData/Serie_A/2016,2017-02-26,True
2017-02-26,Genoa,Bologna,2.77469,0.902763,3593,2016,https://understat.com/getLeagueData/Serie_A/2016,2017-02-26,True
2017-02-26,Inter,Roma,1.34431,1.53335,3598,2016,https://understat.com/getLeagueData/Serie_A/2016,2017-02-26,True
2017-02-26,Lazio,Udinese,1.02606,0.613891,3601,2016,https://understat.com/getLeagueData/Serie_A/2016,2017-02-26,True
2017-02-26,Palermo,Sampdoria,2.10665,1.24,3599,2016,https://understat.com/getLeagueData/Serie_A/2016,2017-02-26,True
2017-02-26,Sassuolo,Milan,1.24336,2.24079,3596,2016,https://understat.com/getLeagueData/Serie_A/2016,2017-02-26,True
2017-02-27,Fiorentina,Torino,2.01903,2.09324,3600,2016,https://understat.com/getLeagueData/Serie_A/2016,2017-02-27,True
2017-03-04,Milan,Chievo,4.56809,1.54732,3602,2016,https://understat.com/getLeagueData/Serie_A/2016,2017-03-04,True
2017-03-04,Roma,Napoli,1.25976,1.73768,3608,2016,https://understat.com/getLeagueData/Serie_A/2016,2017-03-04,True
2017-03-04,Sampdoria,Pescara,2.58116,1.26255,3610,2016,https://understat.com/getLeagueData/Serie_A/2016,2017-03-04,True
2017-03-05,Atalanta,Fiorentina,1.12297,0.702152,3603,2016,https://understat.com/getLeagueData/Serie_A/2016,2017-03-05,True
2017-03-05,Bologna,Lazio,0.374856,2.01601,3607,2016,https://understat.com/getLeagueData/Serie_A/2016,2017-03-05,True
2017-03-05,Cagliari,Inter,0.953042,2.29417,3605,2016,https://understat.com/getLeagueData/Serie_A/2016,2017-03-05,True
2017-03-05,Crotone,Sassuolo,1.25058,0.848716,3611,2016,https://understat.com/getLeagueData/Serie_A/2016,2017-03-05,True
2017-03-05,Empoli,Genoa,0.396952,0.620617,3604,2016,https://understat.com/getLeagueData/Serie_A/2016,2017-03-05,True
2017-03-05,Torino,Palermo,3.04626,0.290489,3609,2016,https://understat.com/getLeagueData/Serie_A/2016,2017-03-05,True
2017-03-05,Udinese,Juventus,0.475617,0.819542,3606,2016,https://understat.com/getLeagueData/Serie_A/2016,2017-03-05,True
2017-03-10,Juventus,Milan,3.44756,0.78714,3617,2016,https://understat.com/getLeagueData/Serie_A/2016,2017-03-10,True
2017-03-11,Genoa,Sampdoria,0.642388,0.731228,3619,2016,https://understat.com/getLeagueData/Serie_A/2016,2017-03-11,True
2017-03-12,Chievo,Empoli,2.37494,0.526966,3616,2016,https://understat.com/getLeagueData/Serie_A/2016,2017-03-12,True
2017-03-12,Fiorentina,Cagliari,2.15582,1.87448,3614,2016,https://understat.com/getLeagueData/Serie_A/2016,2017-03-12,True
2017-03-12,Inter,Atalanta,2.83767,0.82197,3612,2016,https://understat.com/getLeagueData/Serie_A/2016,2017-03-12,True
2017-03-12,Napoli,Crotone,3.48367,0.247221,3615,2016,https://understat.com/getLeagueData/Serie_A/2016,2017-03-12,True
2017-03-12,Palermo,Roma,0.70853,2.40025,3618,2016,https://understat.com/getLeagueData/Serie_A/2016,2017-03-12,True
2017-03-12,Pescara,Udinese,0.517813,1.50196,3621,2016,https://understat.com/getLeagueData/Serie_A/2016,2017-03-12,True
2017-03-12,Sassuolo,Bologna,0.64108,1.36613,3613,2016,https://understat.com/getLeagueData/Serie_A/2016,2017-03-12,True
2017-03-13,Lazio,Torino,2.17289,0.438121,3620,2016,https://understat.com/getLeagueData/Serie_A/2016,2017-03-13,True
2017-03-18,Milan,Genoa,1.89233,0.300434,3624,2016,https://understat.com/getLeagueData/Serie_A/2016,2017-03-18,True
2017-03-18,Torino,Inter,1.12122,1.75154,3625,2016,https://understat.com/getLeagueData/Serie_A/2016,2017-03-18,True
2017-03-19,Atalanta,Pescara,2.49319,0.304392,3630,2016,https://understat.com/getLeagueData/Serie_A/2016,2017-03-19,True
2017-03-19,Bologna,Chievo,2.80483,1.18396,3622,2016,https://understat.com/getLeagueData/Serie_A/2016,2017-03-19,True
2017-03-19,Cagliari,Lazio,0.138994,0.885969,3627,2016,https://understat.com/getLeagueData/Serie_A/2016,2017-03-19,True
2017-03-19,Crotone,Fiorentina,0.747159,2.82105,3623,2016,https://understat.com/getLeagueData/Serie_A/2016,2017-03-19,True
2017-03-19,Empoli,Napoli,1.3559,2.03736,3628,2016,https://understat.com/getLeagueData/Serie_A/2016,2017-03-19,True
2017-03-19,Roma,Sassuolo,2.39435,0.843526,3631,2016,https://understat.com/getLeagueData/Serie_A/2016,2017-03-19,True
2017-03-19,Sampdoria,Juventus,0.455904,1.97551,3626,2016,https://understat.com/getLeagueData/Serie_A/2016,2017-03-19,True
2017-03-19,Udinese,Palermo,2.53655,0.479825,3629,2016,https://understat.com/getLeagueData/Serie_A/2016,2017-03-19,True
2017-04-01,Roma,Empoli,1.32527,0.50901,3636,2016,https://understat.com/getLeagueData/Serie_A/2016,2017-04-01,True
2017-04-01,Sassuolo,Lazio,1.31718,1.01814,3638,2016,https://understat.com/getLeagueData/Serie_A/2016,2017-04-01,True
2017-04-02,Chievo,Crotone,1.02274,0.815658,3635,2016,https://understat.com/getLeagueData/Serie_A/2016,2017-04-02,True
2017-04-02,Fiorentina,Bologna,0.783659,0.260932,3633,2016,https://understat.com/getLeagueData/Serie_A/2016,2017-04-02,True
2017-04-02,Genoa,Atalanta,0.230489,3.93791,3632,2016,https://understat.com/getLeagueData/Serie_A/2016,2017-04-02,True
2017-04-02,Napoli,Juventus,1.3581,0.468268,3637,2016,https://understat.com/getLeagueData/Serie_A/2016,2017-04-02,True
2017-04-02,Palermo,Cagliari,1.4752,1.59255,3634,2016,https://understat.com/getLeagueData/Serie_A/2016,2017-04-02,True
2017-04-02,Pescara,Milan,0.909616,2.43524,3639,2016,https://understat.com/getLeagueData/Serie_A/2016,2017-04-02,True
2017-04-02,Torino,Udinese,2.3384,2.18195,3641,2016,https://understat.com/getLeagueData/Serie_A/2016,2017-04-02,True
2017-04-03,Inter,Sampdoria,1.85477,2.38881,3640,2016,https://understat.com/getLeagueData/Serie_A/2016,2017-04-03,True
2017-04-08,Atalanta,Sassuolo,2.00136,1.08328,3650,2016,https://understat.com/getLeagueData/Serie_A/2016,2017-04-08,True
2017-04-08,Empoli,Pescara,0.957,1.9265,3648,2016,https://understat.com/getLeagueData/Serie_A/2016,2017-04-08,True
2017-04-08,Juventus,Chievo,2.07439,0.448028,3642,2016,https://understat.com/getLeagueData/Serie_A/2016,2017-04-08,True
2017-04-09,Bologna,Roma,0.693578,1.17911,3649,2016,https://understat.com/getLeagueData/Serie_A/2016,2017-04-09,True
2017-04-09,Cagliari,Torino,1.53023,1.81261,3651,2016,https://understat.com/getLeagueData/Serie_A/2016,2017-04-09,True
2017-04-09,Crotone,Inter,2.01501,1.90585,3645,2016,https://understat.com/getLeagueData/Serie_A/2016,2017-04-09,True
2017-04-09,Lazio,Napoli,1.13869,2.11338,3646,2016,https://understat.com/getLeagueData/Serie_A/2016,2017-04-09,True
2017-04-09,Milan,Palermo,3.2201,0.211395,3647,2016,https://understat.com/getLeagueData/Serie_A/2016,2017-04-09,True
2017-04-09,Sampdoria,Fiorentina,0.816402,1.50834,3643,2016,https://understat.com/getLeagueData/Serie_A/2016,2017-04-09,True
2017-04-09,Udinese,Genoa,0.500072,0.855251,3644,2016,https://understat.com/getLeagueData/Serie_A/2016,2017-04-09,True
2017-04-15,Cagliari,Chievo,2.8508,1.39516,3654,2016,https://understat.com/getLeagueData/Serie_A/2016,2017-04-15,True
2017-04-15,Fiorentina,Empoli,1.18615,2.07354,3656,2016,https://understat.com/getLeagueData/Serie_A/2016,2017-04-15,True
2017-04-15,Genoa,Lazio,1.59986,2.40716,3658,2016,https://understat.com/getLeagueData/Serie_A/2016,2017-04-15,True
2017-04-15,Inter,Milan,1.51555,1.64887,3659,2016,https://understat.com/getLeagueData/Serie_A/2016,2017-04-15,True
2017-04-15,Napoli,Udinese,1.50729,0.417001,3661,2016,https://understat.com/getLeagueData/Serie_A/2016,2017-04-15,True
2017-04-15,Palermo,Bologna,1.2648,0.59328,3653,2016,https://understat.com/getLeagueData/Serie_A/2016,2017-04-15,True
2017-04-15,Pescara,Juventus,0.17753,2.39296,3657,2016,https://understat.com/getLeagueData/Serie_A/2016,2017-04-15,True
2017-04-15,Roma,Atalanta,1.45462,0.303399,3652,2016,https://understat.com/getLeagueData/Serie_A/2016,2017-04-15,True
2017-04-15,Sassuolo,Sampdoria,0.9903,0.829293,3660,2016,https://understat.com/getLeagueData/Serie_A/2016,2017-04-15,True
2017-04-15,Torino,Crotone,2.66452,0.471117,3655,2016,https://understat.com/getLeagueData/Serie_A/2016,2017-04-15,True
2017-04-22,Atalanta,Bologna,1.58238,1.19908,3662,2016,https://understat.com/getLeagueData/Serie_A/2016,2017-04-22,True
2017-04-22,Fiorentina,Inter,2.33379,1.58463,3667,2016,https://understat.com/getLeagueData/Serie_A/2016,2017-04-22,True
2017-04-23,Chievo,Torino,0.974683,1.22691,3671,2016,https://understat.com/getLeagueData/Serie_A/2016,2017-04-23,True
2017-04-23,Juventus,Genoa,1.49756,0.449554,3666,2016,https://understat.com/getLeagueData/Serie_A/2016,2017-04-23,True
2017-04-23,Lazio,Palermo,3.19271,0.602485,3669,2016,https://understat.com/getLeagueData/Serie_A/2016,2017-04-23,True
2017-04-23,Milan,Empoli,2.44994,1.84101,3665,2016,https://understat.com/getLeagueData/Serie_A/2016,2017-04-23,True
2017-04-23,Sampdoria,Crotone,1.65401,1.47185,3664,2016,https://understat.com/getLeagueData/Serie_A/2016,2017-04-23,True
2017-04-23,Sassuolo,Napoli,0.996939,2.68765,3668,2016,https://understat.com/getLeagueData/Serie_A/2016,2017-04-23,True
2017-04-23,Udinese,Cagliari,2.59075,1.08784,3663,2016,https://understat.com/getLeagueData/Serie_A/2016,2017-04-23,True
2017-04-24,Pescara,Roma,2.35513,2.85441,3670,2016,https://understat.com/getLeagueData/Serie_A/2016,2017-04-24,True
2017-04-28,Atalanta,Juventus,2.20698,1.38915,3674,2016,https://understat.com/getLeagueData/Serie_A/2016,2017-04-28,True
2017-04-29,Torino,Sampdoria,1.91369,0.496861,3679,2016,https://understat.com/getLeagueData/Serie_A/2016,2017-04-29,True
2017-04-30,Bologna,Udinese,1.46503,0.584582,3681,2016,https://understat.com/getLeagueData/Serie_A/2016,2017-04-30,True
2017-04-30,Cagliari,Pescara,1.39112,1.12404,3678,2016,https://understat.com/getLeagueData/Serie_A/2016,2017-04-30,True
2017-04-30,Crotone,Milan,0.522385,2.17357,3676,2016,https://understat.com/getLeagueData/Serie_A/2016,2017-04-30,True
2017-04-30,Empoli,Sassuolo,2.32036,1.89742,3680,2016,https://understat.com/getLeagueData/Serie_A/2016,2017-04-30,True
2017-04-30,Genoa,Chievo,1.48861,0.391693,3672,2016,https://understat.com/getLeagueData/Serie_A/2016,2017-04-30,True
2017-04-30,Inter,Napoli,0.380576,1.58536,3677,2016,https://understat.com/getLeagueData/Serie_A/2016,2017-04-30,True
2017-04-30,Palermo,Fiorentina,0.569668,1.0708,3673,2016,https://understat.com/getLeagueData/Serie_A/2016,2017-04-30,True
2017-04-30,Roma,Lazio,1.61422,1.87267,3675,2016,https://understat.com/getLeagueData/Serie_A/2016,2017-04-30,True
2017-05-06,Juventus,Torino,3.08964,0.340017,3691,2016,https://understat.com/getLeagueData/Serie_A/2016,2017-05-06,True
2017-05-06,Napoli,Cagliari,2.69734,0.587871,3684,2016,https://understat.com/getLeagueData/Serie_A/2016,2017-05-06,True
2017-05-07,Chievo,Palermo,0.874929,1.26666,3688,2016,https://understat.com/getLeagueData/Serie_A/2016,2017-05-07,True
2017-05-07,Empoli,Bologna,2.15034,0.128693,3683,2016,https://understat.com/getLeagueData/Serie_A/2016,2017-05-07,True
2017-05-07,Genoa,Inter,1.25833,1.33836,3687,2016,https://understat.com/getLeagueData/Serie_A/2016,2017-05-07,True
2017-05-07,Lazio,Sampdoria,4.24325,1.71959,3690,2016,https://understat.com/getLeagueData/Serie_A/2016,2017-05-07,True
2017-05-07,Milan,Roma,0.950471,3.28109,3689,2016,https://understat.com/getLeagueData/Serie_A/2016,2017-05-07,True
2017-05-07,Pescara,Crotone,0.723682,0.468848,3685,2016,https://understat.com/getLeagueData/Serie_A/2016,2017-05-07,True
2017-05-07,Sassuolo,Fiorentina,2.09332,2.06362,3686,2016,https://understat.com/getLeagueData/Serie_A/2016,2017-05-07,True
2017-05-07,Udinese,Atalanta,1.03938,0.823184,3682,2016,https://understat.com/getLeagueData/Serie_A/2016,2017-05-07,True
2017-05-13,Atalanta,Milan,1.66609,0.957626,3697,2016,https://understat.com/getLeagueData/Serie_A/2016,2017-05-13,True
2017-05-13,Fiorentina,Lazio,1.47066,0.869153,3696,2016,https://understat.com/getLeagueData/Serie_A/2016,2017-05-13,True
2017-05-14,Bologna,Pescara,1.61797,0.959527,3699,2016,https://understat.com/getLeagueData/Serie_A/2016,2017-05-14,True
2017-05-14,Cagliari,Empoli,2.54479,1.76599,3693,2016,https://understat.com/getLeagueData/Serie_A/2016,2017-05-14,True
2017-05-14,Crotone,Udinese,0.905799,1.30692,3701,2016,https://understat.com/getLeagueData/Serie_A/2016,2017-05-14,True
2017-05-14,Inter,Sassuolo,1.17353,2.16401,3700,2016,https://understat.com/getLeagueData/Serie_A/2016,2017-05-14,True
2017-05-14,Palermo,Genoa,0.831425,1.69579,3694,2016,https://understat.com/getLeagueData/Serie_A/2016,2017-05-14,True
2017-05-14,Roma,Juventus,1.67476,1.13058,3695,2016,https://understat.com/getLeagueData/Serie_A/2016,2017-05-14,True
2017-05-14,Sampdoria,Chievo,1.12832,0.218127,3692,2016,https://understat.com/getLeagueData/Serie_A/2016,2017-05-14,True
2017-05-14,Torino,Napoli,0.375792,2.32753,3698,2016,https://understat.com/getLeagueData/Serie_A/2016,2017-05-14,True
2017-05-20,Chievo,Roma,1.84761,2.03489,3709,2016,https://understat.com/getLeagueData/Serie_A/2016,2017-05-20,True
2017-05-20,Napoli,Fiorentina,4.33743,0.640954,3706,2016,https://understat.com/getLeagueData/Serie_A/2016,2017-05-20,True
2017-05-21,Empoli,Atalanta,0.782484,1.28253,3702,2016,https://understat.com/getLeagueData/Serie_A/2016,2017-05-21,True
2017-05-21,Genoa,Torino,2.03205,0.261487,3711,2016,https://understat.com/getLeagueData/Serie_A/2016,2017-05-21,True
2017-05-21,Juventus,Crotone,1.53587,0.261461,3705,2016,https://understat.com/getLeagueData/Serie_A/2016,2017-05-21,True
2017-05-21,Lazio,Inter,1.14821,1.58862,3707,2016,https://understat.com/getLeagueData/Serie_A/2016,2017-05-21,True
2017-05-21,Milan,Bologna,2.81515,0.271153,3703,2016,https://understat.com/getLeagueData/Serie_A/2016,2017-05-21,True
2017-05-21,Sassuolo,Cagliari,1.95344,0.506734,3704,2016,https://understat.com/getLeagueData/Serie_A/2016,2017-05-21,True
2017-05-21,Udinese,Sampdoria,0.801765,0.950522,3710,2016,https://understat.com/getLeagueData/Serie_A/2016,2017-05-21,True
2017-05-22,Pescara,Palermo,1.76092,0.662548,3708,2016,https://understat.com/getLeagueData/Serie_A/2016,2017-05-22,True
2017-05-27,Atalanta,Chievo,1.44277,0.726317,3712,2016,https://understat.com/getLeagueData/Serie_A/2016,2017-05-27,True
2017-05-27,Bologna,Juventus,0.367473,2.48111,3715,2016,https://understat.com/getLeagueData/Serie_A/2016,2017-05-27,True
2017-05-28,Cagliari,Milan,2.33678,2.4428,3717,2016,https://understat.com/getLeagueData/Serie_A/2016,2017-05-28,True
2017-05-28,Crotone,Lazio,0.993998,1.09216,3716,2016,https://understat.com/getLeagueData/Serie_A/2016,2017-05-28,True
2017-05-28,Fiorentina,Pescara,2.34729,1.61468,3719,2016,https://understat.com/getLeagueData/Serie_A/2016,2017-05-28,True
2017-05-28,Inter,Udinese,3.44437,2.68963,3721,2016,https://understat.com/getLeagueData/Serie_A/2016,2017-05-28,True
2017-05-28,Palermo,Empoli,1.21155,1.89886,3713,2016,https://understat.com/getLeagueData/Serie_A/2016,2017-05-28,True
2017-05-28,Roma,Genoa,3.76779,1.55082,3714,2016,https://understat.com/getLeagueData/Serie_A/2016,2017-05-28,True
2017-05-28,Sampdoria,Napoli,1.19571,1.84052,3718,2016,https://understat.com/getLeagueData/Serie_A/2016,2017-05-28,True
2017-05-28,Torino,Sassuolo,2.54324,3.45582,3720,2016,https://understat.com/getLeagueData/Serie_A/2016,2017-05-28,True
2017-08-19,Juventus,Cagliari,1.27155,1.39829,7499,2017,https://understat.com/getLeagueData/Serie_A/2017,2017-08-19,True
2017-08-19,Verona,Napoli,1.39528,2.62234,7500,2017,https://understat.com/getLeagueData/Serie_A/2017,2017-08-19,True
2017-08-20,Atalanta,Roma,1.48324,0.362356,7501,2017,https://understat.com/getLeagueData/Serie_A/2017,2017-08-20,True
2017-08-20,Bologna,Torino,0.568427,0.314472,7502,2017,https://understat.com/getLeagueData/Serie_A/2017,2017-08-20,True
2017-08-20,Crotone,Milan,0.302867,2.0921,7508,2017,https://understat.com/getLeagueData/Serie_A/2017,2017-08-20,True
2017-08-20,Inter,Fiorentina,2.71454,0.411971,7503,2017,https://understat.com/getLeagueData/Serie_A/2017,2017-08-20,True
2017-08-20,Lazio,Spal,0.757926,0.625722,7504,2017,https://understat.com/getLeagueData/Serie_A/2017,2017-08-20,True
2017-08-20,Sampdoria,Benevento,2.84573,1.05409,7505,2017,https://understat.com/getLeagueData/Serie_A/2017,2017-08-20,True
2017-08-20,Sassuolo,Genoa,0.448836,0.973373,7506,2017,https://understat.com/getLeagueData/Serie_A/2017,2017-08-20,True
2017-08-20,Udinese,Chievo,0.725552,0.422866,7507,2017,https://understat.com/getLeagueData/Serie_A/2017,2017-08-20,True
2017-08-26,Benevento,Bologna,0.798588,1.79492,7515,2017,https://understat.com/getLeagueData/Serie_A/2017,2017-08-26,True
2017-08-26,Genoa,Juventus,1.21323,2.13228,7509,2017,https://understat.com/getLeagueData/Serie_A/2017,2017-08-26,True
2017-08-26,Roma,Inter,1.34009,2.45224,7510,2017,https://understat.com/getLeagueData/Serie_A/2017,2017-08-26,True
2017-08-27,Chievo,Lazio,0.772094,1.36642,7516,2017,https://understat.com/getLeagueData/Serie_A/2017,2017-08-27,True
2017-08-27,Crotone,Verona,0.74833,0.227079,7517,2017,https://understat.com/getLeagueData/Serie_A/2017,2017-08-27,True
2017-08-27,Fiorentina,Sampdoria,1.86088,2.14547,7518,2017,https://understat.com/getLeagueData/Serie_A/2017,2017-08-27,True
2017-08-27,Milan,Cagliari,1.42114,0.559323,7513,2017,https://understat.com/getLeagueData/Serie_A/2017,2017-08-27,True
2017-08-27,Napoli,Atalanta,1.1536,0.633447,7514,2017,https://understat.com/getLeagueData/Serie_A/2017,2017-08-27,True
2017-08-27,Spal,Udinese,1.63964,1.11091,7512,2017,https://understat.com/getLeagueData/Serie_A/2017,2017-08-27,True
2017-08-27,Torino,Sassuolo,1.24379,0.823815,7511,2017,https://understat.com/getLeagueData/Serie_A/2017,2017-08-27,True
2017-09-09,Juventus,Chievo,1.25158,0.910665,7525,2017,https://understat.com/getLeagueData/Serie_A/2017,2017-09-09,True
2017-09-10,Atalanta,Sassuolo,0.614603,1.28796,7519,2017,https://understat.com/getLeagueData/Serie_A/2017,2017-09-10,True
2017-09-10,Benevento,Torino,1.20053,0.999531,7520,2017,https://understat.com/getLeagueData/Serie_A/2017,2017-09-10,True
2017-09-10,Bologna,Napoli,0.242533,1.64648,7521,2017,https://understat.com/getLeagueData/Serie_A/2017,2017-09-10,True
2017-09-10,Cagliari,Crotone,1.22886,0.316314,7522,2017,https://understat.com/getLeagueData/Serie_A/2017,2017-09-10,True
2017-09-10,Inter,Spal,2.08048,0.375089,7524,2017,https://understat.com/getLeagueData/Serie_A/2017,2017-09-10,True
2017-09-10,Lazio,Milan,2.35955,1.20558,7526,2017,https://understat.com/getLeagueData/Serie_A/2017,2017-09-10,True
2017-09-10,Udinese,Genoa,1.48614,0.52818,7528,2017,https://understat.com/getLeagueData/Serie_A/2017,2017-09-10,True
2017-09-10,Verona,Fiorentina,0.953786,2.89134,7523,2017,https://understat.com/getLeagueData/Serie_A/2017,2017-09-10,True
2017-09-16,Crotone,Inter,1.01223,0.736631,7530,2017,https://understat.com/getLeagueData/Serie_A/2017,2017-09-16,True
2017-09-16,Fiorentina,Bologna,0.580446,0.305501,7531,2017,https://understat.com/getLeagueData/Serie_A/2017,2017-09-16,True
2017-09-16,Roma,Verona,3.67224,0.197492,7535,2017,https://understat.com/getLeagueData/Serie_A/2017,2017-09-16,True
2017-09-17,Chievo,Atalanta,1.23045,1.61081,7529,2017,https://understat.com/getLeagueData/Serie_A/2017,2017-09-17,True
2017-09-17,Genoa,Lazio,0.548626,3.11315,7532,2017,https://understat.com/getLeagueData/Serie_A/2017,2017-09-17,True
2017-09-17,Milan,Udinese,2.77644,0.221787,7533,2017,https://understat.com/getLeagueData/Serie_A/2017,2017-09-17,True
2017-09-17,Napoli,Benevento,5.46073,0.211585,7534,2017,https://understat.com/getLeagueData/Serie_A/2017,2017-09-17,True
2017-09-17,Sassuolo,Juventus,1.87483,1.07552,7536,2017,https://understat.com/getLeagueData/Serie_A/2017,2017-09-17,True
2017-09-17,Spal,Cagliari,0.551736,1.09462,7537,2017,https://understat.com/getLeagueData/Serie_A/2017,2017-09-17,True
2017-09-17,Torino,Sampdoria,1.32766,0.910733,7538,2017,https://understat.com/getLeagueData/Serie_A/2017,2017-09-17,True
2017-09-19,Bologna,Inter,0.890588,1.06724,7541,2017,https://understat.com/getLeagueData/Serie_A/2017,2017-09-19,True
2017-09-20,Atalanta,Crotone,2.78559,0.333622,7539,2017,https://understat.com/getLeagueData/Serie_A/2017,2017-09-20,True
2017-09-20,Benevento,Roma,0.717607,2.23834,7540,2017,https://understat.com/getLeagueData/Serie_A/2017,2017-09-20,True
2017-09-20,Cagliari,Sassuolo,2.25874,2.62921,7542,2017,https://understat.com/getLeagueData/Serie_A/2017,2017-09-20,True
2017-09-20,Genoa,Chievo,0.566572,1.29546,7543,2017,https://understat.com/getLeagueData/Serie_A/2017,2017-09-20,True
2017-09-20,Juventus,Fiorentina,1.01003,0.503787,7545,2017,https://understat.com/getLeagueData/Serie_A/2017,2017-09-20,True
2017-09-20,Lazio,Napoli,0.282218,2.65015,7546,2017,https://understat.com/getLeagueData/Serie_A/2017,2017-09-20,True
2017-09-20,Milan,Spal,2.13498,0.158147,7547,2017,https://understat.com/getLeagueData/Serie_A/2017,2017-09-20,True
2017-09-20,Udinese,Torino,2.52674,1.48506,7548,2017,https://understat.com/getLeagueData/Serie_A/2017,2017-09-20,True
2017-09-20,Verona,Sampdoria,0.989514,1.58432,7544,2017,https://understat.com/getLeagueData/Serie_A/2017,2017-09-20,True
2017-09-23,Juventus,Torino,2.78732,0.205593,7554,2017,https://understat.com/getLeagueData/Serie_A/2017,2017-09-23,True
2017-09-23,Roma,Udinese,2.98551,1.28539,7555,2017,https://understat.com/getLeagueData/Serie_A/2017,2017-09-23,True
2017-09-23,Spal,Napoli,0.263465,1.90566,7558,2017,https://understat.com/getLeagueData/Serie_A/2017,2017-09-23,True
2017-09-24,Cagliari,Chievo,1.01627,1.41724,7549,2017,https://understat.com/getLeagueData/Serie_A/2017,2017-09-24,True
2017-09-24,Crotone,Benevento,1.48495,1.97551,7550,2017,https://understat.com/getLeagueData/Serie_A/2017,2017-09-24,True
2017-09-24,Fiorentina,Atalanta,0.346227,2.53446,7551,2017,https://understat.com/getLeagueData/Serie_A/2017,2017-09-24,True
2017-09-24,Inter,Genoa,0.614281,0.829654,7553,2017,https://understat.com/getLeagueData/Serie_A/2017,2017-09-24,True
2017-09-24,Sampdoria,Milan,1.73266,0.270138,7556,2017,https://understat.com/getLeagueData/Serie_A/2017,2017-09-24,True
2017-09-24,Sassuolo,Bologna,0.359334,1.81659,7557,2017,https://understat.com/getLeagueData/Serie_A/2017,2017-09-24,True
2017-09-24,Verona,Lazio,0.349857,2.15974,7552,2017,https://understat.com/getLeagueData/Serie_A/2017,2017-09-24,True
2017-09-30,Genoa,Bologna,1.5093,0.869953,7562,2017,https://understat.com/getLeagueData/Serie_A/2017,2017-09-30,True
2017-09-30,Udinese,Sampdoria,3.62989,0.521379,7568,2017,https://understat.com/getLeagueData/Serie_A/2017,2017-09-30,True
2017-10-01,Atalanta,Juventus,1.35989,3.15377,7559,2017,https://understat.com/getLeagueData/Serie_A/2017,2017-10-01,True
2017-10-01,Benevento,Inter,1.28824,1.95792,7560,2017,https://understat.com/getLeagueData/Serie_A/2017,2017-10-01,True
2017-10-01,Chievo,Fiorentina,1.14303,1.44549,7561,2017,https://understat.com/getLeagueData/Serie_A/2017,2017-10-01,True
2017-10-01,Lazio,Sassuolo,4.08123,1.72059,7563,2017,https://understat.com/getLeagueData/Serie_A/2017,2017-10-01,True
2017-10-01,Milan,Roma,0.781639,1.18948,7564,2017,https://understat.com/getLeagueData/Serie_A/2017,2017-10-01,True
2017-10-01,Napoli,Cagliari,2.97407,0.10693,7565,2017,https://understat.com/getLeagueData/Serie_A/2017,2017-10-01,True
2017-10-01,Spal,Crotone,2.51356,0.539744,7566,2017,https://understat.com/getLeagueData/Serie_A/2017,2017-10-01,True
2017-10-01,Torino,Verona,1.5648,3.21572,7567,2017,https://understat.com/getLeagueData/Serie_A/2017,2017-10-01,True
2017-10-14,Juventus,Lazio,2.32779,1.68134,7575,2017,https://understat.com/getLeagueData/Serie_A/2017,2017-10-14,True
2017-10-14,Roma,Napoli,0.331133,1.49475,7576,2017,https://understat.com/getLeagueData/Serie_A/2017,2017-10-14,True
2017-10-15,Bologna,Spal,1.93187,0.382431,7569,2017,https://understat.com/getLeagueData/Serie_A/2017,2017-10-15,True
2017-10-15,Cagliari,Genoa,1.2394,1.97903,7570,2017,https://understat.com/getLeagueData/Serie_A/2017,2017-10-15,True
2017-10-15,Crotone,Torino,0.389049,2.00671,7571,2017,https://understat.com/getLeagueData/Serie_A/2017,2017-10-15,True
2017-10-15,Fiorentina,Udinese,2.78325,0.333391,7572,2017,https://understat.com/getLeagueData/Serie_A/2017,2017-10-15,True
2017-10-15,Inter,Milan,2.24514,0.839877,7574,2017,https://understat.com/getLeagueData/Serie_A/2017,2017-10-15,True
2017-10-15,Sampdoria,Atalanta,1.52162,3.12444,7577,2017,https://understat.com/getLeagueData/Serie_A/2017,2017-10-15,True
2017-10-15,Sassuolo,Chievo,1.69541,0.511616,7578,2017,https://understat.com/getLeagueData/Serie_A/2017,2017-10-15,True
2017-10-16,Verona,Benevento,1.23201,0.262024,7573,2017,https://understat.com/getLeagueData/Serie_A/2017,2017-10-16,True
2017-10-21,Napoli,Inter,1.20848,0.436205,7584,2017,https://understat.com/getLeagueData/Serie_A/2017,2017-10-21,True
2017-10-21,Sampdoria,Crotone,2.28786,0.589592,7585,2017,https://understat.com/getLeagueData/Serie_A/2017,2017-10-21,True
2017-10-22,Atalanta,Bologna,1.95199,0.242781,7579,2017,https://understat.com/getLeagueData/Serie_A/2017,2017-10-22,True
2017-10-22,Benevento,Fiorentina,0.182665,2.49371,7580,2017,https://understat.com/getLeagueData/Serie_A/2017,2017-10-22,True
2017-10-22,Chievo,Verona,2.90477,1.33058,7581,2017,https://understat.com/getLeagueData/Serie_A/2017,2017-10-22,True
2017-10-22,Lazio,Cagliari,2.06641,0.637448,7582,2017,https://understat.com/getLeagueData/Serie_A/2017,2017-10-22,True
2017-10-22,Milan,Genoa,0.724916,0.410308,7583,2017,https://understat.com/getLeagueData/Serie_A/2017,2017-10-22,True
2017-10-22,Spal,Sassuolo,0.481741,2.52212,7586,2017,https://understat.com/getLeagueData/Serie_A/2017,2017-10-22,True
2017-10-22,Torino,Roma,0.490918,0.864033,7587,2017,https://understat.com/getLeagueData/Serie_A/2017,2017-10-22,True
2017-10-22,Udinese,Juventus,1.28225,1.58883,7588,2017,https://understat.com/getLeagueData/Serie_A/2017,2017-10-22,True
2017-10-24,Inter,Sampdoria,3.08506,1.06402,7595,2017,https://understat.com/getLeagueData/Serie_A/2017,2017-10-24,True
2017-10-25,Atalanta,Verona,2.21406,1.41371,7589,2017,https://understat.com/getLeagueData/Serie_A/2017,2017-10-25,True
2017-10-25,Bologna,Lazio,0.887713,2.73733,7590,2017,https://understat.com/getLeagueData/Serie_A/2017,2017-10-25,True
2017-10-25,Cagliari,Benevento,1.89299,1.30579,7591,2017,https://understat.com/getLeagueData/Serie_A/2017,2017-10-25,True
2017-10-25,Chievo,Milan,0.735034,1.43727,7592,2017,https://understat.com/getLeagueData/Serie_A/2017,2017-10-25,True
2017-10-25,Fiorentina,Torino,1.33893,0.875229,7593,2017,https://understat.com/getLeagueData/Serie_A/2017,2017-10-25,True
2017-10-25,Genoa,Napoli,1.28272,1.19271,7594,2017,https://understat.com/getLeagueData/Serie_A/2017,2017-10-25,True
2017-10-25,Juventus,Spal,1.25151,0.910025,7596,2017,https://understat.com/getLeagueData/Serie_A/2017,2017-10-25,True
2017-10-25,Roma,Crotone,2.40967,0.435674,7597,2017,https://understat.com/getLeagueData/Serie_A/2017,2017-10-25,True
2017-10-25,Sassuolo,Udinese,0.574034,0.909645,7598,2017,https://understat.com/getLeagueData/Serie_A/2017,2017-10-25,True
2017-10-28,Milan,Juventus,1.18528,0.463087,7602,2017,https://understat.com/getLeagueData/Serie_A/2017,2017-10-28,True
2017-10-28,Roma,Bologna,0.889903,0.568815,7604,2017,https://understat.com/getLeagueData/Serie_A/2017,2017-10-28,True
2017-10-29,Benevento,Lazio,0.603107,2.92387,7599,2017,https://understat.com/getLeagueData/Serie_A/2017,2017-10-29,True
2017-10-29,Crotone,Fiorentina,0.985009,0.764825,7600,2017,https://understat.com/getLeagueData/Serie_A/2017,2017-10-29,True
2017-10-29,Napoli,Sassuolo,2.97741,0.343592,7603,2017,https://understat.com/getLeagueData/Serie_A/2017,2017-10-29,True
2017-10-29,Sampdoria,Chievo,1.98109,2.02467,7605,2017,https://understat.com/getLeagueData/Serie_A/2017,2017-10-29,True
2017-10-29,Spal,Genoa,0.334111,1.32901,7606,2017,https://understat.com/getLeagueData/Serie_A/2017,2017-10-29,True
2017-10-29,Torino,Cagliari,2.64656,0.685883,7607,2017,https://understat.com/getLeagueData/Serie_A/2017,2017-10-29,True
2017-10-29,Udinese,Atalanta,1.36229,1.36478,7608,2017,https://understat.com/getLeagueData/Serie_A/2017,2017-10-29,True
2017-10-30,Verona,Inter,1.01025,1.11384,7601,2017,https://understat.com/getLeagueData/Serie_A/2017,2017-10-30,True
2017-11-04,Bologna,Crotone,0.953537,2.02039,7610,2017,https://understat.com/getLeagueData/Serie_A/2017,2017-11-04,True
2017-11-04,Genoa,Sampdoria,1.03708,1.68517,7614,2017,https://understat.com/getLeagueData/Serie_A/2017,2017-11-04,True
2017-11-05,Atalanta,Spal,0.823876,0.898073,7609,2017,https://understat.com/getLeagueData/Serie_A/2017,2017-11-05,True
2017-11-05,Cagliari,Verona,2.37656,0.773273,7611,2017,https://understat.com/getLeagueData/Serie_A/2017,2017-11-05,True
2017-11-05,Chievo,Napoli,0.646501,0.707574,7612,2017,https://understat.com/getLeagueData/Serie_A/2017,2017-11-05,True
2017-11-05,Fiorentina,Roma,1.19222,2.30318,7613,2017,https://understat.com/getLeagueData/Serie_A/2017,2017-11-05,True
2017-11-05,Inter,Torino,1.63539,1.12737,7615,2017,https://understat.com/getLeagueData/Serie_A/2017,2017-11-05,True
2017-11-05,Juventus,Benevento,3.09066,0.114939,7616,2017,https://understat.com/getLeagueData/Serie_A/2017,2017-11-05,True
2017-11-05,Sassuolo,Milan,0.30335,1.21969,7618,2017,https://understat.com/getLeagueData/Serie_A/2017,2017-11-05,True
2017-11-18,Napoli,Milan,1.55302,0.308691,7623,2017,https://understat.com/getLeagueData/Serie_A/2017,2017-11-18,True
2017-11-18,Roma,Lazio,1.56699,1.18881,7624,2017,https://understat.com/getLeagueData/Serie_A/2017,2017-11-18,True
2017-11-19,Benevento,Sassuolo,1.11066,2.70254,7619,2017,https://understat.com/getLeagueData/Serie_A/2017,2017-11-19,True
2017-11-19,Crotone,Genoa,0.28561,1.79504,7620,2017,https://understat.com/getLeagueData/Serie_A/2017,2017-11-19,True
2017-11-19,Inter,Atalanta,1.13454,0.357219,7622,2017,https://understat.com/getLeagueData/Serie_A/2017,2017-11-19,True
2017-11-19,Sampdoria,Juventus,1.83799,1.88477,7625,2017,https://understat.com/getLeagueData/Serie_A/2017,2017-11-19,True
2017-11-19,Spal,Fiorentina,1.06473,1.22467,7626,2017,https://understat.com/getLeagueData/Serie_A/2017,2017-11-19,True
2017-11-19,Torino,Chievo,2.85934,1.38363,7627,2017,https://understat.com/getLeagueData/Serie_A/2017,2017-11-19,True
2017-11-19,Udinese,Cagliari,0.677196,1.14946,7628,2017,https://understat.com/getLeagueData/Serie_A/2017,2017-11-19,True
2017-11-20,Verona,Bologna,1.72292,1.25314,7621,2017,https://understat.com/getLeagueData/Serie_A/2017,2017-11-20,True
2017-11-25,Bologna,Sampdoria,1.2325,0.734063,7630,2017,https://understat.com/getLeagueData/Serie_A/2017,2017-11-25,True
2017-11-25,Cagliari,Inter,1.1677,1.21177,7631,2017,https://understat.com/getLeagueData/Serie_A/2017,2017-11-25,True
2017-11-25,Chievo,Spal,1.69642,0.857429,7632,2017,https://understat.com/getLeagueData/Serie_A/2017,2017-11-25,True
2017-11-25,Sassuolo,Verona,1.15509,2.04042,7637,2017,https://understat.com/getLeagueData/Serie_A/2017,2017-11-25,True
2017-11-26,Genoa,Roma,1.1212,1.28891,7633,2017,https://understat.com/getLeagueData/Serie_A/2017,2017-11-26,True
2017-11-26,Juventus,Crotone,2.13806,0.140287,7634,2017,https://understat.com/getLeagueData/Serie_A/2017,2017-11-26,True
2017-11-26,Lazio,Fiorentina,1.74404,1.28061,7635,2017,https://understat.com/getLeagueData/Serie_A/2017,2017-11-26,True
2017-11-26,Milan,Torino,1.16035,1.00238,7636,2017,https://understat.com/getLeagueData/Serie_A/2017,2017-11-26,True
2017-11-26,Udinese,Napoli,0.324147,1.69953,7638,2017,https://understat.com/getLeagueData/Serie_A/2017,2017-11-26,True
2017-11-27,Atalanta,Benevento,1.56055,0.501253,7629,2017,https://understat.com/getLeagueData/Serie_A/2017,2017-11-27,True
2017-12-01,Napoli,Juventus,0.756615,0.995708,7645,2017,https://understat.com/getLeagueData/Serie_A/2017,2017-12-01,True
2017-12-01,Roma,Spal,4.70632,1.32164,7646,2017,https://understat.com/getLeagueData/Serie_A/2017,2017-12-01,True
2017-12-02,Torino,Atalanta,0.854058,1.03851,7648,2017,https://understat.com/getLeagueData/Serie_A/2017,2017-12-02,True
2017-12-03,Benevento,Milan,1.20398,1.74779,7639,2017,https://understat.com/getLeagueData/Serie_A/2017,2017-12-03,True
2017-12-03,Bologna,Cagliari,1.20764,1.13076,7640,2017,https://understat.com/getLeagueData/Serie_A/2017,2017-12-03,True
2017-12-03,Fiorentina,Sassuolo,2.45812,0.42042,7642,2017,https://understat.com/getLeagueData/Serie_A/2017,2017-12-03,True
2017-12-03,Inter,Chievo,3.78874,0.459896,7644,2017,https://understat.com/getLeagueData/Serie_A/2017,2017-12-03,True
2017-12-03,Sampdoria,Lazio,1.19278,2.13576,7647,2017,https://understat.com/getLeagueData/Serie_A/2017,2017-12-03,True
2017-12-04,Crotone,Udinese,0.37493,1.95853,7641,2017,https://understat.com/getLeagueData/Serie_A/2017,2017-12-04,True
2017-12-04,Verona,Genoa,0.670401,1.07147,7643,2017,https://understat.com/getLeagueData/Serie_A/2017,2017-12-04,True
2017-12-09,Cagliari,Sampdoria,1.24898,1.65409,7649,2017,https://understat.com/getLeagueData/Serie_A/2017,2017-12-09,True
2017-12-09,Juventus,Inter,0.989111,0.282797,7652,2017,https://understat.com/getLeagueData/Serie_A/2017,2017-12-09,True
2017-12-10,Chievo,Roma,1.02062,2.50473,7650,2017,https://understat.com/getLeagueData/Serie_A/2017,2017-12-10,True
2017-12-10,Milan,Bologna,0.882433,1.19101,7654,2017,https://understat.com/getLeagueData/Serie_A/2017,2017-12-10,True
2017-12-10,Napoli,Fiorentina,0.985555,0.205609,7655,2017,https://understat.com/getLeagueData/Serie_A/2017,2017-12-10,True
2017-12-10,Sassuolo,Crotone,2.25122,0.707932,7656,2017,https://understat.com/getLeagueData/Serie_A/2017,2017-12-10,True
2017-12-10,Spal,Verona,2.09068,2.31724,7657,2017,https://understat.com/getLeagueData/Serie_A/2017,2017-12-10,True
2017-12-10,Udinese,Benevento,0.455472,1.52222,7658,2017,https://understat.com/getLeagueData/Serie_A/2017,2017-12-10,True
2017-12-11,Lazio,Torino,1.41644,1.06702,7653,2017,https://understat.com/getLeagueData/Serie_A/2017,2017-12-11,True
2017-12-12,Genoa,Atalanta,1.30143,1.37392,7651,2017,https://understat.com/getLeagueData/Serie_A/2017,2017-12-12,True
2017-12-16,Inter,Udinese,2.28911,2.92258,7665,2017,https://understat.com/getLeagueData/Serie_A/2017,2017-12-16,True
2017-12-16,Roma,Cagliari,2.50335,0.110423,7666,2017,https://understat.com/getLeagueData/Serie_A/2017,2017-12-16,True
2017-12-16,Torino,Napoli,0.732491,2.31532,7668,2017,https://understat.com/getLeagueData/Serie_A/2017,2017-12-16,True
2017-12-17,Atalanta,Lazio,2.43027,1.05616,7659,2017,https://understat.com/getLeagueData/Serie_A/2017,2017-12-17,True
2017-12-17,Benevento,Spal,1.08334,2.32753,7660,2017,https://understat.com/getLeagueData/Serie_A/2017,2017-12-17,True
2017-12-17,Bologna,Juventus,0.254379,0.808262,7661,2017,https://understat.com/getLeagueData/Serie_A/2017,2017-12-17,True
2017-12-17,Crotone,Chievo,2.22208,0.997525,7662,2017,https://understat.com/getLeagueData/Serie_A/2017,2017-12-17,True
2017-12-17,Fiorentina,Genoa,0.990251,0.233872,7663,2017,https://understat.com/getLeagueData/Serie_A/2017,2017-12-17,True
2017-12-17,Sampdoria,Sassuolo,1.10661,1.71299,7667,2017,https://understat.com/getLeagueData/Serie_A/2017,2017-12-17,True
2017-12-17,Verona,Milan,1.50276,1.65958,7664,2017,https://understat.com/getLeagueData/Serie_A/2017,2017-12-17,True
2017-12-22,Cagliari,Fiorentina,0.218349,1.90004,7669,2017,https://understat.com/getLeagueData/Serie_A/2017,2017-12-22,True
2017-12-22,Chievo,Bologna,1.36692,1.37236,7670,2017,https://understat.com/getLeagueData/Serie_A/2017,2017-12-22,True
2017-12-23,Genoa,Benevento,3.28348,0.861192,7671,2017,https://understat.com/getLeagueData/Serie_A/2017,2017-12-23,True
2017-12-23,Juventus,Roma,2.30701,1.93896,7672,2017,https://understat.com/getLeagueData/Serie_A/2017,2017-12-23,True
2017-12-23,Lazio,Crotone,3.72101,0.484935,7673,2017,https://understat.com/getLeagueData/Serie_A/2017,2017-12-23,True
2017-12-23,Milan,Atalanta,1.00845,2.00292,7674,2017,https://understat.com/getLeagueData/Serie_A/2017,2017-12-23,True
2017-12-23,Napoli,Sampdoria,2.47201,0.941485,7675,2017,https://understat.com/getLeagueData/Serie_A/2017,2017-12-23,True
2017-12-23,Sassuolo,Inter,1.05639,1.374,7676,2017,https://understat.com/getLeagueData/Serie_A/2017,2017-12-23,True
2017-12-23,Spal,Torino,1.27858,1.23896,7677,2017,https://understat.com/getLeagueData/Serie_A/2017,2017-12-23,True
2017-12-23,Udinese,Verona,3.52607,0.139542,7678,2017,https://understat.com/getLeagueData/Serie_A/2017,2017-12-23,True
2017-12-29,Crotone,Napoli,0.0944813,1.38103,7682,2017,https://understat.com/getLeagueData/Serie_A/2017,2017-12-29,True
2017-12-30,Atalanta,Cagliari,2.00238,0.892556,7679,2017,https://understat.com/getLeagueData/Serie_A/2017,2017-12-30,True
2017-12-30,Benevento,Chievo,0.992802,0.938785,7680,2017,https://understat.com/getLeagueData/Serie_A/2017,2017-12-30,True
2017-12-30,Bologna,Udinese,1.16067,1.1276,7681,2017,https://understat.com/getLeagueData/Serie_A/2017,2017-12-30,True
2017-12-30,Fiorentina,Milan,1.9202,0.936294,7683,2017,https://understat.com/getLeagueData/Serie_A/2017,2017-12-30,True
2017-12-30,Inter,Lazio,0.748664,1.10057,7685,2017,https://understat.com/getLeagueData/Serie_A/2017,2017-12-30,True
2017-12-30,Roma,Sassuolo,1.67628,1.07428,7686,2017,https://understat.com/getLeagueData/Serie_A/2017,2017-12-30,True
2017-12-30,Sampdoria,Spal,2.56298,0.568105,7687,2017,https://understat.com/getLeagueData/Serie_A/2017,2017-12-30,True
2017-12-30,Torino,Genoa,1.00656,0.0657217,7688,2017,https://understat.com/getLeagueData/Serie_A/2017,2017-12-30,True
2017-12-30,Verona,Juventus,0.0887547,1.46511,7684,2017,https://understat.com/getLeagueData/Serie_A/2017,2017-12-30,True
2018-01-05,Chievo,Udinese,0.497552,0.433504,7698,2017,https://understat.com/getLeagueData/Serie_A/2017,2018-01-05,True
2018-01-05,Fiorentina,Inter,1.92605,1.70975,7693,2017,https://understat.com/getLeagueData/Serie_A/2017,2018-01-05,True
2018-01-06,Benevento,Sampdoria,1.64696,1.02149,7696,2017,https://understat.com/getLeagueData/Serie_A/2017,2018-01-06,True
2018-01-06,Cagliari,Juventus,0.545571,1.48755,7694,2017,https://understat.com/getLeagueData/Serie_A/2017,2018-01-06,True
2018-01-06,Genoa,Sassuolo,0.700699,0.831444,7697,2017,https://understat.com/getLeagueData/Serie_A/2017,2018-01-06,True
2018-01-06,Milan,Crotone,1.96161,0.507195,7691,2017,https://understat.com/getLeagueData/Serie_A/2017,2018-01-06,True
2018-01-06,Napoli,Verona,2.30418,0.143203,7692,2017,https://understat.com/getLeagueData/Serie_A/2017,2018-01-06,True
2018-01-06,Roma,Atalanta,1.19203,0.808829,7689,2017,https://understat.com/getLeagueData/Serie_A/2017,2018-01-06,True
2018-01-06,Spal,Lazio,2.23468,2.24817,7695,2017,https://understat.com/getLeagueData/Serie_A/2017,2018-01-06,True
2018-01-06,Torino,Bologna,2.01768,0.961166,7690,2017,https://understat.com/getLeagueData/Serie_A/2017,2018-01-06,True
2018-01-21,Atalanta,Napoli,0.439028,1.114,7705,2017,https://understat.com/getLeagueData/Serie_A/2017,2018-01-21,True
2018-01-21,Bologna,Benevento,2.22876,0.691554,7699,2017,https://understat.com/getLeagueData/Serie_A/2017,2018-01-21,True
2018-01-21,Cagliari,Milan,0.79774,1.89107,7704,2017,https://understat.com/getLeagueData/Serie_A/2017,2018-01-21,True
2018-01-21,Inter,Roma,1.52145,0.508088,7706,2017,https://understat.com/getLeagueData/Serie_A/2017,2018-01-21,True
2018-01-21,Lazio,Chievo,1.16224,0.362077,7700,2017,https://understat.com/getLeagueData/Serie_A/2017,2018-01-21,True
2018-01-21,Sampdoria,Fiorentina,2.22125,1.91041,7702,2017,https://understat.com/getLeagueData/Serie_A/2017,2018-01-21,True
2018-01-21,Sassuolo,Torino,1.4057,0.971251,7708,2017,https://understat.com/getLeagueData/Serie_A/2017,2018-01-21,True
2018-01-21,Udinese,Spal,0.39374,1.10894,7707,2017,https://understat.com/getLeagueData/Serie_A/2017,2018-01-21,True
2018-01-21,Verona,Crotone,1.03468,0.827895,7701,2017,https://understat.com/getLeagueData/Serie_A/2017,2018-01-21,True
2018-01-22,Juventus,Genoa,1.40416,0.0896265,7703,2017,https://understat.com/getLeagueData/Serie_A/2017,2018-01-22,True
2018-01-24,Lazio,Udinese,1.28935,0.788178,7617,2017,https://understat.com/getLeagueData/Serie_A/2017,2018-01-24,True
2018-01-24,Sampdoria,Roma,1.98069,2.28714,7527,2017,https://understat.com/getLeagueData/Serie_A/2017,2018-01-24,True
2018-01-27,Chievo,Juventus,0.0518957,1.14852,7715,2017,https://understat.com/getLeagueData/Serie_A/2017,2018-01-28,True
2018-01-27,Sassuolo,Atalanta,0.944538,2.23028,7709,2017,https://understat.com/getLeagueData/Serie_A/2017,2018-01-28,True
2018-01-28,Crotone,Cagliari,1.44376,0.25283,7712,2017,https://understat.com/getLeagueData/Serie_A/2017,2018-01-28,True
2018-01-28,Fiorentina,Verona,1.33588,2.05696,7713,2017,https://understat.com/getLeagueData/Serie_A/2017,2018-01-28,True
2018-01-28,Genoa,Udinese,1.42125,0.229071,7718,2017,https://understat.com/getLeagueData/Serie_A/2017,2018-01-28,True
2018-01-28,Milan,Lazio,1.22642,0.518186,7716,2017,https://understat.com/getLeagueData/Serie_A/2017,2018-01-28,True
2018-01-28,Napoli,Bologna,1.37346,1.09985,7711,2017,https://understat.com/getLeagueData/Serie_A/2017,2018-01-28,True
2018-01-28,Roma,Sampdoria,2.64554,1.55839,7717,2017,https://understat.com/getLeagueData/Serie_A/2017,2018-01-28,True
2018-01-28,Spal,Inter,1.27704,0.59501,7714,2017,https://understat.com/getLeagueData/Serie_A/2017,2018-01-28,True
2018-01-28,Torino,Benevento,2.29504,0.241133,7710,2017,https://understat.com/getLeagueData/Serie_A/2017,2018-01-28,True
2018-02-03,Inter,Crotone,0.549538,0.856894,7720,2017,https://understat.com/getLeagueData/Serie_A/2017,2018-02-03,True
2018-02-03,Sampdoria,Torino,0.300982,1.39071,7728,2017,https://understat.com/getLeagueData/Serie_A/2017,2018-02-03,True
2018-02-04,Atalanta,Chievo,2.43411,0.200403,7719,2017,https://understat.com/getLeagueData/Serie_A/2017,2018-02-04,True
2018-02-04,Benevento,Napoli,1.06833,2.23408,7724,2017,https://understat.com/getLeagueData/Serie_A/2017,2018-02-04,True
2018-02-04,Bologna,Fiorentina,0.399545,0.841939,7721,2017,https://understat.com/getLeagueData/Serie_A/2017,2018-02-04,True
2018-02-04,Cagliari,Spal,1.66604,0.716004,7727,2017,https://understat.com/getLeagueData/Serie_A/2017,2018-02-04,True
2018-02-04,Juventus,Sassuolo,2.66331,0.234277,7726,2017,https://understat.com/getLeagueData/Serie_A/2017,2018-02-04,True
2018-02-04,Udinese,Milan,0.837841,0.815513,7723,2017,https://understat.com/getLeagueData/Serie_A/2017,2018-02-04,True
2018-02-04,Verona,Roma,0.352803,1.78563,7725,2017,https://understat.com/getLeagueData/Serie_A/2017,2018-02-04,True
2018-02-05,Lazio,Genoa,0.94123,0.82567,7722,2017,https://understat.com/getLeagueData/Serie_A/2017,2018-02-05,True
2018-02-09,Fiorentina,Juventus,0.847934,0.51105,7735,2017,https://understat.com/getLeagueData/Serie_A/2017,2018-02-09,True
2018-02-10,Crotone,Atalanta,0.847102,1.37757,7729,2017,https://understat.com/getLeagueData/Serie_A/2017,2018-02-10,True
2018-02-10,Napoli,Lazio,2.0372,0.791653,7736,2017,https://understat.com/getLeagueData/Serie_A/2017,2018-02-10,True
2018-02-10,Spal,Milan,0.482498,2.74648,7737,2017,https://understat.com/getLeagueData/Serie_A/2017,2018-02-10,True
2018-02-11,Chievo,Genoa,0.278815,0.578237,7733,2017,https://understat.com/getLeagueData/Serie_A/2017,2018-02-11,True
2018-02-11,Inter,Bologna,2.40325,0.49514,7731,2017,https://understat.com/getLeagueData/Serie_A/2017,2018-02-11,True
2018-02-11,Roma,Benevento,2.51785,0.711119,7730,2017,https://understat.com/getLeagueData/Serie_A/2017,2018-02-11,True
2018-02-11,Sampdoria,Verona,4.1035,0.374815,7734,2017,https://understat.com/getLeagueData/Serie_A/2017,2018-02-11,True
2018-02-11,Sassuolo,Cagliari,1.14214,0.191184,7732,2017,https://understat.com/getLeagueData/Serie_A/2017,2018-02-11,True
2018-02-11,Torino,Udinese,1.17651,0.559418,7738,2017,https://understat.com/getLeagueData/Serie_A/2017,2018-02-11,True
2018-02-17,Chievo,Cagliari,0.524853,0.593202,7739,2017,https://understat.com/getLeagueData/Serie_A/2017,2018-02-17,True
2018-02-17,Genoa,Inter,1.04779,0.887553,7745,2017,https://understat.com/getLeagueData/Serie_A/2017,2018-02-17,True
2018-02-17,Udinese,Roma,0.493872,1.48302,7747,2017,https://understat.com/getLeagueData/Serie_A/2017,2018-02-17,True
2018-02-18,Atalanta,Fiorentina,0.397004,1.46422,7743,2017,https://understat.com/getLeagueData/Serie_A/2017,2018-02-18,True
2018-02-18,Benevento,Crotone,1.29928,2.14309,7742,2017,https://understat.com/getLeagueData/Serie_A/2017,2018-02-18,True
2018-02-18,Bologna,Sassuolo,1.05134,2.88094,7740,2017,https://understat.com/getLeagueData/Serie_A/2017,2018-02-18,True
2018-02-18,Milan,Sampdoria,1.96039,0.612772,7748,2017,https://understat.com/getLeagueData/Serie_A/2017,2018-02-18,True
2018-02-18,Napoli,Spal,2.05059,0.0688846,7741,2017,https://understat.com/getLeagueData/Serie_A/2017,2018-02-18,True
2018-02-18,Torino,Juventus,0.219651,1.72939,7746,2017,https://understat.com/getLeagueData/Serie_A/2017,2018-02-18,True
2018-02-19,Lazio,Verona,2.118,0.122699,7744,2017,https://understat.com/getLeagueData/Serie_A/2017,2018-02-19,True
2018-02-24,Bologna,Genoa,1.7801,0.801756,7755,2017,https://understat.com/getLeagueData/Serie_A/2017,2018-02-24,True
2018-02-24,Inter,Benevento,0.8584,0.397877,7757,2017,https://understat.com/getLeagueData/Serie_A/2017,2018-02-24,True
2018-02-25,Crotone,Spal,1.23464,1.32153,7751,2017,https://understat.com/getLeagueData/Serie_A/2017,2018-02-25,True
2018-02-25,Fiorentina,Chievo,1.12385,0.275085,7758,2017,https://understat.com/getLeagueData/Serie_A/2017,2018-02-25,True
2018-02-25,Roma,Milan,0.617837,1.88,7753,2017,https://understat.com/getLeagueData/Serie_A/2017,2018-02-25,True
2018-02-25,Sampdoria,Udinese,0.761545,1.47155,7749,2017,https://understat.com/getLeagueData/Serie_A/2017,2018-02-25,True
2018-02-25,Sassuolo,Lazio,0.707073,1.38796,7754,2017,https://understat.com/getLeagueData/Serie_A/2017,2018-02-25,True
2018-02-25,Verona,Torino,0.982622,1.06747,7750,2017,https://understat.com/getLeagueData/Serie_A/2017,2018-02-25,True
2018-02-26,Cagliari,Napoli,0.31041,3.09359,7752,2017,https://understat.com/getLeagueData/Serie_A/2017,2018-02-26,True
2018-03-03,Lazio,Juventus,0.184789,1.026,7765,2017,https://understat.com/getLeagueData/Serie_A/2017,2018-03-03,True
2018-03-03,Napoli,Roma,2.29285,1.74172,7766,2017,https://understat.com/getLeagueData/Serie_A/2017,2018-03-03,True
2018-03-03,Spal,Bologna,0.531256,1.41355,7759,2017,https://understat.com/getLeagueData/Serie_A/2017,2018-03-03,True
2018-03-09,Roma,Torino,1.40112,0.914714,7777,2017,https://understat.com/getLeagueData/Serie_A/2017,2018-03-09,True
2018-03-10,Verona,Chievo,0.178457,0.882338,7771,2017,https://understat.com/getLeagueData/Serie_A/2017,2018-03-10,True
2018-03-11,Bologna,Atalanta,0.455596,1.0535,7769,2017,https://understat.com/getLeagueData/Serie_A/2017,2018-03-11,True
2018-03-11,Cagliari,Lazio,1.5722,0.785043,7772,2017,https://understat.com/getLeagueData/Serie_A/2017,2018-03-11,True
2018-03-11,Crotone,Sampdoria,2.72118,0.841065,7775,2017,https://understat.com/getLeagueData/Serie_A/2017,2018-03-11,True
2018-03-11,Fiorentina,Benevento,1.72033,1.20938,7770,2017,https://understat.com/getLeagueData/Serie_A/2017,2018-03-11,True
2018-03-11,Genoa,Milan,0.93351,0.727087,7773,2017,https://understat.com/getLeagueData/Serie_A/2017,2018-03-11,True
2018-03-11,Inter,Napoli,0.163045,0.769509,7774,2017,https://understat.com/getLeagueData/Serie_A/2017,2018-03-11,True
2018-03-11,Juventus,Udinese,2.08894,0.204469,7778,2017,https://understat.com/getLeagueData/Serie_A/2017,2018-03-11,True
2018-03-11,Sassuolo,Spal,2.14168,0.482303,7776,2017,https://understat.com/getLeagueData/Serie_A/2017,2018-03-11,True
2018-03-14,Juventus,Atalanta,1.66793,0.336917,7756,2017,https://understat.com/getLeagueData/Serie_A/2017,2018-03-14,True
2018-03-17,Spal,Juventus,0.0622804,0.899948,7786,2017,https://understat.com/getLeagueData/Serie_A/2017,2018-03-17,True
2018-03-17,Udinese,Sassuolo,0.271929,0.887617,7788,2017,https://understat.com/getLeagueData/Serie_A/2017,2018-03-17,True
2018-03-18,Benevento,Cagliari,1.7768,1.76932,7781,2017,https://understat.com/getLeagueData/Serie_A/2017,2018-03-18,True
2018-03-18,Crotone,Roma,0.475455,2.47541,7787,2017,https://understat.com/getLeagueData/Serie_A/2017,2018-03-18,True
2018-03-18,Lazio,Bologna,1.01292,0.892032,7780,2017,https://understat.com/getLeagueData/Serie_A/2017,2018-03-18,True
2018-03-18,Milan,Chievo,3.36508,0.899718,7782,2017,https://understat.com/getLeagueData/Serie_A/2017,2018-03-18,True
2018-03-18,Napoli,Genoa,1.62326,1.01145,7784,2017,https://understat.com/getLeagueData/Serie_A/2017,2018-03-18,True
2018-03-18,Sampdoria,Inter,0.477502,3.66236,7785,2017,https://understat.com/getLeagueData/Serie_A/2017,2018-03-18,True
2018-03-18,Torino,Fiorentina,0.535704,2.19267,7783,2017,https://understat.com/getLeagueData/Serie_A/2017,2018-03-18,True
2018-03-18,Verona,Atalanta,0.300035,3.38236,7779,2017,https://understat.com/getLeagueData/Serie_A/2017,2018-03-18,True
2018-03-31,Atalanta,Udinese,2.66334,0.403796,7798,2017,https://understat.com/getLeagueData/Serie_A/2017,2018-03-31,True
2018-03-31,Bologna,Roma,0.295563,2.46445,7794,2017,https://understat.com/getLeagueData/Serie_A/2017,2018-03-31,True
2018-03-31,Cagliari,Torino,1.26755,2.72771,7797,2017,https://understat.com/getLeagueData/Serie_A/2017,2018-03-31,True
2018-03-31,Chievo,Sampdoria,0.278412,2.07501,7795,2017,https://understat.com/getLeagueData/Serie_A/2017,2018-03-31,True
2018-03-31,Fiorentina,Crotone,1.58652,0.228265,7790,2017,https://understat.com/getLeagueData/Serie_A/2017,2018-03-31,True
2018-03-31,Genoa,Spal,2.69081,0.270034,7796,2017,https://understat.com/getLeagueData/Serie_A/2017,2018-03-31,True
2018-03-31,Inter,Verona,3.15808,0.353122,7791,2017,https://understat.com/getLeagueData/Serie_A/2017,2018-03-31,True
2018-03-31,Juventus,Milan,0.636791,1.08781,7792,2017,https://understat.com/getLeagueData/Serie_A/2017,2018-03-31,True
2018-03-31,Lazio,Benevento,3.7189,0.256318,7789,2017,https://understat.com/getLeagueData/Serie_A/2017,2018-03-31,True
2018-03-31,Sassuolo,Napoli,1.83761,2.10575,7793,2017,https://understat.com/getLeagueData/Serie_A/2017,2018-03-31,True
2018-04-03,Atalanta,Sampdoria,1.27115,1.30892,7767,2017,https://understat.com/getLeagueData/Serie_A/2017,2018-04-03,True
2018-04-03,Genoa,Cagliari,1.00038,1.16045,7760,2017,https://understat.com/getLeagueData/Serie_A/2017,2018-04-03,True
2018-04-03,Udinese,Fiorentina,0.67339,2.61683,7762,2017,https://understat.com/getLeagueData/Serie_A/2017,2018-04-03,True
2018-04-04,Benevento,Verona,2.85956,0.331417,7763,2017,https://understat.com/getLeagueData/Serie_A/2017,2018-04-04,True
2018-04-04,Chievo,Sassuolo,0.322371,0.678786,7768,2017,https://understat.com/getLeagueData/Serie_A/2017,2018-04-04,True
2018-04-04,Milan,Inter,0.685911,1.90098,7764,2017,https://understat.com/getLeagueData/Serie_A/2017,2018-04-04,True
2018-04-04,Torino,Crotone,2.21903,1.75277,7761,2017,https://understat.com/getLeagueData/Serie_A/2017,2018-04-04,True
2018-04-07,Benevento,Juventus,1.87275,2.4609,7806,2017,https://understat.com/getLeagueData/Serie_A/2017,2018-04-07,True
2018-04-07,Roma,Fiorentina,1.72233,0.631754,7803,2017,https://understat.com/getLeagueData/Serie_A/2017,2018-04-07,True
2018-04-07,Sampdoria,Genoa,0.772801,0.251177,7804,2017,https://understat.com/getLeagueData/Serie_A/2017,2018-04-07,True
2018-04-07,Spal,Atalanta,0.592739,1.44923,7799,2017,https://understat.com/getLeagueData/Serie_A/2017,2018-04-07,True
2018-04-08,Crotone,Bologna,0.528795,0.674667,7800,2017,https://understat.com/getLeagueData/Serie_A/2017,2018-04-08,True
2018-04-08,Milan,Sassuolo,1.99213,0.290679,7808,2017,https://understat.com/getLeagueData/Serie_A/2017,2018-04-08,True
2018-04-08,Napoli,Chievo,3.83361,0.210644,7802,2017,https://understat.com/getLeagueData/Serie_A/2017,2018-04-08,True
2018-04-08,Torino,Inter,1.49351,0.8992,7805,2017,https://understat.com/getLeagueData/Serie_A/2017,2018-04-08,True
2018-04-08,Udinese,Lazio,0.775993,1.19356,7807,2017,https://understat.com/getLeagueData/Serie_A/2017,2018-04-08,True
2018-04-08,Verona,Cagliari,1.00114,0.526273,7801,2017,https://understat.com/getLeagueData/Serie_A/2017,2018-04-08,True
2018-04-14,Atalanta,Inter,1.2701,1.05699,7812,2017,https://understat.com/getLeagueData/Serie_A/2017,2018-04-14,True
2018-04-14,Cagliari,Udinese,1.09001,1.19657,7818,2017,https://understat.com/getLeagueData/Serie_A/2017,2018-04-14,True
2018-04-14,Chievo,Torino,0.55779,0.720502,7817,2017,https://understat.com/getLeagueData/Serie_A/2017,2018-04-14,True
2018-04-14,Genoa,Crotone,1.81263,0.586095,7810,2017,https://understat.com/getLeagueData/Serie_A/2017,2018-04-14,True
2018-04-15,Bologna,Verona,1.02998,0.570592,7811,2017,https://understat.com/getLeagueData/Serie_A/2017,2018-04-15,True
2018-04-15,Fiorentina,Spal,2.31936,0.473916,7816,2017,https://understat.com/getLeagueData/Serie_A/2017,2018-04-15,True
2018-04-15,Juventus,Sampdoria,2.34747,0.809319,7815,2017,https://understat.com/getLeagueData/Serie_A/2017,2018-04-15,True
2018-04-15,Lazio,Roma,0.630028,0.698758,7814,2017,https://understat.com/getLeagueData/Serie_A/2017,2018-04-15,True
2018-04-15,Milan,Napoli,0.614641,1.36434,7813,2017,https://understat.com/getLeagueData/Serie_A/2017,2018-04-15,True
2018-04-15,Sassuolo,Benevento,1.34736,1.46303,7809,2017,https://understat.com/getLeagueData/Serie_A/2017,2018-04-15,True
2018-04-17,Inter,Cagliari,2.35054,0.0,7821,2017,https://understat.com/getLeagueData/Serie_A/2017,2018-04-17,True
2018-04-18,Benevento,Atalanta,0.744028,3.74372,7819,2017,https://understat.com/getLeagueData/Serie_A/2017,2018-04-18,True
2018-04-18,Crotone,Juventus,0.514302,0.653818,7824,2017,https://understat.com/getLeagueData/Serie_A/2017,2018-04-18,True
2018-04-18,Fiorentina,Lazio,1.32723,1.60459,7825,2017,https://understat.com/getLeagueData/Serie_A/2017,2018-04-18,True
2018-04-18,Napoli,Udinese,1.43755,2.28648,7828,2017,https://understat.com/getLeagueData/Serie_A/2017,2018-04-18,True
2018-04-18,Roma,Genoa,1.8202,0.814579,7823,2017,https://understat.com/getLeagueData/Serie_A/2017,2018-04-18,True
2018-04-18,Sampdoria,Bologna,1.34472,0.323038,7820,2017,https://understat.com/getLeagueData/Serie_A/2017,2018-04-18,True
2018-04-18,Spal,Chievo,0.32401,0.59648,7822,2017,https://understat.com/getLeagueData/Serie_A/2017,2018-04-18,True
2018-04-18,Torino,Milan,1.4414,0.504024,7826,2017,https://understat.com/getLeagueData/Serie_A/2017,2018-04-18,True
2018-04-18,Verona,Sassuolo,0.394404,1.91147,7827,2017,https://understat.com/getLeagueData/Serie_A/2017,2018-04-18,True
2018-04-21,Milan,Benevento,1.07233,0.449416,7829,2017,https://understat.com/getLeagueData/Serie_A/2017,2018-04-21,True
2018-04-21,Sassuolo,Fiorentina,0.722432,0.293073,7832,2017,https://understat.com/getLeagueData/Serie_A/2017,2018-04-21,True
2018-04-21,Spal,Roma,0.230789,1.40551,7836,2017,https://understat.com/getLeagueData/Serie_A/2017,2018-04-21,True
2018-04-22,Atalanta,Torino,2.30835,0.588998,7838,2017,https://understat.com/getLeagueData/Serie_A/2017,2018-04-22,True
2018-04-22,Cagliari,Bologna,1.15356,0.537224,7830,2017,https://understat.com/getLeagueData/Serie_A/2017,2018-04-22,True
2018-04-22,Chievo,Inter,1.37033,1.76802,7834,2017,https://understat.com/getLeagueData/Serie_A/2017,2018-04-22,True
2018-04-22,Juventus,Napoli,0.208482,0.996321,7835,2017,https://understat.com/getLeagueData/Serie_A/2017,2018-04-22,True
2018-04-22,Lazio,Sampdoria,2.64031,0.281901,7837,2017,https://understat.com/getLeagueData/Serie_A/2017,2018-04-22,True
2018-04-22,Udinese,Crotone,0.693507,0.504925,7831,2017,https://understat.com/getLeagueData/Serie_A/2017,2018-04-22,True
2018-04-23,Genoa,Verona,1.5438,1.55144,7833,2017,https://understat.com/getLeagueData/Serie_A/2017,2018-04-23,True
2018-04-28,Inter,Juventus,0.627335,1.35876,7842,2017,https://understat.com/getLeagueData/Serie_A/2017,2018-04-28,True
2018-04-28,Roma,Chievo,1.67454,1.43295,7840,2017,https://understat.com/getLeagueData/Serie_A/2017,2018-04-28,True
2018-04-29,Atalanta,Genoa,1.56033,1.1476,7841,2017,https://understat.com/getLeagueData/Serie_A/2017,2018-04-29,True
2018-04-29,Benevento,Udinese,1.67032,2.76558,7846,2017,https://understat.com/getLeagueData/Serie_A/2017,2018-04-29,True
2018-04-29,Bologna,Milan,0.414219,1.38646,7844,2017,https://understat.com/getLeagueData/Serie_A/2017,2018-04-29,True
2018-04-29,Crotone,Sassuolo,2.39348,1.32315,7848,2017,https://understat.com/getLeagueData/Serie_A/2017,2018-04-29,True
2018-04-29,Fiorentina,Napoli,2.52311,0.0969483,7845,2017,https://understat.com/getLeagueData/Serie_A/2017,2018-04-29,True
2018-04-29,Sampdoria,Cagliari,3.15024,1.08402,7839,2017,https://understat.com/getLeagueData/Serie_A/2017,2018-04-29,True
2018-04-29,Torino,Lazio,0.334166,2.82005,7843,2017,https://understat.com/getLeagueData/Serie_A/2017,2018-04-29,True
2018-04-29,Verona,Spal,1.04768,1.27137,7847,2017,https://understat.com/getLeagueData/Serie_A/2017,2018-04-29,True
2018-05-05,Juventus,Bologna,2.03946,1.21966,7851,2017,https://understat.com/getLeagueData/Serie_A/2017,2018-05-05,True
2018-05-05,Milan,Verona,1.18751,0.258033,7854,2017,https://understat.com/getLeagueData/Serie_A/2017,2018-05-05,True
2018-05-06,Cagliari,Roma,1.01318,0.857005,7856,2017,https://understat.com/getLeagueData/Serie_A/2017,2018-05-06,True
2018-05-06,Chievo,Crotone,0.831918,1.06513,7852,2017,https://understat.com/getLeagueData/Serie_A/2017,2018-05-06,True
2018-05-06,Genoa,Fiorentina,2.27395,1.73002,7853,2017,https://understat.com/getLeagueData/Serie_A/2017,2018-05-06,True
2018-05-06,Lazio,Atalanta,1.52503,2.95623,7849,2017,https://understat.com/getLeagueData/Serie_A/2017,2018-05-06,True
2018-05-06,Napoli,Torino,1.88615,0.313306,7858,2017,https://understat.com/getLeagueData/Serie_A/2017,2018-05-06,True
2018-05-06,Sassuolo,Sampdoria,0.729512,0.0270339,7857,2017,https://understat.com/getLeagueData/Serie_A/2017,2018-05-06,True
2018-05-06,Spal,Benevento,1.83046,0.345937,7850,2017,https://understat.com/getLeagueData/Serie_A/2017,2018-05-06,True
2018-05-06,Udinese,Inter,0.926641,1.73111,7855,2017,https://understat.com/getLeagueData/Serie_A/2017,2018-05-06,True
2018-05-12,Benevento,Genoa,1.85241,1.07966,7861,2017,https://understat.com/getLeagueData/Serie_A/2017,2018-05-12,True
2018-05-12,Inter,Sassuolo,1.89115,1.19663,7866,2017,https://understat.com/getLeagueData/Serie_A/2017,2018-05-12,True
2018-05-13,Atalanta,Milan,2.08868,0.161478,7864,2017,https://understat.com/getLeagueData/Serie_A/2017,2018-05-13,True
2018-05-13,Bologna,Chievo,1.70476,2.14622,7860,2017,https://understat.com/getLeagueData/Serie_A/2017,2018-05-13,True
2018-05-13,Crotone,Lazio,0.911544,2.57237,7863,2017,https://understat.com/getLeagueData/Serie_A/2017,2018-05-13,True
2018-05-13,Fiorentina,Cagliari,0.465256,2.13128,7859,2017,https://understat.com/getLeagueData/Serie_A/2017,2018-05-13,True
2018-05-13,Roma,Juventus,0.393701,0.200458,7862,2017,https://understat.com/getLeagueData/Serie_A/2017,2018-05-13,True
2018-05-13,Sampdoria,Napoli,0.426726,0.956053,7865,2017,https://understat.com/getLeagueData/Serie_A/2017,2018-05-13,True
2018-05-13,Torino,Spal,1.86446,0.633372,7867,2017,https://understat.com/getLeagueData/Serie_A/2017,2018-05-13,True
2018-05-13,Verona,Udinese,0.799674,2.37498,7868,2017,https://understat.com/getLeagueData/Serie_A/2017,2018-05-13,True
2018-05-19,Juventus,Verona,2.70384,0.338847,7874,2017,https://understat.com/getLeagueData/Serie_A/2017,2018-05-19,True
2018-05-20,Cagliari,Atalanta,0.734198,1.25694,7869,2017,https://understat.com/getLeagueData/Serie_A/2017,2018-05-20,True
2018-05-20,Chievo,Benevento,0.744593,0.663029,7870,2017,https://understat.com/getLeagueData/Serie_A/2017,2018-05-20,True
2018-05-20,Genoa,Torino,1.10457,1.25181,7878,2017,https://understat.com/getLeagueData/Serie_A/2017,2018-05-20,True
2018-05-20,Lazio,Inter,1.47009,2.13248,7875,2017,https://understat.com/getLeagueData/Serie_A/2017,2018-05-20,True
2018-05-20,Milan,Fiorentina,1.81706,0.670035,7873,2017,https://understat.com/getLeagueData/Serie_A/2017,2018-05-20,True
2018-05-20,Napoli,Crotone,1.72715,0.229369,7872,2017,https://understat.com/getLeagueData/Serie_A/2017,2018-05-20,True
2018-05-20,Sassuolo,Roma,0.979805,1.16293,7876,2017,https://understat.com/getLeagueData/Serie_A/2017,2018-05-20,True
2018-05-20,Spal,Sampdoria,2.05896,0.75338,7877,2017,https://understat.com/getLeagueData/Serie_A/2017,2018-05-20,True
2018-05-20,Udinese,Bologna,1.52496,0.391913,7871,2017,https://understat.com/getLeagueData/Serie_A/2017,2018-05-20,True
2018-08-18,Chievo,Juventus,1.05146,2.25963,9577,2018,https://understat.com/getLeagueData/Serie_A/2018,2018-08-18,True
2018-08-18,Lazio,Napoli,1.08236,1.51942,9578,2018,https://understat.com/getLeagueData/Serie_A/2018,2018-08-18,True
2018-08-19,Bologna,Spal,0.906945,0.526925,9585,2018,https://understat.com/getLeagueData/Serie_A/2018,2018-08-19,True
2018-08-19,Empoli,Cagliari,1.45907,0.574056,9584,2018,https://understat.com/getLeagueData/Serie_A/2018,2018-08-19,True
2018-08-19,Parma,Udinese,1.55455,1.99515,9582,2018,https://understat.com/getLeagueData/Serie_A/2018,2018-08-19,True
2018-08-19,Sassuolo,Inter,1.40451,1.20466,9583,2018,https://understat.com/getLeagueData/Serie_A/2018,2018-08-19,True
2018-08-19,Torino,Roma,0.496521,1.18063,9579,2018,https://understat.com/getLeagueData/Serie_A/2018,2018-08-19,True
2018-08-20,Atalanta,Frosinone,2.66879,0.348766,9586,2018,https://understat.com/getLeagueData/Serie_A/2018,2018-08-20,True
2018-08-25,Juventus,Lazio,1.50717,0.31552,9587,2018,https://understat.com/getLeagueData/Serie_A/2018,2018-08-25,True
2018-08-25,Napoli,Milan,2.0372,0.521132,9588,2018,https://understat.com/getLeagueData/Serie_A/2018,2018-08-25,True
2018-08-26,Cagliari,Sassuolo,1.52233,1.78519,9591,2018,https://understat.com/getLeagueData/Serie_A/2018,2018-08-26,True
2018-08-26,Fiorentina,Chievo,3.33338,0.637013,9592,2018,https://understat.com/getLeagueData/Serie_A/2018,2018-08-26,True
2018-08-26,Frosinone,Bologna,1.77944,0.924593,9593,2018,https://understat.com/getLeagueData/Serie_A/2018,2018-08-26,True
2018-08-26,Genoa,Empoli,0.950879,1.25776,9594,2018,https://understat.com/getLeagueData/Serie_A/2018,2018-08-26,True
2018-08-26,Inter,Torino,0.789096,0.921797,9595,2018,https://understat.com/getLeagueData/Serie_A/2018,2018-08-26,True
2018-08-26,Spal,Parma,1.40818,0.153916,9589,2018,https://understat.com/getLeagueData/Serie_A/2018,2018-08-26,True
2018-08-26,Udinese,Sampdoria,1.79867,0.585585,9590,2018,https://understat.com/getLeagueData/Serie_A/2018,2018-08-26,True
2018-08-27,Roma,Atalanta,2.22995,2.35383,9596,2018,https://understat.com/getLeagueData/Serie_A/2018,2018-08-27,True
2018-08-31,Milan,Roma,1.69218,0.311589,9597,2018,https://understat.com/getLeagueData/Serie_A/2018,2018-08-31,True
2018-09-01,Bologna,Inter,0.494365,2.45978,9598,2018,https://understat.com/getLeagueData/Serie_A/2018,2018-09-01,True
2018-09-01,Parma,Juventus,1.9062,2.18413,9599,2018,https://understat.com/getLeagueData/Serie_A/2018,2018-09-01,True
2018-09-02,Atalanta,Cagliari,0.323806,0.250446,9603,2018,https://understat.com/getLeagueData/Serie_A/2018,2018-09-02,True
2018-09-02,Chievo,Empoli,1.26902,1.35877,9602,2018,https://understat.com/getLeagueData/Serie_A/2018,2018-09-02,True
2018-09-02,Fiorentina,Udinese,1.10313,0.165399,9600,2018,https://understat.com/getLeagueData/Serie_A/2018,2018-09-02,True
2018-09-02,Lazio,Frosinone,2.8529,0.491729,9601,2018,https://understat.com/getLeagueData/Serie_A/2018,2018-09-02,True
2018-09-02,Sampdoria,Napoli,0.829691,1.11682,9604,2018,https://understat.com/getLeagueData/Serie_A/2018,2018-09-02,True
2018-09-02,Sassuolo,Genoa,2.05648,1.88827,9605,2018,https://understat.com/getLeagueData/Serie_A/2018,2018-09-02,True
2018-09-02,Torino,Spal,2.01945,0.656746,9606,2018,https://understat.com/getLeagueData/Serie_A/2018,2018-09-02,True
2018-09-15,Frosinone,Sampdoria,0.413989,2.54241,9609,2018,https://understat.com/getLeagueData/Serie_A/2018,2018-09-15,True
2018-09-15,Inter,Parma,1.38542,0.297443,9611,2018,https://understat.com/getLeagueData/Serie_A/2018,2018-09-15,True
2018-09-15,Napoli,Fiorentina,1.31657,0.346689,9613,2018,https://understat.com/getLeagueData/Serie_A/2018,2018-09-15,True
2018-09-16,Cagliari,Milan,0.433382,2.48751,9607,2018,https://understat.com/getLeagueData/Serie_A/2018,2018-09-16,True
2018-09-16,Empoli,Lazio,1.4909,2.74301,9608,2018,https://understat.com/getLeagueData/Serie_A/2018,2018-09-16,True
2018-09-16,Genoa,Bologna,0.488376,0.667504,9610,2018,https://understat.com/getLeagueData/Serie_A/2018,2018-09-16,True
2018-09-16,Juventus,Sassuolo,2.8507,0.740742,9612,2018,https://understat.com/getLeagueData/Serie_A/2018,2018-09-16,True
2018-09-16,Roma,Chievo,2.72023,1.17626,9614,2018,https://understat.com/getLeagueData/Serie_A/2018,2018-09-16,True
2018-09-16,Udinese,Torino,0.265642,0.671125,9616,2018,https://understat.com/getLeagueData/Serie_A/2018,2018-09-16,True
2018-09-17,Spal,Atalanta,1.79209,0.789043,9615,2018,https://understat.com/getLeagueData/Serie_A/2018,2018-09-17,True
2018-09-19,Sampdoria,Fiorentina,0.456027,1.70735,9580,2018,https://understat.com/getLeagueData/Serie_A/2018,2018-09-19,True
2018-09-21,Sassuolo,Empoli,2.09666,1.03797,9625,2018,https://understat.com/getLeagueData/Serie_A/2018,2018-09-21,True
2018-09-22,Fiorentina,Spal,1.71696,0.722731,9619,2018,https://understat.com/getLeagueData/Serie_A/2018,2018-09-22,True
2018-09-22,Parma,Cagliari,2.04058,0.719329,9623,2018,https://understat.com/getLeagueData/Serie_A/2018,2018-09-22,True
2018-09-22,Sampdoria,Inter,0.399584,0.802538,9624,2018,https://understat.com/getLeagueData/Serie_A/2018,2018-09-22,True
2018-09-23,Bologna,Roma,0.885381,3.20497,9617,2018,https://understat.com/getLeagueData/Serie_A/2018,2018-09-23,True
2018-09-23,Chievo,Udinese,1.57505,1.11577,9618,2018,https://understat.com/getLeagueData/Serie_A/2018,2018-09-23,True
2018-09-23,Frosinone,Juventus,0.0629851,2.91794,9620,2018,https://understat.com/getLeagueData/Serie_A/2018,2018-09-23,True
2018-09-23,Lazio,Genoa,2.81099,0.670444,9621,2018,https://understat.com/getLeagueData/Serie_A/2018,2018-09-23,True
2018-09-23,Milan,Atalanta,2.35124,2.08573,9622,2018,https://understat.com/getLeagueData/Serie_A/2018,2018-09-23,True
2018-09-23,Torino,Napoli,1.08641,2.35831,9626,2018,https://understat.com/getLeagueData/Serie_A/2018,2018-09-23,True
2018-09-25,Inter,Fiorentina,1.85911,1.78872,9631,2018,https://understat.com/getLeagueData/Serie_A/2018,2018-09-25,True
2018-09-26,Atalanta,Torino,0.672669,0.22405,9627,2018,https://understat.com/getLeagueData/Serie_A/2018,2018-09-26,True
2018-09-26,Cagliari,Sampdoria,0.952392,2.25181,9628,2018,https://understat.com/getLeagueData/Serie_A/2018,2018-09-26,True
2018-09-26,Genoa,Chievo,1.61873,1.60245,9630,2018,https://understat.com/getLeagueData/Serie_A/2018,2018-09-26,True
2018-09-26,Juventus,Bologna,0.851257,0.325971,9632,2018,https://understat.com/getLeagueData/Serie_A/2018,2018-09-26,True
2018-09-26,Napoli,Parma,2.8594,0.0851875,9633,2018,https://understat.com/getLeagueData/Serie_A/2018,2018-09-26,True
2018-09-26,Roma,Frosinone,2.53238,0.48896,9634,2018,https://understat.com/getLeagueData/Serie_A/2018,2018-09-26,True
2018-09-26,Udinese,Lazio,0.842878,1.50332,9636,2018,https://understat.com/getLeagueData/Serie_A/2018,2018-09-26,True
2018-09-27,Empoli,Milan,1.1773,1.52902,9629,2018,https://understat.com/getLeagueData/Serie_A/2018,2018-09-27,True
2018-09-27,Spal,Sassuolo,1.02425,2.08628,9635,2018,https://understat.com/getLeagueData/Serie_A/2018,2018-09-27,True
2018-09-29,Inter,Cagliari,1.05314,0.144417,9644,2018,https://understat.com/getLeagueData/Serie_A/2018,2018-09-29,True
2018-09-29,Juventus,Napoli,3.04531,1.42452,9646,2018,https://understat.com/getLeagueData/Serie_A/2018,2018-09-29,True
2018-09-29,Roma,Lazio,2.45713,0.885573,9637,2018,https://understat.com/getLeagueData/Serie_A/2018,2018-09-29,True
2018-09-30,Bologna,Udinese,1.36167,0.997014,9640,2018,https://understat.com/getLeagueData/Serie_A/2018,2018-09-30,True
2018-09-30,Chievo,Torino,0.315367,1.48485,9641,2018,https://understat.com/getLeagueData/Serie_A/2018,2018-09-30,True
2018-09-30,Fiorentina,Atalanta,1.0206,0.681489,9642,2018,https://understat.com/getLeagueData/Serie_A/2018,2018-09-30,True
2018-09-30,Frosinone,Genoa,1.28871,1.08662,9643,2018,https://understat.com/getLeagueData/Serie_A/2018,2018-09-30,True
2018-09-30,Parma,Empoli,0.645086,1.44541,9645,2018,https://understat.com/getLeagueData/Serie_A/2018,2018-09-30,True
2018-09-30,Sassuolo,Milan,0.704744,1.30599,9639,2018,https://understat.com/getLeagueData/Serie_A/2018,2018-09-30,True
2018-10-01,Sampdoria,Spal,1.66754,1.16928,9638,2018,https://understat.com/getLeagueData/Serie_A/2018,2018-10-01,True
2018-10-05,Torino,Frosinone,1.91949,1.94032,9655,2018,https://understat.com/getLeagueData/Serie_A/2018,2018-10-05,True
2018-10-06,Cagliari,Bologna,1.90878,0.381595,9648,2018,https://understat.com/getLeagueData/Serie_A/2018,2018-10-06,True
2018-10-06,Empoli,Roma,1.99899,0.863839,9649,2018,https://understat.com/getLeagueData/Serie_A/2018,2018-10-06,True
2018-10-06,Udinese,Juventus,0.742797,2.8144,9656,2018,https://understat.com/getLeagueData/Serie_A/2018,2018-10-06,True
2018-10-07,Atalanta,Sampdoria,2.18092,0.438067,9647,2018,https://understat.com/getLeagueData/Serie_A/2018,2018-10-07,True
2018-10-07,Genoa,Parma,1.53225,1.16016,9650,2018,https://understat.com/getLeagueData/Serie_A/2018,2018-10-07,True
2018-10-07,Lazio,Fiorentina,1.38608,1.00701,9651,2018,https://understat.com/getLeagueData/Serie_A/2018,2018-10-07,True
2018-10-07,Milan,Chievo,2.55099,0.412204,9652,2018,https://understat.com/getLeagueData/Serie_A/2018,2018-10-07,True
2018-10-07,Napoli,Sassuolo,1.76818,0.926808,9653,2018,https://understat.com/getLeagueData/Serie_A/2018,2018-10-07,True
2018-10-07,Spal,Inter,3.07945,1.34105,9654,2018,https://understat.com/getLeagueData/Serie_A/2018,2018-10-07,True
2018-10-20,Juventus,Genoa,1.84684,0.853192,9661,2018,https://understat.com/getLeagueData/Serie_A/2018,2018-10-20,True
2018-10-20,Roma,Spal,1.6265,1.89155,9663,2018,https://understat.com/getLeagueData/Serie_A/2018,2018-10-20,True
2018-10-20,Udinese,Napoli,1.72187,2.00576,9665,2018,https://understat.com/getLeagueData/Serie_A/2018,2018-10-20,True
2018-10-21,Bologna,Torino,1.49515,0.697863,9657,2018,https://understat.com/getLeagueData/Serie_A/2018,2018-10-21,True
2018-10-21,Chievo,Atalanta,0.856479,2.17454,9658,2018,https://understat.com/getLeagueData/Serie_A/2018,2018-10-21,True
2018-10-21,Fiorentina,Cagliari,1.40099,0.92271,9659,2018,https://understat.com/getLeagueData/Serie_A/2018,2018-10-21,True
2018-10-21,Frosinone,Empoli,1.04742,1.19042,9660,2018,https://understat.com/getLeagueData/Serie_A/2018,2018-10-21,True
2018-10-21,Inter,Milan,2.09049,0.64662,9666,2018,https://understat.com/getLeagueData/Serie_A/2018,2018-10-21,True
2018-10-21,Parma,Lazio,0.251094,2.86321,9662,2018,https://understat.com/getLeagueData/Serie_A/2018,2018-10-21,True
2018-10-22,Sampdoria,Sassuolo,1.2844,0.642053,9664,2018,https://understat.com/getLeagueData/Serie_A/2018,2018-10-22,True
2018-10-27,Atalanta,Parma,2.98455,1.37628,9667,2018,https://understat.com/getLeagueData/Serie_A/2018,2018-10-27,True
2018-10-27,Empoli,Juventus,0.272576,1.48572,9669,2018,https://understat.com/getLeagueData/Serie_A/2018,2018-10-27,True
2018-10-27,Torino,Fiorentina,0.958579,1.19007,9675,2018,https://understat.com/getLeagueData/Serie_A/2018,2018-10-27,True
2018-10-28,Cagliari,Chievo,1.47705,1.18971,9668,2018,https://understat.com/getLeagueData/Serie_A/2018,2018-10-28,True
2018-10-28,Genoa,Udinese,1.77066,0.628239,9670,2018,https://understat.com/getLeagueData/Serie_A/2018,2018-10-28,True
2018-10-28,Milan,Sampdoria,2.18318,0.550208,9672,2018,https://understat.com/getLeagueData/Serie_A/2018,2018-10-28,True
2018-10-28,Napoli,Roma,2.03999,0.784661,9676,2018,https://understat.com/getLeagueData/Serie_A/2018,2018-10-28,True
2018-10-28,Sassuolo,Bologna,1.93718,1.50755,9673,2018,https://understat.com/getLeagueData/Serie_A/2018,2018-10-28,True
2018-10-28,Spal,Frosinone,0.725282,1.35734,9674,2018,https://understat.com/getLeagueData/Serie_A/2018,2018-10-28,True
2018-10-29,Lazio,Inter,1.23598,1.61907,9671,2018,https://understat.com/getLeagueData/Serie_A/2018,2018-10-29,True
2018-10-31,Milan,Genoa,1.53546,0.383237,9581,2018,https://understat.com/getLeagueData/Serie_A/2018,2018-10-31,True
2018-11-02,Napoli,Empoli,2.45171,0.76592,9683,2018,https://understat.com/getLeagueData/Serie_A/2018,2018-11-02,True
2018-11-03,Fiorentina,Roma,1.22535,1.98078,9679,2018,https://understat.com/getLeagueData/Serie_A/2018,2018-11-03,True
2018-11-03,Inter,Genoa,3.36518,0.257795,9680,2018,https://understat.com/getLeagueData/Serie_A/2018,2018-11-03,True
2018-11-03,Juventus,Cagliari,2.11317,0.726312,9681,2018,https://understat.com/getLeagueData/Serie_A/2018,2018-11-03,True
2018-11-04,Bologna,Atalanta,1.82444,1.85595,9677,2018,https://understat.com/getLeagueData/Serie_A/2018,2018-11-04,True
2018-11-04,Chievo,Sassuolo,0.53547,1.14513,9678,2018,https://understat.com/getLeagueData/Serie_A/2018,2018-11-04,True
2018-11-04,Lazio,Spal,2.54151,0.920245,9682,2018,https://understat.com/getLeagueData/Serie_A/2018,2018-11-04,True
2018-11-04,Parma,Frosinone,0.584377,0.424829,9684,2018,https://understat.com/getLeagueData/Serie_A/2018,2018-11-04,True
2018-11-04,Sampdoria,Torino,2.19127,2.06704,9685,2018,https://understat.com/getLeagueData/Serie_A/2018,2018-11-04,True
2018-11-04,Udinese,Milan,0.441246,0.787543,9686,2018,https://understat.com/getLeagueData/Serie_A/2018,2018-11-04,True
2018-11-09,Frosinone,Fiorentina,0.687012,2.17002,9690,2018,https://understat.com/getLeagueData/Serie_A/2018,2018-11-09,True
2018-11-10,Genoa,Napoli,0.876348,1.78935,9691,2018,https://understat.com/getLeagueData/Serie_A/2018,2018-11-10,True
2018-11-10,Spal,Cagliari,1.91899,1.00551,9694,2018,https://understat.com/getLeagueData/Serie_A/2018,2018-11-10,True
2018-11-10,Torino,Parma,2.33892,1.60323,9695,2018,https://understat.com/getLeagueData/Serie_A/2018,2018-11-10,True
2018-11-11,Atalanta,Inter,4.13272,1.32091,9687,2018,https://understat.com/getLeagueData/Serie_A/2018,2018-11-11,True
2018-11-11,Chievo,Bologna,2.24645,1.84423,9688,2018,https://understat.com/getLeagueData/Serie_A/2018,2018-11-11,True
2018-11-11,Empoli,Udinese,1.54705,3.75447,9689,2018,https://understat.com/getLeagueData/Serie_A/2018,2018-11-11,True
2018-11-11,Milan,Juventus,0.821584,1.53465,9696,2018,https://understat.com/getLeagueData/Serie_A/2018,2018-11-11,True
2018-11-11,Roma,Sampdoria,3.04114,0.632158,9692,2018,https://understat.com/getLeagueData/Serie_A/2018,2018-11-11,True
2018-11-11,Sassuolo,Lazio,0.542118,1.48988,9693,2018,https://understat.com/getLeagueData/Serie_A/2018,2018-11-11,True
2018-11-24,Inter,Frosinone,2.90785,0.196243,9701,2018,https://understat.com/getLeagueData/Serie_A/2018,2018-11-24,True
2018-11-24,Juventus,Spal,1.82422,0.330703,9702,2018,https://understat.com/getLeagueData/Serie_A/2018,2018-11-24,True
2018-11-24,Udinese,Roma,1.36766,1.25017,9706,2018,https://understat.com/getLeagueData/Serie_A/2018,2018-11-24,True
2018-11-25,Bologna,Fiorentina,0.327249,1.62497,9697,2018,https://understat.com/getLeagueData/Serie_A/2018,2018-11-25,True
2018-11-25,Empoli,Atalanta,2.43156,2.02122,9699,2018,https://understat.com/getLeagueData/Serie_A/2018,2018-11-25,True
2018-11-25,Genoa,Sampdoria,1.99511,0.654114,9700,2018,https://understat.com/getLeagueData/Serie_A/2018,2018-11-25,True
2018-11-25,Lazio,Milan,0.997397,0.406628,9703,2018,https://understat.com/getLeagueData/Serie_A/2018,2018-11-25,True
2018-11-25,Napoli,Chievo,1.30715,0.340731,9704,2018,https://understat.com/getLeagueData/Serie_A/2018,2018-11-25,True
2018-11-25,Parma,Sassuolo,2.2135,1.51949,9705,2018,https://understat.com/getLeagueData/Serie_A/2018,2018-11-25,True
2018-11-26,Cagliari,Torino,0.159979,0.85532,9698,2018,https://understat.com/getLeagueData/Serie_A/2018,2018-11-26,True
2018-12-01,Fiorentina,Juventus,1.15902,1.73912,9709,2018,https://understat.com/getLeagueData/Serie_A/2018,2018-12-01,True
2018-12-01,Sampdoria,Bologna,1.6716,0.988383,9712,2018,https://understat.com/getLeagueData/Serie_A/2018,2018-12-01,True
2018-12-01,Spal,Empoli,0.71811,2.2475,9714,2018,https://understat.com/getLeagueData/Serie_A/2018,2018-12-01,True
2018-12-02,Chievo,Lazio,1.10117,1.02864,9708,2018,https://understat.com/getLeagueData/Serie_A/2018,2018-12-02,True
2018-12-02,Frosinone,Cagliari,1.68906,1.8301,9710,2018,https://understat.com/getLeagueData/Serie_A/2018,2018-12-02,True
2018-12-02,Milan,Parma,1.35263,1.25109,9711,2018,https://understat.com/getLeagueData/Serie_A/2018,2018-12-02,True
2018-12-02,Roma,Inter,1.71663,2.20984,9716,2018,https://understat.com/getLeagueData/Serie_A/2018,2018-12-02,True
2018-12-02,Sassuolo,Udinese,1.83072,0.143306,9713,2018,https://understat.com/getLeagueData/Serie_A/2018,2018-12-02,True
2018-12-02,Torino,Genoa,2.38859,1.63876,9715,2018,https://understat.com/getLeagueData/Serie_A/2018,2018-12-02,True
2018-12-03,Atalanta,Napoli,1.15743,1.78405,9707,2018,https://understat.com/getLeagueData/Serie_A/2018,2018-12-03,True
2018-12-07,Juventus,Inter,1.48282,1.04485,9717,2018,https://understat.com/getLeagueData/Serie_A/2018,2018-12-07,True
2018-12-08,Cagliari,Roma,1.49265,1.77887,9724,2018,https://understat.com/getLeagueData/Serie_A/2018,2018-12-08,True
2018-12-08,Lazio,Sampdoria,4.20087,0.935028,9718,2018,https://understat.com/getLeagueData/Serie_A/2018,2018-12-08,True
2018-12-08,Napoli,Frosinone,2.43939,0.26732,9720,2018,https://understat.com/getLeagueData/Serie_A/2018,2018-12-08,True
2018-12-09,Empoli,Bologna,2.37132,2.08455,9725,2018,https://understat.com/getLeagueData/Serie_A/2018,2018-12-09,True
2018-12-09,Genoa,Spal,0.991776,2.65218,9726,2018,https://understat.com/getLeagueData/Serie_A/2018,2018-12-09,True
2018-12-09,Milan,Torino,1.32115,1.00064,9719,2018,https://understat.com/getLeagueData/Serie_A/2018,2018-12-09,True
2018-12-09,Parma,Chievo,1.57211,1.48362,9721,2018,https://understat.com/getLeagueData/Serie_A/2018,2018-12-09,True
2018-12-09,Sassuolo,Fiorentina,1.09546,2.20116,9722,2018,https://understat.com/getLeagueData/Serie_A/2018,2018-12-09,True
2018-12-09,Udinese,Atalanta,0.901408,2.26187,9723,2018,https://understat.com/getLeagueData/Serie_A/2018,2018-12-09,True
2018-12-15,Inter,Udinese,2.20046,0.32005,9733,2018,https://understat.com/getLeagueData/Serie_A/2018,2018-12-15,True
2018-12-15,Torino,Juventus,0.610165,1.35072,9727,2018,https://understat.com/getLeagueData/Serie_A/2018,2018-12-15,True
2018-12-16,Cagliari,Napoli,0.657181,0.976401,9730,2018,https://understat.com/getLeagueData/Serie_A/2018,2018-12-16,True
2018-12-16,Fiorentina,Empoli,1.58995,1.39435,9731,2018,https://understat.com/getLeagueData/Serie_A/2018,2018-12-16,True
2018-12-16,Frosinone,Sassuolo,0.415045,1.17748,9732,2018,https://understat.com/getLeagueData/Serie_A/2018,2018-12-16,True
2018-12-16,Roma,Genoa,1.87358,2.14236,9734,2018,https://understat.com/getLeagueData/Serie_A/2018,2018-12-16,True
2018-12-16,Sampdoria,Parma,1.7167,0.711571,9735,2018,https://understat.com/getLeagueData/Serie_A/2018,2018-12-16,True
2018-12-16,Spal,Chievo,0.589566,0.940194,9736,2018,https://understat.com/getLeagueData/Serie_A/2018,2018-12-16,True
2018-12-17,Atalanta,Lazio,0.761338,0.684222,9728,2018,https://understat.com/getLeagueData/Serie_A/2018,2018-12-17,True
2018-12-18,Bologna,Milan,0.372931,0.666236,9729,2018,https://understat.com/getLeagueData/Serie_A/2018,2018-12-18,True
2018-12-22,Chievo,Inter,0.607055,2.14287,9743,2018,https://understat.com/getLeagueData/Serie_A/2018,2018-12-22,True
2018-12-22,Empoli,Sampdoria,1.25056,1.90069,9744,2018,https://understat.com/getLeagueData/Serie_A/2018,2018-12-22,True
2018-12-22,Genoa,Atalanta,1.39715,2.66258,9745,2018,https://understat.com/getLeagueData/Serie_A/2018,2018-12-22,True
2018-12-22,Juventus,Roma,2.27872,0.253011,9746,2018,https://understat.com/getLeagueData/Serie_A/2018,2018-12-22,True
2018-12-22,Lazio,Cagliari,2.59214,1.81386,9737,2018,https://understat.com/getLeagueData/Serie_A/2018,2018-12-22,True
2018-12-22,Milan,Fiorentina,0.71917,0.283973,9738,2018,https://understat.com/getLeagueData/Serie_A/2018,2018-12-22,True
2018-12-22,Napoli,Spal,2.6049,0.548608,9739,2018,https://understat.com/getLeagueData/Serie_A/2018,2018-12-22,True
2018-12-22,Parma,Bologna,0.777805,0.265885,9740,2018,https://understat.com/getLeagueData/Serie_A/2018,2018-12-22,True
2018-12-22,Sassuolo,Torino,2.51237,0.26404,9741,2018,https://understat.com/getLeagueData/Serie_A/2018,2018-12-22,True
2018-12-22,Udinese,Frosinone,0.369281,1.22269,9742,2018,https://understat.com/getLeagueData/Serie_A/2018,2018-12-22,True
2018-12-26,Atalanta,Juventus,1.74784,1.05099,9747,2018,https://understat.com/getLeagueData/Serie_A/2018,2018-12-26,True
2018-12-26,Bologna,Lazio,0.183858,1.47469,9748,2018,https://understat.com/getLeagueData/Serie_A/2018,2018-12-26,True
2018-12-26,Cagliari,Genoa,1.50885,0.615779,9749,2018,https://understat.com/getLeagueData/Serie_A/2018,2018-12-26,True
2018-12-26,Fiorentina,Parma,1.48953,0.477527,9750,2018,https://understat.com/getLeagueData/Serie_A/2018,2018-12-26,True
2018-12-26,Frosinone,Milan,0.800634,1.66252,9751,2018,https://understat.com/getLeagueData/Serie_A/2018,2018-12-26,True
2018-12-26,Inter,Napoli,1.06904,0.759023,9752,2018,https://understat.com/getLeagueData/Serie_A/2018,2018-12-26,True
2018-12-26,Roma,Sassuolo,4.11791,0.591453,9753,2018,https://understat.com/getLeagueData/Serie_A/2018,2018-12-26,True
2018-12-26,Sampdoria,Chievo,0.69624,0.286685,9754,2018,https://understat.com/getLeagueData/Serie_A/2018,2018-12-26,True
2018-12-26,Spal,Udinese,0.664209,0.198335,9755,2018,https://understat.com/getLeagueData/Serie_A/2018,2018-12-26,True
2018-12-26,Torino,Empoli,1.20076,0.220152,9756,2018,https://understat.com/getLeagueData/Serie_A/2018,2018-12-26,True
2018-12-29,Chievo,Frosinone,1.03445,0.631157,9757,2018,https://understat.com/getLeagueData/Serie_A/2018,2018-12-29,True
2018-12-29,Empoli,Inter,0.431477,0.925165,9758,2018,https://understat.com/getLeagueData/Serie_A/2018,2018-12-29,True
2018-12-29,Genoa,Fiorentina,0.563894,1.88008,9759,2018,https://understat.com/getLeagueData/Serie_A/2018,2018-12-29,True
2018-12-29,Juventus,Sampdoria,1.41949,1.23358,9760,2018,https://understat.com/getLeagueData/Serie_A/2018,2018-12-29,True
2018-12-29,Lazio,Torino,0.992811,1.70098,9761,2018,https://understat.com/getLeagueData/Serie_A/2018,2018-12-29,True
2018-12-29,Milan,Spal,2.15613,0.569172,9762,2018,https://understat.com/getLeagueData/Serie_A/2018,2018-12-29,True
2018-12-29,Napoli,Bologna,1.87321,0.742372,9763,2018,https://understat.com/getLeagueData/Serie_A/2018,2018-12-29,True
2018-12-29,Parma,Roma,0.478268,1.71801,9764,2018,https://understat.com/getLeagueData/Serie_A/2018,2018-12-29,True
2018-12-29,Sassuolo,Atalanta,1.07104,3.42383,9765,2018,https://understat.com/getLeagueData/Serie_A/2018,2018-12-29,True
2018-12-29,Udinese,Cagliari,1.99558,0.328,9766,2018,https://understat.com/getLeagueData/Serie_A/2018,2018-12-29,True
2019-01-19,Inter,Sassuolo,1.24057,1.38113,9771,2018,https://understat.com/getLeagueData/Serie_A/2018,2019-01-19,True
2019-01-19,Roma,Torino,3.06196,1.4063,9774,2018,https://understat.com/getLeagueData/Serie_A/2018,2019-01-19,True
2019-01-19,Udinese,Parma,1.46714,2.41069,9776,2018,https://understat.com/getLeagueData/Serie_A/2018,2019-01-19,True
2019-01-20,Cagliari,Empoli,0.91229,1.24131,9767,2018,https://understat.com/getLeagueData/Serie_A/2018,2019-01-20,True
2019-01-20,Fiorentina,Sampdoria,2.7645,2.00501,9768,2018,https://understat.com/getLeagueData/Serie_A/2018,2019-01-20,True
2019-01-20,Frosinone,Atalanta,0.570805,2.5448,9769,2018,https://understat.com/getLeagueData/Serie_A/2018,2019-01-20,True
2019-01-20,Napoli,Lazio,2.06596,1.42452,9773,2018,https://understat.com/getLeagueData/Serie_A/2018,2019-01-20,True
2019-01-20,Spal,Bologna,1.41322,1.44041,9775,2018,https://understat.com/getLeagueData/Serie_A/2018,2019-01-20,True
2019-01-21,Genoa,Milan,1.75495,1.55416,9770,2018,https://understat.com/getLeagueData/Serie_A/2018,2019-01-21,True
2019-01-21,Juventus,Chievo,3.92751,0.474778,9772,2018,https://understat.com/getLeagueData/Serie_A/2018,2019-01-21,True
2019-01-26,Milan,Napoli,1.24826,0.700205,9777,2018,https://understat.com/getLeagueData/Serie_A/2018,2019-01-26,True
2019-01-26,Sampdoria,Udinese,3.5041,0.265724,9779,2018,https://understat.com/getLeagueData/Serie_A/2018,2019-01-26,True
2019-01-26,Sassuolo,Cagliari,4.30729,0.418768,9780,2018,https://understat.com/getLeagueData/Serie_A/2018,2019-01-26,True
2019-01-27,Atalanta,Roma,2.35929,1.86431,9782,2018,https://understat.com/getLeagueData/Serie_A/2018,2019-01-27,True
2019-01-27,Bologna,Frosinone,0.817511,1.58053,9783,2018,https://understat.com/getLeagueData/Serie_A/2018,2019-01-27,True
2019-01-27,Chievo,Fiorentina,3.36025,2.35569,9784,2018,https://understat.com/getLeagueData/Serie_A/2018,2019-01-27,True
2019-01-27,Lazio,Juventus,1.75032,1.27812,9786,2018,https://understat.com/getLeagueData/Serie_A/2018,2019-01-27,True
2019-01-27,Parma,Spal,2.66999,1.97486,9778,2018,https://understat.com/getLeagueData/Serie_A/2018,2019-01-27,True
2019-01-27,Torino,Inter,0.618747,0.771946,9781,2018,https://understat.com/getLeagueData/Serie_A/2018,2019-01-27,True
2019-01-28,Empoli,Genoa,1.90942,1.87255,9785,2018,https://understat.com/getLeagueData/Serie_A/2018,2019-01-28,True
2019-02-02,Empoli,Chievo,2.76781,1.71511,9790,2018,https://understat.com/getLeagueData/Serie_A/2018,2019-02-02,True
2019-02-02,Juventus,Parma,2.16129,1.17447,9794,2018,https://understat.com/getLeagueData/Serie_A/2018,2019-02-02,True
2019-02-02,Napoli,Sampdoria,1.99149,0.826882,9795,2018,https://understat.com/getLeagueData/Serie_A/2018,2019-02-02,True
2019-02-03,Genoa,Sassuolo,0.864604,0.7039,9792,2018,https://understat.com/getLeagueData/Serie_A/2018,2019-02-03,True
2019-02-03,Inter,Bologna,0.997676,0.632144,9793,2018,https://understat.com/getLeagueData/Serie_A/2018,2019-02-03,True
2019-02-03,Roma,Milan,1.7818,0.781258,9796,2018,https://understat.com/getLeagueData/Serie_A/2018,2019-02-03,True
2019-02-03,Spal,Torino,0.665749,0.305403,9787,2018,https://understat.com/getLeagueData/Serie_A/2018,2019-02-03,True
2019-02-03,Udinese,Fiorentina,1.42071,0.591374,9788,2018,https://understat.com/getLeagueData/Serie_A/2018,2019-02-03,True
2019-02-04,Cagliari,Atalanta,1.00381,0.834328,9789,2018,https://understat.com/getLeagueData/Serie_A/2018,2019-02-04,True
2019-02-04,Frosinone,Lazio,1.30235,1.17247,9791,2018,https://understat.com/getLeagueData/Serie_A/2018,2019-02-04,True
2019-02-07,Lazio,Empoli,2.04577,0.475328,9801,2018,https://understat.com/getLeagueData/Serie_A/2018,2019-02-07,True
2019-02-08,Chievo,Roma,1.12095,1.53137,9799,2018,https://understat.com/getLeagueData/Serie_A/2018,2019-02-08,True
2019-02-09,Fiorentina,Napoli,0.641805,3.03327,9800,2018,https://understat.com/getLeagueData/Serie_A/2018,2019-02-09,True
2019-02-09,Parma,Inter,0.466673,1.89919,9803,2018,https://understat.com/getLeagueData/Serie_A/2018,2019-02-09,True
2019-02-10,Atalanta,Spal,2.07366,1.02091,9797,2018,https://understat.com/getLeagueData/Serie_A/2018,2019-02-10,True
2019-02-10,Bologna,Genoa,1.35689,1.36058,9798,2018,https://understat.com/getLeagueData/Serie_A/2018,2019-02-10,True
2019-02-10,Milan,Cagliari,2.38366,1.42003,9802,2018,https://understat.com/getLeagueData/Serie_A/2018,2019-02-10,True
2019-02-10,Sampdoria,Frosinone,0.550312,1.01039,9804,2018,https://understat.com/getLeagueData/Serie_A/2018,2019-02-10,True
2019-02-10,Sassuolo,Juventus,0.437975,2.10953,9805,2018,https://understat.com/getLeagueData/Serie_A/2018,2019-02-10,True
2019-02-10,Torino,Udinese,2.45948,1.72917,9806,2018,https://understat.com/getLeagueData/Serie_A/2018,2019-02-10,True
2019-02-15,Juventus,Frosinone,2.08342,0.632819,9812,2018,https://understat.com/getLeagueData/Serie_A/2018,2019-02-15,True
2019-02-16,Atalanta,Milan,1.01245,0.880241,9807,2018,https://understat.com/getLeagueData/Serie_A/2018,2019-02-16,True
2019-02-16,Cagliari,Parma,2.21399,0.407584,9808,2018,https://understat.com/getLeagueData/Serie_A/2018,2019-02-16,True
2019-02-17,Empoli,Sassuolo,1.50789,0.623544,9809,2018,https://understat.com/getLeagueData/Serie_A/2018,2019-02-17,True
2019-02-17,Genoa,Lazio,1.59217,0.603073,9810,2018,https://understat.com/getLeagueData/Serie_A/2018,2019-02-17,True
2019-02-17,Inter,Sampdoria,1.92524,0.963167,9811,2018,https://understat.com/getLeagueData/Serie_A/2018,2019-02-17,True
2019-02-17,Napoli,Torino,2.59846,0.365283,9813,2018,https://understat.com/getLeagueData/Serie_A/2018,2019-02-17,True
2019-02-17,Spal,Fiorentina,1.36503,3.21671,9815,2018,https://understat.com/getLeagueData/Serie_A/2018,2019-02-17,True
2019-02-17,Udinese,Chievo,1.28773,1.78672,9816,2018,https://understat.com/getLeagueData/Serie_A/2018,2019-02-17,True
2019-02-18,Roma,Bologna,1.75554,2.36382,9814,2018,https://understat.com/getLeagueData/Serie_A/2018,2019-02-18,True
2019-02-22,Milan,Empoli,1.3605,0.582587,9822,2018,https://understat.com/getLeagueData/Serie_A/2018,2019-02-22,True
2019-02-23,Frosinone,Roma,1.66099,2.30167,9820,2018,https://understat.com/getLeagueData/Serie_A/2018,2019-02-23,True
2019-02-23,Torino,Atalanta,1.50859,1.13231,9826,2018,https://understat.com/getLeagueData/Serie_A/2018,2019-02-23,True
2019-02-24,Bologna,Juventus,1.2656,0.59336,9817,2018,https://understat.com/getLeagueData/Serie_A/2018,2019-02-24,True
2019-02-24,Chievo,Genoa,0.464159,0.411351,9818,2018,https://understat.com/getLeagueData/Serie_A/2018,2019-02-24,True
2019-02-24,Fiorentina,Inter,1.51786,1.57732,9819,2018,https://understat.com/getLeagueData/Serie_A/2018,2019-02-24,True
2019-02-24,Parma,Napoli,0.443775,1.40926,9823,2018,https://understat.com/getLeagueData/Serie_A/2018,2019-02-24,True
2019-02-24,Sampdoria,Cagliari,3.20737,0.593571,9824,2018,https://understat.com/getLeagueData/Serie_A/2018,2019-02-24,True
2019-02-24,Sassuolo,Spal,0.317935,1.0065,9825,2018,https://understat.com/getLeagueData/Serie_A/2018,2019-02-24,True
2019-03-01,Cagliari,Inter,2.08181,2.08951,9831,2018,https://understat.com/getLeagueData/Serie_A/2018,2019-03-01,True
2019-03-02,Empoli,Parma,2.5259,1.87782,9832,2018,https://understat.com/getLeagueData/Serie_A/2018,2019-03-02,True
2019-03-02,Lazio,Roma,2.14667,1.23076,9834,2018,https://understat.com/getLeagueData/Serie_A/2018,2019-03-02,True
2019-03-02,Milan,Sassuolo,1.31933,0.833481,9835,2018,https://understat.com/getLeagueData/Serie_A/2018,2019-03-02,True
2019-03-03,Atalanta,Fiorentina,1.85788,0.412512,9830,2018,https://understat.com/getLeagueData/Serie_A/2018,2019-03-03,True
2019-03-03,Genoa,Frosinone,0.857275,0.160647,9833,2018,https://understat.com/getLeagueData/Serie_A/2018,2019-03-03,True
2019-03-03,Napoli,Juventus,2.05475,0.586571,9836,2018,https://understat.com/getLeagueData/Serie_A/2018,2019-03-03,True
2019-03-03,Spal,Sampdoria,0.595644,1.13229,9827,2018,https://understat.com/getLeagueData/Serie_A/2018,2019-03-03,True
2019-03-03,Torino,Chievo,0.875606,1.10955,9828,2018,https://understat.com/getLeagueData/Serie_A/2018,2019-03-03,True
2019-03-03,Udinese,Bologna,1.75105,1.74101,9829,2018,https://understat.com/getLeagueData/Serie_A/2018,2019-03-03,True
2019-03-08,Juventus,Udinese,2.73414,0.099705,9842,2018,https://understat.com/getLeagueData/Serie_A/2018,2019-03-08,True
2019-03-09,Chievo,Milan,0.263355,1.70597,9838,2018,https://understat.com/getLeagueData/Serie_A/2018,2019-03-09,True
2019-03-09,Parma,Genoa,1.50516,0.59585,9843,2018,https://understat.com/getLeagueData/Serie_A/2018,2019-03-09,True
2019-03-10,Bologna,Cagliari,3.33422,0.528818,9837,2018,https://understat.com/getLeagueData/Serie_A/2018,2019-03-10,True
2019-03-10,Fiorentina,Lazio,0.769898,1.02895,9839,2018,https://understat.com/getLeagueData/Serie_A/2018,2019-03-10,True
2019-03-10,Frosinone,Torino,1.10791,0.878122,9840,2018,https://understat.com/getLeagueData/Serie_A/2018,2019-03-10,True
2019-03-10,Inter,Spal,0.742227,0.167568,9841,2018,https://understat.com/getLeagueData/Serie_A/2018,2019-03-10,True
2019-03-10,Sampdoria,Atalanta,1.95045,1.89116,9845,2018,https://understat.com/getLeagueData/Serie_A/2018,2019-03-10,True
2019-03-10,Sassuolo,Napoli,1.02736,0.720283,9846,2018,https://understat.com/getLeagueData/Serie_A/2018,2019-03-10,True
2019-03-11,Roma,Empoli,1.14262,0.191518,9844,2018,https://understat.com/getLeagueData/Serie_A/2018,2019-03-11,True
2019-03-15,Cagliari,Fiorentina,2.20449,0.714756,9848,2018,https://understat.com/getLeagueData/Serie_A/2018,2019-03-15,True
2019-03-16,Sassuolo,Sampdoria,1.81004,2.5003,9853,2018,https://understat.com/getLeagueData/Serie_A/2018,2019-03-16,True
2019-03-16,Spal,Roma,1.21905,1.57775,9854,2018,https://understat.com/getLeagueData/Serie_A/2018,2019-03-16,True
2019-03-16,Torino,Bologna,1.44972,1.9758,9855,2018,https://understat.com/getLeagueData/Serie_A/2018,2019-03-16,True
2019-03-17,Atalanta,Chievo,1.50473,0.758033,9847,2018,https://understat.com/getLeagueData/Serie_A/2018,2019-03-17,True
2019-03-17,Empoli,Frosinone,2.33732,1.33238,9849,2018,https://understat.com/getLeagueData/Serie_A/2018,2019-03-17,True
2019-03-17,Genoa,Juventus,1.05123,0.310238,9850,2018,https://understat.com/getLeagueData/Serie_A/2018,2019-03-17,True
2019-03-17,Lazio,Parma,1.76513,0.362156,9851,2018,https://understat.com/getLeagueData/Serie_A/2018,2019-03-17,True
2019-03-17,Milan,Inter,1.06311,2.91239,9856,2018,https://understat.com/getLeagueData/Serie_A/2018,2019-03-17,True
2019-03-17,Napoli,Udinese,1.5191,0.740408,9852,2018,https://understat.com/getLeagueData/Serie_A/2018,2019-03-17,True
2019-03-29,Chievo,Cagliari,0.858272,1.05607,9858,2018,https://understat.com/getLeagueData/Serie_A/2018,2019-03-29,True
2019-03-30,Juventus,Empoli,1.34489,0.36771,9862,2018,https://understat.com/getLeagueData/Serie_A/2018,2019-03-30,True
2019-03-30,Sampdoria,Milan,2.09999,1.03959,9864,2018,https://understat.com/getLeagueData/Serie_A/2018,2019-03-30,True
2019-03-30,Udinese,Genoa,2.46425,2.06541,9865,2018,https://understat.com/getLeagueData/Serie_A/2018,2019-03-30,True
2019-03-31,Bologna,Sassuolo,2.03348,0.712006,9857,2018,https://understat.com/getLeagueData/Serie_A/2018,2019-03-31,True
2019-03-31,Fiorentina,Torino,2.45876,0.4548,9859,2018,https://understat.com/getLeagueData/Serie_A/2018,2019-03-31,True
2019-03-31,Frosinone,Spal,1.01961,0.230282,9860,2018,https://understat.com/getLeagueData/Serie_A/2018,2019-03-31,True
2019-03-31,Inter,Lazio,1.53815,1.60065,9861,2018,https://understat.com/getLeagueData/Serie_A/2018,2019-03-31,True
2019-03-31,Parma,Atalanta,0.989022,3.88951,9863,2018,https://understat.com/getLeagueData/Serie_A/2018,2019-03-31,True
2019-03-31,Roma,Napoli,1.98643,2.64072,9866,2018,https://understat.com/getLeagueData/Serie_A/2018,2019-03-31,True
2019-04-02,Cagliari,Juventus,0.451801,3.2423,9868,2018,https://understat.com/getLeagueData/Serie_A/2018,2019-04-02,True
2019-04-02,Milan,Udinese,2.03815,1.37576,9872,2018,https://understat.com/getLeagueData/Serie_A/2018,2019-04-02,True
2019-04-03,Empoli,Napoli,1.47602,0.641571,9869,2018,https://understat.com/getLeagueData/Serie_A/2018,2019-04-03,True
2019-04-03,Frosinone,Parma,1.95659,2.02283,9870,2018,https://understat.com/getLeagueData/Serie_A/2018,2019-04-03,True
2019-04-03,Genoa,Inter,0.452482,2.36256,9871,2018,https://understat.com/getLeagueData/Serie_A/2018,2019-04-03,True
2019-04-03,Roma,Fiorentina,1.52022,0.88749,9873,2018,https://understat.com/getLeagueData/Serie_A/2018,2019-04-03,True
2019-04-03,Spal,Lazio,1.14572,0.510459,9875,2018,https://understat.com/getLeagueData/Serie_A/2018,2019-04-03,True
2019-04-03,Torino,Sampdoria,0.86608,0.175617,9876,2018,https://understat.com/getLeagueData/Serie_A/2018,2019-04-03,True
2019-04-04,Atalanta,Bologna,1.57662,1.12985,9867,2018,https://understat.com/getLeagueData/Serie_A/2018,2019-04-04,True
2019-04-04,Sassuolo,Chievo,2.1616,1.46618,9874,2018,https://understat.com/getLeagueData/Serie_A/2018,2019-04-04,True
2019-04-06,Juventus,Milan,1.85527,1.47352,9886,2018,https://understat.com/getLeagueData/Serie_A/2018,2019-04-06,True
2019-04-06,Parma,Torino,0.760063,0.856189,9883,2018,https://understat.com/getLeagueData/Serie_A/2018,2019-04-06,True
2019-04-06,Sampdoria,Roma,1.31991,1.65846,9884,2018,https://understat.com/getLeagueData/Serie_A/2018,2019-04-06,True
2019-04-07,Cagliari,Spal,2.32045,1.31133,9878,2018,https://understat.com/getLeagueData/Serie_A/2018,2019-04-07,True
2019-04-07,Fiorentina,Frosinone,1.33491,0.733348,9879,2018,https://understat.com/getLeagueData/Serie_A/2018,2019-04-07,True
2019-04-07,Inter,Atalanta,0.93775,1.22931,9880,2018,https://understat.com/getLeagueData/Serie_A/2018,2019-04-07,True
2019-04-07,Lazio,Sassuolo,3.36273,1.20864,9881,2018,https://understat.com/getLeagueData/Serie_A/2018,2019-04-07,True
2019-04-07,Napoli,Genoa,1.98975,0.922442,9882,2018,https://understat.com/getLeagueData/Serie_A/2018,2019-04-07,True
2019-04-07,Udinese,Empoli,2.21919,1.84227,9885,2018,https://understat.com/getLeagueData/Serie_A/2018,2019-04-07,True
2019-04-08,Bologna,Chievo,3.1019,0.672578,9877,2018,https://understat.com/getLeagueData/Serie_A/2018,2019-04-08,True
2019-04-13,Milan,Lazio,1.52803,1.41453,9891,2018,https://understat.com/getLeagueData/Serie_A/2018,2019-04-13,True
2019-04-13,Roma,Udinese,1.30438,0.561648,9892,2018,https://understat.com/getLeagueData/Serie_A/2018,2019-04-13,True
2019-04-13,Spal,Juventus,0.983596,0.52595,9895,2018,https://understat.com/getLeagueData/Serie_A/2018,2019-04-13,True
2019-04-14,Chievo,Napoli,0.172953,1.45817,9888,2018,https://understat.com/getLeagueData/Serie_A/2018,2019-04-14,True
2019-04-14,Fiorentina,Bologna,0.792762,0.145765,9889,2018,https://understat.com/getLeagueData/Serie_A/2018,2019-04-14,True
2019-04-14,Frosinone,Inter,0.789702,3.70567,9890,2018,https://understat.com/getLeagueData/Serie_A/2018,2019-04-14,True
2019-04-14,Sampdoria,Genoa,2.46935,0.737093,9893,2018,https://understat.com/getLeagueData/Serie_A/2018,2019-04-14,True
2019-04-14,Sassuolo,Parma,1.25421,0.828516,9894,2018,https://understat.com/getLeagueData/Serie_A/2018,2019-04-14,True
2019-04-14,Torino,Cagliari,1.17895,0.866882,9896,2018,https://understat.com/getLeagueData/Serie_A/2018,2019-04-14,True
2019-04-15,Atalanta,Empoli,5.06313,0.22043,9887,2018,https://understat.com/getLeagueData/Serie_A/2018,2019-04-15,True
2019-04-17,Lazio,Udinese,0.891528,1.28089,9821,2018,https://understat.com/getLeagueData/Serie_A/2018,2019-04-17,True
2019-04-20,Bologna,Sampdoria,0.999562,0.638254,9897,2018,https://understat.com/getLeagueData/Serie_A/2018,2019-04-20,True
2019-04-20,Cagliari,Frosinone,1.648,0.848619,9898,2018,https://understat.com/getLeagueData/Serie_A/2018,2019-04-20,True
2019-04-20,Empoli,Spal,1.44713,1.43346,9899,2018,https://understat.com/getLeagueData/Serie_A/2018,2019-04-20,True
2019-04-20,Genoa,Torino,1.1822,0.836087,9900,2018,https://understat.com/getLeagueData/Serie_A/2018,2019-04-20,True
2019-04-20,Inter,Roma,1.60416,0.528078,9906,2018,https://understat.com/getLeagueData/Serie_A/2018,2019-04-20,True
2019-04-20,Juventus,Fiorentina,0.900644,1.4449,9901,2018,https://understat.com/getLeagueData/Serie_A/2018,2019-04-20,True
2019-04-20,Lazio,Chievo,1.6363,1.18465,9902,2018,https://understat.com/getLeagueData/Serie_A/2018,2019-04-20,True
2019-04-20,Parma,Milan,0.830287,0.800929,9904,2018,https://understat.com/getLeagueData/Serie_A/2018,2019-04-20,True
2019-04-20,Udinese,Sassuolo,0.907616,0.747252,9905,2018,https://understat.com/getLeagueData/Serie_A/2018,2019-04-20,True
2019-04-22,Napoli,Atalanta,1.59211,1.33983,9903,2018,https://understat.com/getLeagueData/Serie_A/2018,2019-04-22,True
2019-04-27,Bologna,Empoli,1.55302,0.353443,9913,2018,https://understat.com/getLeagueData/Serie_A/2018,2019-04-27,True
2019-04-27,Inter,Juventus,1.35633,0.581189,9907,2018,https://understat.com/getLeagueData/Serie_A/2018,2019-04-27,True
2019-04-27,Roma,Cagliari,2.89766,0.504583,9908,2018,https://understat.com/getLeagueData/Serie_A/2018,2019-04-27,True
2019-04-28,Chievo,Parma,0.897173,0.459969,9914,2018,https://understat.com/getLeagueData/Serie_A/2018,2019-04-28,True
2019-04-28,Frosinone,Napoli,1.34557,2.27846,9916,2018,https://understat.com/getLeagueData/Serie_A/2018,2019-04-28,True
2019-04-28,Sampdoria,Lazio,1.19443,1.2474,9909,2018,https://understat.com/getLeagueData/Serie_A/2018,2019-04-28,True
2019-04-28,Spal,Genoa,1.16682,1.05383,9910,2018,https://understat.com/getLeagueData/Serie_A/2018,2019-04-28,True
2019-04-28,Torino,Milan,1.24216,0.604324,9911,2018,https://understat.com/getLeagueData/Serie_A/2018,2019-04-28,True
2019-04-29,Atalanta,Udinese,2.01335,0.120965,9912,2018,https://understat.com/getLeagueData/Serie_A/2018,2019-04-29,True
2019-04-29,Fiorentina,Sassuolo,1.14177,1.77025,9915,2018,https://understat.com/getLeagueData/Serie_A/2018,2019-04-29,True
2019-05-03,Juventus,Torino,1.3225,0.648738,9922,2018,https://understat.com/getLeagueData/Serie_A/2018,2019-05-03,True
2019-05-04,Chievo,Spal,0.575305,2.14921,9917,2018,https://understat.com/getLeagueData/Serie_A/2018,2019-05-04,True
2019-05-04,Udinese,Inter,0.362542,2.27962,9921,2018,https://understat.com/getLeagueData/Serie_A/2018,2019-05-04,True
2019-05-05,Empoli,Fiorentina,0.947998,2.43324,9918,2018,https://understat.com/getLeagueData/Serie_A/2018,2019-05-05,True
2019-05-05,Genoa,Roma,2.43408,0.732727,9919,2018,https://understat.com/getLeagueData/Serie_A/2018,2019-05-05,True
2019-05-05,Lazio,Atalanta,0.372816,1.80864,9923,2018,https://understat.com/getLeagueData/Serie_A/2018,2019-05-05,True
2019-05-05,Napoli,Cagliari,1.83655,0.2445,9925,2018,https://understat.com/getLeagueData/Serie_A/2018,2019-05-05,True
2019-05-05,Parma,Sampdoria,2.4778,2.77584,9926,2018,https://understat.com/getLeagueData/Serie_A/2018,2019-05-05,True
2019-05-05,Sassuolo,Frosinone,2.06277,0.624983,9920,2018,https://understat.com/getLeagueData/Serie_A/2018,2019-05-05,True
2019-05-06,Milan,Bologna,1.25154,1.26196,9924,2018,https://understat.com/getLeagueData/Serie_A/2018,2019-05-06,True
2019-05-11,Atalanta,Genoa,1.52984,1.72822,9930,2018,https://understat.com/getLeagueData/Serie_A/2018,2019-05-11,True
2019-05-11,Cagliari,Lazio,1.2824,1.58764,9932,2018,https://understat.com/getLeagueData/Serie_A/2018,2019-05-11,True
2019-05-11,Fiorentina,Milan,0.826645,0.977718,9933,2018,https://understat.com/getLeagueData/Serie_A/2018,2019-05-11,True
2019-05-12,Frosinone,Udinese,1.64928,2.53456,9934,2018,https://understat.com/getLeagueData/Serie_A/2018,2019-05-12,True
2019-05-12,Roma,Juventus,1.38797,1.04957,9936,2018,https://understat.com/getLeagueData/Serie_A/2018,2019-05-12,True
2019-05-12,Sampdoria,Empoli,1.87735,2.20557,9929,2018,https://understat.com/getLeagueData/Serie_A/2018,2019-05-12,True
2019-05-12,Spal,Napoli,1.92412,1.73399,9928,2018,https://understat.com/getLeagueData/Serie_A/2018,2019-05-12,True
2019-05-12,Torino,Sassuolo,3.93173,0.846402,9927,2018,https://understat.com/getLeagueData/Serie_A/2018,2019-05-12,True
2019-05-13,Bologna,Parma,1.84615,0.572389,9931,2018,https://understat.com/getLeagueData/Serie_A/2018,2019-05-13,True
2019-05-13,Inter,Chievo,2.00932,0.13114,9935,2018,https://understat.com/getLeagueData/Serie_A/2018,2019-05-13,True
2019-05-18,Genoa,Cagliari,1.80673,0.310138,9939,2018,https://understat.com/getLeagueData/Serie_A/2018,2019-05-18,True
2019-05-18,Sassuolo,Roma,1.12474,2.76568,9944,2018,https://understat.com/getLeagueData/Serie_A/2018,2019-05-18,True
2019-05-18,Udinese,Spal,1.38841,1.16875,9945,2018,https://understat.com/getLeagueData/Serie_A/2018,2019-05-18,True
2019-05-19,Chievo,Sampdoria,0.780352,0.680499,9937,2018,https://understat.com/getLeagueData/Serie_A/2018,2019-05-19,True
2019-05-19,Empoli,Torino,2.53996,1.28459,9938,2018,https://understat.com/getLeagueData/Serie_A/2018,2019-05-19,True
2019-05-19,Juventus,Atalanta,0.876516,1.66588,9940,2018,https://understat.com/getLeagueData/Serie_A/2018,2019-05-19,True
2019-05-19,Milan,Frosinone,1.67301,1.66205,9942,2018,https://understat.com/getLeagueData/Serie_A/2018,2019-05-19,True
2019-05-19,Napoli,Inter,1.74459,1.99068,9946,2018,https://understat.com/getLeagueData/Serie_A/2018,2019-05-19,True
2019-05-19,Parma,Fiorentina,0.610095,1.28249,9943,2018,https://understat.com/getLeagueData/Serie_A/2018,2019-05-19,True
2019-05-20,Lazio,Bologna,1.84382,2.57708,9941,2018,https://understat.com/getLeagueData/Serie_A/2018,2019-05-20,True
2019-05-25,Bologna,Napoli,0.939859,1.7979,9948,2018,https://understat.com/getLeagueData/Serie_A/2018,2019-05-25,True
2019-05-25,Frosinone,Chievo,0.56103,0.0239835,9951,2018,https://understat.com/getLeagueData/Serie_A/2018,2019-05-25,True
2019-05-26,Atalanta,Sassuolo,2.15843,0.55839,9947,2018,https://understat.com/getLeagueData/Serie_A/2018,2019-05-26,True
2019-05-26,Cagliari,Udinese,2.44976,0.74405,9949,2018,https://understat.com/getLeagueData/Serie_A/2018,2019-05-26,True
2019-05-26,Fiorentina,Genoa,0.296039,0.0743908,9950,2018,https://understat.com/getLeagueData/Serie_A/2018,2019-05-26,True
2019-05-26,Inter,Empoli,2.74302,1.77275,9952,2018,https://understat.com/getLeagueData/Serie_A/2018,2019-05-26,True
2019-05-26,Roma,Parma,1.72281,1.08938,9953,2018,https://understat.com/getLeagueData/Serie_A/2018,2019-05-26,True
2019-05-26,Sampdoria,Juventus,0.686933,0.487175,9954,2018,https://understat.com/getLeagueData/Serie_A/2018,2019-05-26,True
2019-05-26,Spal,Milan,0.433984,1.7846,9955,2018,https://understat.com/getLeagueData/Serie_A/2018,2019-05-26,True
2019-05-26,Torino,Lazio,2.39804,1.1792,9956,2018,https://understat.com/getLeagueData/Serie_A/2018,2019-05-26,True
2019-08-24,Fiorentina,Napoli,1.94205,1.94511,13090,2019,https://understat.com/getLeagueData/Serie_A/2019,2019-08-24,True
2019-08-24,Parma,Juventus,0.264026,1.88829,13089,2019,https://understat.com/getLeagueData/Serie_A/2019,2019-08-24,True
2019-08-25,Cagliari,Brescia,0.998907,1.32688,13097,2019,https://understat.com/getLeagueData/Serie_A/2019,2019-08-25,True
2019-08-25,Roma,Genoa,2.6256,1.1259,13093,2019,https://understat.com/getLeagueData/Serie_A/2019,2019-08-25,True
2019-08-25,Sampdoria,Lazio,0.627446,1.54375,13094,2019,https://understat.com/getLeagueData/Serie_A/2019,2019-08-25,True
2019-08-25,Spal,Atalanta,1.48495,1.70129,13095,2019,https://understat.com/getLeagueData/Serie_A/2019,2019-08-25,True
2019-08-25,Torino,Sassuolo,1.87227,1.35208,13096,2019,https://understat.com/getLeagueData/Serie_A/2019,2019-08-25,True
2019-08-25,Udinese,Milan,0.777545,0.633654,13091,2019,https://understat.com/getLeagueData/Serie_A/2019,2019-08-25,True
2019-08-25,Verona,Bologna,0.109745,2.11,13092,2019,https://understat.com/getLeagueData/Serie_A/2019,2019-08-25,True
2019-08-26,Inter,Lecce,2.14366,0.408768,13098,2019,https://understat.com/getLeagueData/Serie_A/2019,2019-08-26,True
2019-08-30,Bologna,Spal,3.76497,0.850525,13099,2019,https://understat.com/getLeagueData/Serie_A/2019,2019-08-30,True
2019-08-31,Juventus,Napoli,2.0077,1.58762,13101,2019,https://understat.com/getLeagueData/Serie_A/2019,2019-08-31,True
2019-08-31,Milan,Brescia,1.9308,0.860645,13100,2019,https://understat.com/getLeagueData/Serie_A/2019,2019-08-31,True
2019-09-01,Atalanta,Torino,1.83194,0.684714,13104,2019,https://understat.com/getLeagueData/Serie_A/2019,2019-09-01,True
2019-09-01,Cagliari,Inter,0.479896,1.77917,13105,2019,https://understat.com/getLeagueData/Serie_A/2019,2019-09-01,True
2019-09-01,Genoa,Fiorentina,2.41153,1.80442,13106,2019,https://understat.com/getLeagueData/Serie_A/2019,2019-09-01,True
2019-09-01,Lazio,Roma,2.07207,1.19504,13102,2019,https://understat.com/getLeagueData/Serie_A/2019,2019-09-01,True
2019-09-01,Lecce,Verona,0.994717,1.824,13103,2019,https://understat.com/getLeagueData/Serie_A/2019,2019-09-01,True
2019-09-01,Sassuolo,Sampdoria,2.66279,1.24293,13107,2019,https://understat.com/getLeagueData/Serie_A/2019,2019-09-01,True
2019-09-01,Udinese,Parma,1.69727,1.21449,13108,2019,https://understat.com/getLeagueData/Serie_A/2019,2019-09-01,True
2019-09-14,Fiorentina,Juventus,1.47787,0.324648,13110,2019,https://understat.com/getLeagueData/Serie_A/2019,2019-09-14,True
2019-09-14,Inter,Udinese,1.56746,0.250925,13113,2019,https://understat.com/getLeagueData/Serie_A/2019,2019-09-14,True
2019-09-14,Napoli,Sampdoria,1.72924,1.69786,13114,2019,https://understat.com/getLeagueData/Serie_A/2019,2019-09-14,True
2019-09-15,Brescia,Bologna,1.14311,3.68503,13109,2019,https://understat.com/getLeagueData/Serie_A/2019,2019-09-15,True
2019-09-15,Genoa,Atalanta,1.35423,2.43373,13111,2019,https://understat.com/getLeagueData/Serie_A/2019,2019-09-15,True
2019-09-15,Parma,Cagliari,1.33287,0.684256,13115,2019,https://understat.com/getLeagueData/Serie_A/2019,2019-09-15,True
2019-09-15,Roma,Sassuolo,2.96035,0.84997,13116,2019,https://understat.com/getLeagueData/Serie_A/2019,2019-09-15,True
2019-09-15,Spal,Lazio,1.10476,1.46024,13117,2019,https://understat.com/getLeagueData/Serie_A/2019,2019-09-15,True
2019-09-15,Verona,Milan,0.465316,1.47177,13112,2019,https://understat.com/getLeagueData/Serie_A/2019,2019-09-15,True
2019-09-16,Torino,Lecce,1.5512,1.25479,13118,2019,https://understat.com/getLeagueData/Serie_A/2019,2019-09-16,True
2019-09-20,Cagliari,Genoa,1.24675,1.61461,13121,2019,https://understat.com/getLeagueData/Serie_A/2019,2019-09-20,True
2019-09-21,Juventus,Verona,1.86372,1.8415,13122,2019,https://understat.com/getLeagueData/Serie_A/2019,2019-09-21,True
2019-09-21,Milan,Inter,1.09144,2.49224,13125,2019,https://understat.com/getLeagueData/Serie_A/2019,2019-09-21,True
2019-09-21,Udinese,Brescia,0.505205,0.810849,13128,2019,https://understat.com/getLeagueData/Serie_A/2019,2019-09-21,True
2019-09-22,Atalanta,Fiorentina,1.44964,1.40952,13119,2019,https://understat.com/getLeagueData/Serie_A/2019,2019-09-22,True
2019-09-22,Bologna,Roma,1.34513,1.45512,13120,2019,https://understat.com/getLeagueData/Serie_A/2019,2019-09-22,True
2019-09-22,Lazio,Parma,2.00279,0.504659,13123,2019,https://understat.com/getLeagueData/Serie_A/2019,2019-09-22,True
2019-09-22,Lecce,Napoli,1.37591,3.0665,13124,2019,https://understat.com/getLeagueData/Serie_A/2019,2019-09-22,True
2019-09-22,Sampdoria,Torino,1.8371,0.216688,13126,2019,https://understat.com/getLeagueData/Serie_A/2019,2019-09-22,True
2019-09-22,Sassuolo,Spal,2.01353,0.923321,13127,2019,https://understat.com/getLeagueData/Serie_A/2019,2019-09-22,True
2019-09-24,Brescia,Juventus,0.686153,1.88191,13129,2019,https://understat.com/getLeagueData/Serie_A/2019,2019-09-24,True
2019-09-24,Verona,Udinese,0.973188,0.814274,13132,2019,https://understat.com/getLeagueData/Serie_A/2019,2019-09-24,True
2019-09-25,Fiorentina,Sampdoria,1.94827,0.642879,13130,2019,https://understat.com/getLeagueData/Serie_A/2019,2019-09-25,True
2019-09-25,Genoa,Bologna,0.213674,1.58656,13131,2019,https://understat.com/getLeagueData/Serie_A/2019,2019-09-25,True
2019-09-25,Inter,Lazio,1.74169,1.3648,13133,2019,https://understat.com/getLeagueData/Serie_A/2019,2019-09-25,True
2019-09-25,Napoli,Cagliari,1.89418,0.534885,13134,2019,https://understat.com/getLeagueData/Serie_A/2019,2019-09-25,True
2019-09-25,Parma,Sassuolo,1.50602,0.505463,13135,2019,https://understat.com/getLeagueData/Serie_A/2019,2019-09-25,True
2019-09-25,Roma,Atalanta,2.21614,2.23314,13136,2019,https://understat.com/getLeagueData/Serie_A/2019,2019-09-25,True
2019-09-25,Spal,Lecce,0.924939,1.89438,13137,2019,https://understat.com/getLeagueData/Serie_A/2019,2019-09-25,True
2019-09-26,Torino,Milan,1.0873,2.29514,13138,2019,https://understat.com/getLeagueData/Serie_A/2019,2019-09-26,True
2019-09-28,Juventus,Spal,2.36566,0.160279,13140,2019,https://understat.com/getLeagueData/Serie_A/2019,2019-09-28,True
2019-09-28,Sampdoria,Inter,1.31073,2.16553,13146,2019,https://understat.com/getLeagueData/Serie_A/2019,2019-09-28,True
2019-09-28,Sassuolo,Atalanta,0.442236,2.42758,13147,2019,https://understat.com/getLeagueData/Serie_A/2019,2019-09-28,True
2019-09-29,Cagliari,Verona,2.14031,2.19656,13139,2019,https://understat.com/getLeagueData/Serie_A/2019,2019-09-29,True
2019-09-29,Lazio,Genoa,1.61693,1.0028,13141,2019,https://understat.com/getLeagueData/Serie_A/2019,2019-09-29,True
2019-09-29,Lecce,Roma,0.793718,2.99876,13142,2019,https://understat.com/getLeagueData/Serie_A/2019,2019-09-29,True
2019-09-29,Milan,Fiorentina,0.593975,3.00943,13143,2019,https://understat.com/getLeagueData/Serie_A/2019,2019-09-29,True
2019-09-29,Napoli,Brescia,2.50124,1.14541,13144,2019,https://understat.com/getLeagueData/Serie_A/2019,2019-09-29,True
2019-09-29,Udinese,Bologna,0.838641,0.759433,13148,2019,https://understat.com/getLeagueData/Serie_A/2019,2019-09-29,True
2019-09-30,Parma,Torino,3.27038,1.69923,13145,2019,https://understat.com/getLeagueData/Serie_A/2019,2019-09-30,True
2019-10-05,Genoa,Milan,1.65802,1.20462,13153,2019,https://understat.com/getLeagueData/Serie_A/2019,2019-10-05,True
2019-10-05,Spal,Parma,1.30807,0.238942,13157,2019,https://understat.com/getLeagueData/Serie_A/2019,2019-10-05,True
2019-10-05,Verona,Sampdoria,0.667382,0.727876,13154,2019,https://understat.com/getLeagueData/Serie_A/2019,2019-10-05,True
2019-10-06,Atalanta,Lecce,4.39219,0.999184,13149,2019,https://understat.com/getLeagueData/Serie_A/2019,2019-10-06,True
2019-10-06,Bologna,Lazio,3.37988,1.59819,13150,2019,https://understat.com/getLeagueData/Serie_A/2019,2019-10-06,True
2019-10-06,Fiorentina,Udinese,1.15966,0.77254,13152,2019,https://understat.com/getLeagueData/Serie_A/2019,2019-10-06,True
2019-10-06,Inter,Juventus,1.53885,1.22127,13155,2019,https://understat.com/getLeagueData/Serie_A/2019,2019-10-06,True
2019-10-06,Roma,Cagliari,1.4212,1.03338,13156,2019,https://understat.com/getLeagueData/Serie_A/2019,2019-10-06,True
2019-10-06,Torino,Napoli,0.48114,0.840858,13158,2019,https://understat.com/getLeagueData/Serie_A/2019,2019-10-06,True
2019-10-19,Juventus,Bologna,1.85733,0.959285,13161,2019,https://understat.com/getLeagueData/Serie_A/2019,2019-10-19,True
2019-10-19,Lazio,Atalanta,2.70407,2.56796,13162,2019,https://understat.com/getLeagueData/Serie_A/2019,2019-10-19,True
2019-10-19,Napoli,Verona,2.28168,1.73959,13164,2019,https://understat.com/getLeagueData/Serie_A/2019,2019-10-19,True
2019-10-20,Cagliari,Spal,1.14716,0.917756,13160,2019,https://understat.com/getLeagueData/Serie_A/2019,2019-10-20,True
2019-10-20,Milan,Lecce,1.7835,1.29111,13163,2019,https://understat.com/getLeagueData/Serie_A/2019,2019-10-20,True
2019-10-20,Parma,Genoa,2.5989,1.89911,13165,2019,https://understat.com/getLeagueData/Serie_A/2019,2019-10-20,True
2019-10-20,Sampdoria,Roma,0.628013,0.443611,13166,2019,https://understat.com/getLeagueData/Serie_A/2019,2019-10-20,True
2019-10-20,Sassuolo,Inter,0.885577,3.04913,13167,2019,https://understat.com/getLeagueData/Serie_A/2019,2019-10-20,True
2019-10-20,Udinese,Torino,1.87593,0.603538,13168,2019,https://understat.com/getLeagueData/Serie_A/2019,2019-10-20,True
2019-10-21,Brescia,Fiorentina,0.543738,0.82628,13159,2019,https://understat.com/getLeagueData/Serie_A/2019,2019-10-21,True
2019-10-25,Verona,Sassuolo,0.782917,1.05439,13173,2019,https://understat.com/getLeagueData/Serie_A/2019,2019-10-25,True
2019-10-26,Genoa,Brescia,1.12256,1.16628,13172,2019,https://understat.com/getLeagueData/Serie_A/2019,2019-10-26,True
2019-10-26,Inter,Parma,2.41687,0.950313,13174,2019,https://understat.com/getLeagueData/Serie_A/2019,2019-10-26,True
2019-10-26,Lecce,Juventus,1.05543,3.57172,13175,2019,https://understat.com/getLeagueData/Serie_A/2019,2019-10-26,True
2019-10-27,Atalanta,Udinese,5.83297,0.477769,13169,2019,https://understat.com/getLeagueData/Serie_A/2019,2019-10-27,True
2019-10-27,Bologna,Sampdoria,2.25191,0.507876,13170,2019,https://understat.com/getLeagueData/Serie_A/2019,2019-10-27,True
2019-10-27,Fiorentina,Lazio,0.563956,2.00858,13171,2019,https://understat.com/getLeagueData/Serie_A/2019,2019-10-27,True
2019-10-27,Roma,Milan,1.66688,0.545215,13176,2019,https://understat.com/getLeagueData/Serie_A/2019,2019-10-27,True
2019-10-27,Spal,Napoli,0.470344,0.898916,13177,2019,https://understat.com/getLeagueData/Serie_A/2019,2019-10-27,True
2019-10-27,Torino,Cagliari,1.30837,0.509454,13178,2019,https://understat.com/getLeagueData/Serie_A/2019,2019-10-27,True
2019-10-29,Brescia,Inter,1.63039,0.769551,13179,2019,https://understat.com/getLeagueData/Serie_A/2019,2019-10-29,True
2019-10-29,Parma,Verona,1.17096,0.372338,13185,2019,https://understat.com/getLeagueData/Serie_A/2019,2019-10-29,True
2019-10-30,Cagliari,Bologna,1.35196,1.18024,13180,2019,https://understat.com/getLeagueData/Serie_A/2019,2019-10-30,True
2019-10-30,Juventus,Genoa,2.65664,0.269772,13181,2019,https://understat.com/getLeagueData/Serie_A/2019,2019-10-30,True
2019-10-30,Lazio,Torino,2.29976,0.706344,13182,2019,https://understat.com/getLeagueData/Serie_A/2019,2019-10-30,True
2019-10-30,Napoli,Atalanta,3.19908,1.33873,13184,2019,https://understat.com/getLeagueData/Serie_A/2019,2019-10-30,True
2019-10-30,Sampdoria,Lecce,1.64236,1.06001,13186,2019,https://understat.com/getLeagueData/Serie_A/2019,2019-10-30,True
2019-10-30,Sassuolo,Fiorentina,0.958797,1.15444,13187,2019,https://understat.com/getLeagueData/Serie_A/2019,2019-10-30,True
2019-10-30,Udinese,Roma,0.557164,3.28214,13188,2019,https://understat.com/getLeagueData/Serie_A/2019,2019-10-30,True
2019-10-31,Milan,Spal,1.90677,0.335973,13183,2019,https://understat.com/getLeagueData/Serie_A/2019,2019-10-31,True
2019-11-02,Bologna,Inter,0.380245,2.09958,13190,2019,https://understat.com/getLeagueData/Serie_A/2019,2019-11-02,True
2019-11-02,Roma,Napoli,2.21085,1.6515,13196,2019,https://understat.com/getLeagueData/Serie_A/2019,2019-11-02,True
2019-11-02,Torino,Juventus,0.35915,1.78754,13198,2019,https://understat.com/getLeagueData/Serie_A/2019,2019-11-02,True
2019-11-03,Atalanta,Cagliari,0.75623,1.10665,13189,2019,https://understat.com/getLeagueData/Serie_A/2019,2019-11-03,True
2019-11-03,Fiorentina,Parma,1.36867,0.703957,13191,2019,https://understat.com/getLeagueData/Serie_A/2019,2019-11-03,True
2019-11-03,Genoa,Udinese,1.48183,1.39908,13192,2019,https://understat.com/getLeagueData/Serie_A/2019,2019-11-03,True
2019-11-03,Lecce,Sassuolo,0.483324,2.17105,13194,2019,https://understat.com/getLeagueData/Serie_A/2019,2019-11-03,True
2019-11-03,Milan,Lazio,0.717705,1.11258,13195,2019,https://understat.com/getLeagueData/Serie_A/2019,2019-11-03,True
2019-11-03,Verona,Brescia,1.14031,0.975463,13193,2019,https://understat.com/getLeagueData/Serie_A/2019,2019-11-03,True
2019-11-04,Spal,Sampdoria,0.501251,0.857291,13197,2019,https://understat.com/getLeagueData/Serie_A/2019,2019-11-04,True
2019-11-08,Sassuolo,Bologna,2.6891,0.541844,13207,2019,https://understat.com/getLeagueData/Serie_A/2019,2019-11-08,True
2019-11-09,Brescia,Torino,0.59465,3.11135,13199,2019,https://understat.com/getLeagueData/Serie_A/2019,2019-11-09,True
2019-11-09,Inter,Verona,2.24655,1.27413,13201,2019,https://understat.com/getLeagueData/Serie_A/2019,2019-11-09,True
2019-11-09,Napoli,Genoa,0.883505,1.23282,13204,2019,https://understat.com/getLeagueData/Serie_A/2019,2019-11-09,True
2019-11-10,Cagliari,Fiorentina,3.21493,0.869022,13200,2019,https://understat.com/getLeagueData/Serie_A/2019,2019-11-10,True
2019-11-10,Juventus,Milan,1.11956,0.517282,13202,2019,https://understat.com/getLeagueData/Serie_A/2019,2019-11-10,True
2019-11-10,Lazio,Lecce,3.65287,2.55559,13203,2019,https://understat.com/getLeagueData/Serie_A/2019,2019-11-10,True
2019-11-10,Parma,Roma,1.29826,0.97114,13205,2019,https://understat.com/getLeagueData/Serie_A/2019,2019-11-10,True
2019-11-10,Sampdoria,Atalanta,0.887813,0.517338,13206,2019,https://understat.com/getLeagueData/Serie_A/2019,2019-11-10,True
2019-11-10,Udinese,Spal,1.60289,1.95747,13208,2019,https://understat.com/getLeagueData/Serie_A/2019,2019-11-10,True
2019-11-23,Atalanta,Juventus,2.78945,1.20522,13209,2019,https://understat.com/getLeagueData/Serie_A/2019,2019-11-23,True
2019-11-23,Milan,Napoli,0.794979,1.2322,13213,2019,https://understat.com/getLeagueData/Serie_A/2019,2019-11-23,True
2019-11-23,Torino,Inter,0.431759,1.46431,13218,2019,https://understat.com/getLeagueData/Serie_A/2019,2019-11-23,True
2019-11-24,Bologna,Parma,0.695312,1.29667,13210,2019,https://understat.com/getLeagueData/Serie_A/2019,2019-11-24,True
2019-11-24,Roma,Brescia,2.51584,0.31479,13214,2019,https://understat.com/getLeagueData/Serie_A/2019,2019-11-24,True
2019-11-24,Sampdoria,Udinese,2.13455,0.281611,13215,2019,https://understat.com/getLeagueData/Serie_A/2019,2019-11-24,True
2019-11-24,Sassuolo,Lazio,1.37752,0.942458,13216,2019,https://understat.com/getLeagueData/Serie_A/2019,2019-11-24,True
2019-11-24,Verona,Fiorentina,1.51813,0.844664,13211,2019,https://understat.com/getLeagueData/Serie_A/2019,2019-11-24,True
2019-11-25,Lecce,Cagliari,4.09277,0.959475,13212,2019,https://understat.com/getLeagueData/Serie_A/2019,2019-11-25,True
2019-11-25,Spal,Genoa,2.44472,1.71849,13217,2019,https://understat.com/getLeagueData/Serie_A/2019,2019-11-25,True
2019-11-30,Brescia,Atalanta,1.2071,2.66863,13219,2019,https://understat.com/getLeagueData/Serie_A/2019,2019-11-30,True
2019-11-30,Fiorentina,Lecce,1.43717,1.11878,13221,2019,https://understat.com/getLeagueData/Serie_A/2019,2019-11-30,True
2019-11-30,Genoa,Torino,0.925599,0.657203,13222,2019,https://understat.com/getLeagueData/Serie_A/2019,2019-11-30,True
2019-12-01,Inter,Spal,2.136,1.15284,13224,2019,https://understat.com/getLeagueData/Serie_A/2019,2019-12-01,True
2019-12-01,Juventus,Sassuolo,4.34699,0.69873,13225,2019,https://understat.com/getLeagueData/Serie_A/2019,2019-12-01,True
2019-12-01,Lazio,Udinese,2.91567,0.749962,13226,2019,https://understat.com/getLeagueData/Serie_A/2019,2019-12-01,True
2019-12-01,Napoli,Bologna,1.74594,1.47641,13227,2019,https://understat.com/getLeagueData/Serie_A/2019,2019-12-01,True
2019-12-01,Parma,Milan,0.198769,2.13566,13228,2019,https://understat.com/getLeagueData/Serie_A/2019,2019-12-01,True
2019-12-01,Verona,Roma,1.21801,2.10824,13223,2019,https://understat.com/getLeagueData/Serie_A/2019,2019-12-01,True
2019-12-02,Cagliari,Sampdoria,0.687361,1.32937,13220,2019,https://understat.com/getLeagueData/Serie_A/2019,2019-12-02,True
2019-12-06,Inter,Roma,2.07846,0.214697,13231,2019,https://understat.com/getLeagueData/Serie_A/2019,2019-12-06,True
2019-12-07,Atalanta,Verona,2.5171,1.19011,13229,2019,https://understat.com/getLeagueData/Serie_A/2019,2019-12-07,True
2019-12-07,Lazio,Juventus,2.25743,1.46889,13232,2019,https://understat.com/getLeagueData/Serie_A/2019,2019-12-07,True
2019-12-07,Udinese,Napoli,0.56859,1.07747,13238,2019,https://understat.com/getLeagueData/Serie_A/2019,2019-12-07,True
2019-12-08,Bologna,Milan,1.24829,2.41751,13230,2019,https://understat.com/getLeagueData/Serie_A/2019,2019-12-08,True
2019-12-08,Lecce,Genoa,0.85727,2.55768,13233,2019,https://understat.com/getLeagueData/Serie_A/2019,2019-12-08,True
2019-12-08,Sampdoria,Parma,1.19231,0.602606,13234,2019,https://understat.com/getLeagueData/Serie_A/2019,2019-12-08,True
2019-12-08,Sassuolo,Cagliari,1.936,0.762659,13235,2019,https://understat.com/getLeagueData/Serie_A/2019,2019-12-08,True
2019-12-08,Spal,Brescia,1.91592,1.91478,13236,2019,https://understat.com/getLeagueData/Serie_A/2019,2019-12-08,True
2019-12-08,Torino,Fiorentina,0.953465,1.92326,13237,2019,https://understat.com/getLeagueData/Serie_A/2019,2019-12-08,True
2019-12-14,Brescia,Lecce,3.67148,0.90603,13240,2019,https://understat.com/getLeagueData/Serie_A/2019,2019-12-14,True
2019-12-14,Genoa,Sampdoria,0.947705,0.237624,13243,2019,https://understat.com/getLeagueData/Serie_A/2019,2019-12-14,True
2019-12-14,Napoli,Parma,1.88263,1.29277,13247,2019,https://understat.com/getLeagueData/Serie_A/2019,2019-12-14,True
2019-12-15,Bologna,Atalanta,1.34375,2.16001,13239,2019,https://understat.com/getLeagueData/Serie_A/2019,2019-12-15,True
2019-12-15,Fiorentina,Inter,0.570393,1.02941,13242,2019,https://understat.com/getLeagueData/Serie_A/2019,2019-12-15,True
2019-12-15,Juventus,Udinese,2.21259,1.24612,13245,2019,https://understat.com/getLeagueData/Serie_A/2019,2019-12-15,True
2019-12-15,Milan,Sassuolo,2.17858,0.84977,13246,2019,https://understat.com/getLeagueData/Serie_A/2019,2019-12-15,True
2019-12-15,Roma,Spal,3.697,1.11044,13248,2019,https://understat.com/getLeagueData/Serie_A/2019,2019-12-15,True
2019-12-15,Verona,Torino,2.33378,1.4413,13244,2019,https://understat.com/getLeagueData/Serie_A/2019,2019-12-15,True
2019-12-16,Cagliari,Lazio,1.65566,2.05609,13241,2019,https://understat.com/getLeagueData/Serie_A/2019,2019-12-16,True
2019-12-18,Brescia,Sassuolo,1.17578,0.702205,13151,2019,https://understat.com/getLeagueData/Serie_A/2019,2019-12-18,True
2019-12-18,Sampdoria,Juventus,0.558008,0.874375,13255,2019,https://understat.com/getLeagueData/Serie_A/2019,2019-12-18,True
2019-12-20,Fiorentina,Roma,1.40532,1.726,13250,2019,https://understat.com/getLeagueData/Serie_A/2019,2019-12-20,True
2019-12-21,Inter,Genoa,2.34293,0.294882,13251,2019,https://understat.com/getLeagueData/Serie_A/2019,2019-12-21,True
2019-12-21,Torino,Spal,1.24219,0.948561,13257,2019,https://understat.com/getLeagueData/Serie_A/2019,2019-12-21,True
2019-12-21,Udinese,Cagliari,2.14016,0.64597,13258,2019,https://understat.com/getLeagueData/Serie_A/2019,2019-12-21,True
2019-12-22,Atalanta,Milan,2.3426,0.334827,13249,2019,https://understat.com/getLeagueData/Serie_A/2019,2019-12-22,True
2019-12-22,Lecce,Bologna,1.19573,4.46396,13253,2019,https://understat.com/getLeagueData/Serie_A/2019,2019-12-22,True
2019-12-22,Parma,Brescia,0.820014,1.9905,13254,2019,https://understat.com/getLeagueData/Serie_A/2019,2019-12-22,True
2019-12-22,Sassuolo,Napoli,1.38422,1.80188,13256,2019,https://understat.com/getLeagueData/Serie_A/2019,2019-12-22,True
2020-01-05,Brescia,Lazio,0.31406,1.75165,13261,2019,https://understat.com/getLeagueData/Serie_A/2019,2020-01-05,True
2020-01-05,Genoa,Sassuolo,3.10482,0.860874,13262,2019,https://understat.com/getLeagueData/Serie_A/2019,2020-01-05,True
2020-01-05,Roma,Torino,1.9541,2.29167,13267,2019,https://understat.com/getLeagueData/Serie_A/2019,2020-01-05,True
2020-01-05,Spal,Verona,1.60395,2.52979,13268,2019,https://understat.com/getLeagueData/Serie_A/2019,2020-01-05,True
2020-01-06,Atalanta,Parma,2.40246,0.127344,13259,2019,https://understat.com/getLeagueData/Serie_A/2019,2020-01-06,True
2020-01-06,Bologna,Fiorentina,0.869633,0.389787,13260,2019,https://understat.com/getLeagueData/Serie_A/2019,2020-01-06,True
2020-01-06,Juventus,Cagliari,3.2802,0.403038,13263,2019,https://understat.com/getLeagueData/Serie_A/2019,2020-01-06,True
2020-01-06,Lecce,Udinese,0.752631,0.795554,13264,2019,https://understat.com/getLeagueData/Serie_A/2019,2020-01-06,True
2020-01-06,Milan,Sampdoria,1.5417,1.05525,13265,2019,https://understat.com/getLeagueData/Serie_A/2019,2020-01-06,True
2020-01-06,Napoli,Inter,1.69175,1.24209,13266,2019,https://understat.com/getLeagueData/Serie_A/2019,2020-01-06,True
2020-01-11,Cagliari,Milan,0.762889,1.22302,13269,2019,https://understat.com/getLeagueData/Serie_A/2019,2020-01-11,True
2020-01-11,Inter,Atalanta,0.728607,2.54235,13272,2019,https://understat.com/getLeagueData/Serie_A/2019,2020-01-11,True
2020-01-11,Lazio,Napoli,1.4953,0.994893,13273,2019,https://understat.com/getLeagueData/Serie_A/2019,2020-01-11,True
2020-01-12,Fiorentina,Spal,2.0568,1.29075,13270,2019,https://understat.com/getLeagueData/Serie_A/2019,2020-01-12,True
2020-01-12,Roma,Juventus,2.58161,1.34236,13275,2019,https://understat.com/getLeagueData/Serie_A/2019,2020-01-12,True
2020-01-12,Sampdoria,Brescia,3.22026,1.00697,13276,2019,https://understat.com/getLeagueData/Serie_A/2019,2020-01-12,True
2020-01-12,Torino,Bologna,0.56981,1.85862,13277,2019,https://understat.com/getLeagueData/Serie_A/2019,2020-01-12,True
2020-01-12,Udinese,Sassuolo,1.87301,0.770996,13278,2019,https://understat.com/getLeagueData/Serie_A/2019,2020-01-12,True
2020-01-12,Verona,Genoa,2.45867,0.766675,13271,2019,https://understat.com/getLeagueData/Serie_A/2019,2020-01-12,True
2020-01-13,Parma,Lecce,2.14614,0.803732,13274,2019,https://understat.com/getLeagueData/Serie_A/2019,2020-01-13,True
2020-01-18,Lazio,Sampdoria,4.87384,0.510628,13284,2019,https://understat.com/getLeagueData/Serie_A/2019,2020-01-18,True
2020-01-18,Napoli,Fiorentina,0.580972,0.78573,13287,2019,https://understat.com/getLeagueData/Serie_A/2019,2020-01-18,True
2020-01-18,Sassuolo,Torino,0.885308,1.25078,13288,2019,https://understat.com/getLeagueData/Serie_A/2019,2020-01-18,True
2020-01-19,Bologna,Verona,1.23818,2.38484,13280,2019,https://understat.com/getLeagueData/Serie_A/2019,2020-01-19,True
2020-01-19,Brescia,Cagliari,1.36518,3.55238,13281,2019,https://understat.com/getLeagueData/Serie_A/2019,2020-01-19,True
2020-01-19,Genoa,Roma,1.16664,2.75706,13282,2019,https://understat.com/getLeagueData/Serie_A/2019,2020-01-19,True
2020-01-19,Juventus,Parma,1.3483,0.206503,13283,2019,https://understat.com/getLeagueData/Serie_A/2019,2020-01-19,True
2020-01-19,Lecce,Inter,1.01391,2.1611,13285,2019,https://understat.com/getLeagueData/Serie_A/2019,2020-01-19,True
2020-01-19,Milan,Udinese,2.81555,1.18505,13286,2019,https://understat.com/getLeagueData/Serie_A/2019,2020-01-19,True
2020-01-20,Atalanta,Spal,2.45221,1.21091,13279,2019,https://understat.com/getLeagueData/Serie_A/2019,2020-01-20,True
2020-01-24,Brescia,Milan,1.21977,2.15393,13289,2019,https://understat.com/getLeagueData/Serie_A/2019,2020-01-24,True
2020-01-25,Fiorentina,Genoa,1.1429,1.57939,13290,2019,https://understat.com/getLeagueData/Serie_A/2019,2020-01-25,True
2020-01-25,Spal,Bologna,1.66537,2.38713,13296,2019,https://understat.com/getLeagueData/Serie_A/2019,2020-01-25,True
2020-01-25,Torino,Atalanta,0.537278,5.34676,13297,2019,https://understat.com/getLeagueData/Serie_A/2019,2020-01-25,True
2020-01-26,Inter,Cagliari,1.70002,0.830763,13291,2019,https://understat.com/getLeagueData/Serie_A/2019,2020-01-26,True
2020-01-26,Napoli,Juventus,1.26806,0.652726,13292,2019,https://understat.com/getLeagueData/Serie_A/2019,2020-01-26,True
2020-01-26,Parma,Udinese,1.42647,1.87624,13293,2019,https://understat.com/getLeagueData/Serie_A/2019,2020-01-26,True
2020-01-26,Roma,Lazio,2.13426,1.1389,13294,2019,https://understat.com/getLeagueData/Serie_A/2019,2020-01-26,True
2020-01-26,Sampdoria,Sassuolo,1.3355,0.342665,13295,2019,https://understat.com/getLeagueData/Serie_A/2019,2020-01-26,True
2020-01-26,Verona,Lecce,3.25786,0.460325,13298,2019,https://understat.com/getLeagueData/Serie_A/2019,2020-01-26,True
2020-02-01,Bologna,Brescia,2.17197,0.835919,13300,2019,https://understat.com/getLeagueData/Serie_A/2019,2020-02-01,True
2020-02-01,Cagliari,Parma,2.76598,2.208,13301,2019,https://understat.com/getLeagueData/Serie_A/2019,2020-02-01,True
2020-02-01,Sassuolo,Roma,2.42922,2.84695,13307,2019,https://understat.com/getLeagueData/Serie_A/2019,2020-02-01,True
2020-02-02,Atalanta,Genoa,2.71252,1.51621,13299,2019,https://understat.com/getLeagueData/Serie_A/2019,2020-02-02,True
2020-02-02,Juventus,Fiorentina,2.91178,0.913393,13302,2019,https://understat.com/getLeagueData/Serie_A/2019,2020-02-02,True
2020-02-02,Lazio,Spal,2.74294,0.830374,13303,2019,https://understat.com/getLeagueData/Serie_A/2019,2020-02-02,True
2020-02-02,Lecce,Torino,2.39622,0.960359,13304,2019,https://understat.com/getLeagueData/Serie_A/2019,2020-02-02,True
2020-02-02,Milan,Verona,1.91753,1.19585,13305,2019,https://understat.com/getLeagueData/Serie_A/2019,2020-02-02,True
2020-02-02,Udinese,Inter,0.728686,2.66609,13308,2019,https://understat.com/getLeagueData/Serie_A/2019,2020-02-02,True
2020-02-03,Sampdoria,Napoli,1.72735,1.62063,13306,2019,https://understat.com/getLeagueData/Serie_A/2019,2020-02-03,True
2020-02-05,Lazio,Verona,1.08446,0.556501,13252,2019,https://understat.com/getLeagueData/Serie_A/2019,2020-02-05,True
2020-02-07,Roma,Bologna,1.83686,1.28284,13315,2019,https://understat.com/getLeagueData/Serie_A/2019,2020-02-07,True
2020-02-08,Fiorentina,Atalanta,0.427977,1.76133,13310,2019,https://understat.com/getLeagueData/Serie_A/2019,2020-02-08,True
2020-02-08,Torino,Sampdoria,0.596273,1.99284,13317,2019,https://understat.com/getLeagueData/Serie_A/2019,2020-02-08,True
2020-02-08,Verona,Juventus,1.69256,1.08835,13318,2019,https://understat.com/getLeagueData/Serie_A/2019,2020-02-08,True
2020-02-09,Brescia,Udinese,0.712227,2.40665,13309,2019,https://understat.com/getLeagueData/Serie_A/2019,2020-02-09,True
2020-02-09,Genoa,Cagliari,1.23568,0.958382,13311,2019,https://understat.com/getLeagueData/Serie_A/2019,2020-02-09,True
2020-02-09,Inter,Milan,1.71449,2.44935,13312,2019,https://understat.com/getLeagueData/Serie_A/2019,2020-02-09,True
2020-02-09,Napoli,Lecce,3.48129,1.83334,13313,2019,https://understat.com/getLeagueData/Serie_A/2019,2020-02-09,True
2020-02-09,Parma,Lazio,0.71446,1.66984,13314,2019,https://understat.com/getLeagueData/Serie_A/2019,2020-02-09,True
2020-02-09,Spal,Sassuolo,1.59421,2.22596,13316,2019,https://understat.com/getLeagueData/Serie_A/2019,2020-02-09,True
2020-02-15,Atalanta,Roma,1.59147,0.298212,13319,2019,https://understat.com/getLeagueData/Serie_A/2019,2020-02-15,True
2020-02-15,Bologna,Genoa,0.573068,1.71559,13320,2019,https://understat.com/getLeagueData/Serie_A/2019,2020-02-15,True
2020-02-15,Lecce,Spal,1.59786,1.36497,13324,2019,https://understat.com/getLeagueData/Serie_A/2019,2020-02-15,True
2020-02-16,Cagliari,Napoli,0.287568,1.11984,13321,2019,https://understat.com/getLeagueData/Serie_A/2019,2020-02-16,True
2020-02-16,Juventus,Brescia,2.89308,0.242874,13322,2019,https://understat.com/getLeagueData/Serie_A/2019,2020-02-16,True
2020-02-16,Lazio,Inter,1.58388,0.639553,13323,2019,https://understat.com/getLeagueData/Serie_A/2019,2020-02-16,True
2020-02-16,Sampdoria,Fiorentina,2.02602,3.03573,13326,2019,https://understat.com/getLeagueData/Serie_A/2019,2020-02-16,True
2020-02-16,Sassuolo,Parma,1.39228,0.819298,13327,2019,https://understat.com/getLeagueData/Serie_A/2019,2020-02-16,True
2020-02-16,Udinese,Verona,0.793817,1.07514,13328,2019,https://understat.com/getLeagueData/Serie_A/2019,2020-02-16,True
2020-02-17,Milan,Torino,1.22541,0.255305,13325,2019,https://understat.com/getLeagueData/Serie_A/2019,2020-02-17,True
2020-02-21,Brescia,Napoli,1.28069,1.42319,13331,2019,https://understat.com/getLeagueData/Serie_A/2019,2020-02-21,True
2020-02-22,Bologna,Udinese,1.16709,0.748993,13330,2019,https://understat.com/getLeagueData/Serie_A/2019,2020-02-22,True
2020-02-22,Fiorentina,Milan,2.00153,0.763896,13332,2019,https://understat.com/getLeagueData/Serie_A/2019,2020-02-22,True
2020-02-22,Spal,Juventus,1.09171,1.86761,13336,2019,https://understat.com/getLeagueData/Serie_A/2019,2020-02-22,True
2020-02-23,Genoa,Lazio,1.14807,1.56379,13333,2019,https://understat.com/getLeagueData/Serie_A/2019,2020-02-23,True
2020-02-23,Roma,Lecce,3.81118,0.580412,13335,2019,https://understat.com/getLeagueData/Serie_A/2019,2020-02-23,True
2020-02-29,Lazio,Bologna,1.24352,1.6913,13341,2019,https://understat.com/getLeagueData/Serie_A/2019,2020-02-29,True
2020-02-29,Napoli,Torino,2.15689,0.824974,13344,2019,https://understat.com/getLeagueData/Serie_A/2019,2020-02-29,True
2020-03-01,Cagliari,Roma,1.09812,2.61064,13339,2019,https://understat.com/getLeagueData/Serie_A/2019,2020-03-01,True
2020-03-01,Lecce,Atalanta,0.337033,5.40731,13342,2019,https://understat.com/getLeagueData/Serie_A/2019,2020-03-01,True
2020-03-08,Juventus,Inter,1.2442,0.437285,13340,2019,https://understat.com/getLeagueData/Serie_A/2019,2020-03-08,True
2020-03-08,Milan,Genoa,1.9503,1.87123,13343,2019,https://understat.com/getLeagueData/Serie_A/2019,2020-03-08,True
2020-03-08,Parma,Spal,1.38981,1.13444,13345,2019,https://understat.com/getLeagueData/Serie_A/2019,2020-03-08,True
2020-03-08,Sampdoria,Verona,1.54204,1.71907,13346,2019,https://understat.com/getLeagueData/Serie_A/2019,2020-03-08,True
2020-03-08,Udinese,Fiorentina,0.930884,0.330345,13348,2019,https://understat.com/getLeagueData/Serie_A/2019,2020-03-08,True
2020-03-09,Sassuolo,Brescia,2.12473,0.469272,13347,2019,https://understat.com/getLeagueData/Serie_A/2019,2020-03-09,True
2020-06-20,Torino,Parma,2.88923,0.220634,13337,2019,https://understat.com/getLeagueData/Serie_A/2019,2020-06-20,True
2020-06-20,Verona,Cagliari,0.551934,1.18143,13338,2019,https://understat.com/getLeagueData/Serie_A/2019,2020-06-20,True
2020-06-21,Atalanta,Sassuolo,3.17229,2.51382,13329,2019,https://understat.com/getLeagueData/Serie_A/2019,2020-06-21,True
2020-06-21,Inter,Sampdoria,2.49624,0.541736,13334,2019,https://understat.com/getLeagueData/Serie_A/2019,2020-06-21,True
2020-06-22,Bologna,Juventus,0.577534,1.78947,13350,2019,https://understat.com/getLeagueData/Serie_A/2019,2020-06-22,True
2020-06-22,Fiorentina,Brescia,2.16709,1.24254,13351,2019,https://understat.com/getLeagueData/Serie_A/2019,2020-06-22,True
2020-06-22,Lecce,Milan,1.25749,2.5353,13354,2019,https://understat.com/getLeagueData/Serie_A/2019,2020-06-22,True
2020-06-23,Genoa,Parma,2.07644,1.78629,13352,2019,https://understat.com/getLeagueData/Serie_A/2019,2020-06-23,True
2020-06-23,Spal,Cagliari,1.09631,1.53512,13356,2019,https://understat.com/getLeagueData/Serie_A/2019,2020-06-23,True
2020-06-23,Torino,Udinese,0.997023,1.85678,13357,2019,https://understat.com/getLeagueData/Serie_A/2019,2020-06-23,True
2020-06-23,Verona,Napoli,1.44987,1.74552,13358,2019,https://understat.com/getLeagueData/Serie_A/2019,2020-06-23,True
2020-06-24,Atalanta,Lazio,2.25586,0.661396,13349,2019,https://understat.com/getLeagueData/Serie_A/2019,2020-06-24,True
2020-06-24,Inter,Sassuolo,3.29381,2.00772,13353,2019,https://understat.com/getLeagueData/Serie_A/2019,2020-06-24,True
2020-06-24,Roma,Sampdoria,2.14034,1.24278,13355,2019,https://understat.com/getLeagueData/Serie_A/2019,2020-06-24,True
2020-06-26,Juventus,Lecce,4.35037,0.31442,13361,2019,https://understat.com/getLeagueData/Serie_A/2019,2020-06-26,True
2020-06-27,Brescia,Genoa,1.49842,2.3274,13359,2019,https://understat.com/getLeagueData/Serie_A/2019,2020-06-27,True
2020-06-27,Cagliari,Torino,1.63782,1.20816,13360,2019,https://understat.com/getLeagueData/Serie_A/2019,2020-06-27,True
2020-06-27,Lazio,Fiorentina,1.64791,0.51901,13362,2019,https://understat.com/getLeagueData/Serie_A/2019,2020-06-27,True
2020-06-28,Milan,Roma,2.25687,0.601741,13363,2019,https://understat.com/getLeagueData/Serie_A/2019,2020-06-28,True
2020-06-28,Napoli,Spal,1.95132,0.530265,13364,2019,https://understat.com/getLeagueData/Serie_A/2019,2020-06-28,True
2020-06-28,Parma,Inter,1.00413,2.45298,13365,2019,https://understat.com/getLeagueData/Serie_A/2019,2020-06-28,True
2020-06-28,Sampdoria,Bologna,1.00506,2.32825,13366,2019,https://understat.com/getLeagueData/Serie_A/2019,2020-06-28,True
2020-06-28,Sassuolo,Verona,1.03467,1.32287,13367,2019,https://understat.com/getLeagueData/Serie_A/2019,2020-06-28,True
2020-06-28,Udinese,Atalanta,1.23073,0.883203,13368,2019,https://understat.com/getLeagueData/Serie_A/2019,2020-06-28,True
2020-06-30,Genoa,Juventus,0.19977,0.793958,13372,2019,https://understat.com/getLeagueData/Serie_A/2019,2020-06-30,True
2020-06-30,Torino,Lazio,0.918632,0.899592,13374,2019,https://understat.com/getLeagueData/Serie_A/2019,2020-06-30,True
2020-07-01,Bologna,Cagliari,0.821985,0.80257,13370,2019,https://understat.com/getLeagueData/Serie_A/2019,2020-07-01,True
2020-07-01,Fiorentina,Sassuolo,1.30578,1.5301,13371,2019,https://understat.com/getLeagueData/Serie_A/2019,2020-07-01,True
2020-07-01,Inter,Brescia,4.23395,0.328274,13378,2019,https://understat.com/getLeagueData/Serie_A/2019,2020-07-01,True
2020-07-01,Lecce,Sampdoria,1.75314,1.89408,13377,2019,https://understat.com/getLeagueData/Serie_A/2019,2020-07-01,True
2020-07-01,Spal,Milan,0.624702,1.59634,13375,2019,https://understat.com/getLeagueData/Serie_A/2019,2020-07-01,True
2020-07-01,Verona,Parma,1.52224,1.2056,13373,2019,https://understat.com/getLeagueData/Serie_A/2019,2020-07-01,True
2020-07-02,Atalanta,Napoli,1.06912,0.663009,13369,2019,https://understat.com/getLeagueData/Serie_A/2019,2020-07-02,True
2020-07-02,Roma,Udinese,0.722766,1.949,13376,2019,https://understat.com/getLeagueData/Serie_A/2019,2020-07-02,True
2020-07-04,Juventus,Torino,1.76945,1.45566,13388,2019,https://understat.com/getLeagueData/Serie_A/2019,2020-07-04,True
2020-07-04,Lazio,Milan,0.291705,2.32982,13379,2019,https://understat.com/getLeagueData/Serie_A/2019,2020-07-04,True
2020-07-04,Sassuolo,Lecce,1.82065,2.04843,13383,2019,https://understat.com/getLeagueData/Serie_A/2019,2020-07-04,True
2020-07-05,Brescia,Verona,1.11957,0.673728,13385,2019,https://understat.com/getLeagueData/Serie_A/2019,2020-07-05,True
2020-07-05,Cagliari,Atalanta,0.377188,3.08147,13386,2019,https://understat.com/getLeagueData/Serie_A/2019,2020-07-05,True
2020-07-05,Inter,Bologna,2.71687,1.07199,13387,2019,https://understat.com/getLeagueData/Serie_A/2019,2020-07-05,True
2020-07-05,Napoli,Roma,2.34423,0.696395,13380,2019,https://understat.com/getLeagueData/Serie_A/2019,2020-07-05,True
2020-07-05,Parma,Fiorentina,1.30598,2.7301,13381,2019,https://understat.com/getLeagueData/Serie_A/2019,2020-07-05,True
2020-07-05,Sampdoria,Spal,1.1329,1.27013,13382,2019,https://understat.com/getLeagueData/Serie_A/2019,2020-07-05,True
2020-07-05,Udinese,Genoa,0.852113,1.22414,13384,2019,https://understat.com/getLeagueData/Serie_A/2019,2020-07-05,True
2020-07-07,Lecce,Lazio,3.02321,1.97214,13393,2019,https://understat.com/getLeagueData/Serie_A/2019,2020-07-07,True
2020-07-07,Milan,Juventus,2.21519,1.40733,13394,2019,https://understat.com/getLeagueData/Serie_A/2019,2020-07-07,True
2020-07-08,Atalanta,Sampdoria,0.805912,1.14999,13389,2019,https://understat.com/getLeagueData/Serie_A/2019,2020-07-08,True
2020-07-08,Bologna,Sassuolo,0.61304,0.629928,13390,2019,https://understat.com/getLeagueData/Serie_A/2019,2020-07-08,True
2020-07-08,Fiorentina,Cagliari,0.505289,0.969869,13391,2019,https://understat.com/getLeagueData/Serie_A/2019,2020-07-08,True
2020-07-08,Genoa,Napoli,0.458319,1.58643,13392,2019,https://understat.com/getLeagueData/Serie_A/2019,2020-07-08,True
2020-07-08,Roma,Parma,3.30265,1.11414,13395,2019,https://understat.com/getLeagueData/Serie_A/2019,2020-07-08,True
2020-07-08,Torino,Brescia,1.88812,1.43951,13397,2019,https://understat.com/getLeagueData/Serie_A/2019,2020-07-08,True
2020-07-09,Spal,Udinese,0.325928,1.34662,13396,2019,https://understat.com/getLeagueData/Serie_A/2019,2020-07-09,True
2020-07-09,Verona,Inter,1.24167,1.39814,13398,2019,https://understat.com/getLeagueData/Serie_A/2019,2020-07-09,True
2020-07-11,Brescia,Roma,1.42387,3.13472,13407,2019,https://understat.com/getLeagueData/Serie_A/2019,2020-07-11,True
2020-07-11,Juventus,Atalanta,1.79282,0.699271,13403,2019,https://understat.com/getLeagueData/Serie_A/2019,2020-07-11,True
2020-07-11,Lazio,Sassuolo,0.672886,1.83016,13402,2019,https://understat.com/getLeagueData/Serie_A/2019,2020-07-11,True
2020-07-12,Cagliari,Lecce,1.42447,1.46065,13408,2019,https://understat.com/getLeagueData/Serie_A/2019,2020-07-12,True
2020-07-12,Fiorentina,Verona,1.60925,0.592972,13406,2019,https://understat.com/getLeagueData/Serie_A/2019,2020-07-12,True
2020-07-12,Genoa,Spal,2.81026,0.0436239,13405,2019,https://understat.com/getLeagueData/Serie_A/2019,2020-07-12,True
2020-07-12,Napoli,Milan,1.96716,1.28706,13401,2019,https://understat.com/getLeagueData/Serie_A/2019,2020-07-12,True
2020-07-12,Parma,Bologna,1.36631,0.632711,13400,2019,https://understat.com/getLeagueData/Serie_A/2019,2020-07-12,True
2020-07-12,Udinese,Sampdoria,0.738916,0.760265,13399,2019,https://understat.com/getLeagueData/Serie_A/2019,2020-07-12,True
2020-07-13,Inter,Torino,2.51678,1.6953,13404,2019,https://understat.com/getLeagueData/Serie_A/2019,2020-07-13,True
2020-07-14,Atalanta,Brescia,2.44363,0.867428,13410,2019,https://understat.com/getLeagueData/Serie_A/2019,2020-07-14,True
2020-07-15,Bologna,Napoli,0.67381,0.874604,13418,2019,https://understat.com/getLeagueData/Serie_A/2019,2020-07-15,True
2020-07-15,Lecce,Fiorentina,0.448154,2.58765,13417,2019,https://understat.com/getLeagueData/Serie_A/2019,2020-07-15,True
2020-07-15,Milan,Parma,1.7686,0.710977,13416,2019,https://understat.com/getLeagueData/Serie_A/2019,2020-07-15,True
2020-07-15,Roma,Verona,2.6565,0.879748,13415,2019,https://understat.com/getLeagueData/Serie_A/2019,2020-07-15,True
2020-07-15,Sampdoria,Cagliari,1.60851,0.50364,13414,2019,https://understat.com/getLeagueData/Serie_A/2019,2020-07-15,True
2020-07-15,Sassuolo,Juventus,1.89854,2.43394,13413,2019,https://understat.com/getLeagueData/Serie_A/2019,2020-07-15,True
2020-07-15,Udinese,Lazio,1.0273,0.716385,13409,2019,https://understat.com/getLeagueData/Serie_A/2019,2020-07-15,True
2020-07-16,Spal,Inter,0.811137,2.53043,13412,2019,https://understat.com/getLeagueData/Serie_A/2019,2020-07-16,True
2020-07-16,Torino,Genoa,1.4232,1.06904,13411,2019,https://understat.com/getLeagueData/Serie_A/2019,2020-07-16,True
2020-07-18,Cagliari,Sassuolo,0.387358,0.716792,13419,2019,https://understat.com/getLeagueData/Serie_A/2019,2020-07-18,True
2020-07-18,Milan,Bologna,3.1351,0.530197,13424,2019,https://understat.com/getLeagueData/Serie_A/2019,2020-07-18,True
2020-07-18,Verona,Atalanta,1.43922,1.75181,13428,2019,https://understat.com/getLeagueData/Serie_A/2019,2020-07-18,True
2020-07-19,Brescia,Spal,1.62366,1.58437,13420,2019,https://understat.com/getLeagueData/Serie_A/2019,2020-07-19,True
2020-07-19,Fiorentina,Torino,1.29061,0.236748,13421,2019,https://understat.com/getLeagueData/Serie_A/2019,2020-07-19,True
2020-07-19,Genoa,Lecce,0.446679,1.69932,13422,2019,https://understat.com/getLeagueData/Serie_A/2019,2020-07-19,True
2020-07-19,Napoli,Udinese,1.1326,0.842771,13425,2019,https://understat.com/getLeagueData/Serie_A/2019,2020-07-19,True
2020-07-19,Parma,Sampdoria,1.15169,1.65447,13426,2019,https://understat.com/getLeagueData/Serie_A/2019,2020-07-19,True
2020-07-19,Roma,Inter,1.44189,1.5285,13427,2019,https://understat.com/getLeagueData/Serie_A/2019,2020-07-19,True
2020-07-20,Juventus,Lazio,3.70839,1.18841,13423,2019,https://understat.com/getLeagueData/Serie_A/2019,2020-07-20,True
2020-07-21,Atalanta,Bologna,1.53325,0.420837,13429,2019,https://understat.com/getLeagueData/Serie_A/2019,2020-07-21,True
2020-07-21,Sassuolo,Milan,1.18751,2.68189,13435,2019,https://understat.com/getLeagueData/Serie_A/2019,2020-07-21,True
2020-07-22,Inter,Fiorentina,2.59401,0.632994,13430,2019,https://understat.com/getLeagueData/Serie_A/2019,2020-07-22,True
2020-07-22,Lecce,Brescia,2.53511,0.9591,13432,2019,https://understat.com/getLeagueData/Serie_A/2019,2020-07-22,True
2020-07-22,Parma,Napoli,2.01358,1.52569,13433,2019,https://understat.com/getLeagueData/Serie_A/2019,2020-07-22,True
2020-07-22,Sampdoria,Genoa,0.962991,0.943266,13434,2019,https://understat.com/getLeagueData/Serie_A/2019,2020-07-22,True
2020-07-22,Spal,Roma,0.511748,1.78955,13436,2019,https://understat.com/getLeagueData/Serie_A/2019,2020-07-22,True
2020-07-22,Torino,Verona,1.0939,1.49437,13437,2019,https://understat.com/getLeagueData/Serie_A/2019,2020-07-22,True
2020-07-23,Lazio,Cagliari,1.46863,0.774845,13431,2019,https://understat.com/getLeagueData/Serie_A/2019,2020-07-23,True
2020-07-23,Udinese,Juventus,1.25842,0.646151,13438,2019,https://understat.com/getLeagueData/Serie_A/2019,2020-07-23,True
2020-07-24,Milan,Atalanta,0.459668,2.14411,13440,2019,https://understat.com/getLeagueData/Serie_A/2019,2020-07-24,True
2020-07-25,Brescia,Parma,1.6946,1.83818,13448,2019,https://understat.com/getLeagueData/Serie_A/2019,2020-07-25,True
2020-07-25,Genoa,Inter,0.396594,2.09129,13441,2019,https://understat.com/getLeagueData/Serie_A/2019,2020-07-25,True
2020-07-25,Napoli,Sassuolo,2.4361,0.636029,13443,2019,https://understat.com/getLeagueData/Serie_A/2019,2020-07-25,True
2020-07-26,Bologna,Lecce,2.68927,2.24736,13439,2019,https://understat.com/getLeagueData/Serie_A/2019,2020-07-26,True
2020-07-26,Cagliari,Udinese,1.21989,0.988006,13447,2019,https://understat.com/getLeagueData/Serie_A/2019,2020-07-26,True
2020-07-26,Juventus,Sampdoria,3.493,1.0882,13442,2019,https://understat.com/getLeagueData/Serie_A/2019,2020-07-26,True
2020-07-26,Roma,Fiorentina,2.9313,0.706479,13444,2019,https://understat.com/getLeagueData/Serie_A/2019,2020-07-26,True
2020-07-26,Spal,Torino,0.376682,1.55546,13445,2019,https://understat.com/getLeagueData/Serie_A/2019,2020-07-26,True
2020-07-26,Verona,Lazio,1.78131,2.26539,13446,2019,https://understat.com/getLeagueData/Serie_A/2019,2020-07-26,True
2020-07-28,Inter,Napoli,0.592135,1.16883,13450,2019,https://understat.com/getLeagueData/Serie_A/2019,2020-07-28,True
2020-07-28,Parma,Atalanta,1.56236,1.14053,13457,2019,https://understat.com/getLeagueData/Serie_A/2019,2020-07-28,True
2020-07-29,Cagliari,Juventus,1.06185,1.26452,13449,2019,https://understat.com/getLeagueData/Serie_A/2019,2020-07-29,True
2020-07-29,Fiorentina,Bologna,2.38995,1.30437,13451,2019,https://understat.com/getLeagueData/Serie_A/2019,2020-07-29,True
2020-07-29,Lazio,Brescia,3.90847,0.785251,13458,2019,https://understat.com/getLeagueData/Serie_A/2019,2020-07-29,True
2020-07-29,Sampdoria,Milan,2.45481,3.08989,13456,2019,https://understat.com/getLeagueData/Serie_A/2019,2020-07-29,True
2020-07-29,Sassuolo,Genoa,3.04916,1.10579,13455,2019,https://understat.com/getLeagueData/Serie_A/2019,2020-07-29,True
2020-07-29,Torino,Roma,0.968279,2.42302,13454,2019,https://understat.com/getLeagueData/Serie_A/2019,2020-07-29,True
2020-07-29,Udinese,Lecce,1.5542,1.93484,13453,2019,https://understat.com/getLeagueData/Serie_A/2019,2020-07-29,True
2020-07-29,Verona,Spal,2.03906,0.737187,13452,2019,https://understat.com/getLeagueData/Serie_A/2019,2020-07-29,True
2020-08-01,Atalanta,Inter,1.01735,1.15739,13459,2019,https://understat.com/getLeagueData/Serie_A/2019,2020-08-01,True
2020-08-01,Brescia,Sampdoria,1.66164,1.94751,13465,2019,https://understat.com/getLeagueData/Serie_A/2019,2020-08-01,True
2020-08-01,Juventus,Roma,1.04247,1.93545,13467,2019,https://understat.com/getLeagueData/Serie_A/2019,2020-08-01,True
2020-08-01,Milan,Cagliari,3.3169,0.228383,13464,2019,https://understat.com/getLeagueData/Serie_A/2019,2020-08-01,True
2020-08-01,Napoli,Lazio,1.92539,1.0997,13462,2019,https://understat.com/getLeagueData/Serie_A/2019,2020-08-01,True
2020-08-02,Bologna,Torino,1.33815,1.4627,13463,2019,https://understat.com/getLeagueData/Serie_A/2019,2020-08-02,True
2020-08-02,Genoa,Verona,0.895278,0.982261,13466,2019,https://understat.com/getLeagueData/Serie_A/2019,2020-08-02,True
2020-08-02,Lecce,Parma,2.63165,3.54088,13468,2019,https://understat.com/getLeagueData/Serie_A/2019,2020-08-02,True
2020-08-02,Sassuolo,Udinese,0.997909,2.14872,13461,2019,https://understat.com/getLeagueData/Serie_A/2019,2020-08-02,True
2020-08-02,Spal,Fiorentina,0.861493,2.24878,13460,2019,https://understat.com/getLeagueData/Serie_A/2019,2020-08-02,True
2020-09-19,Fiorentina,Torino,2.35462,0.617878,14116,2020,https://understat.com/getLeagueData/Serie_A/2020,2020-09-19,True
2020-09-19,Verona,Roma,0.910773,1.77959,14117,2020,https://understat.com/getLeagueData/Serie_A/2020,2020-09-19,True
2020-09-20,Genoa,Crotone,2.23283,1.32278,14119,2020,https://understat.com/getLeagueData/Serie_A/2020,2020-09-20,True
2020-09-20,Juventus,Sampdoria,2.14288,0.606523,14121,2020,https://understat.com/getLeagueData/Serie_A/2020,2020-09-20,True
2020-09-20,Parma,Napoli,0.160985,1.54079,14118,2020,https://understat.com/getLeagueData/Serie_A/2020,2020-09-20,True
2020-09-20,Sassuolo,Cagliari,2.0285,0.95973,14120,2020,https://understat.com/getLeagueData/Serie_A/2020,2020-09-20,True
2020-09-21,Milan,Bologna,2.94224,0.825483,14122,2020,https://understat.com/getLeagueData/Serie_A/2020,2020-09-21,True
2020-09-26,Cagliari,Lazio,0.91566,1.99417,14124,2020,https://understat.com/getLeagueData/Serie_A/2020,2020-09-26,True
2020-09-26,Inter,Fiorentina,1.69563,2.25332,14126,2020,https://understat.com/getLeagueData/Serie_A/2020,2020-09-26,True
2020-09-26,Sampdoria,Benevento,1.36058,1.27481,14125,2020,https://understat.com/getLeagueData/Serie_A/2020,2020-09-26,True
2020-09-26,Torino,Atalanta,0.773914,2.47087,14123,2020,https://understat.com/getLeagueData/Serie_A/2020,2020-09-26,True
2020-09-27,Crotone,Milan,0.107055,2.43073,14130,2020,https://understat.com/getLeagueData/Serie_A/2020,2020-09-27,True
2020-09-27,Napoli,Genoa,2.34102,0.265594,14128,2020,https://understat.com/getLeagueData/Serie_A/2020,2020-09-27,True
2020-09-27,Roma,Juventus,2.81817,1.90728,14131,2020,https://understat.com/getLeagueData/Serie_A/2020,2020-09-27,True
2020-09-27,Spezia,Sassuolo,1.29116,2.6497,14127,2020,https://understat.com/getLeagueData/Serie_A/2020,2020-09-27,True
2020-09-27,Verona,Udinese,1.35384,2.14756,14129,2020,https://understat.com/getLeagueData/Serie_A/2020,2020-09-27,True
2020-09-28,Bologna,Parma,2.04715,1.2448,14132,2020,https://understat.com/getLeagueData/Serie_A/2020,2020-09-28,True
2020-09-30,Benevento,Inter,1.2507,4.53244,14133,2020,https://understat.com/getLeagueData/Serie_A/2020,2020-09-30,True
2020-09-30,Lazio,Atalanta,1.80375,1.89667,14135,2020,https://understat.com/getLeagueData/Serie_A/2020,2020-09-30,True
2020-09-30,Udinese,Spezia,1.86648,0.812849,14134,2020,https://understat.com/getLeagueData/Serie_A/2020,2020-09-30,True
2020-10-02,Fiorentina,Sampdoria,2.02799,2.18148,15446,2020,https://understat.com/getLeagueData/Serie_A/2020,2020-10-02,True
2020-10-03,Sassuolo,Crotone,1.85563,1.5945,15447,2020,https://understat.com/getLeagueData/Serie_A/2020,2020-10-03,True
2020-10-03,Udinese,Roma,1.66689,0.762958,15449,2020,https://understat.com/getLeagueData/Serie_A/2020,2020-10-03,True
2020-10-04,Atalanta,Cagliari,3.60777,0.655559,15450,2020,https://understat.com/getLeagueData/Serie_A/2020,2020-10-04,True
2020-10-04,Benevento,Bologna,0.8907,1.82239,15451,2020,https://understat.com/getLeagueData/Serie_A/2020,2020-10-04,True
2020-10-04,Lazio,Inter,1.20722,0.719092,15452,2020,https://understat.com/getLeagueData/Serie_A/2020,2020-10-04,True
2020-10-04,Milan,Spezia,2.64977,0.152433,15454,2020,https://understat.com/getLeagueData/Serie_A/2020,2020-10-04,True
2020-10-04,Parma,Verona,1.23442,0.633776,15453,2020,https://understat.com/getLeagueData/Serie_A/2020,2020-10-04,True
2020-10-17,Crotone,Juventus,1.39522,1.58494,15459,2020,https://understat.com/getLeagueData/Serie_A/2020,2020-10-17,True
2020-10-17,Inter,Milan,2.54683,2.06232,15457,2020,https://understat.com/getLeagueData/Serie_A/2020,2020-10-17,True
2020-10-17,Napoli,Atalanta,1.17201,0.640405,15456,2020,https://understat.com/getLeagueData/Serie_A/2020,2020-10-17,True
2020-10-17,Sampdoria,Lazio,1.83414,0.454609,15458,2020,https://understat.com/getLeagueData/Serie_A/2020,2020-10-17,True
2020-10-18,Bologna,Sassuolo,1.45422,3.23668,15460,2020,https://understat.com/getLeagueData/Serie_A/2020,2020-10-18,True
2020-10-18,Roma,Benevento,4.18819,1.55972,15464,2020,https://understat.com/getLeagueData/Serie_A/2020,2020-10-18,True
2020-10-18,Spezia,Fiorentina,0.925627,1.08362,15461,2020,https://understat.com/getLeagueData/Serie_A/2020,2020-10-18,True
2020-10-18,Torino,Cagliari,1.24172,1.79136,15462,2020,https://understat.com/getLeagueData/Serie_A/2020,2020-10-18,True
2020-10-18,Udinese,Parma,1.71631,0.96514,15463,2020,https://understat.com/getLeagueData/Serie_A/2020,2020-10-18,True
2020-10-19,Verona,Genoa,0.88144,0.38231,15465,2020,https://understat.com/getLeagueData/Serie_A/2020,2020-10-19,True
2020-10-23,Sassuolo,Torino,1.69093,2.08517,15475,2020,https://understat.com/getLeagueData/Serie_A/2020,2020-10-23,True
2020-10-24,Atalanta,Sampdoria,2.09742,2.49916,15466,2020,https://understat.com/getLeagueData/Serie_A/2020,2020-10-24,True
2020-10-24,Genoa,Inter,0.0128508,1.63844,15470,2020,https://understat.com/getLeagueData/Serie_A/2020,2020-10-24,True
2020-10-24,Lazio,Bologna,1.42977,1.75593,15472,2020,https://understat.com/getLeagueData/Serie_A/2020,2020-10-24,True
2020-10-25,Benevento,Napoli,0.650046,2.26936,15467,2020,https://understat.com/getLeagueData/Serie_A/2020,2020-10-25,True
2020-10-25,Cagliari,Crotone,2.08322,1.40714,15468,2020,https://understat.com/getLeagueData/Serie_A/2020,2020-10-25,True
2020-10-25,Fiorentina,Udinese,1.20434,2.6861,15469,2020,https://understat.com/getLeagueData/Serie_A/2020,2020-10-25,True
2020-10-25,Juventus,Verona,2.17723,0.599908,15471,2020,https://understat.com/getLeagueData/Serie_A/2020,2020-10-25,True
2020-10-25,Parma,Spezia,3.67014,0.965076,15474,2020,https://understat.com/getLeagueData/Serie_A/2020,2020-10-25,True
2020-10-26,Milan,Roma,2.81817,2.35903,15473,2020,https://understat.com/getLeagueData/Serie_A/2020,2020-10-26,True
2020-10-31,Bologna,Cagliari,1.46614,1.26683,15476,2020,https://understat.com/getLeagueData/Serie_A/2020,2020-10-31,True
2020-10-31,Crotone,Atalanta,0.524608,3.49595,15477,2020,https://understat.com/getLeagueData/Serie_A/2020,2020-10-31,True
2020-10-31,Inter,Parma,3.0518,0.760875,15478,2020,https://understat.com/getLeagueData/Serie_A/2020,2020-10-31,True
2020-11-01,Napoli,Sassuolo,2.14387,1.52493,15479,2020,https://understat.com/getLeagueData/Serie_A/2020,2020-11-01,True
2020-11-01,Roma,Fiorentina,3.6279,0.37308,15480,2020,https://understat.com/getLeagueData/Serie_A/2020,2020-11-01,True
2020-11-01,Sampdoria,Genoa,0.858208,1.18373,15481,2020,https://understat.com/getLeagueData/Serie_A/2020,2020-11-01,True
2020-11-01,Spezia,Juventus,0.546346,2.88171,15482,2020,https://understat.com/getLeagueData/Serie_A/2020,2020-11-01,True
2020-11-01,Torino,Lazio,2.4688,1.75598,15483,2020,https://understat.com/getLeagueData/Serie_A/2020,2020-11-01,True
2020-11-01,Udinese,Milan,0.956217,1.02378,15484,2020,https://understat.com/getLeagueData/Serie_A/2020,2020-11-01,True
2020-11-02,Verona,Benevento,2.51742,1.60386,15485,2020,https://understat.com/getLeagueData/Serie_A/2020,2020-11-02,True
2020-11-04,Genoa,Torino,1.18572,0.444269,15448,2020,https://understat.com/getLeagueData/Serie_A/2020,2020-11-04,True
2020-11-06,Sassuolo,Udinese,0.0834694,0.0917939,15494,2020,https://understat.com/getLeagueData/Serie_A/2020,2020-11-06,True
2020-11-07,Benevento,Spezia,0.251291,1.45194,15487,2020,https://understat.com/getLeagueData/Serie_A/2020,2020-11-07,True
2020-11-07,Cagliari,Sampdoria,1.89967,0.134345,15489,2020,https://understat.com/getLeagueData/Serie_A/2020,2020-11-07,True
2020-11-07,Parma,Fiorentina,0.131692,0.814627,15493,2020,https://understat.com/getLeagueData/Serie_A/2020,2020-11-07,True
2020-11-08,Atalanta,Inter,0.955473,0.815144,15486,2020,https://understat.com/getLeagueData/Serie_A/2020,2020-11-08,True
2020-11-08,Bologna,Napoli,0.729048,1.40583,15488,2020,https://understat.com/getLeagueData/Serie_A/2020,2020-11-08,True
2020-11-08,Genoa,Roma,0.64745,3.49225,15490,2020,https://understat.com/getLeagueData/Serie_A/2020,2020-11-08,True
2020-11-08,Lazio,Juventus,1.07713,1.27201,15491,2020,https://understat.com/getLeagueData/Serie_A/2020,2020-11-08,True
2020-11-08,Milan,Verona,3.65495,2.20988,15492,2020,https://understat.com/getLeagueData/Serie_A/2020,2020-11-08,True
2020-11-08,Torino,Crotone,0.235946,0.300792,15495,2020,https://understat.com/getLeagueData/Serie_A/2020,2020-11-08,True
2020-11-21,Crotone,Lazio,0.432377,1.79345,15496,2020,https://understat.com/getLeagueData/Serie_A/2020,2020-11-21,True
2020-11-21,Juventus,Cagliari,2.54799,0.0831584,15499,2020,https://understat.com/getLeagueData/Serie_A/2020,2020-11-21,True
2020-11-21,Spezia,Atalanta,0.594898,2.20038,15503,2020,https://understat.com/getLeagueData/Serie_A/2020,2020-11-21,True
2020-11-22,Fiorentina,Benevento,1.21172,0.565303,15497,2020,https://understat.com/getLeagueData/Serie_A/2020,2020-11-22,True
2020-11-22,Inter,Torino,3.74566,1.97826,15498,2020,https://understat.com/getLeagueData/Serie_A/2020,2020-11-22,True
2020-11-22,Napoli,Milan,1.8847,1.83664,15500,2020,https://understat.com/getLeagueData/Serie_A/2020,2020-11-22,True
2020-11-22,Roma,Parma,3.20915,0.0318982,15501,2020,https://understat.com/getLeagueData/Serie_A/2020,2020-11-22,True
2020-11-22,Sampdoria,Bologna,0.817944,1.73409,15502,2020,https://understat.com/getLeagueData/Serie_A/2020,2020-11-22,True
2020-11-22,Udinese,Genoa,0.413067,0.731116,15504,2020,https://understat.com/getLeagueData/Serie_A/2020,2020-11-22,True
2020-11-22,Verona,Sassuolo,1.3932,0.51,15505,2020,https://understat.com/getLeagueData/Serie_A/2020,2020-11-22,True
2020-11-28,Atalanta,Verona,1.20139,1.78911,15506,2020,https://understat.com/getLeagueData/Serie_A/2020,2020-11-28,True
2020-11-28,Benevento,Juventus,0.439998,1.64625,15507,2020,https://understat.com/getLeagueData/Serie_A/2020,2020-11-28,True
2020-11-28,Sassuolo,Inter,0.753035,1.49985,15514,2020,https://understat.com/getLeagueData/Serie_A/2020,2020-11-28,True
2020-11-29,Bologna,Crotone,1.80058,0.401219,15508,2020,https://understat.com/getLeagueData/Serie_A/2020,2020-11-29,True
2020-11-29,Cagliari,Spezia,1.44548,2.7383,15509,2020,https://understat.com/getLeagueData/Serie_A/2020,2020-11-29,True
2020-11-29,Lazio,Udinese,1.22788,1.42863,15511,2020,https://understat.com/getLeagueData/Serie_A/2020,2020-11-29,True
2020-11-29,Milan,Fiorentina,2.85768,0.602734,15512,2020,https://understat.com/getLeagueData/Serie_A/2020,2020-11-29,True
2020-11-29,Napoli,Roma,2.05867,0.314633,15513,2020,https://understat.com/getLeagueData/Serie_A/2020,2020-11-29,True
2020-11-30,Genoa,Parma,1.58372,1.40499,15510,2020,https://understat.com/getLeagueData/Serie_A/2020,2020-11-30,True
2020-11-30,Torino,Sampdoria,1.63863,1.38058,15515,2020,https://understat.com/getLeagueData/Serie_A/2020,2020-11-30,True
2020-12-05,Inter,Bologna,1.98287,1.1214,15518,2020,https://understat.com/getLeagueData/Serie_A/2020,2020-12-05,True
2020-12-05,Juventus,Torino,2.52836,1.34238,15519,2020,https://understat.com/getLeagueData/Serie_A/2020,2020-12-05,True
2020-12-05,Spezia,Lazio,1.7297,0.437896,15523,2020,https://understat.com/getLeagueData/Serie_A/2020,2020-12-05,True
2020-12-06,Crotone,Napoli,0.508882,1.93801,15516,2020,https://understat.com/getLeagueData/Serie_A/2020,2020-12-06,True
2020-12-06,Parma,Benevento,0.501198,0.340508,15520,2020,https://understat.com/getLeagueData/Serie_A/2020,2020-12-06,True
2020-12-06,Roma,Sassuolo,1.27993,0.209882,15521,2020,https://understat.com/getLeagueData/Serie_A/2020,2020-12-06,True
2020-12-06,Sampdoria,Milan,0.986547,2.66831,15522,2020,https://understat.com/getLeagueData/Serie_A/2020,2020-12-06,True
2020-12-06,Verona,Cagliari,3.02671,1.67924,15525,2020,https://understat.com/getLeagueData/Serie_A/2020,2020-12-06,True
2020-12-07,Fiorentina,Genoa,2.79212,1.37691,15517,2020,https://understat.com/getLeagueData/Serie_A/2020,2020-12-07,True
2020-12-11,Sassuolo,Benevento,1.08927,2.09826,15534,2020,https://understat.com/getLeagueData/Serie_A/2020,2020-12-11,True
2020-12-12,Crotone,Spezia,1.69279,0.824038,15529,2020,https://understat.com/getLeagueData/Serie_A/2020,2020-12-12,True
2020-12-12,Lazio,Verona,0.647828,0.955041,15531,2020,https://understat.com/getLeagueData/Serie_A/2020,2020-12-12,True
2020-12-12,Torino,Udinese,1.07631,1.47406,15535,2020,https://understat.com/getLeagueData/Serie_A/2020,2020-12-12,True
2020-12-13,Atalanta,Fiorentina,2.8038,0.461794,15526,2020,https://understat.com/getLeagueData/Serie_A/2020,2020-12-13,True
2020-12-13,Bologna,Roma,0.354826,4.03543,15527,2020,https://understat.com/getLeagueData/Serie_A/2020,2020-12-13,True
2020-12-13,Cagliari,Inter,1.61081,2.74594,15528,2020,https://understat.com/getLeagueData/Serie_A/2020,2020-12-13,True
2020-12-13,Genoa,Juventus,0.484378,3.60091,15530,2020,https://understat.com/getLeagueData/Serie_A/2020,2020-12-13,True
2020-12-13,Milan,Parma,1.8515,0.603434,15532,2020,https://understat.com/getLeagueData/Serie_A/2020,2020-12-13,True
2020-12-13,Napoli,Sampdoria,1.51835,0.713804,15533,2020,https://understat.com/getLeagueData/Serie_A/2020,2020-12-13,True
2020-12-15,Benevento,Lazio,1.43093,0.416738,15536,2020,https://understat.com/getLeagueData/Serie_A/2020,2020-12-15,True
2020-12-15,Udinese,Crotone,1.10391,0.123143,15544,2020,https://understat.com/getLeagueData/Serie_A/2020,2020-12-15,True
2020-12-16,Fiorentina,Sassuolo,1.71835,1.7103,15537,2020,https://understat.com/getLeagueData/Serie_A/2020,2020-12-16,True
2020-12-16,Genoa,Milan,1.22979,2.05417,15538,2020,https://understat.com/getLeagueData/Serie_A/2020,2020-12-16,True
2020-12-16,Inter,Napoli,1.31797,3.25581,15539,2020,https://understat.com/getLeagueData/Serie_A/2020,2020-12-16,True
2020-12-16,Juventus,Atalanta,2.71039,0.902039,15540,2020,https://understat.com/getLeagueData/Serie_A/2020,2020-12-16,True
2020-12-16,Parma,Cagliari,0.870374,0.265316,15541,2020,https://understat.com/getLeagueData/Serie_A/2020,2020-12-16,True
2020-12-16,Spezia,Bologna,2.66532,1.61165,15543,2020,https://understat.com/getLeagueData/Serie_A/2020,2020-12-16,True
2020-12-16,Verona,Sampdoria,1.49333,0.779474,15545,2020,https://understat.com/getLeagueData/Serie_A/2020,2020-12-16,True
2020-12-17,Roma,Torino,3.04581,0.975058,15542,2020,https://understat.com/getLeagueData/Serie_A/2020,2020-12-17,True
2020-12-19,Fiorentina,Verona,1.68253,1.24682,15549,2020,https://understat.com/getLeagueData/Serie_A/2020,2020-12-19,True
2020-12-19,Parma,Juventus,0.926619,2.80045,15552,2020,https://understat.com/getLeagueData/Serie_A/2020,2020-12-19,True
2020-12-19,Sampdoria,Crotone,2.48022,1.04297,15553,2020,https://understat.com/getLeagueData/Serie_A/2020,2020-12-19,True
2020-12-20,Atalanta,Roma,1.91426,0.712758,15546,2020,https://understat.com/getLeagueData/Serie_A/2020,2020-12-20,True
2020-12-20,Benevento,Genoa,1.55436,0.245022,15547,2020,https://understat.com/getLeagueData/Serie_A/2020,2020-12-20,True
2020-12-20,Cagliari,Udinese,0.628497,1.43641,15548,2020,https://understat.com/getLeagueData/Serie_A/2020,2020-12-20,True
2020-12-20,Inter,Spezia,1.26331,0.779401,15550,2020,https://understat.com/getLeagueData/Serie_A/2020,2020-12-20,True
2020-12-20,Lazio,Napoli,0.701577,0.982563,15551,2020,https://understat.com/getLeagueData/Serie_A/2020,2020-12-20,True
2020-12-20,Sassuolo,Milan,1.04718,1.41457,15554,2020,https://understat.com/getLeagueData/Serie_A/2020,2020-12-20,True
2020-12-20,Torino,Bologna,1.10564,2.17731,15555,2020,https://understat.com/getLeagueData/Serie_A/2020,2020-12-20,True
2020-12-22,Crotone,Parma,0.7999,1.50226,15557,2020,https://understat.com/getLeagueData/Serie_A/2020,2020-12-22,True
2020-12-22,Juventus,Fiorentina,0.388088,1.53117,15558,2020,https://understat.com/getLeagueData/Serie_A/2020,2020-12-22,True
2020-12-23,Bologna,Atalanta,1.08799,1.89381,15556,2020,https://understat.com/getLeagueData/Serie_A/2020,2020-12-23,True
2020-12-23,Milan,Lazio,1.88103,1.45797,15559,2020,https://understat.com/getLeagueData/Serie_A/2020,2020-12-23,True
2020-12-23,Napoli,Torino,0.896358,0.390204,15560,2020,https://understat.com/getLeagueData/Serie_A/2020,2020-12-23,True
2020-12-23,Roma,Cagliari,3.36165,1.19646,15561,2020,https://understat.com/getLeagueData/Serie_A/2020,2020-12-23,True
2020-12-23,Sampdoria,Sassuolo,1.6455,2.16381,15562,2020,https://understat.com/getLeagueData/Serie_A/2020,2020-12-23,True
2020-12-23,Spezia,Genoa,0.530442,1.24789,15563,2020,https://understat.com/getLeagueData/Serie_A/2020,2020-12-23,True
2020-12-23,Udinese,Benevento,2.4683,0.338064,15564,2020,https://understat.com/getLeagueData/Serie_A/2020,2020-12-23,True
2020-12-23,Verona,Inter,1.23629,2.0312,15565,2020,https://understat.com/getLeagueData/Serie_A/2020,2020-12-23,True
2021-01-03,Atalanta,Sassuolo,3.50279,0.499119,15566,2020,https://understat.com/getLeagueData/Serie_A/2020,2021-01-03,True
2021-01-03,Benevento,Milan,2.34965,1.53692,15567,2020,https://understat.com/getLeagueData/Serie_A/2020,2021-01-03,True
2021-01-03,Cagliari,Napoli,0.860583,5.2489,15568,2020,https://understat.com/getLeagueData/Serie_A/2020,2021-01-03,True
2021-01-03,Fiorentina,Bologna,0.352245,0.633738,15569,2020,https://understat.com/getLeagueData/Serie_A/2020,2021-01-03,True
2021-01-03,Genoa,Lazio,1.14509,1.34628,15570,2020,https://understat.com/getLeagueData/Serie_A/2020,2021-01-03,True
2021-01-03,Inter,Crotone,2.4614,1.85185,15571,2020,https://understat.com/getLeagueData/Serie_A/2020,2021-01-03,True
2021-01-03,Juventus,Udinese,3.54071,1.75781,15572,2020,https://understat.com/getLeagueData/Serie_A/2020,2021-01-03,True
2021-01-03,Parma,Torino,0.846876,1.67327,15573,2020,https://understat.com/getLeagueData/Serie_A/2020,2021-01-03,True
2021-01-03,Roma,Sampdoria,2.40692,0.229603,15574,2020,https://understat.com/getLeagueData/Serie_A/2020,2021-01-03,True
2021-01-03,Spezia,Verona,0.450318,1.5461,15575,2020,https://understat.com/getLeagueData/Serie_A/2020,2021-01-03,True
2021-01-06,Atalanta,Parma,2.38532,0.0467904,15576,2020,https://understat.com/getLeagueData/Serie_A/2020,2021-01-06,True
2021-01-06,Bologna,Udinese,1.30678,1.70449,15577,2020,https://understat.com/getLeagueData/Serie_A/2020,2021-01-06,True
2021-01-06,Cagliari,Benevento,1.16751,1.23401,15578,2020,https://understat.com/getLeagueData/Serie_A/2020,2021-01-06,True
2021-01-06,Crotone,Roma,0.498045,1.89996,15579,2020,https://understat.com/getLeagueData/Serie_A/2020,2021-01-06,True
2021-01-06,Lazio,Fiorentina,1.91891,1.77283,15580,2020,https://understat.com/getLeagueData/Serie_A/2020,2021-01-06,True
2021-01-06,Milan,Juventus,1.02584,2.3569,15581,2020,https://understat.com/getLeagueData/Serie_A/2020,2021-01-06,True
2021-01-06,Napoli,Spezia,4.01311,1.92698,15582,2020,https://understat.com/getLeagueData/Serie_A/2020,2021-01-06,True
2021-01-06,Sampdoria,Inter,1.3375,2.49173,15583,2020,https://understat.com/getLeagueData/Serie_A/2020,2021-01-06,True
2021-01-06,Sassuolo,Genoa,2.26,1.04966,15584,2020,https://understat.com/getLeagueData/Serie_A/2020,2021-01-06,True
2021-01-06,Torino,Verona,1.36437,0.299538,15585,2020,https://understat.com/getLeagueData/Serie_A/2020,2021-01-06,True
2021-01-09,Benevento,Atalanta,0.945676,4.0811,15586,2020,https://understat.com/getLeagueData/Serie_A/2020,2021-01-09,True
2021-01-09,Genoa,Bologna,1.0511,1.03548,15588,2020,https://understat.com/getLeagueData/Serie_A/2020,2021-01-09,True
2021-01-09,Milan,Torino,1.58807,0.372133,15590,2020,https://understat.com/getLeagueData/Serie_A/2020,2021-01-09,True
2021-01-10,Fiorentina,Cagliari,1.90744,1.25523,15587,2020,https://understat.com/getLeagueData/Serie_A/2020,2021-01-10,True
2021-01-10,Juventus,Sassuolo,3.03948,0.542444,15589,2020,https://understat.com/getLeagueData/Serie_A/2020,2021-01-10,True
2021-01-10,Parma,Lazio,0.38214,3.416,15591,2020,https://understat.com/getLeagueData/Serie_A/2020,2021-01-10,True
2021-01-10,Roma,Inter,0.904251,1.9311,15592,2020,https://understat.com/getLeagueData/Serie_A/2020,2021-01-10,True
2021-01-10,Udinese,Napoli,2.22446,1.7625,15594,2020,https://understat.com/getLeagueData/Serie_A/2020,2021-01-10,True
2021-01-10,Verona,Crotone,1.29189,0.832994,15595,2020,https://understat.com/getLeagueData/Serie_A/2020,2021-01-10,True
2021-01-11,Spezia,Sampdoria,1.71534,0.433748,15593,2020,https://understat.com/getLeagueData/Serie_A/2020,2021-01-11,True
2021-01-15,Lazio,Roma,0.941571,0.639638,15601,2020,https://understat.com/getLeagueData/Serie_A/2020,2021-01-15,True
2021-01-16,Bologna,Verona,2.59435,0.695086,15597,2020,https://understat.com/getLeagueData/Serie_A/2020,2021-01-16,True
2021-01-16,Sampdoria,Udinese,1.50541,2.78281,15603,2020,https://understat.com/getLeagueData/Serie_A/2020,2021-01-16,True
2021-01-16,Torino,Spezia,0.994528,0.310945,15605,2020,https://understat.com/getLeagueData/Serie_A/2020,2021-01-16,True
2021-01-17,Atalanta,Genoa,2.08328,0.905971,15596,2020,https://understat.com/getLeagueData/Serie_A/2020,2021-01-17,True
2021-01-17,Crotone,Benevento,1.49503,2.46021,15599,2020,https://understat.com/getLeagueData/Serie_A/2020,2021-01-17,True
2021-01-17,Inter,Juventus,1.73238,0.368127,15600,2020,https://understat.com/getLeagueData/Serie_A/2020,2021-01-17,True
2021-01-17,Napoli,Fiorentina,2.24139,1.1403,15602,2020,https://understat.com/getLeagueData/Serie_A/2020,2021-01-17,True
2021-01-17,Sassuolo,Parma,1.81397,0.698377,15604,2020,https://understat.com/getLeagueData/Serie_A/2020,2021-01-17,True
2021-01-18,Cagliari,Milan,1.1919,1.69958,15598,2020,https://understat.com/getLeagueData/Serie_A/2020,2021-01-18,True
2021-01-20,Udinese,Atalanta,0.418061,1.28447,15524,2020,https://understat.com/getLeagueData/Serie_A/2020,2021-01-20,True
2021-01-22,Benevento,Torino,1.60271,1.4463,15606,2020,https://understat.com/getLeagueData/Serie_A/2020,2021-01-22,True
2021-01-23,Fiorentina,Crotone,1.03932,0.611551,15607,2020,https://understat.com/getLeagueData/Serie_A/2020,2021-01-23,True
2021-01-23,Milan,Atalanta,1.74436,2.39517,15611,2020,https://understat.com/getLeagueData/Serie_A/2020,2021-01-23,True
2021-01-23,Roma,Spezia,2.59451,1.46005,15613,2020,https://understat.com/getLeagueData/Serie_A/2020,2021-01-23,True
2021-01-23,Udinese,Inter,0.210828,0.725987,15614,2020,https://understat.com/getLeagueData/Serie_A/2020,2021-01-23,True
2021-01-24,Genoa,Cagliari,2.49498,1.27481,15608,2020,https://understat.com/getLeagueData/Serie_A/2020,2021-01-24,True
2021-01-24,Juventus,Bologna,3.5214,0.43025,15609,2020,https://understat.com/getLeagueData/Serie_A/2020,2021-01-24,True
2021-01-24,Lazio,Sassuolo,2.00707,0.657277,15610,2020,https://understat.com/getLeagueData/Serie_A/2020,2021-01-24,True
2021-01-24,Parma,Sampdoria,1.05418,2.1892,15612,2020,https://understat.com/getLeagueData/Serie_A/2020,2021-01-24,True
2021-01-24,Verona,Napoli,2.35109,0.903544,15615,2020,https://understat.com/getLeagueData/Serie_A/2020,2021-01-24,True
2021-01-29,Torino,Fiorentina,2.16367,1.48381,15625,2020,https://understat.com/getLeagueData/Serie_A/2020,2021-01-29,True
2021-01-30,Bologna,Milan,1.3455,3.3292,15619,2020,https://understat.com/getLeagueData/Serie_A/2020,2021-01-30,True
2021-01-30,Inter,Benevento,1.65732,0.0,15624,2020,https://understat.com/getLeagueData/Serie_A/2020,2021-01-30,True
2021-01-30,Sampdoria,Juventus,0.240857,1.63913,15617,2020,https://understat.com/getLeagueData/Serie_A/2020,2021-01-30,True
2021-01-31,Atalanta,Lazio,1.18024,2.39061,15618,2020,https://understat.com/getLeagueData/Serie_A/2020,2021-01-31,True
2021-01-31,Cagliari,Sassuolo,0.879547,1.89569,15621,2020,https://understat.com/getLeagueData/Serie_A/2020,2021-01-31,True
2021-01-31,Crotone,Genoa,0.63775,1.25048,15616,2020,https://understat.com/getLeagueData/Serie_A/2020,2021-01-31,True
2021-01-31,Napoli,Parma,1.05768,0.540369,15620,2020,https://understat.com/getLeagueData/Serie_A/2020,2021-01-31,True
2021-01-31,Roma,Verona,2.18476,0.728479,15623,2020,https://understat.com/getLeagueData/Serie_A/2020,2021-01-31,True
2021-01-31,Spezia,Udinese,0.816035,1.20302,15622,2020,https://understat.com/getLeagueData/Serie_A/2020,2021-01-31,True
2021-02-05,Fiorentina,Inter,0.54225,2.48145,15629,2020,https://understat.com/getLeagueData/Serie_A/2020,2021-02-05,True
2021-02-06,Atalanta,Torino,2.05759,2.80114,15634,2020,https://understat.com/getLeagueData/Serie_A/2020,2021-02-06,True
2021-02-06,Genoa,Napoli,1.09369,2.09283,15630,2020,https://understat.com/getLeagueData/Serie_A/2020,2021-02-06,True
2021-02-06,Juventus,Roma,0.251055,0.652535,15631,2020,https://understat.com/getLeagueData/Serie_A/2020,2021-02-06,True
2021-02-06,Sassuolo,Spezia,0.974042,1.65222,15633,2020,https://understat.com/getLeagueData/Serie_A/2020,2021-02-06,True
2021-02-07,Benevento,Sampdoria,0.949104,1.70084,15632,2020,https://understat.com/getLeagueData/Serie_A/2020,2021-02-07,True
2021-02-07,Lazio,Cagliari,1.0166,1.23787,15627,2020,https://understat.com/getLeagueData/Serie_A/2020,2021-02-07,True
2021-02-07,Milan,Crotone,3.26629,0.483519,15628,2020,https://understat.com/getLeagueData/Serie_A/2020,2021-02-07,True
2021-02-07,Parma,Bologna,0.787202,1.45085,15626,2020,https://understat.com/getLeagueData/Serie_A/2020,2021-02-07,True
2021-02-07,Udinese,Verona,2.21674,0.324304,15635,2020,https://understat.com/getLeagueData/Serie_A/2020,2021-02-07,True
2021-02-12,Bologna,Benevento,1.91922,0.80004,15637,2020,https://understat.com/getLeagueData/Serie_A/2020,2021-02-12,True
2021-02-13,Napoli,Juventus,1.05643,2.01493,15640,2020,https://understat.com/getLeagueData/Serie_A/2020,2021-02-13,True
2021-02-13,Spezia,Milan,1.33279,0.522191,15642,2020,https://understat.com/getLeagueData/Serie_A/2020,2021-02-13,True
2021-02-13,Torino,Genoa,0.406879,0.209162,15639,2020,https://understat.com/getLeagueData/Serie_A/2020,2021-02-13,True
2021-02-14,Cagliari,Atalanta,0.203346,0.966776,15636,2020,https://understat.com/getLeagueData/Serie_A/2020,2021-02-14,True
2021-02-14,Crotone,Sassuolo,0.737979,2.7814,15644,2020,https://understat.com/getLeagueData/Serie_A/2020,2021-02-14,True
2021-02-14,Inter,Lazio,2.41606,0.975673,15641,2020,https://understat.com/getLeagueData/Serie_A/2020,2021-02-14,True
2021-02-14,Roma,Udinese,2.98143,0.310308,15645,2020,https://understat.com/getLeagueData/Serie_A/2020,2021-02-14,True
2021-02-14,Sampdoria,Fiorentina,1.37373,1.28041,15638,2020,https://understat.com/getLeagueData/Serie_A/2020,2021-02-14,True
2021-02-15,Verona,Parma,1.25993,1.28195,15643,2020,https://understat.com/getLeagueData/Serie_A/2020,2021-02-15,True
2021-02-19,Cagliari,Torino,0.804795,1.16138,15653,2020,https://understat.com/getLeagueData/Serie_A/2020,2021-02-19,True
2021-02-19,Fiorentina,Spezia,2.08276,0.854682,15652,2020,https://understat.com/getLeagueData/Serie_A/2020,2021-02-19,True
2021-02-20,Genoa,Verona,0.942869,1.17826,15655,2020,https://understat.com/getLeagueData/Serie_A/2020,2021-02-20,True
2021-02-20,Lazio,Sampdoria,1.36887,1.27226,15651,2020,https://understat.com/getLeagueData/Serie_A/2020,2021-02-20,True
2021-02-20,Sassuolo,Bologna,1.75431,0.547118,15646,2020,https://understat.com/getLeagueData/Serie_A/2020,2021-02-20,True
2021-02-21,Atalanta,Napoli,2.68448,0.624734,15649,2020,https://understat.com/getLeagueData/Serie_A/2020,2021-02-21,True
2021-02-21,Benevento,Roma,0.24834,0.917367,15650,2020,https://understat.com/getLeagueData/Serie_A/2020,2021-02-21,True
2021-02-21,Milan,Inter,0.707265,2.95518,15648,2020,https://understat.com/getLeagueData/Serie_A/2020,2021-02-21,True
2021-02-21,Parma,Udinese,2.71894,1.34636,15654,2020,https://understat.com/getLeagueData/Serie_A/2020,2021-02-21,True
2021-02-22,Juventus,Crotone,4.42058,0.654355,15647,2020,https://understat.com/getLeagueData/Serie_A/2020,2021-02-22,True
2021-02-27,Bologna,Lazio,1.30451,2.4983,15662,2020,https://understat.com/getLeagueData/Serie_A/2020,2021-02-27,True
2021-02-27,Spezia,Parma,1.50261,1.22437,15664,2020,https://understat.com/getLeagueData/Serie_A/2020,2021-02-27,True
2021-02-27,Verona,Juventus,0.7004,1.22214,15661,2020,https://understat.com/getLeagueData/Serie_A/2020,2021-02-27,True
2021-02-28,Crotone,Cagliari,0.859768,1.47542,15658,2020,https://understat.com/getLeagueData/Serie_A/2020,2021-02-28,True
2021-02-28,Inter,Genoa,2.85565,0.104998,15660,2020,https://understat.com/getLeagueData/Serie_A/2020,2021-02-28,True
2021-02-28,Napoli,Benevento,2.34858,0.430179,15657,2020,https://understat.com/getLeagueData/Serie_A/2020,2021-02-28,True
2021-02-28,Roma,Milan,1.198,3.2493,15663,2020,https://understat.com/getLeagueData/Serie_A/2020,2021-02-28,True
2021-02-28,Sampdoria,Atalanta,0.459133,1.37431,15656,2020,https://understat.com/getLeagueData/Serie_A/2020,2021-02-28,True
2021-02-28,Udinese,Fiorentina,1.00916,0.393598,15659,2020,https://understat.com/getLeagueData/Serie_A/2020,2021-02-28,True
2021-03-02,Juventus,Spezia,2.61694,1.26299,15670,2020,https://understat.com/getLeagueData/Serie_A/2020,2021-03-02,True
2021-03-03,Atalanta,Crotone,3.83419,0.599388,15675,2020,https://understat.com/getLeagueData/Serie_A/2020,2021-03-03,True
2021-03-03,Benevento,Verona,0.345715,1.81493,15673,2020,https://understat.com/getLeagueData/Serie_A/2020,2021-03-03,True
2021-03-03,Cagliari,Bologna,0.918475,0.572194,15674,2020,https://understat.com/getLeagueData/Serie_A/2020,2021-03-03,True
2021-03-03,Fiorentina,Roma,0.44021,1.38176,15668,2020,https://understat.com/getLeagueData/Serie_A/2020,2021-03-03,True
2021-03-03,Genoa,Sampdoria,0.282448,0.554452,15669,2020,https://understat.com/getLeagueData/Serie_A/2020,2021-03-03,True
2021-03-03,Milan,Udinese,1.31277,0.772446,15672,2020,https://understat.com/getLeagueData/Serie_A/2020,2021-03-03,True
2021-03-03,Sassuolo,Napoli,2.4724,2.54342,15667,2020,https://understat.com/getLeagueData/Serie_A/2020,2021-03-03,True
2021-03-04,Parma,Inter,0.807935,3.45928,15666,2020,https://understat.com/getLeagueData/Serie_A/2020,2021-03-04,True
2021-03-06,Juventus,Lazio,1.44911,0.876141,15681,2020,https://understat.com/getLeagueData/Serie_A/2020,2021-03-06,True
2021-03-06,Spezia,Benevento,1.68194,0.319654,15677,2020,https://understat.com/getLeagueData/Serie_A/2020,2021-03-06,True
2021-03-06,Udinese,Sassuolo,1.7241,0.944927,15684,2020,https://understat.com/getLeagueData/Serie_A/2020,2021-03-06,True
2021-03-07,Crotone,Torino,2.60234,1.97011,15685,2020,https://understat.com/getLeagueData/Serie_A/2020,2021-03-07,True
2021-03-07,Fiorentina,Parma,1.2552,2.66766,15683,2020,https://understat.com/getLeagueData/Serie_A/2020,2021-03-07,True
2021-03-07,Napoli,Bologna,1.22462,0.770095,15678,2020,https://understat.com/getLeagueData/Serie_A/2020,2021-03-07,True
2021-03-07,Roma,Genoa,1.11292,0.22588,15680,2020,https://understat.com/getLeagueData/Serie_A/2020,2021-03-07,True
2021-03-07,Sampdoria,Cagliari,0.52749,0.979884,15679,2020,https://understat.com/getLeagueData/Serie_A/2020,2021-03-07,True
2021-03-07,Verona,Milan,1.12134,1.02359,15682,2020,https://understat.com/getLeagueData/Serie_A/2020,2021-03-07,True
2021-03-08,Inter,Atalanta,0.181511,0.676989,15676,2020,https://understat.com/getLeagueData/Serie_A/2020,2021-03-08,True
2021-03-12,Atalanta,Spezia,2.01267,1.24595,15693,2020,https://understat.com/getLeagueData/Serie_A/2020,2021-03-12,True
2021-03-12,Lazio,Crotone,2.70511,1.38008,15686,2020,https://understat.com/getLeagueData/Serie_A/2020,2021-03-12,True
2021-03-13,Benevento,Fiorentina,1.543,2.26928,15687,2020,https://understat.com/getLeagueData/Serie_A/2020,2021-03-13,True
2021-03-13,Genoa,Udinese,1.64784,1.91532,15694,2020,https://understat.com/getLeagueData/Serie_A/2020,2021-03-13,True
2021-03-13,Sassuolo,Verona,1.56376,1.47961,15695,2020,https://understat.com/getLeagueData/Serie_A/2020,2021-03-13,True
2021-03-14,Bologna,Sampdoria,2.26652,1.56796,15692,2020,https://understat.com/getLeagueData/Serie_A/2020,2021-03-14,True
2021-03-14,Cagliari,Juventus,0.656951,2.33997,15689,2020,https://understat.com/getLeagueData/Serie_A/2020,2021-03-14,True
2021-03-14,Milan,Napoli,1.48364,1.34959,15690,2020,https://understat.com/getLeagueData/Serie_A/2020,2021-03-14,True
2021-03-14,Parma,Roma,2.09688,1.6811,15691,2020,https://understat.com/getLeagueData/Serie_A/2020,2021-03-14,True
2021-03-14,Torino,Inter,1.35492,2.51476,15688,2020,https://understat.com/getLeagueData/Serie_A/2020,2021-03-14,True
2021-03-17,Torino,Sassuolo,2.1526,1.41405,15665,2020,https://understat.com/getLeagueData/Serie_A/2020,2021-03-17,True
2021-03-19,Parma,Genoa,2.09686,0.896292,15699,2020,https://understat.com/getLeagueData/Serie_A/2020,2021-03-19,True
2021-03-20,Crotone,Bologna,1.94617,3.85076,15697,2020,https://understat.com/getLeagueData/Serie_A/2020,2021-03-20,True
2021-03-20,Spezia,Cagliari,1.03827,2.95218,15698,2020,https://understat.com/getLeagueData/Serie_A/2020,2021-03-20,True
2021-03-21,Fiorentina,Milan,0.445056,1.83261,15701,2020,https://understat.com/getLeagueData/Serie_A/2020,2021-03-21,True
2021-03-21,Juventus,Benevento,2.31196,0.247326,15704,2020,https://understat.com/getLeagueData/Serie_A/2020,2021-03-21,True
2021-03-21,Roma,Napoli,0.733296,1.07404,15702,2020,https://understat.com/getLeagueData/Serie_A/2020,2021-03-21,True
2021-03-21,Sampdoria,Torino,0.774348,0.739358,15705,2020,https://understat.com/getLeagueData/Serie_A/2020,2021-03-21,True
2021-03-21,Udinese,Lazio,1.92074,1.51277,15700,2020,https://understat.com/getLeagueData/Serie_A/2020,2021-03-21,True
2021-03-21,Verona,Atalanta,0.145024,2.06793,15696,2020,https://understat.com/getLeagueData/Serie_A/2020,2021-03-21,True
2021-04-03,Atalanta,Udinese,2.63099,0.738068,15714,2020,https://understat.com/getLeagueData/Serie_A/2020,2021-04-03,True
2021-04-03,Benevento,Parma,1.38823,1.2091,15710,2020,https://understat.com/getLeagueData/Serie_A/2020,2021-04-03,True
2021-04-03,Bologna,Inter,1.26861,2.12357,15708,2020,https://understat.com/getLeagueData/Serie_A/2020,2021-04-03,True
2021-04-03,Cagliari,Verona,1.24308,1.30136,15715,2020,https://understat.com/getLeagueData/Serie_A/2020,2021-04-03,True
2021-04-03,Genoa,Fiorentina,1.18401,0.905325,15707,2020,https://understat.com/getLeagueData/Serie_A/2020,2021-04-03,True
2021-04-03,Lazio,Spezia,2.36513,0.938101,15713,2020,https://understat.com/getLeagueData/Serie_A/2020,2021-04-03,True
2021-04-03,Milan,Sampdoria,0.96551,1.01539,15712,2020,https://understat.com/getLeagueData/Serie_A/2020,2021-04-03,True
2021-04-03,Napoli,Crotone,3.45014,1.17165,15706,2020,https://understat.com/getLeagueData/Serie_A/2020,2021-04-03,True
2021-04-03,Sassuolo,Roma,3.38116,1.55499,15711,2020,https://understat.com/getLeagueData/Serie_A/2020,2021-04-03,True
2021-04-03,Torino,Juventus,1.15909,3.29698,15709,2020,https://understat.com/getLeagueData/Serie_A/2020,2021-04-03,True
2021-04-07,Inter,Sassuolo,1.27678,0.868116,15703,2020,https://understat.com/getLeagueData/Serie_A/2020,2021-04-07,True
2021-04-07,Juventus,Napoli,1.61051,1.36435,15455,2020,https://understat.com/getLeagueData/Serie_A/2020,2021-04-07,True
2021-04-10,Parma,Milan,1.7023,1.0074,15722,2020,https://understat.com/getLeagueData/Serie_A/2020,2021-04-10,True
2021-04-10,Spezia,Crotone,1.39234,1.43962,15719,2020,https://understat.com/getLeagueData/Serie_A/2020,2021-04-10,True
2021-04-10,Udinese,Torino,1.03189,1.53854,15725,2020,https://understat.com/getLeagueData/Serie_A/2020,2021-04-10,True
2021-04-11,Fiorentina,Atalanta,1.28762,3.07955,15716,2020,https://understat.com/getLeagueData/Serie_A/2020,2021-04-11,True
2021-04-11,Inter,Cagliari,1.25573,0.242059,15718,2020,https://understat.com/getLeagueData/Serie_A/2020,2021-04-11,True
2021-04-11,Juventus,Genoa,2.82825,1.47493,15720,2020,https://understat.com/getLeagueData/Serie_A/2020,2021-04-11,True
2021-04-11,Roma,Bologna,1.3735,2.0125,15717,2020,https://understat.com/getLeagueData/Serie_A/2020,2021-04-11,True
2021-04-11,Sampdoria,Napoli,0.904896,1.89882,15723,2020,https://understat.com/getLeagueData/Serie_A/2020,2021-04-11,True
2021-04-11,Verona,Lazio,0.215489,0.457956,15721,2020,https://understat.com/getLeagueData/Serie_A/2020,2021-04-11,True
2021-04-12,Benevento,Sassuolo,0.392283,1.28252,15724,2020,https://understat.com/getLeagueData/Serie_A/2020,2021-04-12,True
2021-04-17,Cagliari,Parma,2.36238,1.6174,15731,2020,https://understat.com/getLeagueData/Serie_A/2020,2021-04-17,True
2021-04-17,Crotone,Udinese,1.56852,0.827427,15734,2020,https://understat.com/getLeagueData/Serie_A/2020,2021-04-17,True
2021-04-17,Sampdoria,Verona,1.94443,1.31995,15735,2020,https://understat.com/getLeagueData/Serie_A/2020,2021-04-17,True
2021-04-17,Sassuolo,Fiorentina,2.27601,0.777004,15727,2020,https://understat.com/getLeagueData/Serie_A/2020,2021-04-17,True
2021-04-18,Atalanta,Juventus,0.979557,0.795659,15730,2020,https://understat.com/getLeagueData/Serie_A/2020,2021-04-18,True
2021-04-18,Bologna,Spezia,3.12881,0.532614,15733,2020,https://understat.com/getLeagueData/Serie_A/2020,2021-04-18,True
2021-04-18,Lazio,Benevento,3.64262,1.40017,15726,2020,https://understat.com/getLeagueData/Serie_A/2020,2021-04-18,True
2021-04-18,Milan,Genoa,1.21528,1.31309,15728,2020,https://understat.com/getLeagueData/Serie_A/2020,2021-04-18,True
2021-04-18,Napoli,Inter,0.584142,1.0199,15729,2020,https://understat.com/getLeagueData/Serie_A/2020,2021-04-18,True
2021-04-18,Torino,Roma,3.37014,1.507,15732,2020,https://understat.com/getLeagueData/Serie_A/2020,2021-04-18,True
2021-04-20,Verona,Fiorentina,1.9565,1.14388,15739,2020,https://understat.com/getLeagueData/Serie_A/2020,2021-04-20,True
2021-04-21,Bologna,Torino,0.327911,1.85996,15745,2020,https://understat.com/getLeagueData/Serie_A/2020,2021-04-21,True
2021-04-21,Crotone,Sampdoria,0.688921,2.0374,15743,2020,https://understat.com/getLeagueData/Serie_A/2020,2021-04-21,True
2021-04-21,Genoa,Benevento,1.28057,1.03972,15737,2020,https://understat.com/getLeagueData/Serie_A/2020,2021-04-21,True
2021-04-21,Juventus,Parma,2.49694,1.3096,15742,2020,https://understat.com/getLeagueData/Serie_A/2020,2021-04-21,True
2021-04-21,Milan,Sassuolo,1.11244,2.13785,15744,2020,https://understat.com/getLeagueData/Serie_A/2020,2021-04-21,True
2021-04-21,Spezia,Inter,0.0315577,2.88353,15740,2020,https://understat.com/getLeagueData/Serie_A/2020,2021-04-21,True
2021-04-21,Udinese,Cagliari,0.764035,1.37919,15738,2020,https://understat.com/getLeagueData/Serie_A/2020,2021-04-21,True
2021-04-22,Napoli,Lazio,1.59439,1.43947,15741,2020,https://understat.com/getLeagueData/Serie_A/2020,2021-04-22,True
2021-04-22,Roma,Atalanta,1.11253,2.39045,15736,2020,https://understat.com/getLeagueData/Serie_A/2020,2021-04-22,True
2021-04-24,Genoa,Spezia,2.46449,0.932413,15753,2020,https://understat.com/getLeagueData/Serie_A/2020,2021-04-24,True
2021-04-24,Parma,Crotone,2.13448,2.71958,15747,2020,https://understat.com/getLeagueData/Serie_A/2020,2021-04-24,True
2021-04-24,Sassuolo,Sampdoria,1.66072,0.986504,15752,2020,https://understat.com/getLeagueData/Serie_A/2020,2021-04-24,True
2021-04-25,Atalanta,Bologna,4.45853,0.901726,15746,2020,https://understat.com/getLeagueData/Serie_A/2020,2021-04-25,True
2021-04-25,Benevento,Udinese,2.51862,1.34953,15754,2020,https://understat.com/getLeagueData/Serie_A/2020,2021-04-25,True
2021-04-25,Cagliari,Roma,1.26292,1.58437,15751,2020,https://understat.com/getLeagueData/Serie_A/2020,2021-04-25,True
2021-04-25,Fiorentina,Juventus,1.21138,1.15603,15748,2020,https://understat.com/getLeagueData/Serie_A/2020,2021-04-25,True
2021-04-25,Inter,Verona,0.85992,1.06135,15755,2020,https://understat.com/getLeagueData/Serie_A/2020,2021-04-25,True
2021-04-26,Lazio,Milan,2.28486,1.83,15749,2020,https://understat.com/getLeagueData/Serie_A/2020,2021-04-26,True
2021-04-26,Torino,Napoli,1.04779,3.0505,15750,2020,https://understat.com/getLeagueData/Serie_A/2020,2021-04-26,True
2021-05-01,Crotone,Inter,0.759966,2.34169,15761,2020,https://understat.com/getLeagueData/Serie_A/2020,2021-05-01,True
2021-05-01,Milan,Benevento,3.44683,0.742758,15757,2020,https://understat.com/getLeagueData/Serie_A/2020,2021-05-01,True
2021-05-01,Verona,Spezia,2.04122,1.17641,15765,2020,https://understat.com/getLeagueData/Serie_A/2020,2021-05-01,True
2021-05-02,Bologna,Fiorentina,1.93952,2.01163,15759,2020,https://understat.com/getLeagueData/Serie_A/2020,2021-05-02,True
2021-05-02,Lazio,Genoa,2.90489,1.12186,15760,2020,https://understat.com/getLeagueData/Serie_A/2020,2021-05-02,True
2021-05-02,Napoli,Cagliari,2.9066,1.88547,15758,2020,https://understat.com/getLeagueData/Serie_A/2020,2021-05-02,True
2021-05-02,Sampdoria,Roma,1.37262,1.63837,15764,2020,https://understat.com/getLeagueData/Serie_A/2020,2021-05-02,True
2021-05-02,Sassuolo,Atalanta,1.26321,1.94826,15756,2020,https://understat.com/getLeagueData/Serie_A/2020,2021-05-02,True
2021-05-02,Udinese,Juventus,0.372087,2.79425,15762,2020,https://understat.com/getLeagueData/Serie_A/2020,2021-05-02,True
2021-05-03,Torino,Parma,1.35363,0.402756,15763,2020,https://understat.com/getLeagueData/Serie_A/2020,2021-05-03,True
2021-05-08,Fiorentina,Lazio,1.42543,0.980945,15770,2020,https://understat.com/getLeagueData/Serie_A/2020,2021-05-08,True
2021-05-08,Inter,Sampdoria,1.95771,1.4093,15773,2020,https://understat.com/getLeagueData/Serie_A/2020,2021-05-08,True
2021-05-08,Spezia,Napoli,1.27161,2.32097,15772,2020,https://understat.com/getLeagueData/Serie_A/2020,2021-05-08,True
2021-05-08,Udinese,Bologna,0.488745,2.52775,15767,2020,https://understat.com/getLeagueData/Serie_A/2020,2021-05-08,True
2021-05-09,Benevento,Cagliari,1.11891,1.94848,15768,2020,https://understat.com/getLeagueData/Serie_A/2020,2021-05-09,True
2021-05-09,Genoa,Sassuolo,0.749499,1.91968,15774,2020,https://understat.com/getLeagueData/Serie_A/2020,2021-05-09,True
2021-05-09,Juventus,Milan,1.10288,1.22848,15771,2020,https://understat.com/getLeagueData/Serie_A/2020,2021-05-09,True
2021-05-09,Parma,Atalanta,1.05585,3.16517,15766,2020,https://understat.com/getLeagueData/Serie_A/2020,2021-05-09,True
2021-05-09,Roma,Crotone,2.34234,0.285602,15769,2020,https://understat.com/getLeagueData/Serie_A/2020,2021-05-09,True
2021-05-09,Verona,Torino,1.76249,0.858971,15775,2020,https://understat.com/getLeagueData/Serie_A/2020,2021-05-09,True
2021-05-11,Napoli,Udinese,3.38173,0.186833,15784,2020,https://understat.com/getLeagueData/Serie_A/2020,2021-05-11,True
2021-05-12,Atalanta,Benevento,1.79069,0.183599,15776,2020,https://understat.com/getLeagueData/Serie_A/2020,2021-05-12,True
2021-05-12,Bologna,Genoa,2.30788,1.65544,15778,2020,https://understat.com/getLeagueData/Serie_A/2020,2021-05-12,True
2021-05-12,Cagliari,Fiorentina,0.346121,0.10611,15777,2020,https://understat.com/getLeagueData/Serie_A/2020,2021-05-12,True
2021-05-12,Inter,Roma,2.30537,0.961595,15782,2020,https://understat.com/getLeagueData/Serie_A/2020,2021-05-12,True
2021-05-12,Lazio,Parma,1.35561,0.569751,15781,2020,https://understat.com/getLeagueData/Serie_A/2020,2021-05-12,True
2021-05-12,Sampdoria,Spezia,1.83643,2.7592,15783,2020,https://understat.com/getLeagueData/Serie_A/2020,2021-05-12,True
2021-05-12,Sassuolo,Juventus,2.23729,1.36904,15779,2020,https://understat.com/getLeagueData/Serie_A/2020,2021-05-12,True
2021-05-12,Torino,Milan,0.86194,4.30596,15780,2020,https://understat.com/getLeagueData/Serie_A/2020,2021-05-12,True
2021-05-13,Crotone,Verona,0.646392,0.622067,15785,2020,https://understat.com/getLeagueData/Serie_A/2020,2021-05-13,True
2021-05-15,Genoa,Atalanta,1.7247,2.28339,15786,2020,https://understat.com/getLeagueData/Serie_A/2020,2021-05-15,True
2021-05-15,Juventus,Inter,3.16532,1.34382,15790,2020,https://understat.com/getLeagueData/Serie_A/2020,2021-05-15,True
2021-05-15,Roma,Lazio,1.03543,0.765258,15791,2020,https://understat.com/getLeagueData/Serie_A/2020,2021-05-15,True
2021-05-15,Spezia,Torino,2.73126,0.940601,15795,2020,https://understat.com/getLeagueData/Serie_A/2020,2021-05-15,True
2021-05-16,Benevento,Crotone,1.7951,1.10271,15789,2020,https://understat.com/getLeagueData/Serie_A/2020,2021-05-16,True
2021-05-16,Fiorentina,Napoli,0.344483,1.90774,15792,2020,https://understat.com/getLeagueData/Serie_A/2020,2021-05-16,True
2021-05-16,Milan,Cagliari,1.40469,0.425678,15788,2020,https://understat.com/getLeagueData/Serie_A/2020,2021-05-16,True
2021-05-16,Parma,Sassuolo,0.998801,2.48538,15794,2020,https://understat.com/getLeagueData/Serie_A/2020,2021-05-16,True
2021-05-16,Udinese,Sampdoria,0.344524,1.40036,15793,2020,https://understat.com/getLeagueData/Serie_A/2020,2021-05-16,True
2021-05-17,Verona,Bologna,1.98719,2.04284,15787,2020,https://understat.com/getLeagueData/Serie_A/2020,2021-05-17,True
2021-05-18,Lazio,Torino,2.14691,0.280579,15671,2020,https://understat.com/getLeagueData/Serie_A/2020,2021-05-18,True
2021-05-22,Cagliari,Genoa,2.16617,1.63375,15798,2020,https://understat.com/getLeagueData/Serie_A/2020,2021-05-22,True
2021-05-22,Crotone,Fiorentina,2.41313,0.470867,15797,2020,https://understat.com/getLeagueData/Serie_A/2020,2021-05-22,True
2021-05-22,Sampdoria,Parma,1.34869,0.720234,15802,2020,https://understat.com/getLeagueData/Serie_A/2020,2021-05-22,True
2021-05-23,Atalanta,Milan,0.61287,2.06325,15801,2020,https://understat.com/getLeagueData/Serie_A/2020,2021-05-23,True
2021-05-23,Bologna,Juventus,1.06031,3.63043,15799,2020,https://understat.com/getLeagueData/Serie_A/2020,2021-05-23,True
2021-05-23,Inter,Udinese,3.52785,1.16043,15804,2020,https://understat.com/getLeagueData/Serie_A/2020,2021-05-23,True
2021-05-23,Napoli,Verona,1.57132,0.51703,15805,2020,https://understat.com/getLeagueData/Serie_A/2020,2021-05-23,True
2021-05-23,Sassuolo,Lazio,1.9712,0.974681,15800,2020,https://understat.com/getLeagueData/Serie_A/2020,2021-05-23,True
2021-05-23,Spezia,Roma,2.87459,2.72274,15803,2020,https://understat.com/getLeagueData/Serie_A/2020,2021-05-23,True
2021-05-23,Torino,Benevento,1.35452,0.349447,15796,2020,https://understat.com/getLeagueData/Serie_A/2020,2021-05-23,True
2021-08-21,Empoli,Lazio,1.13436,1.78152,16759,2021,https://understat.com/getLeagueData/Serie_A/2021,2021-08-21,True
2021-08-21,Inter,Genoa,2.20707,0.967177,16757,2021,https://understat.com/getLeagueData/Serie_A/2021,2021-08-21,True
2021-08-21,Torino,Atalanta,0.864837,1.01343,16758,2021,https://understat.com/getLeagueData/Serie_A/2021,2021-08-21,True
2021-08-21,Verona,Sassuolo,2.25155,1.86679,16756,2021,https://understat.com/getLeagueData/Serie_A/2021,2021-08-21,True
2021-08-22,Bologna,Salernitana,1.72577,1.63711,16760,2021,https://understat.com/getLeagueData/Serie_A/2021,2021-08-22,True
2021-08-22,Napoli,Venezia,2.39159,0.60988,16762,2021,https://understat.com/getLeagueData/Serie_A/2021,2021-08-22,True
2021-08-22,Roma,Fiorentina,2.75414,0.867167,16763,2021,https://understat.com/getLeagueData/Serie_A/2021,2021-08-22,True
2021-08-22,Udinese,Juventus,2.08573,1.49379,16761,2021,https://understat.com/getLeagueData/Serie_A/2021,2021-08-22,True
2021-08-23,Cagliari,Spezia,3.28935,1.03088,16764,2021,https://understat.com/getLeagueData/Serie_A/2021,2021-08-23,True
2021-08-23,Sampdoria,Milan,1.24757,0.804449,16765,2021,https://understat.com/getLeagueData/Serie_A/2021,2021-08-23,True
2021-08-27,Udinese,Venezia,3.01783,0.908926,16766,2021,https://understat.com/getLeagueData/Serie_A/2021,2021-08-27,True
2021-08-27,Verona,Inter,0.603998,1.8369,16767,2021,https://understat.com/getLeagueData/Serie_A/2021,2021-08-27,True
2021-08-28,Atalanta,Bologna,0.989249,0.41987,16769,2021,https://understat.com/getLeagueData/Serie_A/2021,2021-08-28,True
2021-08-28,Fiorentina,Torino,0.53999,0.293784,16770,2021,https://understat.com/getLeagueData/Serie_A/2021,2021-08-28,True
2021-08-28,Juventus,Empoli,1.81566,1.10327,16771,2021,https://understat.com/getLeagueData/Serie_A/2021,2021-08-28,True
2021-08-28,Lazio,Spezia,2.71713,0.735352,16768,2021,https://understat.com/getLeagueData/Serie_A/2021,2021-08-28,True
2021-08-29,Genoa,Napoli,0.339332,1.15407,16773,2021,https://understat.com/getLeagueData/Serie_A/2021,2021-08-29,True
2021-08-29,Milan,Cagliari,2.67169,0.406709,16774,2021,https://understat.com/getLeagueData/Serie_A/2021,2021-08-29,True
2021-08-29,Salernitana,Roma,0.221399,1.88679,16775,2021,https://understat.com/getLeagueData/Serie_A/2021,2021-08-29,True
2021-08-29,Sassuolo,Sampdoria,1.22815,0.577075,16772,2021,https://understat.com/getLeagueData/Serie_A/2021,2021-08-29,True
2021-09-11,Atalanta,Fiorentina,2.11526,1.81465,16776,2021,https://understat.com/getLeagueData/Serie_A/2021,2021-09-11,True
2021-09-11,Empoli,Venezia,1.88537,2.43118,16779,2021,https://understat.com/getLeagueData/Serie_A/2021,2021-09-11,True
2021-09-11,Napoli,Juventus,2.18708,1.56057,16781,2021,https://understat.com/getLeagueData/Serie_A/2021,2021-09-11,True
2021-09-12,Cagliari,Genoa,1.83111,1.25494,16778,2021,https://understat.com/getLeagueData/Serie_A/2021,2021-09-12,True
2021-09-12,Milan,Lazio,3.47807,0.24655,16780,2021,https://understat.com/getLeagueData/Serie_A/2021,2021-09-12,True
2021-09-12,Roma,Sassuolo,2.32713,2.09991,16782,2021,https://understat.com/getLeagueData/Serie_A/2021,2021-09-12,True
2021-09-12,Sampdoria,Inter,1.46613,0.965476,16783,2021,https://understat.com/getLeagueData/Serie_A/2021,2021-09-12,True
2021-09-12,Spezia,Udinese,0.788419,0.78059,16784,2021,https://understat.com/getLeagueData/Serie_A/2021,2021-09-12,True
2021-09-12,Torino,Salernitana,2.9969,0.252452,16785,2021,https://understat.com/getLeagueData/Serie_A/2021,2021-09-12,True
2021-09-13,Bologna,Verona,1.25512,0.315142,16777,2021,https://understat.com/getLeagueData/Serie_A/2021,2021-09-13,True
2021-09-17,Sassuolo,Torino,0.79628,2.48473,16793,2021,https://understat.com/getLeagueData/Serie_A/2021,2021-09-17,True
2021-09-18,Genoa,Fiorentina,1.28373,1.12359,16787,2021,https://understat.com/getLeagueData/Serie_A/2021,2021-09-18,True
2021-09-18,Inter,Bologna,4.28011,0.855616,16789,2021,https://understat.com/getLeagueData/Serie_A/2021,2021-09-18,True
2021-09-18,Salernitana,Atalanta,0.792486,1.38299,16792,2021,https://understat.com/getLeagueData/Serie_A/2021,2021-09-18,True
2021-09-19,Empoli,Sampdoria,0.927264,1.34865,16786,2021,https://understat.com/getLeagueData/Serie_A/2021,2021-09-19,True
2021-09-19,Juventus,Milan,1.31518,1.04896,16790,2021,https://understat.com/getLeagueData/Serie_A/2021,2021-09-19,True
2021-09-19,Lazio,Cagliari,1.72557,1.91594,16791,2021,https://understat.com/getLeagueData/Serie_A/2021,2021-09-19,True
2021-09-19,Venezia,Spezia,0.805717,0.478482,16795,2021,https://understat.com/getLeagueData/Serie_A/2021,2021-09-19,True
2021-09-19,Verona,Roma,1.02132,0.661729,16788,2021,https://understat.com/getLeagueData/Serie_A/2021,2021-09-19,True
2021-09-20,Udinese,Napoli,0.243458,3.30273,16794,2021,https://understat.com/getLeagueData/Serie_A/2021,2021-09-20,True
2021-09-21,Atalanta,Sassuolo,2.10813,0.911464,16796,2021,https://understat.com/getLeagueData/Serie_A/2021,2021-09-21,True
2021-09-21,Bologna,Genoa,2.2881,1.69881,16797,2021,https://understat.com/getLeagueData/Serie_A/2021,2021-09-21,True
2021-09-21,Fiorentina,Inter,1.733,2.73737,16799,2021,https://understat.com/getLeagueData/Serie_A/2021,2021-09-21,True
2021-09-22,Cagliari,Empoli,0.754694,1.14537,16798,2021,https://understat.com/getLeagueData/Serie_A/2021,2021-09-22,True
2021-09-22,Milan,Venezia,2.11409,0.581225,16800,2021,https://understat.com/getLeagueData/Serie_A/2021,2021-09-22,True
2021-09-22,Salernitana,Verona,2.68942,2.06188,16802,2021,https://understat.com/getLeagueData/Serie_A/2021,2021-09-22,True
2021-09-22,Spezia,Juventus,1.03395,2.54565,16804,2021,https://understat.com/getLeagueData/Serie_A/2021,2021-09-22,True
2021-09-23,Roma,Udinese,1.383,0.809534,16801,2021,https://understat.com/getLeagueData/Serie_A/2021,2021-09-23,True
2021-09-23,Sampdoria,Napoli,0.56857,2.10601,16803,2021,https://understat.com/getLeagueData/Serie_A/2021,2021-09-23,True
2021-09-23,Torino,Lazio,1.27244,0.846161,16805,2021,https://understat.com/getLeagueData/Serie_A/2021,2021-09-23,True
2021-09-25,Genoa,Verona,1.43713,2.07264,16807,2021,https://understat.com/getLeagueData/Serie_A/2021,2021-09-25,True
2021-09-25,Inter,Atalanta,3.52091,1.50237,16808,2021,https://understat.com/getLeagueData/Serie_A/2021,2021-09-25,True
2021-09-25,Spezia,Milan,0.953769,1.74102,16812,2021,https://understat.com/getLeagueData/Serie_A/2021,2021-09-25,True
2021-09-26,Empoli,Bologna,1.47687,2.49784,16806,2021,https://understat.com/getLeagueData/Serie_A/2021,2021-09-26,True
2021-09-26,Juventus,Sampdoria,2.62795,0.600946,16809,2021,https://understat.com/getLeagueData/Serie_A/2021,2021-09-26,True
2021-09-26,Lazio,Roma,2.48417,1.84369,16810,2021,https://understat.com/getLeagueData/Serie_A/2021,2021-09-26,True
2021-09-26,Napoli,Cagliari,2.05833,0.153322,16815,2021,https://understat.com/getLeagueData/Serie_A/2021,2021-09-26,True
2021-09-26,Sassuolo,Salernitana,1.60845,1.16385,16811,2021,https://understat.com/getLeagueData/Serie_A/2021,2021-09-26,True
2021-09-26,Udinese,Fiorentina,0.492029,1.13861,16813,2021,https://understat.com/getLeagueData/Serie_A/2021,2021-09-26,True
2021-09-27,Venezia,Torino,1.5265,0.8526,16814,2021,https://understat.com/getLeagueData/Serie_A/2021,2021-09-27,True
2021-10-01,Cagliari,Venezia,0.658426,0.486148,16818,2021,https://understat.com/getLeagueData/Serie_A/2021,2021-10-01,True
2021-10-02,Salernitana,Genoa,0.547267,1.58603,16822,2021,https://understat.com/getLeagueData/Serie_A/2021,2021-10-02,True
2021-10-02,Sassuolo,Inter,1.61921,2.04169,16824,2021,https://understat.com/getLeagueData/Serie_A/2021,2021-10-02,True
2021-10-02,Torino,Juventus,0.908329,1.89552,16825,2021,https://understat.com/getLeagueData/Serie_A/2021,2021-10-02,True
2021-10-03,Atalanta,Milan,2.63096,2.50955,16816,2021,https://understat.com/getLeagueData/Serie_A/2021,2021-10-03,True
2021-10-03,Bologna,Lazio,0.778479,0.96271,16817,2021,https://understat.com/getLeagueData/Serie_A/2021,2021-10-03,True
2021-10-03,Fiorentina,Napoli,0.383136,1.64223,16819,2021,https://understat.com/getLeagueData/Serie_A/2021,2021-10-03,True
2021-10-03,Roma,Empoli,1.8551,0.43764,16821,2021,https://understat.com/getLeagueData/Serie_A/2021,2021-10-03,True
2021-10-03,Sampdoria,Udinese,1.52931,3.28192,16823,2021,https://understat.com/getLeagueData/Serie_A/2021,2021-10-03,True
2021-10-03,Verona,Spezia,0.690616,1.57689,16820,2021,https://understat.com/getLeagueData/Serie_A/2021,2021-10-03,True
2021-10-16,Lazio,Inter,2.31397,1.44791,16830,2021,https://understat.com/getLeagueData/Serie_A/2021,2021-10-16,True
2021-10-16,Milan,Verona,1.51852,1.58319,16831,2021,https://understat.com/getLeagueData/Serie_A/2021,2021-10-16,True
2021-10-16,Spezia,Salernitana,1.67718,1.60938,16833,2021,https://understat.com/getLeagueData/Serie_A/2021,2021-10-16,True
2021-10-17,Cagliari,Sampdoria,1.50713,1.78619,16826,2021,https://understat.com/getLeagueData/Serie_A/2021,2021-10-17,True
2021-10-17,Empoli,Atalanta,0.575048,3.83506,16827,2021,https://understat.com/getLeagueData/Serie_A/2021,2021-10-17,True
2021-10-17,Genoa,Sassuolo,1.38414,2.8217,16828,2021,https://understat.com/getLeagueData/Serie_A/2021,2021-10-17,True
2021-10-17,Juventus,Roma,1.46974,1.4565,16829,2021,https://understat.com/getLeagueData/Serie_A/2021,2021-10-17,True
2021-10-17,Napoli,Torino,1.32917,1.07482,16832,2021,https://understat.com/getLeagueData/Serie_A/2021,2021-10-17,True
2021-10-17,Udinese,Bologna,1.35716,1.49614,16834,2021,https://understat.com/getLeagueData/Serie_A/2021,2021-10-17,True
2021-10-18,Venezia,Fiorentina,0.794394,0.42719,16835,2021,https://understat.com/getLeagueData/Serie_A/2021,2021-10-18,True
2021-10-22,Sampdoria,Spezia,0.974056,1.05608,16843,2021,https://understat.com/getLeagueData/Serie_A/2021,2021-10-22,True
2021-10-22,Torino,Genoa,2.2411,2.35473,16845,2021,https://understat.com/getLeagueData/Serie_A/2021,2021-10-22,True
2021-10-23,Bologna,Milan,0.631007,0.90866,16837,2021,https://understat.com/getLeagueData/Serie_A/2021,2021-10-23,True
2021-10-23,Salernitana,Empoli,1.37213,2.83049,16842,2021,https://understat.com/getLeagueData/Serie_A/2021,2021-10-23,True
2021-10-23,Sassuolo,Venezia,2.13069,0.506648,16844,2021,https://understat.com/getLeagueData/Serie_A/2021,2021-10-23,True
2021-10-24,Atalanta,Udinese,0.629032,0.667553,16836,2021,https://understat.com/getLeagueData/Serie_A/2021,2021-10-24,True
2021-10-24,Fiorentina,Cagliari,3.1216,0.119909,16838,2021,https://understat.com/getLeagueData/Serie_A/2021,2021-10-24,True
2021-10-24,Inter,Juventus,0.961912,1.34492,16840,2021,https://understat.com/getLeagueData/Serie_A/2021,2021-10-24,True
2021-10-24,Roma,Napoli,1.6324,0.593957,16841,2021,https://understat.com/getLeagueData/Serie_A/2021,2021-10-24,True
2021-10-24,Verona,Lazio,3.536,1.42458,16839,2021,https://understat.com/getLeagueData/Serie_A/2021,2021-10-24,True
2021-10-26,Milan,Torino,1.12486,0.488007,16850,2021,https://understat.com/getLeagueData/Serie_A/2021,2021-10-26,True
2021-10-26,Spezia,Genoa,2.40615,1.0654,16853,2021,https://understat.com/getLeagueData/Serie_A/2021,2021-10-26,True
2021-10-26,Venezia,Salernitana,0.62413,1.52483,16855,2021,https://understat.com/getLeagueData/Serie_A/2021,2021-10-26,True
2021-10-27,Cagliari,Roma,1.31963,2.49703,16846,2021,https://understat.com/getLeagueData/Serie_A/2021,2021-10-27,True
2021-10-27,Empoli,Inter,0.542985,3.07924,16847,2021,https://understat.com/getLeagueData/Serie_A/2021,2021-10-27,True
2021-10-27,Juventus,Sassuolo,1.15204,1.12654,16848,2021,https://understat.com/getLeagueData/Serie_A/2021,2021-10-27,True
2021-10-27,Lazio,Fiorentina,0.637443,0.517761,16849,2021,https://understat.com/getLeagueData/Serie_A/2021,2021-10-27,True
2021-10-27,Sampdoria,Atalanta,0.984824,1.98512,16852,2021,https://understat.com/getLeagueData/Serie_A/2021,2021-10-27,True
2021-10-27,Udinese,Verona,0.940667,0.843224,16854,2021,https://understat.com/getLeagueData/Serie_A/2021,2021-10-27,True
2021-10-28,Napoli,Bologna,2.67727,0.251648,16851,2021,https://understat.com/getLeagueData/Serie_A/2021,2021-10-28,True
2021-10-30,Atalanta,Lazio,0.723746,1.4355,16856,2021,https://understat.com/getLeagueData/Serie_A/2021,2021-10-30,True
2021-10-30,Torino,Sampdoria,2.61562,0.249004,16865,2021,https://understat.com/getLeagueData/Serie_A/2021,2021-10-30,True
2021-10-30,Verona,Juventus,1.57716,1.78968,16860,2021,https://understat.com/getLeagueData/Serie_A/2021,2021-10-30,True
2021-10-31,Fiorentina,Spezia,2.8175,0.0882599,16858,2021,https://understat.com/getLeagueData/Serie_A/2021,2021-10-31,True
2021-10-31,Genoa,Venezia,0.720997,0.488128,16859,2021,https://understat.com/getLeagueData/Serie_A/2021,2021-10-31,True
2021-10-31,Inter,Udinese,2.0569,0.303819,16861,2021,https://understat.com/getLeagueData/Serie_A/2021,2021-10-31,True
2021-10-31,Roma,Milan,1.25894,1.86101,16862,2021,https://understat.com/getLeagueData/Serie_A/2021,2021-10-31,True
2021-10-31,Salernitana,Napoli,0.405769,1.54055,16863,2021,https://understat.com/getLeagueData/Serie_A/2021,2021-10-31,True
2021-10-31,Sassuolo,Empoli,1.24312,1.4834,16864,2021,https://understat.com/getLeagueData/Serie_A/2021,2021-10-31,True
2021-11-01,Bologna,Cagliari,1.7361,0.403517,16857,2021,https://understat.com/getLeagueData/Serie_A/2021,2021-11-01,True
2021-11-05,Empoli,Genoa,0.745284,1.69731,16867,2021,https://understat.com/getLeagueData/Serie_A/2021,2021-11-05,True
2021-11-06,Cagliari,Atalanta,0.510728,3.54195,16866,2021,https://understat.com/getLeagueData/Serie_A/2021,2021-11-06,True
2021-11-06,Juventus,Fiorentina,0.984607,0.320219,16868,2021,https://understat.com/getLeagueData/Serie_A/2021,2021-11-06,True
2021-11-06,Spezia,Torino,0.333765,0.420439,16873,2021,https://understat.com/getLeagueData/Serie_A/2021,2021-11-06,True
2021-11-07,Lazio,Salernitana,1.67971,0.239577,16869,2021,https://understat.com/getLeagueData/Serie_A/2021,2021-11-07,True
2021-11-07,Milan,Inter,1.15715,2.34764,16870,2021,https://understat.com/getLeagueData/Serie_A/2021,2021-11-07,True
2021-11-07,Napoli,Verona,0.800943,1.22561,16871,2021,https://understat.com/getLeagueData/Serie_A/2021,2021-11-07,True
2021-11-07,Sampdoria,Bologna,1.05575,1.86418,16872,2021,https://understat.com/getLeagueData/Serie_A/2021,2021-11-07,True
2021-11-07,Udinese,Sassuolo,1.59111,0.694033,16874,2021,https://understat.com/getLeagueData/Serie_A/2021,2021-11-07,True
2021-11-07,Venezia,Roma,3.22538,2.76533,16875,2021,https://understat.com/getLeagueData/Serie_A/2021,2021-11-07,True
2021-11-20,Atalanta,Spezia,2.5762,0.928225,16876,2021,https://understat.com/getLeagueData/Serie_A/2021,2021-11-20,True
2021-11-20,Fiorentina,Milan,1.50869,1.57419,16878,2021,https://understat.com/getLeagueData/Serie_A/2021,2021-11-20,True
2021-11-20,Lazio,Juventus,0.254933,2.76719,16882,2021,https://understat.com/getLeagueData/Serie_A/2021,2021-11-20,True
2021-11-21,Bologna,Venezia,0.995082,1.01889,16877,2021,https://understat.com/getLeagueData/Serie_A/2021,2021-11-21,True
2021-11-21,Genoa,Roma,0.102684,2.34272,16879,2021,https://understat.com/getLeagueData/Serie_A/2021,2021-11-21,True
2021-11-21,Inter,Napoli,2.19596,0.941603,16881,2021,https://understat.com/getLeagueData/Serie_A/2021,2021-11-21,True
2021-11-21,Salernitana,Sampdoria,0.982098,1.52856,16883,2021,https://understat.com/getLeagueData/Serie_A/2021,2021-11-21,True
2021-11-21,Sassuolo,Cagliari,3.47952,1.23102,16884,2021,https://understat.com/getLeagueData/Serie_A/2021,2021-11-21,True
2021-11-22,Torino,Udinese,1.93566,1.00294,16885,2021,https://understat.com/getLeagueData/Serie_A/2021,2021-11-22,True
2021-11-22,Verona,Empoli,1.30231,1.56263,16880,2021,https://understat.com/getLeagueData/Serie_A/2021,2021-11-22,True
2021-11-26,Cagliari,Salernitana,1.71881,0.238047,16886,2021,https://understat.com/getLeagueData/Serie_A/2021,2021-11-26,True
2021-11-27,Empoli,Fiorentina,2.14107,2.39546,16887,2021,https://understat.com/getLeagueData/Serie_A/2021,2021-11-27,True
2021-11-27,Juventus,Atalanta,0.818174,0.573467,16888,2021,https://understat.com/getLeagueData/Serie_A/2021,2021-11-27,True
2021-11-27,Sampdoria,Verona,0.75047,0.697659,16892,2021,https://understat.com/getLeagueData/Serie_A/2021,2021-11-27,True
2021-11-27,Venezia,Inter,0.192519,2.60343,16895,2021,https://understat.com/getLeagueData/Serie_A/2021,2021-11-27,True
2021-11-28,Milan,Sassuolo,0.880541,1.18489,16889,2021,https://understat.com/getLeagueData/Serie_A/2021,2021-11-28,True
2021-11-28,Napoli,Lazio,1.19531,0.272761,16890,2021,https://understat.com/getLeagueData/Serie_A/2021,2021-11-28,True
2021-11-28,Roma,Torino,0.962178,0.798443,16891,2021,https://understat.com/getLeagueData/Serie_A/2021,2021-11-28,True
2021-11-28,Spezia,Bologna,0.638423,2.54608,16893,2021,https://understat.com/getLeagueData/Serie_A/2021,2021-11-28,True
2021-11-28,Udinese,Genoa,0.782758,0.602047,16894,2021,https://understat.com/getLeagueData/Serie_A/2021,2021-11-28,True
2021-11-30,Atalanta,Venezia,2.90312,0.520194,16896,2021,https://understat.com/getLeagueData/Serie_A/2021,2021-11-30,True
2021-11-30,Fiorentina,Sampdoria,2.87335,0.634027,16898,2021,https://understat.com/getLeagueData/Serie_A/2021,2021-11-30,True
2021-11-30,Salernitana,Juventus,0.461655,2.54436,16903,2021,https://understat.com/getLeagueData/Serie_A/2021,2021-11-30,True
2021-11-30,Verona,Cagliari,1.16014,0.575054,16900,2021,https://understat.com/getLeagueData/Serie_A/2021,2021-11-30,True
2021-12-01,Bologna,Roma,0.220551,0.90512,16897,2021,https://understat.com/getLeagueData/Serie_A/2021,2021-12-01,True
2021-12-01,Genoa,Milan,0.357508,1.10251,16899,2021,https://understat.com/getLeagueData/Serie_A/2021,2021-12-01,True
2021-12-01,Inter,Spezia,2.85144,0.25153,16901,2021,https://understat.com/getLeagueData/Serie_A/2021,2021-12-01,True
2021-12-01,Sassuolo,Napoli,0.306603,0.922552,16904,2021,https://understat.com/getLeagueData/Serie_A/2021,2021-12-01,True
2021-12-02,Lazio,Udinese,1.45921,2.04224,16902,2021,https://understat.com/getLeagueData/Serie_A/2021,2021-12-02,True
2021-12-02,Torino,Empoli,1.37796,0.972492,16905,2021,https://understat.com/getLeagueData/Serie_A/2021,2021-12-02,True
2021-12-04,Milan,Salernitana,2.58223,0.194258,16910,2021,https://understat.com/getLeagueData/Serie_A/2021,2021-12-04,True
2021-12-04,Napoli,Atalanta,1.11737,1.52971,16911,2021,https://understat.com/getLeagueData/Serie_A/2021,2021-12-04,True
2021-12-04,Roma,Inter,0.530518,1.67407,16912,2021,https://understat.com/getLeagueData/Serie_A/2021,2021-12-04,True
2021-12-05,Bologna,Fiorentina,0.587444,1.21379,16906,2021,https://understat.com/getLeagueData/Serie_A/2021,2021-12-05,True
2021-12-05,Juventus,Genoa,3.00541,0.0,16909,2021,https://understat.com/getLeagueData/Serie_A/2021,2021-12-05,True
2021-12-05,Sampdoria,Lazio,1.14767,1.15156,16913,2021,https://understat.com/getLeagueData/Serie_A/2021,2021-12-05,True
2021-12-05,Spezia,Sassuolo,2.36057,1.4473,16914,2021,https://understat.com/getLeagueData/Serie_A/2021,2021-12-05,True
2021-12-05,Venezia,Verona,1.48718,2.08845,16915,2021,https://understat.com/getLeagueData/Serie_A/2021,2021-12-05,True
2021-12-06,Cagliari,Torino,1.20956,1.90192,16907,2021,https://understat.com/getLeagueData/Serie_A/2021,2021-12-06,True
2021-12-06,Empoli,Udinese,2.02523,2.08721,16908,2021,https://understat.com/getLeagueData/Serie_A/2021,2021-12-06,True
2021-12-10,Genoa,Sampdoria,1.01041,2.02929,16917,2021,https://understat.com/getLeagueData/Serie_A/2021,2021-12-10,True
2021-12-11,Fiorentina,Salernitana,2.74247,0.924612,16916,2021,https://understat.com/getLeagueData/Serie_A/2021,2021-12-11,True
2021-12-11,Udinese,Milan,2.28394,1.15102,16924,2021,https://understat.com/getLeagueData/Serie_A/2021,2021-12-11,True
2021-12-11,Venezia,Juventus,0.433734,1.53897,16925,2021,https://understat.com/getLeagueData/Serie_A/2021,2021-12-11,True
2021-12-12,Inter,Cagliari,3.63912,0.222398,16919,2021,https://understat.com/getLeagueData/Serie_A/2021,2021-12-12,True
2021-12-12,Napoli,Empoli,1.61708,0.644488,16920,2021,https://understat.com/getLeagueData/Serie_A/2021,2021-12-12,True
2021-12-12,Sassuolo,Lazio,0.893952,0.733536,16922,2021,https://understat.com/getLeagueData/Serie_A/2021,2021-12-12,True
2021-12-12,Torino,Bologna,2.12527,0.945252,16923,2021,https://understat.com/getLeagueData/Serie_A/2021,2021-12-12,True
2021-12-12,Verona,Atalanta,0.996933,1.01933,16918,2021,https://understat.com/getLeagueData/Serie_A/2021,2021-12-12,True
2021-12-13,Roma,Spezia,2.29875,0.609287,16921,2021,https://understat.com/getLeagueData/Serie_A/2021,2021-12-13,True
2021-12-17,Lazio,Genoa,2.07083,0.172789,16930,2021,https://understat.com/getLeagueData/Serie_A/2021,2021-12-17,True
2021-12-17,Salernitana,Inter,1.09173,3.31333,16932,2021,https://understat.com/getLeagueData/Serie_A/2021,2021-12-17,True
2021-12-18,Atalanta,Roma,1.47111,1.99516,16926,2021,https://understat.com/getLeagueData/Serie_A/2021,2021-12-18,True
2021-12-18,Bologna,Juventus,0.844256,1.39683,16927,2021,https://understat.com/getLeagueData/Serie_A/2021,2021-12-18,True
2021-12-18,Cagliari,Udinese,0.183657,0.521701,16928,2021,https://understat.com/getLeagueData/Serie_A/2021,2021-12-18,True
2021-12-19,Fiorentina,Sassuolo,2.26952,1.00122,16929,2021,https://understat.com/getLeagueData/Serie_A/2021,2021-12-19,True
2021-12-19,Milan,Napoli,0.369086,0.994378,16931,2021,https://understat.com/getLeagueData/Serie_A/2021,2021-12-19,True
2021-12-19,Sampdoria,Venezia,1.80875,0.811355,16933,2021,https://understat.com/getLeagueData/Serie_A/2021,2021-12-19,True
2021-12-19,Spezia,Empoli,1.36967,1.224,16934,2021,https://understat.com/getLeagueData/Serie_A/2021,2021-12-19,True
2021-12-19,Torino,Verona,0.860761,0.261412,16935,2021,https://understat.com/getLeagueData/Serie_A/2021,2021-12-19,True
2021-12-21,Genoa,Atalanta,0.0227283,1.41779,16937,2021,https://understat.com/getLeagueData/Serie_A/2021,2021-12-21,True
2021-12-21,Juventus,Cagliari,2.24385,1.13484,16940,2021,https://understat.com/getLeagueData/Serie_A/2021,2021-12-21,True
2021-12-22,Empoli,Milan,1.66086,1.96497,16936,2021,https://understat.com/getLeagueData/Serie_A/2021,2021-12-22,True
2021-12-22,Inter,Torino,1.02989,0.536356,16939,2021,https://understat.com/getLeagueData/Serie_A/2021,2021-12-22,True
2021-12-22,Napoli,Spezia,1.45364,0.355079,16941,2021,https://understat.com/getLeagueData/Serie_A/2021,2021-12-22,True
2021-12-22,Roma,Sampdoria,1.45266,1.18082,16942,2021,https://understat.com/getLeagueData/Serie_A/2021,2021-12-22,True
2021-12-22,Sassuolo,Bologna,0.775996,1.4889,16943,2021,https://understat.com/getLeagueData/Serie_A/2021,2021-12-22,True
2021-12-22,Venezia,Lazio,0.755959,1.55202,16945,2021,https://understat.com/getLeagueData/Serie_A/2021,2021-12-22,True
2021-12-22,Verona,Fiorentina,0.948779,1.28925,16938,2021,https://understat.com/getLeagueData/Serie_A/2021,2021-12-22,True
2022-01-06,Juventus,Napoli,1.07965,0.884683,16949,2021,https://understat.com/getLeagueData/Serie_A/2021,2022-01-06,True
2022-01-06,Lazio,Empoli,3.09009,2.15425,16950,2021,https://understat.com/getLeagueData/Serie_A/2021,2022-01-06,True
2022-01-06,Milan,Roma,3.01902,0.861234,16951,2021,https://understat.com/getLeagueData/Serie_A/2021,2022-01-06,True
2022-01-06,Sampdoria,Cagliari,0.731494,2.18965,16953,2021,https://understat.com/getLeagueData/Serie_A/2021,2022-01-06,True
2022-01-06,Sassuolo,Genoa,2.1565,0.213242,16954,2021,https://understat.com/getLeagueData/Serie_A/2021,2022-01-06,True
2022-01-06,Spezia,Verona,1.32415,2.16034,16955,2021,https://understat.com/getLeagueData/Serie_A/2021,2022-01-06,True
2022-01-09,Empoli,Sassuolo,1.02555,4.0481,16957,2021,https://understat.com/getLeagueData/Serie_A/2021,2022-01-09,True
2022-01-09,Genoa,Spezia,0.956415,1.75709,16958,2021,https://understat.com/getLeagueData/Serie_A/2021,2022-01-09,True
2022-01-09,Inter,Lazio,2.15451,0.747451,16960,2021,https://understat.com/getLeagueData/Serie_A/2021,2022-01-09,True
2022-01-09,Napoli,Sampdoria,1.42942,0.369245,16961,2021,https://understat.com/getLeagueData/Serie_A/2021,2022-01-09,True
2022-01-09,Roma,Juventus,2.53255,1.45001,16962,2021,https://understat.com/getLeagueData/Serie_A/2021,2022-01-09,True
2022-01-09,Udinese,Atalanta,0.725694,3.65946,16964,2021,https://understat.com/getLeagueData/Serie_A/2021,2022-01-09,True
2022-01-09,Venezia,Milan,0.511301,3.87292,16965,2021,https://understat.com/getLeagueData/Serie_A/2021,2022-01-09,True
2022-01-09,Verona,Salernitana,1.38469,1.28422,16959,2021,https://understat.com/getLeagueData/Serie_A/2021,2022-01-09,True
2022-01-10,Torino,Fiorentina,2.52401,0.472644,16963,2021,https://understat.com/getLeagueData/Serie_A/2021,2022-01-10,True
2022-01-11,Cagliari,Bologna,1.47121,0.693001,16956,2021,https://understat.com/getLeagueData/Serie_A/2021,2022-01-11,True
2022-01-15,Juventus,Udinese,1.70532,0.552532,16969,2021,https://understat.com/getLeagueData/Serie_A/2021,2022-01-15,True
2022-01-15,Salernitana,Lazio,0.232152,1.73777,16972,2021,https://understat.com/getLeagueData/Serie_A/2021,2022-01-15,True
2022-01-15,Sampdoria,Torino,1.28669,1.31237,16973,2021,https://understat.com/getLeagueData/Serie_A/2021,2022-01-15,True
2022-01-16,Atalanta,Inter,1.51513,1.50653,16966,2021,https://understat.com/getLeagueData/Serie_A/2021,2022-01-16,True
2022-01-16,Roma,Cagliari,2.01468,0.642616,16971,2021,https://understat.com/getLeagueData/Serie_A/2021,2022-01-16,True
2022-01-16,Sassuolo,Verona,0.85553,4.11644,16974,2021,https://understat.com/getLeagueData/Serie_A/2021,2022-01-16,True
2022-01-16,Venezia,Empoli,1.03771,1.12304,16975,2021,https://understat.com/getLeagueData/Serie_A/2021,2022-01-16,True
2022-01-17,Bologna,Napoli,0.80171,2.20066,16967,2021,https://understat.com/getLeagueData/Serie_A/2021,2022-01-17,True
2022-01-17,Fiorentina,Genoa,3.75618,0.0786195,16968,2021,https://understat.com/getLeagueData/Serie_A/2021,2022-01-17,True
2022-01-17,Milan,Spezia,2.85028,1.56746,16970,2021,https://understat.com/getLeagueData/Serie_A/2021,2022-01-17,True
2022-01-21,Verona,Bologna,2.05174,0.416668,16979,2021,https://understat.com/getLeagueData/Serie_A/2021,2022-01-21,True
2022-01-22,Genoa,Udinese,1.73379,0.0599026,16978,2021,https://understat.com/getLeagueData/Serie_A/2021,2022-01-22,True
2022-01-22,Inter,Venezia,2.86895,0.222828,16980,2021,https://understat.com/getLeagueData/Serie_A/2021,2022-01-22,True
2022-01-22,Lazio,Atalanta,0.272931,0.310955,16981,2021,https://understat.com/getLeagueData/Serie_A/2021,2022-01-22,True
2022-01-23,Cagliari,Fiorentina,2.42279,2.56091,16976,2021,https://understat.com/getLeagueData/Serie_A/2021,2022-01-23,True
2022-01-23,Empoli,Roma,1.23141,2.17975,16977,2021,https://understat.com/getLeagueData/Serie_A/2021,2022-01-23,True
2022-01-23,Milan,Juventus,0.705495,0.352915,16982,2021,https://understat.com/getLeagueData/Serie_A/2021,2022-01-23,True
2022-01-23,Napoli,Salernitana,4.54865,0.0822889,16983,2021,https://understat.com/getLeagueData/Serie_A/2021,2022-01-23,True
2022-01-23,Spezia,Sampdoria,0.529956,0.438332,16984,2021,https://understat.com/getLeagueData/Serie_A/2021,2022-01-23,True
2022-01-23,Torino,Sassuolo,3.25065,0.628281,16985,2021,https://understat.com/getLeagueData/Serie_A/2021,2022-01-23,True
2022-02-05,Fiorentina,Lazio,0.709615,2.48806,16988,2021,https://understat.com/getLeagueData/Serie_A/2021,2022-02-05,True
2022-02-05,Inter,Milan,1.06379,1.17012,16989,2021,https://understat.com/getLeagueData/Serie_A/2021,2022-02-05,True
2022-02-05,Roma,Genoa,1.4581,0.537092,16991,2021,https://understat.com/getLeagueData/Serie_A/2021,2022-02-05,True
2022-02-06,Atalanta,Cagliari,0.983984,1.62586,16986,2021,https://understat.com/getLeagueData/Serie_A/2021,2022-02-06,True
2022-02-06,Bologna,Empoli,0.553308,1.87705,16987,2021,https://understat.com/getLeagueData/Serie_A/2021,2022-02-06,True
2022-02-06,Juventus,Verona,1.38424,0.434667,16990,2021,https://understat.com/getLeagueData/Serie_A/2021,2022-02-06,True
2022-02-06,Sampdoria,Sassuolo,2.41944,1.32565,16993,2021,https://understat.com/getLeagueData/Serie_A/2021,2022-02-06,True
2022-02-06,Udinese,Torino,1.18272,0.231176,16994,2021,https://understat.com/getLeagueData/Serie_A/2021,2022-02-06,True
2022-02-06,Venezia,Napoli,0.387253,1.79731,16995,2021,https://understat.com/getLeagueData/Serie_A/2021,2022-02-06,True
2022-02-07,Salernitana,Spezia,0.419799,1.99832,16992,2021,https://understat.com/getLeagueData/Serie_A/2021,2022-02-07,True
2022-02-12,Lazio,Bologna,2.15933,0.975118,17000,2021,https://understat.com/getLeagueData/Serie_A/2021,2022-02-12,True
2022-02-12,Napoli,Inter,1.87896,0.770409,17002,2021,https://understat.com/getLeagueData/Serie_A/2021,2022-02-12,True
2022-02-12,Torino,Venezia,0.545957,0.468815,17005,2021,https://understat.com/getLeagueData/Serie_A/2021,2022-02-12,True
2022-02-13,Atalanta,Juventus,2.4593,1.04207,16996,2021,https://understat.com/getLeagueData/Serie_A/2021,2022-02-13,True
2022-02-13,Empoli,Cagliari,0.62072,0.833332,16997,2021,https://understat.com/getLeagueData/Serie_A/2021,2022-02-13,True
2022-02-13,Genoa,Salernitana,2.59108,0.96554,16998,2021,https://understat.com/getLeagueData/Serie_A/2021,2022-02-13,True
2022-02-13,Milan,Sampdoria,1.58606,0.171196,17001,2021,https://understat.com/getLeagueData/Serie_A/2021,2022-02-13,True
2022-02-13,Sassuolo,Roma,1.08187,1.74236,17003,2021,https://understat.com/getLeagueData/Serie_A/2021,2022-02-13,True
2022-02-13,Verona,Udinese,0.622109,1.01066,16999,2021,https://understat.com/getLeagueData/Serie_A/2021,2022-02-13,True
2022-02-14,Spezia,Fiorentina,0.489481,2.36382,17004,2021,https://understat.com/getLeagueData/Serie_A/2021,2022-02-14,True
2022-02-18,Juventus,Torino,0.773842,0.848296,17010,2021,https://understat.com/getLeagueData/Serie_A/2021,2022-02-18,True
2022-02-19,Roma,Verona,0.31384,0.82269,17011,2021,https://understat.com/getLeagueData/Serie_A/2021,2022-02-19,True
2022-02-19,Salernitana,Milan,0.602765,1.20115,17012,2021,https://understat.com/getLeagueData/Serie_A/2021,2022-02-19,True
2022-02-19,Sampdoria,Empoli,0.565043,1.31858,17013,2021,https://understat.com/getLeagueData/Serie_A/2021,2022-02-19,True
2022-02-20,Fiorentina,Atalanta,0.71376,0.402145,17008,2021,https://understat.com/getLeagueData/Serie_A/2021,2022-02-20,True
2022-02-20,Inter,Sassuolo,3.34692,1.94409,17009,2021,https://understat.com/getLeagueData/Serie_A/2021,2022-02-20,True
2022-02-20,Udinese,Lazio,1.84915,1.33877,17014,2021,https://understat.com/getLeagueData/Serie_A/2021,2022-02-20,True
2022-02-20,Venezia,Genoa,1.09963,1.76519,17015,2021,https://understat.com/getLeagueData/Serie_A/2021,2022-02-20,True
2022-02-21,Bologna,Spezia,2.0119,0.262135,17006,2021,https://understat.com/getLeagueData/Serie_A/2021,2022-02-21,True
2022-02-21,Cagliari,Napoli,2.24847,1.45257,17007,2021,https://understat.com/getLeagueData/Serie_A/2021,2022-02-21,True
2022-02-25,Genoa,Inter,0.770871,1.15904,17018,2021,https://understat.com/getLeagueData/Serie_A/2021,2022-02-25,True
2022-02-25,Milan,Udinese,0.778008,0.698483,17021,2021,https://understat.com/getLeagueData/Serie_A/2021,2022-02-25,True
2022-02-26,Empoli,Juventus,1.37121,2.13647,17017,2021,https://understat.com/getLeagueData/Serie_A/2021,2022-02-26,True
2022-02-26,Salernitana,Bologna,1.32318,0.611632,17022,2021,https://understat.com/getLeagueData/Serie_A/2021,2022-02-26,True
2022-02-26,Sassuolo,Fiorentina,1.72605,2.13772,17023,2021,https://understat.com/getLeagueData/Serie_A/2021,2022-02-26,True
2022-02-27,Lazio,Napoli,1.43139,0.849244,17020,2021,https://understat.com/getLeagueData/Serie_A/2021,2022-02-27,True
2022-02-27,Spezia,Roma,0.364313,4.55711,17024,2021,https://understat.com/getLeagueData/Serie_A/2021,2022-02-27,True
2022-02-27,Torino,Cagliari,1.3681,1.69853,17025,2021,https://understat.com/getLeagueData/Serie_A/2021,2022-02-27,True
2022-02-27,Verona,Venezia,3.53339,0.974017,17019,2021,https://understat.com/getLeagueData/Serie_A/2021,2022-02-27,True
2022-02-28,Atalanta,Sampdoria,2.69433,0.476071,17016,2021,https://understat.com/getLeagueData/Serie_A/2021,2022-02-28,True
2022-03-04,Inter,Salernitana,4.69296,0.836976,17030,2021,https://understat.com/getLeagueData/Serie_A/2021,2022-03-04,True
2022-03-05,Cagliari,Lazio,0.596491,2.68261,17027,2021,https://understat.com/getLeagueData/Serie_A/2021,2022-03-05,True
2022-03-05,Roma,Atalanta,1.74727,1.05953,17033,2021,https://understat.com/getLeagueData/Serie_A/2021,2022-03-05,True
2022-03-05,Udinese,Sampdoria,2.57043,0.661531,17034,2021,https://understat.com/getLeagueData/Serie_A/2021,2022-03-05,True
2022-03-06,Bologna,Torino,0.24493,0.754248,17026,2021,https://understat.com/getLeagueData/Serie_A/2021,2022-03-06,True
2022-03-06,Fiorentina,Verona,1.53524,0.97388,17028,2021,https://understat.com/getLeagueData/Serie_A/2021,2022-03-06,True
2022-03-06,Genoa,Empoli,1.26288,0.319298,17029,2021,https://understat.com/getLeagueData/Serie_A/2021,2022-03-06,True
2022-03-06,Juventus,Spezia,1.41795,0.984779,17031,2021,https://understat.com/getLeagueData/Serie_A/2021,2022-03-06,True
2022-03-06,Napoli,Milan,0.377216,1.29857,17032,2021,https://understat.com/getLeagueData/Serie_A/2021,2022-03-06,True
2022-03-06,Venezia,Sassuolo,3.09905,3.70614,17035,2021,https://understat.com/getLeagueData/Serie_A/2021,2022-03-06,True
2022-03-12,Milan,Empoli,0.868404,0.69889,17040,2021,https://understat.com/getLeagueData/Serie_A/2021,2022-03-12,True
2022-03-12,Salernitana,Sassuolo,1.63738,1.5945,17041,2021,https://understat.com/getLeagueData/Serie_A/2021,2022-03-12,True
2022-03-12,Sampdoria,Juventus,1.39467,1.43772,17042,2021,https://understat.com/getLeagueData/Serie_A/2021,2022-03-12,True
2022-03-12,Spezia,Cagliari,2.30067,0.490723,17043,2021,https://understat.com/getLeagueData/Serie_A/2021,2022-03-12,True
2022-03-13,Atalanta,Genoa,1.1714,0.731994,17036,2021,https://understat.com/getLeagueData/Serie_A/2021,2022-03-13,True
2022-03-13,Fiorentina,Bologna,2.74019,0.966761,17037,2021,https://understat.com/getLeagueData/Serie_A/2021,2022-03-13,True
2022-03-13,Torino,Inter,2.30248,2.6573,17044,2021,https://understat.com/getLeagueData/Serie_A/2021,2022-03-13,True
2022-03-13,Udinese,Roma,0.92821,1.07674,17045,2021,https://understat.com/getLeagueData/Serie_A/2021,2022-03-13,True
2022-03-13,Verona,Napoli,0.870895,2.06949,17038,2021,https://understat.com/getLeagueData/Serie_A/2021,2022-03-13,True
2022-03-14,Lazio,Venezia,1.45542,0.399391,17039,2021,https://understat.com/getLeagueData/Serie_A/2021,2022-03-14,True
2022-03-18,Genoa,Torino,0.953473,0.517226,17049,2021,https://understat.com/getLeagueData/Serie_A/2021,2022-03-18,True
2022-03-18,Sassuolo,Spezia,2.44051,0.28431,17054,2021,https://understat.com/getLeagueData/Serie_A/2021,2022-03-18,True
2022-03-19,Cagliari,Milan,0.748068,2.41621,17047,2021,https://understat.com/getLeagueData/Serie_A/2021,2022-03-19,True
2022-03-19,Inter,Fiorentina,0.996394,1.05358,17050,2021,https://understat.com/getLeagueData/Serie_A/2021,2022-03-19,True
2022-03-19,Napoli,Udinese,1.28206,0.771369,17052,2021,https://understat.com/getLeagueData/Serie_A/2021,2022-03-19,True
2022-03-20,Bologna,Atalanta,1.59506,1.58088,17046,2021,https://understat.com/getLeagueData/Serie_A/2021,2022-03-20,True
2022-03-20,Empoli,Verona,0.934289,1.54465,17048,2021,https://understat.com/getLeagueData/Serie_A/2021,2022-03-20,True
2022-03-20,Juventus,Salernitana,2.40548,0.438066,17051,2021,https://understat.com/getLeagueData/Serie_A/2021,2022-03-20,True
2022-03-20,Roma,Lazio,2.47701,0.358377,17053,2021,https://understat.com/getLeagueData/Serie_A/2021,2022-03-20,True
2022-03-20,Venezia,Sampdoria,1.64587,1.39567,17055,2021,https://understat.com/getLeagueData/Serie_A/2021,2022-03-20,True
2022-04-02,Lazio,Sassuolo,2.09117,1.71478,17060,2021,https://understat.com/getLeagueData/Serie_A/2021,2022-04-02,True
2022-04-02,Salernitana,Torino,1.08204,1.45234,17062,2021,https://understat.com/getLeagueData/Serie_A/2021,2022-04-02,True
2022-04-02,Spezia,Venezia,1.14124,0.53455,17064,2021,https://understat.com/getLeagueData/Serie_A/2021,2022-04-02,True
2022-04-03,Atalanta,Napoli,1.66786,1.84682,17056,2021,https://understat.com/getLeagueData/Serie_A/2021,2022-04-03,True
2022-04-03,Fiorentina,Empoli,1.71922,0.207616,17057,2021,https://understat.com/getLeagueData/Serie_A/2021,2022-04-03,True
2022-04-03,Juventus,Inter,1.89815,1.0453,17059,2021,https://understat.com/getLeagueData/Serie_A/2021,2022-04-03,True
2022-04-03,Sampdoria,Roma,0.449626,1.1837,17063,2021,https://understat.com/getLeagueData/Serie_A/2021,2022-04-03,True
2022-04-03,Udinese,Cagliari,5.37396,0.256503,17065,2021,https://understat.com/getLeagueData/Serie_A/2021,2022-04-03,True
2022-04-04,Milan,Bologna,1.83563,0.79281,17061,2021,https://understat.com/getLeagueData/Serie_A/2021,2022-04-04,True
2022-04-04,Verona,Genoa,1.209,0.709184,17058,2021,https://understat.com/getLeagueData/Serie_A/2021,2022-04-04,True
2022-04-09,Cagliari,Juventus,0.213416,1.58167,17067,2021,https://understat.com/getLeagueData/Serie_A/2021,2022-04-09,True
2022-04-09,Empoli,Spezia,0.888808,1.52229,17068,2021,https://understat.com/getLeagueData/Serie_A/2021,2022-04-09,True
2022-04-09,Inter,Verona,2.68092,0.916591,17070,2021,https://understat.com/getLeagueData/Serie_A/2021,2022-04-09,True
2022-04-10,Genoa,Lazio,0.57986,2.15663,17069,2021,https://understat.com/getLeagueData/Serie_A/2021,2022-04-10,True
2022-04-10,Napoli,Fiorentina,1.45436,0.894842,17071,2021,https://understat.com/getLeagueData/Serie_A/2021,2022-04-10,True
2022-04-10,Roma,Salernitana,1.95563,0.544663,17072,2021,https://understat.com/getLeagueData/Serie_A/2021,2022-04-10,True
2022-04-10,Sassuolo,Atalanta,1.66107,1.85636,17073,2021,https://understat.com/getLeagueData/Serie_A/2021,2022-04-10,True
2022-04-10,Torino,Milan,0.635906,0.691935,17074,2021,https://understat.com/getLeagueData/Serie_A/2021,2022-04-10,True
2022-04-10,Venezia,Udinese,1.18437,3.08444,17075,2021,https://understat.com/getLeagueData/Serie_A/2021,2022-04-10,True
2022-04-11,Bologna,Sampdoria,2.56257,0.566838,17066,2021,https://understat.com/getLeagueData/Serie_A/2021,2022-04-11,True
2022-04-15,Milan,Genoa,1.81517,0.252167,17081,2021,https://understat.com/getLeagueData/Serie_A/2021,2022-04-15,True
2022-04-15,Spezia,Inter,0.413811,2.74371,17084,2021,https://understat.com/getLeagueData/Serie_A/2021,2022-04-15,True
2022-04-16,Cagliari,Sassuolo,1.90806,0.294539,17077,2021,https://understat.com/getLeagueData/Serie_A/2021,2022-04-16,True
2022-04-16,Fiorentina,Venezia,3.78568,0.131667,17078,2021,https://understat.com/getLeagueData/Serie_A/2021,2022-04-16,True
2022-04-16,Juventus,Bologna,2.24238,0.991401,17079,2021,https://understat.com/getLeagueData/Serie_A/2021,2022-04-16,True
2022-04-16,Lazio,Torino,0.987224,0.981319,17080,2021,https://understat.com/getLeagueData/Serie_A/2021,2022-04-16,True
2022-04-16,Sampdoria,Salernitana,0.90485,0.505369,17083,2021,https://understat.com/getLeagueData/Serie_A/2021,2022-04-16,True
2022-04-16,Udinese,Empoli,1.12137,1.96032,17085,2021,https://understat.com/getLeagueData/Serie_A/2021,2022-04-16,True
2022-04-18,Atalanta,Verona,1.27003,3.74719,17076,2021,https://understat.com/getLeagueData/Serie_A/2021,2022-04-18,True
2022-04-18,Napoli,Roma,1.2951,1.34625,17082,2021,https://understat.com/getLeagueData/Serie_A/2021,2022-04-18,True
2022-04-20,Udinese,Salernitana,0.480919,1.09235,16944,2021,https://understat.com/getLeagueData/Serie_A/2021,2022-04-20,True
2022-04-23,Inter,Roma,1.78507,1.23184,17090,2021,https://understat.com/getLeagueData/Serie_A/2021,2022-04-23,True
2022-04-23,Torino,Spezia,2.68611,0.989529,17094,2021,https://understat.com/getLeagueData/Serie_A/2021,2022-04-23,True
2022-04-23,Venezia,Atalanta,0.703396,3.55103,17095,2021,https://understat.com/getLeagueData/Serie_A/2021,2022-04-23,True
2022-04-23,Verona,Sampdoria,1.42671,0.913747,17089,2021,https://understat.com/getLeagueData/Serie_A/2021,2022-04-23,True
2022-04-24,Bologna,Udinese,0.933408,1.71422,17086,2021,https://understat.com/getLeagueData/Serie_A/2021,2022-04-24,True
2022-04-24,Empoli,Napoli,1.80347,1.30674,17087,2021,https://understat.com/getLeagueData/Serie_A/2021,2022-04-24,True
2022-04-24,Genoa,Cagliari,0.72812,0.923392,17088,2021,https://understat.com/getLeagueData/Serie_A/2021,2022-04-24,True
2022-04-24,Lazio,Milan,0.75325,2.45325,17091,2021,https://understat.com/getLeagueData/Serie_A/2021,2022-04-24,True
2022-04-24,Salernitana,Fiorentina,1.32457,0.507881,17092,2021,https://understat.com/getLeagueData/Serie_A/2021,2022-04-24,True
2022-04-25,Sassuolo,Juventus,1.3833,0.54335,17093,2021,https://understat.com/getLeagueData/Serie_A/2021,2022-04-25,True
2022-04-27,Atalanta,Torino,2.63289,2.44099,16946,2021,https://understat.com/getLeagueData/Serie_A/2021,2022-04-27,True
2022-04-27,Bologna,Inter,1.38147,2.44323,16947,2021,https://understat.com/getLeagueData/Serie_A/2021,2022-04-27,True
2022-04-27,Fiorentina,Udinese,2.81473,3.3303,16948,2021,https://understat.com/getLeagueData/Serie_A/2021,2022-04-27,True
2022-04-30,Cagliari,Verona,0.698699,1.5873,17097,2021,https://understat.com/getLeagueData/Serie_A/2021,2022-04-30,True
2022-04-30,Napoli,Sassuolo,3.24407,1.15108,17101,2021,https://understat.com/getLeagueData/Serie_A/2021,2022-04-30,True
2022-04-30,Sampdoria,Genoa,1.54966,1.54661,17103,2021,https://understat.com/getLeagueData/Serie_A/2021,2022-04-30,True
2022-04-30,Spezia,Lazio,1.59858,3.13613,17104,2021,https://understat.com/getLeagueData/Serie_A/2021,2022-04-30,True
2022-05-01,Empoli,Torino,0.722045,3.02504,17098,2021,https://understat.com/getLeagueData/Serie_A/2021,2022-05-01,True
2022-05-01,Juventus,Venezia,2.2771,0.746217,17099,2021,https://understat.com/getLeagueData/Serie_A/2021,2022-05-01,True
2022-05-01,Milan,Fiorentina,1.54898,0.516032,17100,2021,https://understat.com/getLeagueData/Serie_A/2021,2022-05-01,True
2022-05-01,Roma,Bologna,0.985697,1.44805,17102,2021,https://understat.com/getLeagueData/Serie_A/2021,2022-05-01,True
2022-05-01,Udinese,Inter,1.22718,2.52307,17105,2021,https://understat.com/getLeagueData/Serie_A/2021,2022-05-01,True
2022-05-02,Atalanta,Salernitana,1.48441,1.4366,17096,2021,https://understat.com/getLeagueData/Serie_A/2021,2022-05-02,True
2022-05-05,Salernitana,Venezia,1.97941,1.32167,16952,2021,https://understat.com/getLeagueData/Serie_A/2021,2022-05-05,True
2022-05-06,Genoa,Juventus,3.11452,1.95852,17107,2021,https://understat.com/getLeagueData/Serie_A/2021,2022-05-06,True
2022-05-06,Inter,Empoli,5.56052,0.682871,17109,2021,https://understat.com/getLeagueData/Serie_A/2021,2022-05-06,True
2022-05-07,Lazio,Sampdoria,2.35961,0.726496,17110,2021,https://understat.com/getLeagueData/Serie_A/2021,2022-05-07,True
2022-05-07,Sassuolo,Udinese,1.50599,2.43382,17112,2021,https://understat.com/getLeagueData/Serie_A/2021,2022-05-07,True
2022-05-07,Torino,Napoli,0.569398,1.5765,17114,2021,https://understat.com/getLeagueData/Serie_A/2021,2022-05-07,True
2022-05-08,Salernitana,Cagliari,1.62897,0.382997,17111,2021,https://understat.com/getLeagueData/Serie_A/2021,2022-05-08,True
2022-05-08,Spezia,Atalanta,1.09582,2.4171,17113,2021,https://understat.com/getLeagueData/Serie_A/2021,2022-05-08,True
2022-05-08,Venezia,Bologna,2.47386,2.42822,17115,2021,https://understat.com/getLeagueData/Serie_A/2021,2022-05-08,True
2022-05-08,Verona,Milan,1.07974,3.12506,17108,2021,https://understat.com/getLeagueData/Serie_A/2021,2022-05-08,True
2022-05-09,Fiorentina,Roma,1.70341,0.580624,17106,2021,https://understat.com/getLeagueData/Serie_A/2021,2022-05-09,True
2022-05-14,Empoli,Salernitana,1.76936,3.34278,17118,2021,https://understat.com/getLeagueData/Serie_A/2021,2022-05-14,True
2022-05-14,Roma,Venezia,3.01714,0.343274,17123,2021,https://understat.com/getLeagueData/Serie_A/2021,2022-05-14,True
2022-05-14,Udinese,Spezia,1.40244,2.64896,17125,2021,https://understat.com/getLeagueData/Serie_A/2021,2022-05-14,True
2022-05-14,Verona,Torino,0.692798,1.74109,17119,2021,https://understat.com/getLeagueData/Serie_A/2021,2022-05-14,True
2022-05-15,Bologna,Sassuolo,1.64743,2.61319,17116,2021,https://understat.com/getLeagueData/Serie_A/2021,2022-05-15,True
2022-05-15,Cagliari,Inter,0.669726,2.63086,17117,2021,https://understat.com/getLeagueData/Serie_A/2021,2022-05-15,True
2022-05-15,Milan,Atalanta,1.53356,0.779491,17121,2021,https://understat.com/getLeagueData/Serie_A/2021,2022-05-15,True
2022-05-15,Napoli,Genoa,2.3453,1.0345,17122,2021,https://understat.com/getLeagueData/Serie_A/2021,2022-05-15,True
2022-05-16,Juventus,Lazio,0.767731,0.839523,17120,2021,https://understat.com/getLeagueData/Serie_A/2021,2022-05-16,True
2022-05-16,Sampdoria,Fiorentina,1.7651,1.57284,17124,2021,https://understat.com/getLeagueData/Serie_A/2021,2022-05-16,True
2022-05-20,Torino,Roma,0.516826,2.72468,17134,2021,https://understat.com/getLeagueData/Serie_A/2021,2022-05-20,True
2022-05-21,Atalanta,Empoli,3.27816,0.290017,17126,2021,https://understat.com/getLeagueData/Serie_A/2021,2022-05-21,True
2022-05-21,Fiorentina,Juventus,1.38571,0.0655878,17127,2021,https://understat.com/getLeagueData/Serie_A/2021,2022-05-21,True
2022-05-21,Genoa,Bologna,0.916093,1.06929,17128,2021,https://understat.com/getLeagueData/Serie_A/2021,2022-05-21,True
2022-05-21,Lazio,Verona,3.45526,1.97266,17130,2021,https://understat.com/getLeagueData/Serie_A/2021,2022-05-21,True
2022-05-22,Inter,Sampdoria,2.96426,0.836763,17129,2021,https://understat.com/getLeagueData/Serie_A/2021,2022-05-22,True
2022-05-22,Salernitana,Udinese,2.38256,2.36064,17131,2021,https://understat.com/getLeagueData/Serie_A/2021,2022-05-22,True
2022-05-22,Sassuolo,Milan,0.293355,4.00571,17132,2021,https://understat.com/getLeagueData/Serie_A/2021,2022-05-22,True
2022-05-22,Spezia,Napoli,1.70411,1.7779,17133,2021,https://understat.com/getLeagueData/Serie_A/2021,2022-05-22,True
2022-05-22,Venezia,Cagliari,0.665291,1.57535,17135,2021,https://understat.com/getLeagueData/Serie_A/2021,2022-05-22,True
2022-08-13,Lecce,Inter,0.752988,2.52817,18585,2022,https://understat.com/getLeagueData/Serie_A/2022,2022-08-13,True
2022-08-13,Milan,Udinese,2.68095,0.439661,18582,2022,https://understat.com/getLeagueData/Serie_A/2022,2022-08-13,True
2022-08-13,Monza,Torino,1.0301,3.13646,18584,2022,https://understat.com/getLeagueData/Serie_A/2022,2022-08-13,True
2022-08-13,Sampdoria,Atalanta,0.617683,2.28675,18583,2022,https://understat.com/getLeagueData/Serie_A/2022,2022-08-13,True
2022-08-14,Fiorentina,Cremonese,2.01254,1.76638,18587,2022,https://understat.com/getLeagueData/Serie_A/2022,2022-08-14,True
2022-08-14,Lazio,Bologna,0.709672,1.59632,18586,2022,https://understat.com/getLeagueData/Serie_A/2022,2022-08-14,True
2022-08-14,Salernitana,Roma,0.505094,2.98256,18589,2022,https://understat.com/getLeagueData/Serie_A/2022,2022-08-14,True
2022-08-14,Spezia,Empoli,0.861875,0.987781,18588,2022,https://understat.com/getLeagueData/Serie_A/2022,2022-08-14,True
2022-08-15,Juventus,Sassuolo,2.24204,0.878583,18591,2022,https://understat.com/getLeagueData/Serie_A/2022,2022-08-15,True
2022-08-15,Verona,Napoli,1.13087,2.79803,18590,2022,https://understat.com/getLeagueData/Serie_A/2022,2022-08-15,True
2022-08-20,Inter,Spezia,2.62744,0.482897,18594,2022,https://understat.com/getLeagueData/Serie_A/2022,2022-08-20,True
2022-08-20,Sassuolo,Lecce,0.803483,0.703764,18595,2022,https://understat.com/getLeagueData/Serie_A/2022,2022-08-20,True
2022-08-20,Torino,Lazio,0.996405,0.713273,18592,2022,https://understat.com/getLeagueData/Serie_A/2022,2022-08-20,True
2022-08-20,Udinese,Salernitana,1.42871,1.50184,18593,2022,https://understat.com/getLeagueData/Serie_A/2022,2022-08-20,True
2022-08-21,Atalanta,Milan,0.538424,1.53637,18599,2022,https://understat.com/getLeagueData/Serie_A/2022,2022-08-21,True
2022-08-21,Bologna,Verona,1.13475,2.46808,18598,2022,https://understat.com/getLeagueData/Serie_A/2022,2022-08-21,True
2022-08-21,Empoli,Fiorentina,0.757409,0.796219,18597,2022,https://understat.com/getLeagueData/Serie_A/2022,2022-08-21,True
2022-08-21,Napoli,Monza,3.26352,0.121476,18596,2022,https://understat.com/getLeagueData/Serie_A/2022,2022-08-21,True
2022-08-22,Roma,Cremonese,2.91426,0.508942,18600,2022,https://understat.com/getLeagueData/Serie_A/2022,2022-08-22,True
2022-08-22,Sampdoria,Juventus,0.948831,0.807606,18601,2022,https://understat.com/getLeagueData/Serie_A/2022,2022-08-22,True
2022-08-26,Lazio,Inter,0.997005,1.62842,18603,2022,https://understat.com/getLeagueData/Serie_A/2022,2022-08-26,True
2022-08-26,Monza,Udinese,0.988468,2.26189,18602,2022,https://understat.com/getLeagueData/Serie_A/2022,2022-08-26,True
2022-08-27,Cremonese,Torino,0.815757,2.71403,18605,2022,https://understat.com/getLeagueData/Serie_A/2022,2022-08-27,True
2022-08-27,Juventus,Roma,0.633345,0.963959,18604,2022,https://understat.com/getLeagueData/Serie_A/2022,2022-08-27,True
2022-08-27,Milan,Bologna,2.83694,0.505259,18606,2022,https://understat.com/getLeagueData/Serie_A/2022,2022-08-27,True
2022-08-27,Spezia,Sassuolo,1.17548,2.83921,18607,2022,https://understat.com/getLeagueData/Serie_A/2022,2022-08-27,True
2022-08-28,Fiorentina,Napoli,0.381649,1.68549,18611,2022,https://understat.com/getLeagueData/Serie_A/2022,2022-08-28,True
2022-08-28,Lecce,Empoli,0.813378,0.37813,18610,2022,https://understat.com/getLeagueData/Serie_A/2022,2022-08-28,True
2022-08-28,Salernitana,Sampdoria,1.76461,1.66897,18608,2022,https://understat.com/getLeagueData/Serie_A/2022,2022-08-28,True
2022-08-28,Verona,Atalanta,0.369511,0.843159,18609,2022,https://understat.com/getLeagueData/Serie_A/2022,2022-08-28,True
2022-08-30,Inter,Cremonese,2.79797,1.06761,18614,2022,https://understat.com/getLeagueData/Serie_A/2022,2022-08-30,True
2022-08-30,Roma,Monza,2.67127,0.560728,18613,2022,https://understat.com/getLeagueData/Serie_A/2022,2022-08-30,True
2022-08-30,Sassuolo,Milan,1.06304,0.914316,18612,2022,https://understat.com/getLeagueData/Serie_A/2022,2022-08-30,True
2022-08-31,Empoli,Verona,0.778503,0.589249,18615,2022,https://understat.com/getLeagueData/Serie_A/2022,2022-08-31,True
2022-08-31,Juventus,Spezia,1.76503,0.175145,18619,2022,https://understat.com/getLeagueData/Serie_A/2022,2022-08-31,True
2022-08-31,Napoli,Lecce,2.00236,1.02186,18618,2022,https://understat.com/getLeagueData/Serie_A/2022,2022-08-31,True
2022-08-31,Sampdoria,Lazio,0.740992,1.61049,18616,2022,https://understat.com/getLeagueData/Serie_A/2022,2022-08-31,True
2022-08-31,Udinese,Fiorentina,0.879492,0.44345,18617,2022,https://understat.com/getLeagueData/Serie_A/2022,2022-08-31,True
2022-09-01,Atalanta,Torino,2.86971,0.398647,18620,2022,https://understat.com/getLeagueData/Serie_A/2022,2022-09-01,True
2022-09-01,Bologna,Salernitana,1.96131,1.19651,18621,2022,https://understat.com/getLeagueData/Serie_A/2022,2022-09-01,True
2022-09-03,Fiorentina,Juventus,1.83258,1.07522,18622,2022,https://understat.com/getLeagueData/Serie_A/2022,2022-09-03,True
2022-09-03,Lazio,Napoli,0.299785,2.0197,18624,2022,https://understat.com/getLeagueData/Serie_A/2022,2022-09-03,True
2022-09-03,Milan,Inter,1.63731,2.07688,18623,2022,https://understat.com/getLeagueData/Serie_A/2022,2022-09-03,True
2022-09-04,Cremonese,Sassuolo,0.417337,1.70824,18625,2022,https://understat.com/getLeagueData/Serie_A/2022,2022-09-04,True
2022-09-04,Spezia,Bologna,1.06255,1.02319,18626,2022,https://understat.com/getLeagueData/Serie_A/2022,2022-09-04,True
2022-09-04,Udinese,Roma,1.28199,0.862157,18628,2022,https://understat.com/getLeagueData/Serie_A/2022,2022-09-04,True
2022-09-04,Verona,Sampdoria,2.3433,0.798714,18627,2022,https://understat.com/getLeagueData/Serie_A/2022,2022-09-04,True
2022-09-05,Monza,Atalanta,0.943464,1.94986,18629,2022,https://understat.com/getLeagueData/Serie_A/2022,2022-09-05,True
2022-09-05,Salernitana,Empoli,1.80811,0.984719,18630,2022,https://understat.com/getLeagueData/Serie_A/2022,2022-09-05,True
2022-09-05,Torino,Lecce,1.0247,0.451427,18631,2022,https://understat.com/getLeagueData/Serie_A/2022,2022-09-05,True
2022-09-10,Inter,Torino,1.53614,0.594956,18635,2022,https://understat.com/getLeagueData/Serie_A/2022,2022-09-10,True
2022-09-10,Napoli,Spezia,1.94628,0.664499,18639,2022,https://understat.com/getLeagueData/Serie_A/2022,2022-09-10,True
2022-09-10,Sampdoria,Milan,0.923014,1.6646,18640,2022,https://understat.com/getLeagueData/Serie_A/2022,2022-09-10,True
2022-09-11,Atalanta,Cremonese,0.636633,0.620155,18632,2022,https://understat.com/getLeagueData/Serie_A/2022,2022-09-11,True
2022-09-11,Bologna,Fiorentina,1.25233,1.17879,18633,2022,https://understat.com/getLeagueData/Serie_A/2022,2022-09-11,True
2022-09-11,Juventus,Salernitana,1.83929,2.07448,18636,2022,https://understat.com/getLeagueData/Serie_A/2022,2022-09-11,True
2022-09-11,Lazio,Verona,1.84525,0.40445,18637,2022,https://understat.com/getLeagueData/Serie_A/2022,2022-09-11,True
2022-09-11,Lecce,Monza,1.46903,0.0823778,18638,2022,https://understat.com/getLeagueData/Serie_A/2022,2022-09-11,True
2022-09-11,Sassuolo,Udinese,0.349641,2.21222,18641,2022,https://understat.com/getLeagueData/Serie_A/2022,2022-09-11,True
2022-09-12,Empoli,Roma,1.15196,3.83699,18634,2022,https://understat.com/getLeagueData/Serie_A/2022,2022-09-12,True
2022-09-16,Salernitana,Lecce,1.08144,1.30867,18648,2022,https://understat.com/getLeagueData/Serie_A/2022,2022-09-16,True
2022-09-17,Bologna,Empoli,1.7821,1.66438,18642,2022,https://understat.com/getLeagueData/Serie_A/2022,2022-09-17,True
2022-09-17,Spezia,Sampdoria,1.02757,1.01245,18649,2022,https://understat.com/getLeagueData/Serie_A/2022,2022-09-17,True
2022-09-17,Torino,Sassuolo,0.672322,0.480221,18650,2022,https://understat.com/getLeagueData/Serie_A/2022,2022-09-17,True
2022-09-18,Cremonese,Lazio,0.992274,3.61789,18643,2022,https://understat.com/getLeagueData/Serie_A/2022,2022-09-18,True
2022-09-18,Fiorentina,Verona,2.8313,0.608308,18644,2022,https://understat.com/getLeagueData/Serie_A/2022,2022-09-18,True
2022-09-18,Milan,Napoli,2.2547,1.17973,18645,2022,https://understat.com/getLeagueData/Serie_A/2022,2022-09-18,True
2022-09-18,Monza,Juventus,2.52643,1.20518,18646,2022,https://understat.com/getLeagueData/Serie_A/2022,2022-09-18,True
2022-09-18,Roma,Atalanta,3.28059,0.144998,18647,2022,https://understat.com/getLeagueData/Serie_A/2022,2022-09-18,True
2022-09-18,Udinese,Inter,1.29565,0.991896,18651,2022,https://understat.com/getLeagueData/Serie_A/2022,2022-09-18,True
2022-10-01,Empoli,Milan,1.01178,2.6069,18653,2022,https://understat.com/getLeagueData/Serie_A/2022,2022-10-01,True
2022-10-01,Inter,Roma,0.76194,1.03755,18655,2022,https://understat.com/getLeagueData/Serie_A/2022,2022-10-01,True
2022-10-01,Napoli,Torino,1.18491,0.741608,18659,2022,https://understat.com/getLeagueData/Serie_A/2022,2022-10-01,True
2022-10-02,Atalanta,Fiorentina,1.64453,0.638248,18652,2022,https://understat.com/getLeagueData/Serie_A/2022,2022-10-02,True
2022-10-02,Juventus,Bologna,2.51162,0.330255,18656,2022,https://understat.com/getLeagueData/Serie_A/2022,2022-10-02,True
2022-10-02,Lazio,Spezia,3.03467,0.852447,18657,2022,https://understat.com/getLeagueData/Serie_A/2022,2022-10-02,True
2022-10-02,Lecce,Cremonese,0.945844,1.55939,18658,2022,https://understat.com/getLeagueData/Serie_A/2022,2022-10-02,True
2022-10-02,Sampdoria,Monza,0.0814991,1.2288,18660,2022,https://understat.com/getLeagueData/Serie_A/2022,2022-10-02,True
2022-10-02,Sassuolo,Salernitana,3.21976,0.568495,18661,2022,https://understat.com/getLeagueData/Serie_A/2022,2022-10-02,True
2022-10-03,Verona,Udinese,0.284674,2.17728,18654,2022,https://understat.com/getLeagueData/Serie_A/2022,2022-10-03,True
2022-10-08,Bologna,Sampdoria,0.669175,0.823033,18662,2022,https://understat.com/getLeagueData/Serie_A/2022,2022-10-08,True
2022-10-08,Milan,Juventus,2.30469,0.673421,18665,2022,https://understat.com/getLeagueData/Serie_A/2022,2022-10-08,True
2022-10-08,Sassuolo,Inter,1.10218,2.81804,18669,2022,https://understat.com/getLeagueData/Serie_A/2022,2022-10-08,True
2022-10-09,Cremonese,Napoli,0.762438,4.47078,18663,2022,https://understat.com/getLeagueData/Serie_A/2022,2022-10-09,True
2022-10-09,Monza,Spezia,0.763016,0.534751,18666,2022,https://understat.com/getLeagueData/Serie_A/2022,2022-10-09,True
2022-10-09,Roma,Lecce,3.61927,0.326132,18667,2022,https://understat.com/getLeagueData/Serie_A/2022,2022-10-09,True
2022-10-09,Salernitana,Verona,0.975817,0.947745,18668,2022,https://understat.com/getLeagueData/Serie_A/2022,2022-10-09,True
2022-10-09,Torino,Empoli,2.73808,0.14731,18670,2022,https://understat.com/getLeagueData/Serie_A/2022,2022-10-09,True
2022-10-09,Udinese,Atalanta,1.11402,1.97537,18671,2022,https://understat.com/getLeagueData/Serie_A/2022,2022-10-09,True
2022-10-10,Fiorentina,Lazio,2.60463,2.19633,18664,2022,https://understat.com/getLeagueData/Serie_A/2022,2022-10-10,True
2022-10-15,Atalanta,Sassuolo,2.59044,0.538078,18672,2022,https://understat.com/getLeagueData/Serie_A/2022,2022-10-15,True
2022-10-15,Empoli,Monza,2.16532,0.834003,18673,2022,https://understat.com/getLeagueData/Serie_A/2022,2022-10-15,True
2022-10-15,Torino,Juventus,0.517644,2.34335,18681,2022,https://understat.com/getLeagueData/Serie_A/2022,2022-10-15,True
2022-10-16,Inter,Salernitana,1.81451,0.250149,18675,2022,https://understat.com/getLeagueData/Serie_A/2022,2022-10-16,True
2022-10-16,Lazio,Udinese,0.687074,0.690342,18676,2022,https://understat.com/getLeagueData/Serie_A/2022,2022-10-16,True
2022-10-16,Napoli,Bologna,4.47916,1.05317,18678,2022,https://understat.com/getLeagueData/Serie_A/2022,2022-10-16,True
2022-10-16,Spezia,Cremonese,1.09416,2.46395,18680,2022,https://understat.com/getLeagueData/Serie_A/2022,2022-10-16,True
2022-10-16,Verona,Milan,1.93604,1.7368,18674,2022,https://understat.com/getLeagueData/Serie_A/2022,2022-10-16,True
2022-10-17,Lecce,Fiorentina,1.61529,0.356946,18677,2022,https://understat.com/getLeagueData/Serie_A/2022,2022-10-17,True
2022-10-17,Sampdoria,Roma,0.263194,2.60212,18679,2022,https://understat.com/getLeagueData/Serie_A/2022,2022-10-17,True
2022-10-21,Juventus,Empoli,3.78986,0.507227,18686,2022,https://understat.com/getLeagueData/Serie_A/2022,2022-10-21,True
2022-10-22,Fiorentina,Inter,1.27024,2.51989,18685,2022,https://understat.com/getLeagueData/Serie_A/2022,2022-10-22,True
2022-10-22,Milan,Monza,1.23023,1.32964,18687,2022,https://understat.com/getLeagueData/Serie_A/2022,2022-10-22,True
2022-10-22,Salernitana,Spezia,1.91377,0.685579,18689,2022,https://understat.com/getLeagueData/Serie_A/2022,2022-10-22,True
2022-10-23,Atalanta,Lazio,0.874683,0.911832,18682,2022,https://understat.com/getLeagueData/Serie_A/2022,2022-10-23,True
2022-10-23,Bologna,Lecce,2.1232,0.336101,18683,2022,https://understat.com/getLeagueData/Serie_A/2022,2022-10-23,True
2022-10-23,Roma,Napoli,0.209646,0.867955,18688,2022,https://understat.com/getLeagueData/Serie_A/2022,2022-10-23,True
2022-10-23,Udinese,Torino,1.40576,1.17556,18691,2022,https://understat.com/getLeagueData/Serie_A/2022,2022-10-23,True
2022-10-24,Cremonese,Sampdoria,1.72584,1.19704,18684,2022,https://understat.com/getLeagueData/Serie_A/2022,2022-10-24,True
2022-10-24,Sassuolo,Verona,1.45562,1.60903,18690,2022,https://understat.com/getLeagueData/Serie_A/2022,2022-10-24,True
2022-10-29,Inter,Sampdoria,2.52781,0.332522,18695,2022,https://understat.com/getLeagueData/Serie_A/2022,2022-10-29,True
2022-10-29,Lecce,Juventus,0.166187,0.512337,18697,2022,https://understat.com/getLeagueData/Serie_A/2022,2022-10-29,True
2022-10-29,Napoli,Sassuolo,2.46208,1.0297,18699,2022,https://understat.com/getLeagueData/Serie_A/2022,2022-10-29,True
2022-10-30,Cremonese,Udinese,0.639202,1.46552,18692,2022,https://understat.com/getLeagueData/Serie_A/2022,2022-10-30,True
2022-10-30,Empoli,Atalanta,0.655562,3.40094,18693,2022,https://understat.com/getLeagueData/Serie_A/2022,2022-10-30,True
2022-10-30,Lazio,Salernitana,1.97581,1.42108,18696,2022,https://understat.com/getLeagueData/Serie_A/2022,2022-10-30,True
2022-10-30,Spezia,Fiorentina,1.61425,1.5294,18700,2022,https://understat.com/getLeagueData/Serie_A/2022,2022-10-30,True
2022-10-30,Torino,Milan,0.912695,1.05623,18701,2022,https://understat.com/getLeagueData/Serie_A/2022,2022-10-30,True
2022-10-31,Monza,Bologna,1.09073,1.16962,18698,2022,https://understat.com/getLeagueData/Serie_A/2022,2022-10-31,True
2022-10-31,Verona,Roma,0.288065,3.03255,18694,2022,https://understat.com/getLeagueData/Serie_A/2022,2022-10-31,True
2022-11-04,Udinese,Lecce,1.65337,0.842155,18711,2022,https://understat.com/getLeagueData/Serie_A/2022,2022-11-04,True
2022-11-05,Atalanta,Napoli,2.79481,1.76328,18702,2022,https://understat.com/getLeagueData/Serie_A/2022,2022-11-05,True
2022-11-05,Empoli,Sassuolo,0.963,0.724143,18704,2022,https://understat.com/getLeagueData/Serie_A/2022,2022-11-05,True
2022-11-05,Milan,Spezia,3.4076,1.44997,18706,2022,https://understat.com/getLeagueData/Serie_A/2022,2022-11-05,True
2022-11-05,Salernitana,Cremonese,1.57799,1.6138,18709,2022,https://understat.com/getLeagueData/Serie_A/2022,2022-11-05,True
2022-11-06,Bologna,Torino,2.44593,1.01138,18703,2022,https://understat.com/getLeagueData/Serie_A/2022,2022-11-06,True
2022-11-06,Juventus,Inter,1.55487,1.51619,18705,2022,https://understat.com/getLeagueData/Serie_A/2022,2022-11-06,True
2022-11-06,Monza,Verona,0.739437,0.247304,18707,2022,https://understat.com/getLeagueData/Serie_A/2022,2022-11-06,True
2022-11-06,Roma,Lazio,0.378495,0.538797,18708,2022,https://understat.com/getLeagueData/Serie_A/2022,2022-11-06,True
2022-11-06,Sampdoria,Fiorentina,0.800046,1.24199,18710,2022,https://understat.com/getLeagueData/Serie_A/2022,2022-11-06,True
2022-11-08,Cremonese,Milan,0.192159,1.2958,18712,2022,https://understat.com/getLeagueData/Serie_A/2022,2022-11-08,True
2022-11-08,Napoli,Empoli,1.89523,0.205301,18718,2022,https://understat.com/getLeagueData/Serie_A/2022,2022-11-08,True
2022-11-08,Spezia,Udinese,2.3694,0.507712,18720,2022,https://understat.com/getLeagueData/Serie_A/2022,2022-11-08,True
2022-11-09,Fiorentina,Salernitana,2.52973,0.542105,18713,2022,https://understat.com/getLeagueData/Serie_A/2022,2022-11-09,True
2022-11-09,Inter,Bologna,2.78307,0.657702,18715,2022,https://understat.com/getLeagueData/Serie_A/2022,2022-11-09,True
2022-11-09,Lecce,Atalanta,1.78957,1.27623,18717,2022,https://understat.com/getLeagueData/Serie_A/2022,2022-11-09,True
2022-11-09,Sassuolo,Roma,1.24506,0.758794,18719,2022,https://understat.com/getLeagueData/Serie_A/2022,2022-11-09,True
2022-11-09,Torino,Sampdoria,0.479941,0.613268,18721,2022,https://understat.com/getLeagueData/Serie_A/2022,2022-11-09,True
2022-11-10,Lazio,Monza,1.30785,0.578178,18716,2022,https://understat.com/getLeagueData/Serie_A/2022,2022-11-10,True
2022-11-10,Verona,Juventus,1.14515,0.877959,18714,2022,https://understat.com/getLeagueData/Serie_A/2022,2022-11-10,True
2022-11-11,Empoli,Cremonese,2.652,1.34565,18724,2022,https://understat.com/getLeagueData/Serie_A/2022,2022-11-11,True
2022-11-12,Bologna,Sassuolo,0.761979,0.793558,18723,2022,https://understat.com/getLeagueData/Serie_A/2022,2022-11-12,True
2022-11-12,Napoli,Udinese,1.52943,1.00653,18729,2022,https://understat.com/getLeagueData/Serie_A/2022,2022-11-12,True
2022-11-12,Sampdoria,Lecce,0.852999,1.067,18731,2022,https://understat.com/getLeagueData/Serie_A/2022,2022-11-12,True
2022-11-13,Atalanta,Inter,2.06229,1.93052,18722,2022,https://understat.com/getLeagueData/Serie_A/2022,2022-11-13,True
2022-11-13,Juventus,Lazio,1.70269,0.38627,18726,2022,https://understat.com/getLeagueData/Serie_A/2022,2022-11-13,True
2022-11-13,Milan,Fiorentina,1.96799,0.85798,18727,2022,https://understat.com/getLeagueData/Serie_A/2022,2022-11-13,True
2022-11-13,Monza,Salernitana,3.0821,0.218377,18728,2022,https://understat.com/getLeagueData/Serie_A/2022,2022-11-13,True
2022-11-13,Roma,Torino,1.34528,0.847683,18730,2022,https://understat.com/getLeagueData/Serie_A/2022,2022-11-13,True
2022-11-13,Verona,Spezia,2.16554,0.752225,18725,2022,https://understat.com/getLeagueData/Serie_A/2022,2022-11-13,True
2023-01-04,Cremonese,Juventus,0.698907,1.61459,18732,2022,https://understat.com/getLeagueData/Serie_A/2022,2023-01-04,True
2023-01-04,Fiorentina,Monza,1.48692,1.54126,18733,2022,https://understat.com/getLeagueData/Serie_A/2022,2023-01-04,True
2023-01-04,Inter,Napoli,1.4695,1.09463,18734,2022,https://understat.com/getLeagueData/Serie_A/2022,2023-01-04,True
2023-01-04,Lecce,Lazio,1.17761,0.706207,18735,2022,https://understat.com/getLeagueData/Serie_A/2022,2023-01-04,True
2023-01-04,Roma,Bologna,2.08071,0.752989,18736,2022,https://understat.com/getLeagueData/Serie_A/2022,2023-01-04,True
2023-01-04,Salernitana,Milan,0.680121,3.81282,18737,2022,https://understat.com/getLeagueData/Serie_A/2022,2023-01-04,True
2023-01-04,Sassuolo,Sampdoria,1.44975,0.851384,18738,2022,https://understat.com/getLeagueData/Serie_A/2022,2023-01-04,True
2023-01-04,Spezia,Atalanta,1.39353,1.80642,18739,2022,https://understat.com/getLeagueData/Serie_A/2022,2023-01-04,True
2023-01-04,Torino,Verona,0.468743,1.41144,18740,2022,https://understat.com/getLeagueData/Serie_A/2022,2023-01-04,True
2023-01-04,Udinese,Empoli,1.31671,0.660856,18741,2022,https://understat.com/getLeagueData/Serie_A/2022,2023-01-04,True
2023-01-07,Fiorentina,Sassuolo,3.08538,1.75424,18743,2022,https://understat.com/getLeagueData/Serie_A/2022,2023-01-07,True
2023-01-07,Juventus,Udinese,2.59304,0.306949,18745,2022,https://understat.com/getLeagueData/Serie_A/2022,2023-01-07,True
2023-01-07,Monza,Inter,1.4187,1.61501,18748,2022,https://understat.com/getLeagueData/Serie_A/2022,2023-01-07,True
2023-01-08,Lazio,Empoli,1.31242,0.59916,18746,2022,https://understat.com/getLeagueData/Serie_A/2022,2023-01-08,True
2023-01-08,Milan,Roma,1.09082,1.10865,18747,2022,https://understat.com/getLeagueData/Serie_A/2022,2023-01-08,True
2023-01-08,Salernitana,Torino,0.58108,2.37677,18749,2022,https://understat.com/getLeagueData/Serie_A/2022,2023-01-08,True
2023-01-08,Sampdoria,Napoli,0.384407,3.41709,18750,2022,https://understat.com/getLeagueData/Serie_A/2022,2023-01-08,True
2023-01-08,Spezia,Lecce,0.657345,0.956499,18751,2022,https://understat.com/getLeagueData/Serie_A/2022,2023-01-08,True
2023-01-09,Bologna,Atalanta,0.386319,0.685431,18742,2022,https://understat.com/getLeagueData/Serie_A/2022,2023-01-09,True
2023-01-09,Verona,Cremonese,1.92775,0.810314,18744,2022,https://understat.com/getLeagueData/Serie_A/2022,2023-01-09,True
2023-01-13,Napoli,Juventus,2.23581,0.962617,18757,2022,https://understat.com/getLeagueData/Serie_A/2022,2023-01-13,True
2023-01-14,Cremonese,Monza,0.456418,2.49329,18753,2022,https://understat.com/getLeagueData/Serie_A/2022,2023-01-14,True
2023-01-14,Inter,Verona,0.608402,0.183795,18755,2022,https://understat.com/getLeagueData/Serie_A/2022,2023-01-14,True
2023-01-14,Lecce,Milan,1.82563,1.51192,18756,2022,https://understat.com/getLeagueData/Serie_A/2022,2023-01-14,True
2023-01-15,Atalanta,Salernitana,3.21868,0.535222,18752,2022,https://understat.com/getLeagueData/Serie_A/2022,2023-01-15,True
2023-01-15,Roma,Fiorentina,1.21585,0.377978,18758,2022,https://understat.com/getLeagueData/Serie_A/2022,2023-01-15,True
2023-01-15,Sassuolo,Lazio,0.701271,2.79068,18759,2022,https://understat.com/getLeagueData/Serie_A/2022,2023-01-15,True
2023-01-15,Torino,Spezia,0.944969,1.56177,18760,2022,https://understat.com/getLeagueData/Serie_A/2022,2023-01-15,True
2023-01-15,Udinese,Bologna,2.44779,1.96519,18761,2022,https://understat.com/getLeagueData/Serie_A/2022,2023-01-15,True
2023-01-16,Empoli,Sampdoria,1.95693,1.17611,18754,2022,https://understat.com/getLeagueData/Serie_A/2022,2023-01-16,True
2023-01-21,Fiorentina,Torino,1.02747,0.770286,18763,2022,https://understat.com/getLeagueData/Serie_A/2022,2023-01-21,True
2023-01-21,Salernitana,Napoli,0.480227,1.82215,18769,2022,https://understat.com/getLeagueData/Serie_A/2022,2023-01-21,True
2023-01-21,Verona,Lecce,0.625033,0.835357,18764,2022,https://understat.com/getLeagueData/Serie_A/2022,2023-01-21,True
2023-01-22,Juventus,Atalanta,1.91809,1.16585,18766,2022,https://understat.com/getLeagueData/Serie_A/2022,2023-01-22,True
2023-01-22,Monza,Sassuolo,0.965924,1.70695,18768,2022,https://understat.com/getLeagueData/Serie_A/2022,2023-01-22,True
2023-01-22,Sampdoria,Udinese,1.60507,1.57295,18770,2022,https://understat.com/getLeagueData/Serie_A/2022,2023-01-22,True
2023-01-22,Spezia,Roma,0.227346,1.9435,18771,2022,https://understat.com/getLeagueData/Serie_A/2022,2023-01-22,True
2023-01-23,Bologna,Cremonese,0.850469,1.79982,18762,2022,https://understat.com/getLeagueData/Serie_A/2022,2023-01-23,True
2023-01-23,Inter,Empoli,1.39728,0.854487,18765,2022,https://understat.com/getLeagueData/Serie_A/2022,2023-01-23,True
2023-01-24,Lazio,Milan,2.81178,1.04083,18767,2022,https://understat.com/getLeagueData/Serie_A/2022,2023-01-24,True
2023-01-27,Bologna,Spezia,1.86506,0.485936,18773,2022,https://understat.com/getLeagueData/Serie_A/2022,2023-01-27,True
2023-01-27,Lecce,Salernitana,1.3906,0.767336,18778,2022,https://understat.com/getLeagueData/Serie_A/2022,2023-01-27,True
2023-01-28,Atalanta,Sampdoria,1.82577,0.960106,18772,2022,https://understat.com/getLeagueData/Serie_A/2022,2023-01-28,True
2023-01-28,Cremonese,Inter,0.723453,2.37567,18774,2022,https://understat.com/getLeagueData/Serie_A/2022,2023-01-28,True
2023-01-28,Empoli,Torino,0.785973,1.26398,18775,2022,https://understat.com/getLeagueData/Serie_A/2022,2023-01-28,True
2023-01-29,Juventus,Monza,1.37709,1.37396,18776,2022,https://understat.com/getLeagueData/Serie_A/2022,2023-01-29,True
2023-01-29,Lazio,Fiorentina,1.25871,1.27234,18777,2022,https://understat.com/getLeagueData/Serie_A/2022,2023-01-29,True
2023-01-29,Milan,Sassuolo,0.500004,2.07278,18779,2022,https://understat.com/getLeagueData/Serie_A/2022,2023-01-29,True
2023-01-29,Napoli,Roma,1.00111,0.840248,18780,2022,https://understat.com/getLeagueData/Serie_A/2022,2023-01-29,True
2023-01-30,Udinese,Verona,2.4832,0.486279,18781,2022,https://understat.com/getLeagueData/Serie_A/2022,2023-01-30,True
2023-02-04,Cremonese,Lecce,0.597112,1.5587,18782,2022,https://understat.com/getLeagueData/Serie_A/2022,2023-02-04,True
2023-02-04,Roma,Empoli,2.2831,1.42102,18787,2022,https://understat.com/getLeagueData/Serie_A/2022,2023-02-04,True
2023-02-04,Sassuolo,Atalanta,1.11218,0.295481,18789,2022,https://understat.com/getLeagueData/Serie_A/2022,2023-02-04,True
2023-02-05,Fiorentina,Bologna,1.33534,1.82438,18783,2022,https://understat.com/getLeagueData/Serie_A/2022,2023-02-05,True
2023-02-05,Inter,Milan,0.7617,0.20882,18785,2022,https://understat.com/getLeagueData/Serie_A/2022,2023-02-05,True
2023-02-05,Spezia,Napoli,0.407354,1.80405,18790,2022,https://understat.com/getLeagueData/Serie_A/2022,2023-02-05,True
2023-02-05,Torino,Udinese,1.39626,0.461006,18791,2022,https://understat.com/getLeagueData/Serie_A/2022,2023-02-05,True
2023-02-06,Monza,Sampdoria,2.17396,1.5131,18786,2022,https://understat.com/getLeagueData/Serie_A/2022,2023-02-06,True
2023-02-06,Verona,Lazio,1.21157,0.755429,18784,2022,https://understat.com/getLeagueData/Serie_A/2022,2023-02-06,True
2023-02-07,Salernitana,Juventus,0.516144,2.89699,18788,2022,https://understat.com/getLeagueData/Serie_A/2022,2023-02-07,True
2023-02-10,Milan,Torino,1.73339,0.762177,18799,2022,https://understat.com/getLeagueData/Serie_A/2022,2023-02-10,True
2023-02-11,Empoli,Spezia,1.31083,1.85869,18794,2022,https://understat.com/getLeagueData/Serie_A/2022,2023-02-11,True
2023-02-11,Lazio,Atalanta,0.750085,3.35025,18797,2022,https://understat.com/getLeagueData/Serie_A/2022,2023-02-11,True
2023-02-11,Lecce,Roma,0.385596,1.9116,18798,2022,https://understat.com/getLeagueData/Serie_A/2022,2023-02-11,True
2023-02-12,Bologna,Monza,0.435137,0.771658,18793,2022,https://understat.com/getLeagueData/Serie_A/2022,2023-02-12,True
2023-02-12,Juventus,Fiorentina,1.48805,0.664528,18796,2022,https://understat.com/getLeagueData/Serie_A/2022,2023-02-12,True
2023-02-12,Napoli,Cremonese,1.88832,0.15718,18800,2022,https://understat.com/getLeagueData/Serie_A/2022,2023-02-12,True
2023-02-12,Udinese,Sassuolo,1.26596,0.366407,18792,2022,https://understat.com/getLeagueData/Serie_A/2022,2023-02-12,True
2023-02-13,Sampdoria,Inter,0.478178,1.53473,18801,2022,https://understat.com/getLeagueData/Serie_A/2022,2023-02-13,True
2023-02-13,Verona,Salernitana,1.41093,0.83116,18795,2022,https://understat.com/getLeagueData/Serie_A/2022,2023-02-13,True
2023-02-17,Sassuolo,Napoli,0.834544,2.16647,18809,2022,https://understat.com/getLeagueData/Serie_A/2022,2023-02-17,True
2023-02-18,Inter,Udinese,2.73622,0.640201,18804,2022,https://understat.com/getLeagueData/Serie_A/2022,2023-02-18,True
2023-02-18,Monza,Milan,0.406294,2.86999,18805,2022,https://understat.com/getLeagueData/Serie_A/2022,2023-02-18,True
2023-02-18,Sampdoria,Bologna,2.60391,0.714025,18808,2022,https://understat.com/getLeagueData/Serie_A/2022,2023-02-18,True
2023-02-19,Atalanta,Lecce,1.41005,0.522898,18802,2022,https://understat.com/getLeagueData/Serie_A/2022,2023-02-19,True
2023-02-19,Fiorentina,Empoli,2.15571,0.627418,18803,2022,https://understat.com/getLeagueData/Serie_A/2022,2023-02-19,True
2023-02-19,Roma,Verona,1.21643,0.578592,18806,2022,https://understat.com/getLeagueData/Serie_A/2022,2023-02-19,True
2023-02-19,Salernitana,Lazio,0.337378,3.08929,18807,2022,https://understat.com/getLeagueData/Serie_A/2022,2023-02-19,True
2023-02-19,Spezia,Juventus,0.836135,1.414,18810,2022,https://understat.com/getLeagueData/Serie_A/2022,2023-02-19,True
2023-02-20,Torino,Cremonese,2.40761,0.488613,18811,2022,https://understat.com/getLeagueData/Serie_A/2022,2023-02-20,True
2023-02-25,Empoli,Napoli,0.380337,2.54452,18818,2022,https://understat.com/getLeagueData/Serie_A/2022,2023-02-25,True
2023-02-25,Lecce,Sassuolo,1.1937,1.0752,18815,2022,https://understat.com/getLeagueData/Serie_A/2022,2023-02-25,True
2023-02-26,Bologna,Inter,1.06501,1.14705,18812,2022,https://understat.com/getLeagueData/Serie_A/2022,2023-02-26,True
2023-02-26,Milan,Atalanta,2.09197,0.0994278,18814,2022,https://understat.com/getLeagueData/Serie_A/2022,2023-02-26,True
2023-02-26,Salernitana,Monza,2.5863,1.26116,18813,2022,https://understat.com/getLeagueData/Serie_A/2022,2023-02-26,True
2023-02-26,Udinese,Spezia,2.82563,2.0555,18821,2022,https://understat.com/getLeagueData/Serie_A/2022,2023-02-26,True
2023-02-27,Lazio,Sampdoria,1.57889,0.374617,18816,2022,https://understat.com/getLeagueData/Serie_A/2022,2023-02-27,True
2023-02-27,Verona,Fiorentina,1.79742,1.9106,18819,2022,https://understat.com/getLeagueData/Serie_A/2022,2023-02-27,True
2023-02-28,Cremonese,Roma,0.993955,0.650695,18817,2022,https://understat.com/getLeagueData/Serie_A/2022,2023-02-28,True
2023-02-28,Juventus,Torino,1.52038,0.972144,18820,2022,https://understat.com/getLeagueData/Serie_A/2022,2023-02-28,True
2023-03-03,Napoli,Lazio,0.772343,0.225477,18826,2022,https://understat.com/getLeagueData/Serie_A/2022,2023-03-03,True
2023-03-04,Atalanta,Udinese,1.48158,0.244798,18822,2022,https://understat.com/getLeagueData/Serie_A/2022,2023-03-04,True
2023-03-04,Fiorentina,Milan,2.04733,0.679884,18823,2022,https://understat.com/getLeagueData/Serie_A/2022,2023-03-04,True
2023-03-04,Monza,Empoli,0.966878,0.964274,18825,2022,https://understat.com/getLeagueData/Serie_A/2022,2023-03-04,True
2023-03-05,Inter,Lecce,0.936784,0.477087,18824,2022,https://understat.com/getLeagueData/Serie_A/2022,2023-03-05,True
2023-03-05,Roma,Juventus,0.534608,0.722595,18827,2022,https://understat.com/getLeagueData/Serie_A/2022,2023-03-05,True
2023-03-05,Sampdoria,Salernitana,0.554784,0.653093,18828,2022,https://understat.com/getLeagueData/Serie_A/2022,2023-03-05,True
2023-03-05,Spezia,Verona,1.17042,0.96044,18830,2022,https://understat.com/getLeagueData/Serie_A/2022,2023-03-05,True
2023-03-06,Sassuolo,Cremonese,1.04818,1.25832,18829,2022,https://understat.com/getLeagueData/Serie_A/2022,2023-03-06,True
2023-03-06,Torino,Bologna,1.03473,0.420593,18831,2022,https://understat.com/getLeagueData/Serie_A/2022,2023-03-06,True
2023-03-10,Spezia,Inter,0.979758,3.46552,18841,2022,https://understat.com/getLeagueData/Serie_A/2022,2023-03-10,True
2023-03-11,Bologna,Lazio,1.09225,0.559995,18832,2022,https://understat.com/getLeagueData/Serie_A/2022,2023-03-11,True
2023-03-11,Empoli,Udinese,1.15849,1.05986,18834,2022,https://understat.com/getLeagueData/Serie_A/2022,2023-03-11,True
2023-03-11,Napoli,Atalanta,1.40151,0.20196,18839,2022,https://understat.com/getLeagueData/Serie_A/2022,2023-03-11,True
2023-03-12,Cremonese,Fiorentina,1.43995,1.19417,18833,2022,https://understat.com/getLeagueData/Serie_A/2022,2023-03-12,True
2023-03-12,Juventus,Sampdoria,2.83726,0.487533,18836,2022,https://understat.com/getLeagueData/Serie_A/2022,2023-03-12,True
2023-03-12,Lecce,Torino,0.338149,1.11715,18837,2022,https://understat.com/getLeagueData/Serie_A/2022,2023-03-12,True
2023-03-12,Roma,Sassuolo,1.22501,3.41384,18840,2022,https://understat.com/getLeagueData/Serie_A/2022,2023-03-12,True
2023-03-12,Verona,Monza,0.584744,1.07345,18835,2022,https://understat.com/getLeagueData/Serie_A/2022,2023-03-12,True
2023-03-13,Milan,Salernitana,2.71062,0.675211,18838,2022,https://understat.com/getLeagueData/Serie_A/2022,2023-03-13,True
2023-03-17,Atalanta,Empoli,3.55256,1.32533,18842,2022,https://understat.com/getLeagueData/Serie_A/2022,2023-03-17,True
2023-03-17,Sassuolo,Spezia,2.0765,0.767389,18849,2022,https://understat.com/getLeagueData/Serie_A/2022,2023-03-17,True
2023-03-18,Monza,Cremonese,1.11436,0.723507,18846,2022,https://understat.com/getLeagueData/Serie_A/2022,2023-03-18,True
2023-03-18,Salernitana,Bologna,0.713612,0.363647,18847,2022,https://understat.com/getLeagueData/Serie_A/2022,2023-03-18,True
2023-03-18,Udinese,Milan,2.17412,1.83354,18851,2022,https://understat.com/getLeagueData/Serie_A/2022,2023-03-18,True
2023-03-19,Fiorentina,Lecce,1.30231,0.354619,18843,2022,https://understat.com/getLeagueData/Serie_A/2022,2023-03-19,True
2023-03-19,Inter,Juventus,1.07278,0.460517,18844,2022,https://understat.com/getLeagueData/Serie_A/2022,2023-03-19,True
2023-03-19,Lazio,Roma,0.734907,0.770783,18845,2022,https://understat.com/getLeagueData/Serie_A/2022,2023-03-19,True
2023-03-19,Sampdoria,Verona,1.63263,1.24738,18848,2022,https://understat.com/getLeagueData/Serie_A/2022,2023-03-19,True
2023-03-19,Torino,Napoli,1.42018,2.6715,18850,2022,https://understat.com/getLeagueData/Serie_A/2022,2023-03-19,True
2023-04-01,Cremonese,Atalanta,1.41841,3.0016,18853,2022,https://understat.com/getLeagueData/Serie_A/2022,2023-04-01,True
2023-04-01,Inter,Fiorentina,3.1446,1.31666,18855,2022,https://understat.com/getLeagueData/Serie_A/2022,2023-04-01,True
2023-04-01,Juventus,Verona,1.62901,0.406105,18857,2022,https://understat.com/getLeagueData/Serie_A/2022,2023-04-01,True
2023-04-02,Bologna,Udinese,1.29647,0.765574,18852,2022,https://understat.com/getLeagueData/Serie_A/2022,2023-04-02,True
2023-04-02,Monza,Lazio,1.54801,0.496678,18858,2022,https://understat.com/getLeagueData/Serie_A/2022,2023-04-02,True
2023-04-02,Napoli,Milan,1.17709,2.65298,18859,2022,https://understat.com/getLeagueData/Serie_A/2022,2023-04-02,True
2023-04-02,Roma,Sampdoria,3.16,0.249188,18860,2022,https://understat.com/getLeagueData/Serie_A/2022,2023-04-02,True
2023-04-02,Spezia,Salernitana,1.67704,1.06944,18856,2022,https://understat.com/getLeagueData/Serie_A/2022,2023-04-02,True
2023-04-03,Empoli,Lecce,1.78579,0.147883,18854,2022,https://understat.com/getLeagueData/Serie_A/2022,2023-04-03,True
2023-04-03,Sassuolo,Torino,1.37696,1.86965,18861,2022,https://understat.com/getLeagueData/Serie_A/2022,2023-04-03,True
2023-04-07,Lecce,Napoli,0.812341,1.04784,18866,2022,https://understat.com/getLeagueData/Serie_A/2022,2023-04-07,True
2023-04-07,Milan,Empoli,2.23861,0.0994945,18867,2022,https://understat.com/getLeagueData/Serie_A/2022,2023-04-07,True
2023-04-07,Salernitana,Inter,0.86082,2.98043,18868,2022,https://understat.com/getLeagueData/Serie_A/2022,2023-04-07,True
2023-04-08,Atalanta,Bologna,1.36434,1.48593,18862,2022,https://understat.com/getLeagueData/Serie_A/2022,2023-04-08,True
2023-04-08,Fiorentina,Spezia,0.920716,1.05143,18863,2022,https://understat.com/getLeagueData/Serie_A/2022,2023-04-08,True
2023-04-08,Lazio,Juventus,1.1873,2.18145,18865,2022,https://understat.com/getLeagueData/Serie_A/2022,2023-04-08,True
2023-04-08,Sampdoria,Cremonese,2.63086,1.12248,18869,2022,https://understat.com/getLeagueData/Serie_A/2022,2023-04-08,True
2023-04-08,Torino,Roma,0.256844,1.10917,18870,2022,https://understat.com/getLeagueData/Serie_A/2022,2023-04-08,True
2023-04-08,Udinese,Monza,1.59287,1.44568,18871,2022,https://understat.com/getLeagueData/Serie_A/2022,2023-04-08,True
2023-04-08,Verona,Sassuolo,0.274094,1.66876,18864,2022,https://understat.com/getLeagueData/Serie_A/2022,2023-04-08,True
2023-04-14,Cremonese,Empoli,1.06807,0.858907,18873,2022,https://understat.com/getLeagueData/Serie_A/2022,2023-04-14,True
2023-04-14,Spezia,Lazio,0.725806,3.07575,18880,2022,https://understat.com/getLeagueData/Serie_A/2022,2023-04-14,True
2023-04-15,Bologna,Milan,0.76877,1.40673,18872,2022,https://understat.com/getLeagueData/Serie_A/2022,2023-04-15,True
2023-04-15,Inter,Monza,1.89009,0.87771,18875,2022,https://understat.com/getLeagueData/Serie_A/2022,2023-04-15,True
2023-04-15,Napoli,Verona,0.325523,0.356606,18877,2022,https://understat.com/getLeagueData/Serie_A/2022,2023-04-15,True
2023-04-16,Lecce,Sampdoria,3.03997,0.668479,18876,2022,https://understat.com/getLeagueData/Serie_A/2022,2023-04-16,True
2023-04-16,Roma,Udinese,2.41542,1.13306,18878,2022,https://understat.com/getLeagueData/Serie_A/2022,2023-04-16,True
2023-04-16,Sassuolo,Juventus,1.13145,0.652728,18879,2022,https://understat.com/getLeagueData/Serie_A/2022,2023-04-16,True
2023-04-16,Torino,Salernitana,1.71858,0.495441,18881,2022,https://understat.com/getLeagueData/Serie_A/2022,2023-04-16,True
2023-04-17,Fiorentina,Atalanta,2.06843,0.717066,18874,2022,https://understat.com/getLeagueData/Serie_A/2022,2023-04-17,True
2023-04-21,Verona,Bologna,1.58693,1.54636,18885,2022,https://understat.com/getLeagueData/Serie_A/2022,2023-04-21,True
2023-04-22,Lazio,Torino,0.852358,0.805452,18883,2022,https://understat.com/getLeagueData/Serie_A/2022,2023-04-22,True
2023-04-22,Salernitana,Sassuolo,1.3216,0.548493,18889,2022,https://understat.com/getLeagueData/Serie_A/2022,2023-04-22,True
2023-04-22,Sampdoria,Spezia,1.77069,2.40982,18888,2022,https://understat.com/getLeagueData/Serie_A/2022,2023-04-22,True
2023-04-23,Empoli,Inter,0.643303,1.17139,18886,2022,https://understat.com/getLeagueData/Serie_A/2022,2023-04-23,True
2023-04-23,Juventus,Napoli,0.276119,1.73457,18884,2022,https://understat.com/getLeagueData/Serie_A/2022,2023-04-23,True
2023-04-23,Milan,Lecce,0.96313,1.02889,18891,2022,https://understat.com/getLeagueData/Serie_A/2022,2023-04-23,True
2023-04-23,Monza,Fiorentina,1.77358,1.23977,18890,2022,https://understat.com/getLeagueData/Serie_A/2022,2023-04-23,True
2023-04-23,Udinese,Cremonese,1.62407,0.996906,18887,2022,https://understat.com/getLeagueData/Serie_A/2022,2023-04-23,True
2023-04-24,Atalanta,Roma,1.14526,1.52876,18882,2022,https://understat.com/getLeagueData/Serie_A/2022,2023-04-24,True
2023-04-28,Lecce,Udinese,1.67129,0.438409,18896,2022,https://understat.com/getLeagueData/Serie_A/2022,2023-04-28,True
2023-04-28,Spezia,Monza,1.47171,1.13564,18900,2022,https://understat.com/getLeagueData/Serie_A/2022,2023-04-28,True
2023-04-29,Roma,Milan,1.17939,1.37361,18898,2022,https://understat.com/getLeagueData/Serie_A/2022,2023-04-29,True
2023-04-29,Torino,Atalanta,0.660685,0.732456,18901,2022,https://understat.com/getLeagueData/Serie_A/2022,2023-04-29,True
2023-04-30,Bologna,Juventus,1.94769,2.45408,18892,2022,https://understat.com/getLeagueData/Serie_A/2022,2023-04-30,True
2023-04-30,Cremonese,Verona,0.547558,0.863565,18893,2022,https://understat.com/getLeagueData/Serie_A/2022,2023-04-30,True
2023-04-30,Fiorentina,Sampdoria,2.0443,0.318861,18894,2022,https://understat.com/getLeagueData/Serie_A/2022,2023-04-30,True
2023-04-30,Inter,Lazio,2.82534,0.944853,18895,2022,https://understat.com/getLeagueData/Serie_A/2022,2023-04-30,True
2023-04-30,Napoli,Salernitana,1.92667,0.250709,18897,2022,https://understat.com/getLeagueData/Serie_A/2022,2023-04-30,True
2023-04-30,Sassuolo,Empoli,2.28513,0.792643,18899,2022,https://understat.com/getLeagueData/Serie_A/2022,2023-04-30,True
2023-05-03,Atalanta,Spezia,0.894125,0.817784,18902,2022,https://understat.com/getLeagueData/Serie_A/2022,2023-05-03,True
2023-05-03,Juventus,Lecce,1.71206,1.3193,18905,2022,https://understat.com/getLeagueData/Serie_A/2022,2023-05-03,True
2023-05-03,Lazio,Sassuolo,1.99041,0.665627,18906,2022,https://understat.com/getLeagueData/Serie_A/2022,2023-05-03,True
2023-05-03,Milan,Cremonese,2.0138,1.02505,18907,2022,https://understat.com/getLeagueData/Serie_A/2022,2023-05-03,True
2023-05-03,Monza,Roma,0.412432,1.28561,18908,2022,https://understat.com/getLeagueData/Serie_A/2022,2023-05-03,True
2023-05-03,Salernitana,Fiorentina,0.995581,1.68787,18909,2022,https://understat.com/getLeagueData/Serie_A/2022,2023-05-03,True
2023-05-03,Sampdoria,Torino,0.253121,2.16016,18910,2022,https://understat.com/getLeagueData/Serie_A/2022,2023-05-03,True
2023-05-03,Verona,Inter,0.654593,3.16521,18904,2022,https://understat.com/getLeagueData/Serie_A/2022,2023-05-03,True
2023-05-04,Empoli,Bologna,1.46309,1.83365,18903,2022,https://understat.com/getLeagueData/Serie_A/2022,2023-05-04,True
2023-05-04,Udinese,Napoli,0.32403,0.35022,18911,2022,https://understat.com/getLeagueData/Serie_A/2022,2023-05-04,True
2023-05-06,Cremonese,Spezia,0.7603,0.784032,18913,2022,https://understat.com/getLeagueData/Serie_A/2022,2023-05-06,True
2023-05-06,Milan,Lazio,1.41951,0.896204,18916,2022,https://understat.com/getLeagueData/Serie_A/2022,2023-05-06,True
2023-05-06,Roma,Inter,0.875041,1.22382,18918,2022,https://understat.com/getLeagueData/Serie_A/2022,2023-05-06,True
2023-05-07,Atalanta,Juventus,0.898943,1.43164,18912,2022,https://understat.com/getLeagueData/Serie_A/2022,2023-05-07,True
2023-05-07,Lecce,Verona,0.552346,0.591222,18915,2022,https://understat.com/getLeagueData/Serie_A/2022,2023-05-07,True
2023-05-07,Napoli,Fiorentina,1.90483,1.15411,18917,2022,https://understat.com/getLeagueData/Serie_A/2022,2023-05-07,True
2023-05-07,Torino,Monza,0.773939,0.689637,18920,2022,https://understat.com/getLeagueData/Serie_A/2022,2023-05-07,True
2023-05-08,Empoli,Salernitana,2.47536,0.46871,18914,2022,https://understat.com/getLeagueData/Serie_A/2022,2023-05-08,True
2023-05-08,Sassuolo,Bologna,0.308471,0.293231,18919,2022,https://understat.com/getLeagueData/Serie_A/2022,2023-05-08,True
2023-05-08,Udinese,Sampdoria,1.05129,0.576272,18921,2022,https://understat.com/getLeagueData/Serie_A/2022,2023-05-08,True
2023-05-12,Lazio,Lecce,1.35224,1.21029,18927,2022,https://understat.com/getLeagueData/Serie_A/2022,2023-05-12,True
2023-05-13,Inter,Sassuolo,1.4916,2.1993,18925,2022,https://understat.com/getLeagueData/Serie_A/2022,2023-05-13,True
2023-05-13,Salernitana,Atalanta,0.778212,1.38826,18929,2022,https://understat.com/getLeagueData/Serie_A/2022,2023-05-13,True
2023-05-13,Spezia,Milan,1.61806,0.877761,18931,2022,https://understat.com/getLeagueData/Serie_A/2022,2023-05-13,True
2023-05-14,Bologna,Roma,0.303645,1.35745,18922,2022,https://understat.com/getLeagueData/Serie_A/2022,2023-05-14,True
2023-05-14,Fiorentina,Udinese,2.33928,0.220248,18923,2022,https://understat.com/getLeagueData/Serie_A/2022,2023-05-14,True
2023-05-14,Juventus,Cremonese,1.80205,0.0587152,18926,2022,https://understat.com/getLeagueData/Serie_A/2022,2023-05-14,True
2023-05-14,Monza,Napoli,1.37675,1.11029,18928,2022,https://understat.com/getLeagueData/Serie_A/2022,2023-05-14,True
2023-05-14,Verona,Torino,0.409553,2.47106,18924,2022,https://understat.com/getLeagueData/Serie_A/2022,2023-05-14,True
2023-05-15,Sampdoria,Empoli,1.11997,1.13938,18930,2022,https://understat.com/getLeagueData/Serie_A/2022,2023-05-15,True
2023-05-19,Sassuolo,Monza,1.39346,1.72429,18939,2022,https://understat.com/getLeagueData/Serie_A/2022,2023-05-19,True
2023-05-20,Atalanta,Verona,0.969521,1.17131,18932,2022,https://understat.com/getLeagueData/Serie_A/2022,2023-05-20,True
2023-05-20,Cremonese,Bologna,0.994736,2.89722,18933,2022,https://understat.com/getLeagueData/Serie_A/2022,2023-05-20,True
2023-05-20,Milan,Sampdoria,4.81134,0.349816,18936,2022,https://understat.com/getLeagueData/Serie_A/2022,2023-05-20,True
2023-05-21,Lecce,Spezia,0.20276,0.714139,18935,2022,https://understat.com/getLeagueData/Serie_A/2022,2023-05-21,True
2023-05-21,Napoli,Inter,1.84578,0.730736,18937,2022,https://understat.com/getLeagueData/Serie_A/2022,2023-05-21,True
2023-05-21,Torino,Fiorentina,0.817959,0.697558,18940,2022,https://understat.com/getLeagueData/Serie_A/2022,2023-05-21,True
2023-05-21,Udinese,Lazio,0.434889,2.09062,18941,2022,https://understat.com/getLeagueData/Serie_A/2022,2023-05-21,True
2023-05-22,Empoli,Juventus,3.54313,2.20387,18934,2022,https://understat.com/getLeagueData/Serie_A/2022,2023-05-22,True
2023-05-22,Roma,Salernitana,1.28071,1.06809,18938,2022,https://understat.com/getLeagueData/Serie_A/2022,2023-05-22,True
2023-05-26,Sampdoria,Sassuolo,2.21953,3.04889,18950,2022,https://understat.com/getLeagueData/Serie_A/2022,2023-05-26,True
2023-05-27,Fiorentina,Roma,2.99896,1.26818,18943,2022,https://understat.com/getLeagueData/Serie_A/2022,2023-05-27,True
2023-05-27,Inter,Atalanta,2.4865,0.731442,18945,2022,https://understat.com/getLeagueData/Serie_A/2022,2023-05-27,True
2023-05-27,Salernitana,Udinese,0.980881,2.39811,18949,2022,https://understat.com/getLeagueData/Serie_A/2022,2023-05-27,True
2023-05-27,Spezia,Torino,1.05669,1.46948,18951,2022,https://understat.com/getLeagueData/Serie_A/2022,2023-05-27,True
2023-05-28,Bologna,Napoli,1.9362,2.0181,18942,2022,https://understat.com/getLeagueData/Serie_A/2022,2023-05-28,True
2023-05-28,Juventus,Milan,0.585437,0.662594,18946,2022,https://understat.com/getLeagueData/Serie_A/2022,2023-05-28,True
2023-05-28,Lazio,Cremonese,2.45341,0.381018,18947,2022,https://understat.com/getLeagueData/Serie_A/2022,2023-05-28,True
2023-05-28,Monza,Lecce,0.948514,1.1109,18948,2022,https://understat.com/getLeagueData/Serie_A/2022,2023-05-28,True
2023-05-28,Verona,Empoli,1.12855,1.11829,18944,2022,https://understat.com/getLeagueData/Serie_A/2022,2023-05-28,True
2023-06-02,Sassuolo,Fiorentina,1.03485,2.07081,18959,2022,https://understat.com/getLeagueData/Serie_A/2022,2023-06-02,True
2023-06-03,Cremonese,Salernitana,1.58052,0.396859,18953,2022,https://understat.com/getLeagueData/Serie_A/2022,2023-06-03,True
2023-06-03,Empoli,Lazio,0.271931,1.55959,18954,2022,https://understat.com/getLeagueData/Serie_A/2022,2023-06-03,True
2023-06-03,Torino,Inter,1.4179,0.879052,18960,2022,https://understat.com/getLeagueData/Serie_A/2022,2023-06-03,True
2023-06-04,Atalanta,Monza,3.6609,1.4138,18952,2022,https://understat.com/getLeagueData/Serie_A/2022,2023-06-04,True
2023-06-04,Lecce,Bologna,1.21291,0.775712,18955,2022,https://understat.com/getLeagueData/Serie_A/2022,2023-06-04,True
2023-06-04,Milan,Verona,2.26469,0.866359,18956,2022,https://understat.com/getLeagueData/Serie_A/2022,2023-06-04,True
2023-06-04,Napoli,Sampdoria,1.9182,0.64912,18957,2022,https://understat.com/getLeagueData/Serie_A/2022,2023-06-04,True
2023-06-04,Roma,Spezia,2.28038,1.10674,18958,2022,https://understat.com/getLeagueData/Serie_A/2022,2023-06-04,True
2023-06-04,Udinese,Juventus,0.955695,1.47447,18961,2022,https://understat.com/getLeagueData/Serie_A/2022,2023-06-04,True
2023-08-19,Empoli,Verona,0.844727,0.690842,22305,2023,https://understat.com/getLeagueData/Serie_A/2023,2023-08-19,True
2023-08-19,Frosinone,Napoli,0.871157,1.31464,22306,2023,https://understat.com/getLeagueData/Serie_A/2023,2023-08-19,True
2023-08-19,Genoa,Fiorentina,0.79732,1.1197,22308,2023,https://understat.com/getLeagueData/Serie_A/2023,2023-08-19,True
2023-08-19,Inter,Monza,2.49549,0.581247,22307,2023,https://understat.com/getLeagueData/Serie_A/2023,2023-08-19,True
2023-08-20,Lecce,Lazio,1.75411,2.22215,22312,2023,https://understat.com/getLeagueData/Serie_A/2023,2023-08-20,True
2023-08-20,Roma,Salernitana,2.00607,0.364297,22309,2023,https://understat.com/getLeagueData/Serie_A/2023,2023-08-20,True
2023-08-20,Sassuolo,Atalanta,0.381264,1.50058,22310,2023,https://understat.com/getLeagueData/Serie_A/2023,2023-08-20,True
2023-08-20,Udinese,Juventus,1.20988,1.86438,22311,2023,https://understat.com/getLeagueData/Serie_A/2023,2023-08-20,True
2023-08-21,Bologna,Milan,1.17349,1.1479,22314,2023,https://understat.com/getLeagueData/Serie_A/2023,2023-08-21,True
2023-08-21,Torino,Cagliari,1.03099,0.443184,22313,2023,https://understat.com/getLeagueData/Serie_A/2023,2023-08-21,True
2023-08-26,Frosinone,Atalanta,0.760807,1.44199,22315,2023,https://understat.com/getLeagueData/Serie_A/2023,2023-08-26,True
2023-08-26,Milan,Torino,3.25277,0.563184,22317,2023,https://understat.com/getLeagueData/Serie_A/2023,2023-08-26,True
2023-08-26,Monza,Empoli,2.0469,1.13824,22316,2023,https://understat.com/getLeagueData/Serie_A/2023,2023-08-26,True
2023-08-26,Verona,Roma,0.904461,2.00413,22318,2023,https://understat.com/getLeagueData/Serie_A/2023,2023-08-26,True
2023-08-27,Fiorentina,Lecce,1.51003,0.494028,22319,2023,https://understat.com/getLeagueData/Serie_A/2023,2023-08-27,True
2023-08-27,Juventus,Bologna,0.915803,0.687398,22320,2023,https://understat.com/getLeagueData/Serie_A/2023,2023-08-27,True
2023-08-27,Lazio,Genoa,0.937895,0.69511,22321,2023,https://understat.com/getLeagueData/Serie_A/2023,2023-08-27,True
2023-08-27,Napoli,Sassuolo,3.53489,0.145568,22322,2023,https://understat.com/getLeagueData/Serie_A/2023,2023-08-27,True
2023-08-28,Cagliari,Inter,0.484344,1.25423,22324,2023,https://understat.com/getLeagueData/Serie_A/2023,2023-08-28,True
2023-08-28,Salernitana,Udinese,0.559371,0.548425,22323,2023,https://understat.com/getLeagueData/Serie_A/2023,2023-08-28,True
2023-09-01,Roma,Milan,0.412392,1.62873,22326,2023,https://understat.com/getLeagueData/Serie_A/2023,2023-09-01,True
2023-09-01,Sassuolo,Verona,2.62139,0.555465,22325,2023,https://understat.com/getLeagueData/Serie_A/2023,2023-09-01,True
2023-09-02,Atalanta,Monza,1.96499,0.37036,22329,2023,https://understat.com/getLeagueData/Serie_A/2023,2023-09-02,True
2023-09-02,Bologna,Cagliari,2.8268,0.537052,22328,2023,https://understat.com/getLeagueData/Serie_A/2023,2023-09-02,True
2023-09-02,Napoli,Lazio,1.04344,1.04826,22330,2023,https://understat.com/getLeagueData/Serie_A/2023,2023-09-02,True
2023-09-02,Udinese,Frosinone,2.07837,2.41709,22327,2023,https://understat.com/getLeagueData/Serie_A/2023,2023-09-02,True
2023-09-03,Empoli,Juventus,0.304187,3.04937,22333,2023,https://understat.com/getLeagueData/Serie_A/2023,2023-09-03,True
2023-09-03,Inter,Fiorentina,5.21474,0.346607,22332,2023,https://understat.com/getLeagueData/Serie_A/2023,2023-09-03,True
2023-09-03,Lecce,Salernitana,1.83665,1.05367,22334,2023,https://understat.com/getLeagueData/Serie_A/2023,2023-09-03,True
2023-09-03,Torino,Genoa,0.481429,0.102008,22331,2023,https://understat.com/getLeagueData/Serie_A/2023,2023-09-03,True
2023-09-16,Genoa,Napoli,1.33007,0.984291,22337,2023,https://understat.com/getLeagueData/Serie_A/2023,2023-09-16,True
2023-09-16,Inter,Milan,2.95417,0.989611,22336,2023,https://understat.com/getLeagueData/Serie_A/2023,2023-09-16,True
2023-09-16,Juventus,Lazio,2.6734,0.704843,22335,2023,https://understat.com/getLeagueData/Serie_A/2023,2023-09-16,True
2023-09-17,Cagliari,Udinese,2.2007,0.836992,22338,2023,https://understat.com/getLeagueData/Serie_A/2023,2023-09-17,True
2023-09-17,Fiorentina,Atalanta,1.4533,0.632092,22341,2023,https://understat.com/getLeagueData/Serie_A/2023,2023-09-17,True
2023-09-17,Frosinone,Sassuolo,2.97022,1.93433,22339,2023,https://understat.com/getLeagueData/Serie_A/2023,2023-09-17,True
2023-09-17,Monza,Lecce,3.29559,0.895727,22340,2023,https://understat.com/getLeagueData/Serie_A/2023,2023-09-17,True
2023-09-17,Roma,Empoli,2.49292,0.166755,22342,2023,https://understat.com/getLeagueData/Serie_A/2023,2023-09-17,True
2023-09-18,Salernitana,Torino,0.694683,1.54562,22343,2023,https://understat.com/getLeagueData/Serie_A/2023,2023-09-18,True
2023-09-18,Verona,Bologna,0.408446,0.896605,22344,2023,https://understat.com/getLeagueData/Serie_A/2023,2023-09-18,True
2023-09-22,Lecce,Genoa,1.00903,0.532474,22351,2023,https://understat.com/getLeagueData/Serie_A/2023,2023-09-22,True
2023-09-22,Salernitana,Frosinone,0.834621,0.98737,22350,2023,https://understat.com/getLeagueData/Serie_A/2023,2023-09-22,True
2023-09-23,Lazio,Monza,1.02354,1.80956,22348,2023,https://understat.com/getLeagueData/Serie_A/2023,2023-09-23,True
2023-09-23,Milan,Verona,0.916672,0.845815,22352,2023,https://understat.com/getLeagueData/Serie_A/2023,2023-09-23,True
2023-09-23,Sassuolo,Juventus,1.74238,1.36816,22353,2023,https://understat.com/getLeagueData/Serie_A/2023,2023-09-23,True
2023-09-24,Atalanta,Cagliari,1.67724,1.00314,22345,2023,https://understat.com/getLeagueData/Serie_A/2023,2023-09-24,True
2023-09-24,Bologna,Napoli,0.184666,1.84847,22346,2023,https://understat.com/getLeagueData/Serie_A/2023,2023-09-24,True
2023-09-24,Empoli,Inter,0.330665,1.63518,22347,2023,https://understat.com/getLeagueData/Serie_A/2023,2023-09-24,True
2023-09-24,Torino,Roma,1.10678,1.10764,22354,2023,https://understat.com/getLeagueData/Serie_A/2023,2023-09-24,True
2023-09-24,Udinese,Fiorentina,2.40063,0.281122,22349,2023,https://understat.com/getLeagueData/Serie_A/2023,2023-09-24,True
2023-09-26,Juventus,Lecce,1.64987,0.0667791,22359,2023,https://understat.com/getLeagueData/Serie_A/2023,2023-09-26,True
2023-09-27,Cagliari,Milan,0.67613,2.10838,22355,2023,https://understat.com/getLeagueData/Serie_A/2023,2023-09-27,True
2023-09-27,Empoli,Salernitana,2.29107,0.477434,22356,2023,https://understat.com/getLeagueData/Serie_A/2023,2023-09-27,True
2023-09-27,Inter,Sassuolo,1.02458,1.02404,22358,2023,https://understat.com/getLeagueData/Serie_A/2023,2023-09-27,True
2023-09-27,Lazio,Torino,0.773684,0.213455,22360,2023,https://understat.com/getLeagueData/Serie_A/2023,2023-09-27,True
2023-09-27,Napoli,Udinese,3.70921,0.82191,22361,2023,https://understat.com/getLeagueData/Serie_A/2023,2023-09-27,True
2023-09-27,Verona,Atalanta,0.325267,1.38356,22362,2023,https://understat.com/getLeagueData/Serie_A/2023,2023-09-27,True
2023-09-28,Frosinone,Fiorentina,0.976021,1.45269,22364,2023,https://understat.com/getLeagueData/Serie_A/2023,2023-09-28,True
2023-09-28,Genoa,Roma,1.59801,1.29625,22357,2023,https://understat.com/getLeagueData/Serie_A/2023,2023-09-28,True
2023-09-28,Monza,Bologna,1.02777,1.04179,22363,2023,https://understat.com/getLeagueData/Serie_A/2023,2023-09-28,True
2023-09-30,Lecce,Napoli,0.612649,2.71689,22367,2023,https://understat.com/getLeagueData/Serie_A/2023,2023-09-30,True
2023-09-30,Milan,Lazio,2.69178,0.502537,22373,2023,https://understat.com/getLeagueData/Serie_A/2023,2023-09-30,True
2023-09-30,Salernitana,Inter,0.620122,2.5554,22372,2023,https://understat.com/getLeagueData/Serie_A/2023,2023-09-30,True
2023-10-01,Atalanta,Juventus,1.97735,0.203059,22365,2023,https://understat.com/getLeagueData/Serie_A/2023,2023-10-01,True
2023-10-01,Bologna,Empoli,3.28867,1.04905,22366,2023,https://understat.com/getLeagueData/Serie_A/2023,2023-10-01,True
2023-10-01,Roma,Frosinone,0.830718,0.791935,22369,2023,https://understat.com/getLeagueData/Serie_A/2023,2023-10-01,True
2023-10-01,Udinese,Genoa,1.53115,0.83333,22370,2023,https://understat.com/getLeagueData/Serie_A/2023,2023-10-01,True
2023-10-02,Fiorentina,Cagliari,1.52678,0.81356,22368,2023,https://understat.com/getLeagueData/Serie_A/2023,2023-10-02,True
2023-10-02,Sassuolo,Monza,1.49022,1.84951,22374,2023,https://understat.com/getLeagueData/Serie_A/2023,2023-10-02,True
2023-10-02,Torino,Verona,0.617691,0.273624,22371,2023,https://understat.com/getLeagueData/Serie_A/2023,2023-10-02,True
2023-10-06,Empoli,Udinese,1.00116,1.23968,22376,2023,https://understat.com/getLeagueData/Serie_A/2023,2023-10-06,True
2023-10-06,Lecce,Sassuolo,1.51817,1.74518,22380,2023,https://understat.com/getLeagueData/Serie_A/2023,2023-10-06,True
2023-10-07,Genoa,Milan,0.353901,0.898603,22378,2023,https://understat.com/getLeagueData/Serie_A/2023,2023-10-07,True
2023-10-07,Inter,Bologna,0.705274,1.04766,22383,2023,https://understat.com/getLeagueData/Serie_A/2023,2023-10-07,True
2023-10-07,Juventus,Torino,2.40906,0.592513,22379,2023,https://understat.com/getLeagueData/Serie_A/2023,2023-10-07,True
2023-10-08,Cagliari,Roma,1.76268,3.3327,22375,2023,https://understat.com/getLeagueData/Serie_A/2023,2023-10-08,True
2023-10-08,Frosinone,Verona,1.91977,0.506291,22377,2023,https://understat.com/getLeagueData/Serie_A/2023,2023-10-08,True
2023-10-08,Lazio,Atalanta,1.65045,1.0016,22382,2023,https://understat.com/getLeagueData/Serie_A/2023,2023-10-08,True
2023-10-08,Monza,Salernitana,3.73783,0.999628,22381,2023,https://understat.com/getLeagueData/Serie_A/2023,2023-10-08,True
2023-10-08,Napoli,Fiorentina,1.77418,1.76863,22384,2023,https://understat.com/getLeagueData/Serie_A/2023,2023-10-08,True
2023-10-21,Sassuolo,Lazio,0.319165,2.93562,22392,2023,https://understat.com/getLeagueData/Serie_A/2023,2023-10-21,True
2023-10-21,Torino,Inter,0.596799,2.44253,22390,2023,https://understat.com/getLeagueData/Serie_A/2023,2023-10-21,True
2023-10-21,Verona,Napoli,0.87241,2.65531,22387,2023,https://understat.com/getLeagueData/Serie_A/2023,2023-10-21,True
2023-10-22,Atalanta,Genoa,1.97081,1.04166,22385,2023,https://understat.com/getLeagueData/Serie_A/2023,2023-10-22,True
2023-10-22,Bologna,Frosinone,1.63336,1.42786,22386,2023,https://understat.com/getLeagueData/Serie_A/2023,2023-10-22,True
2023-10-22,Milan,Juventus,0.238518,1.80571,22391,2023,https://understat.com/getLeagueData/Serie_A/2023,2023-10-22,True
2023-10-22,Roma,Monza,2.53278,0.423669,22394,2023,https://understat.com/getLeagueData/Serie_A/2023,2023-10-22,True
2023-10-22,Salernitana,Cagliari,1.33333,1.4958,22388,2023,https://understat.com/getLeagueData/Serie_A/2023,2023-10-22,True
2023-10-23,Fiorentina,Empoli,0.764401,1.79488,22389,2023,https://understat.com/getLeagueData/Serie_A/2023,2023-10-23,True
2023-10-23,Udinese,Lecce,2.58184,0.808325,22393,2023,https://understat.com/getLeagueData/Serie_A/2023,2023-10-23,True
2023-10-27,Genoa,Salernitana,0.40726,0.778619,22396,2023,https://understat.com/getLeagueData/Serie_A/2023,2023-10-27,True
2023-10-28,Juventus,Verona,3.64831,0.318759,22403,2023,https://understat.com/getLeagueData/Serie_A/2023,2023-10-28,True
2023-10-28,Lecce,Torino,0.462357,1.33241,22398,2023,https://understat.com/getLeagueData/Serie_A/2023,2023-10-28,True
2023-10-28,Sassuolo,Bologna,0.864789,0.829724,22401,2023,https://understat.com/getLeagueData/Serie_A/2023,2023-10-28,True
2023-10-29,Cagliari,Frosinone,4.07472,1.29593,22395,2023,https://understat.com/getLeagueData/Serie_A/2023,2023-10-29,True
2023-10-29,Inter,Roma,2.25314,0.495306,22397,2023,https://understat.com/getLeagueData/Serie_A/2023,2023-10-29,True
2023-10-29,Monza,Udinese,0.40283,1.05616,22399,2023,https://understat.com/getLeagueData/Serie_A/2023,2023-10-29,True
2023-10-29,Napoli,Milan,1.50253,2.37489,22404,2023,https://understat.com/getLeagueData/Serie_A/2023,2023-10-29,True
2023-10-30,Empoli,Atalanta,0.271851,2.19175,22400,2023,https://understat.com/getLeagueData/Serie_A/2023,2023-10-30,True
2023-10-30,Lazio,Fiorentina,2.36178,0.389451,22402,2023,https://understat.com/getLeagueData/Serie_A/2023,2023-10-30,True
2023-11-03,Bologna,Lazio,0.698258,0.462021,22406,2023,https://understat.com/getLeagueData/Serie_A/2023,2023-11-03,True
2023-11-04,Atalanta,Inter,1.36089,1.39642,22405,2023,https://understat.com/getLeagueData/Serie_A/2023,2023-11-04,True
2023-11-04,Milan,Udinese,1.28493,2.1049,22410,2023,https://understat.com/getLeagueData/Serie_A/2023,2023-11-04,True
2023-11-04,Salernitana,Napoli,0.322231,1.67658,22413,2023,https://understat.com/getLeagueData/Serie_A/2023,2023-11-04,True
2023-11-05,Cagliari,Genoa,1.26944,0.669834,22407,2023,https://understat.com/getLeagueData/Serie_A/2023,2023-11-05,True
2023-11-05,Fiorentina,Juventus,0.675388,0.855784,22408,2023,https://understat.com/getLeagueData/Serie_A/2023,2023-11-05,True
2023-11-05,Roma,Lecce,2.55177,1.20256,22412,2023,https://understat.com/getLeagueData/Serie_A/2023,2023-11-05,True
2023-11-05,Verona,Monza,1.12724,1.39014,22409,2023,https://understat.com/getLeagueData/Serie_A/2023,2023-11-05,True
2023-11-06,Frosinone,Empoli,0.80376,1.87117,22411,2023,https://understat.com/getLeagueData/Serie_A/2023,2023-11-06,True
2023-11-06,Torino,Sassuolo,3.43408,0.499189,22414,2023,https://understat.com/getLeagueData/Serie_A/2023,2023-11-06,True
2023-11-10,Genoa,Verona,2.04226,0.2458,22415,2023,https://understat.com/getLeagueData/Serie_A/2023,2023-11-10,True
2023-11-10,Sassuolo,Salernitana,2.4684,0.946956,22423,2023,https://understat.com/getLeagueData/Serie_A/2023,2023-11-10,True
2023-11-11,Juventus,Cagliari,3.04248,0.477922,22421,2023,https://understat.com/getLeagueData/Serie_A/2023,2023-11-11,True
2023-11-11,Lecce,Milan,1.99035,2.22404,22417,2023,https://understat.com/getLeagueData/Serie_A/2023,2023-11-11,True
2023-11-11,Monza,Torino,1.16628,0.819686,22418,2023,https://understat.com/getLeagueData/Serie_A/2023,2023-11-11,True
2023-11-12,Fiorentina,Bologna,1.57435,2.31019,22420,2023,https://understat.com/getLeagueData/Serie_A/2023,2023-11-12,True
2023-11-12,Inter,Frosinone,3.2782,0.58612,22424,2023,https://understat.com/getLeagueData/Serie_A/2023,2023-11-12,True
2023-11-12,Lazio,Roma,0.398131,0.320262,22416,2023,https://understat.com/getLeagueData/Serie_A/2023,2023-11-12,True
2023-11-12,Napoli,Empoli,1.06052,0.38859,22422,2023,https://understat.com/getLeagueData/Serie_A/2023,2023-11-12,True
2023-11-12,Udinese,Atalanta,1.21433,0.575292,22419,2023,https://understat.com/getLeagueData/Serie_A/2023,2023-11-12,True
2023-11-25,Atalanta,Napoli,0.880466,2.51076,22426,2023,https://understat.com/getLeagueData/Serie_A/2023,2023-11-25,True
2023-11-25,Milan,Fiorentina,1.78395,1.69486,22433,2023,https://understat.com/getLeagueData/Serie_A/2023,2023-11-25,True
2023-11-25,Salernitana,Lazio,1.40102,1.83536,22431,2023,https://understat.com/getLeagueData/Serie_A/2023,2023-11-25,True
2023-11-26,Cagliari,Monza,1.58663,0.802396,22430,2023,https://understat.com/getLeagueData/Serie_A/2023,2023-11-26,True
2023-11-26,Empoli,Sassuolo,1.47716,2.97603,22429,2023,https://understat.com/getLeagueData/Serie_A/2023,2023-11-26,True
2023-11-26,Frosinone,Genoa,0.990501,1.82552,22428,2023,https://understat.com/getLeagueData/Serie_A/2023,2023-11-26,True
2023-11-26,Juventus,Inter,0.488914,0.692636,22432,2023,https://understat.com/getLeagueData/Serie_A/2023,2023-11-26,True
2023-11-26,Roma,Udinese,1.25942,0.532293,22434,2023,https://understat.com/getLeagueData/Serie_A/2023,2023-11-26,True
2023-11-27,Bologna,Torino,1.34938,0.573292,22425,2023,https://understat.com/getLeagueData/Serie_A/2023,2023-11-27,True
2023-11-27,Verona,Lecce,1.94683,1.52186,22427,2023,https://understat.com/getLeagueData/Serie_A/2023,2023-11-27,True
2023-12-01,Monza,Juventus,0.656513,2.95935,22443,2023,https://understat.com/getLeagueData/Serie_A/2023,2023-12-01,True
2023-12-02,Genoa,Empoli,0.832928,0.753276,22439,2023,https://understat.com/getLeagueData/Serie_A/2023,2023-12-02,True
2023-12-02,Lazio,Cagliari,2.50417,0.613719,22438,2023,https://understat.com/getLeagueData/Serie_A/2023,2023-12-02,True
2023-12-02,Milan,Frosinone,1.01016,0.728766,22440,2023,https://understat.com/getLeagueData/Serie_A/2023,2023-12-02,True
2023-12-03,Fiorentina,Salernitana,3.06935,0.780756,22435,2023,https://understat.com/getLeagueData/Serie_A/2023,2023-12-03,True
2023-12-03,Lecce,Bologna,1.65827,1.51659,22437,2023,https://understat.com/getLeagueData/Serie_A/2023,2023-12-03,True
2023-12-03,Napoli,Inter,0.787314,2.58503,22442,2023,https://understat.com/getLeagueData/Serie_A/2023,2023-12-03,True
2023-12-03,Sassuolo,Roma,0.916551,1.9994,22444,2023,https://understat.com/getLeagueData/Serie_A/2023,2023-12-03,True
2023-12-03,Udinese,Verona,2.14774,1.56674,22441,2023,https://understat.com/getLeagueData/Serie_A/2023,2023-12-03,True
2023-12-04,Torino,Atalanta,1.63866,0.345831,22436,2023,https://understat.com/getLeagueData/Serie_A/2023,2023-12-04,True
2023-12-08,Juventus,Napoli,0.662608,1.00524,22451,2023,https://understat.com/getLeagueData/Serie_A/2023,2023-12-08,True
2023-12-09,Atalanta,Milan,3.10106,1.00625,22445,2023,https://understat.com/getLeagueData/Serie_A/2023,2023-12-09,True
2023-12-09,Inter,Udinese,3.34151,0.847308,22450,2023,https://understat.com/getLeagueData/Serie_A/2023,2023-12-09,True
2023-12-09,Verona,Lazio,0.792676,1.01398,22449,2023,https://understat.com/getLeagueData/Serie_A/2023,2023-12-09,True
2023-12-10,Frosinone,Torino,1.50797,1.06355,22448,2023,https://understat.com/getLeagueData/Serie_A/2023,2023-12-10,True
2023-12-10,Monza,Genoa,0.67177,1.74997,22454,2023,https://understat.com/getLeagueData/Serie_A/2023,2023-12-10,True
2023-12-10,Roma,Fiorentina,0.702857,0.975261,22453,2023,https://understat.com/getLeagueData/Serie_A/2023,2023-12-10,True
2023-12-10,Salernitana,Bologna,0.601235,1.67302,22452,2023,https://understat.com/getLeagueData/Serie_A/2023,2023-12-10,True
2023-12-11,Cagliari,Sassuolo,1.2382,1.29012,22446,2023,https://understat.com/getLeagueData/Serie_A/2023,2023-12-11,True
2023-12-11,Empoli,Lecce,1.8919,0.985028,22447,2023,https://understat.com/getLeagueData/Serie_A/2023,2023-12-11,True
2023-12-15,Genoa,Juventus,0.844502,2.10424,22458,2023,https://understat.com/getLeagueData/Serie_A/2023,2023-12-15,True
2023-12-16,Lecce,Frosinone,0.729342,1.84133,22462,2023,https://understat.com/getLeagueData/Serie_A/2023,2023-12-16,True
2023-12-16,Napoli,Cagliari,3.03273,1.83831,22460,2023,https://understat.com/getLeagueData/Serie_A/2023,2023-12-16,True
2023-12-16,Torino,Empoli,2.11343,0.28927,22461,2023,https://understat.com/getLeagueData/Serie_A/2023,2023-12-16,True
2023-12-17,Bologna,Roma,0.782175,0.566461,22456,2023,https://understat.com/getLeagueData/Serie_A/2023,2023-12-17,True
2023-12-17,Fiorentina,Verona,0.330363,2.92504,22457,2023,https://understat.com/getLeagueData/Serie_A/2023,2023-12-17,True
2023-12-17,Lazio,Inter,1.63799,1.69409,22463,2023,https://understat.com/getLeagueData/Serie_A/2023,2023-12-17,True
2023-12-17,Milan,Monza,2.26584,1.42821,22459,2023,https://understat.com/getLeagueData/Serie_A/2023,2023-12-17,True
2023-12-17,Udinese,Sassuolo,0.750879,2.90114,22464,2023,https://understat.com/getLeagueData/Serie_A/2023,2023-12-17,True
2023-12-18,Atalanta,Salernitana,2.34764,0.976758,22455,2023,https://understat.com/getLeagueData/Serie_A/2023,2023-12-18,True
2023-12-22,Empoli,Lazio,0.659249,1.95383,22465,2023,https://understat.com/getLeagueData/Serie_A/2023,2023-12-22,True
2023-12-22,Monza,Fiorentina,0.659021,1.95676,22471,2023,https://understat.com/getLeagueData/Serie_A/2023,2023-12-22,True
2023-12-22,Salernitana,Milan,1.14336,2.9432,22473,2023,https://understat.com/getLeagueData/Serie_A/2023,2023-12-22,True
2023-12-22,Sassuolo,Genoa,2.17129,1.3709,22472,2023,https://understat.com/getLeagueData/Serie_A/2023,2023-12-22,True
2023-12-23,Bologna,Atalanta,0.986587,1.59382,22469,2023,https://understat.com/getLeagueData/Serie_A/2023,2023-12-23,True
2023-12-23,Frosinone,Juventus,0.495508,1.27523,22466,2023,https://understat.com/getLeagueData/Serie_A/2023,2023-12-23,True
2023-12-23,Inter,Lecce,3.28691,1.1279,22467,2023,https://understat.com/getLeagueData/Serie_A/2023,2023-12-23,True
2023-12-23,Roma,Napoli,2.06895,0.44093,22474,2023,https://understat.com/getLeagueData/Serie_A/2023,2023-12-23,True
2023-12-23,Torino,Udinese,0.666821,0.919531,22468,2023,https://understat.com/getLeagueData/Serie_A/2023,2023-12-23,True
2023-12-23,Verona,Cagliari,0.986759,1.20911,22470,2023,https://understat.com/getLeagueData/Serie_A/2023,2023-12-23,True
2023-12-29,Fiorentina,Torino,0.885643,0.439657,22477,2023,https://understat.com/getLeagueData/Serie_A/2023,2023-12-29,True
2023-12-29,Genoa,Inter,0.410279,1.8593,22478,2023,https://understat.com/getLeagueData/Serie_A/2023,2023-12-29,True
2023-12-29,Lazio,Frosinone,1.74892,1.13132,22483,2023,https://understat.com/getLeagueData/Serie_A/2023,2023-12-29,True
2023-12-29,Napoli,Monza,2.37308,1.09674,22484,2023,https://understat.com/getLeagueData/Serie_A/2023,2023-12-29,True
2023-12-30,Atalanta,Lecce,1.4919,1.38509,22475,2023,https://understat.com/getLeagueData/Serie_A/2023,2023-12-30,True
2023-12-30,Cagliari,Empoli,1.4357,0.222516,22476,2023,https://understat.com/getLeagueData/Serie_A/2023,2023-12-30,True
2023-12-30,Juventus,Roma,1.63273,0.39518,22480,2023,https://understat.com/getLeagueData/Serie_A/2023,2023-12-30,True
2023-12-30,Milan,Sassuolo,1.49842,0.40374,22481,2023,https://understat.com/getLeagueData/Serie_A/2023,2023-12-30,True
2023-12-30,Udinese,Bologna,1.53169,0.766703,22482,2023,https://understat.com/getLeagueData/Serie_A/2023,2023-12-30,True
2023-12-30,Verona,Salernitana,0.812164,0.768493,22479,2023,https://understat.com/getLeagueData/Serie_A/2023,2023-12-30,True
2024-01-05,Bologna,Genoa,1.35919,0.153342,22485,2023,https://understat.com/getLeagueData/Serie_A/2023,2024-01-05,True
2024-01-06,Frosinone,Monza,1.14998,1.45289,22487,2023,https://understat.com/getLeagueData/Serie_A/2023,2024-01-06,True
2024-01-06,Inter,Verona,2.12311,1.36479,22491,2023,https://understat.com/getLeagueData/Serie_A/2023,2024-01-06,True
2024-01-06,Lecce,Cagliari,1.61147,0.994223,22489,2023,https://understat.com/getLeagueData/Serie_A/2023,2024-01-06,True
2024-01-06,Sassuolo,Fiorentina,0.701861,1.4924,22490,2023,https://understat.com/getLeagueData/Serie_A/2023,2024-01-06,True
2024-01-07,Empoli,Milan,0.945682,1.51431,22486,2023,https://understat.com/getLeagueData/Serie_A/2023,2024-01-07,True
2024-01-07,Roma,Atalanta,2.58182,1.11144,22488,2023,https://understat.com/getLeagueData/Serie_A/2023,2024-01-07,True
2024-01-07,Salernitana,Juventus,0.930992,1.82515,22492,2023,https://understat.com/getLeagueData/Serie_A/2023,2024-01-07,True
2024-01-07,Torino,Napoli,2.13004,1.14787,22494,2023,https://understat.com/getLeagueData/Serie_A/2023,2024-01-07,True
2024-01-07,Udinese,Lazio,0.612027,0.498208,22493,2023,https://understat.com/getLeagueData/Serie_A/2023,2024-01-07,True
2024-01-13,Genoa,Torino,0.575708,0.30855,22497,2023,https://understat.com/getLeagueData/Serie_A/2023,2024-01-13,True
2024-01-13,Monza,Inter,1.07372,4.72502,22504,2023,https://understat.com/getLeagueData/Serie_A/2023,2024-01-13,True
2024-01-13,Napoli,Salernitana,2.73312,0.151576,22501,2023,https://understat.com/getLeagueData/Serie_A/2023,2024-01-13,True
2024-01-13,Verona,Empoli,1.25066,0.720625,22503,2023,https://understat.com/getLeagueData/Serie_A/2023,2024-01-13,True
2024-01-14,Cagliari,Bologna,0.48909,0.738045,22502,2023,https://understat.com/getLeagueData/Serie_A/2023,2024-01-14,True
2024-01-14,Fiorentina,Udinese,1.66667,1.16643,22496,2023,https://understat.com/getLeagueData/Serie_A/2023,2024-01-14,True
2024-01-14,Lazio,Lecce,1.08287,0.971265,22499,2023,https://understat.com/getLeagueData/Serie_A/2023,2024-01-14,True
2024-01-14,Milan,Roma,1.57355,1.23713,22500,2023,https://understat.com/getLeagueData/Serie_A/2023,2024-01-14,True
2024-01-15,Atalanta,Frosinone,4.91726,0.434507,22495,2023,https://understat.com/getLeagueData/Serie_A/2023,2024-01-15,True
2024-01-16,Juventus,Sassuolo,1.23237,0.29509,22498,2023,https://understat.com/getLeagueData/Serie_A/2023,2024-01-16,True
2024-01-20,Roma,Verona,1.4542,1.09599,22510,2023,https://understat.com/getLeagueData/Serie_A/2023,2024-01-20,True
2024-01-20,Udinese,Milan,0.813024,2.43121,22513,2023,https://understat.com/getLeagueData/Serie_A/2023,2024-01-20,True
2024-01-21,Empoli,Monza,1.78103,0.868813,22506,2023,https://understat.com/getLeagueData/Serie_A/2023,2024-01-21,True
2024-01-21,Frosinone,Cagliari,2.9278,0.599249,22508,2023,https://understat.com/getLeagueData/Serie_A/2023,2024-01-21,True
2024-01-21,Lecce,Juventus,0.493249,2.48407,22511,2023,https://understat.com/getLeagueData/Serie_A/2023,2024-01-21,True
2024-01-21,Salernitana,Genoa,1.1539,1.11078,22509,2023,https://understat.com/getLeagueData/Serie_A/2023,2024-01-21,True
2024-01-26,Cagliari,Torino,1.97593,2.42275,22523,2023,https://understat.com/getLeagueData/Serie_A/2023,2024-01-26,True
2024-01-27,Atalanta,Udinese,1.32201,0.616693,22515,2023,https://understat.com/getLeagueData/Serie_A/2023,2024-01-27,True
2024-01-27,Juventus,Empoli,0.990773,0.696403,22517,2023,https://understat.com/getLeagueData/Serie_A/2023,2024-01-27,True
2024-01-27,Milan,Bologna,3.60116,2.07278,22518,2023,https://understat.com/getLeagueData/Serie_A/2023,2024-01-27,True
2024-01-28,Fiorentina,Inter,1.89212,0.617311,22522,2023,https://understat.com/getLeagueData/Serie_A/2023,2024-01-28,True
2024-01-28,Genoa,Lecce,2.08542,2.29888,22521,2023,https://understat.com/getLeagueData/Serie_A/2023,2024-01-28,True
2024-01-28,Lazio,Napoli,0.414353,0.169707,22520,2023,https://understat.com/getLeagueData/Serie_A/2023,2024-01-28,True
2024-01-28,Monza,Sassuolo,0.419129,0.725542,22519,2023,https://understat.com/getLeagueData/Serie_A/2023,2024-01-28,True
2024-01-28,Verona,Frosinone,2.29871,1.66579,22516,2023,https://understat.com/getLeagueData/Serie_A/2023,2024-01-28,True
2024-01-29,Salernitana,Roma,1.42906,1.48834,22524,2023,https://understat.com/getLeagueData/Serie_A/2023,2024-01-29,True
2024-02-02,Lecce,Fiorentina,2.31602,1.07539,22534,2023,https://understat.com/getLeagueData/Serie_A/2023,2024-02-02,True
2024-02-03,Bologna,Sassuolo,0.889471,0.898681,22528,2023,https://understat.com/getLeagueData/Serie_A/2023,2024-02-03,True
2024-02-03,Empoli,Genoa,0.58479,0.577479,22530,2023,https://understat.com/getLeagueData/Serie_A/2023,2024-02-03,True
2024-02-03,Frosinone,Milan,1.0672,2.01173,22531,2023,https://understat.com/getLeagueData/Serie_A/2023,2024-02-03,True
2024-02-03,Udinese,Monza,0.780762,0.124799,22527,2023,https://understat.com/getLeagueData/Serie_A/2023,2024-02-03,True
2024-02-04,Atalanta,Lazio,2.87997,1.29656,22526,2023,https://understat.com/getLeagueData/Serie_A/2023,2024-02-04,True
2024-02-04,Inter,Juventus,1.64254,0.597312,22532,2023,https://understat.com/getLeagueData/Serie_A/2023,2024-02-04,True
2024-02-04,Napoli,Verona,1.97716,1.18484,22525,2023,https://understat.com/getLeagueData/Serie_A/2023,2024-02-04,True
2024-02-04,Torino,Salernitana,0.742534,0.0814573,22529,2023,https://understat.com/getLeagueData/Serie_A/2023,2024-02-04,True
2024-02-05,Roma,Cagliari,3.35931,0.503174,22533,2023,https://understat.com/getLeagueData/Serie_A/2023,2024-02-05,True
2024-02-09,Salernitana,Empoli,0.799924,2.14988,22541,2023,https://understat.com/getLeagueData/Serie_A/2023,2024-02-09,True
2024-02-10,Cagliari,Lazio,0.69339,1.60335,22536,2023,https://understat.com/getLeagueData/Serie_A/2023,2024-02-10,True
2024-02-10,Roma,Inter,1.00864,1.24183,22544,2023,https://understat.com/getLeagueData/Serie_A/2023,2024-02-10,True
2024-02-10,Sassuolo,Torino,0.803849,1.11139,22540,2023,https://understat.com/getLeagueData/Serie_A/2023,2024-02-10,True
2024-02-11,Bologna,Lecce,1.77523,1.10831,22535,2023,https://understat.com/getLeagueData/Serie_A/2023,2024-02-11,True
2024-02-11,Fiorentina,Frosinone,3.17846,1.2861,22537,2023,https://understat.com/getLeagueData/Serie_A/2023,2024-02-11,True
2024-02-11,Genoa,Atalanta,0.906299,2.84643,22542,2023,https://understat.com/getLeagueData/Serie_A/2023,2024-02-11,True
2024-02-11,Milan,Napoli,1.37304,0.502118,22539,2023,https://understat.com/getLeagueData/Serie_A/2023,2024-02-11,True
2024-02-11,Monza,Verona,0.831924,0.576842,22543,2023,https://understat.com/getLeagueData/Serie_A/2023,2024-02-11,True
2024-02-12,Juventus,Udinese,2.01527,1.13222,22538,2023,https://understat.com/getLeagueData/Serie_A/2023,2024-02-12,True
2024-02-14,Bologna,Fiorentina,2.65166,0.969673,22505,2023,https://understat.com/getLeagueData/Serie_A/2023,2024-02-14,True
2024-02-16,Inter,Salernitana,4.48759,0.0464174,22550,2023,https://understat.com/getLeagueData/Serie_A/2023,2024-02-16,True
2024-02-16,Torino,Lecce,1.52802,0.415653,22547,2023,https://understat.com/getLeagueData/Serie_A/2023,2024-02-16,True
2024-02-17,Atalanta,Sassuolo,5.00929,1.81361,22554,2023,https://understat.com/getLeagueData/Serie_A/2023,2024-02-17,True
2024-02-17,Napoli,Genoa,1.18788,0.285006,22546,2023,https://understat.com/getLeagueData/Serie_A/2023,2024-02-17,True
2024-02-17,Verona,Juventus,0.617246,1.80606,22551,2023,https://understat.com/getLeagueData/Serie_A/2023,2024-02-17,True
2024-02-18,Empoli,Fiorentina,0.945067,0.920295,22553,2023,https://understat.com/getLeagueData/Serie_A/2023,2024-02-18,True
2024-02-18,Frosinone,Roma,1.62402,1.81853,22552,2023,https://understat.com/getLeagueData/Serie_A/2023,2024-02-18,True
2024-02-18,Lazio,Bologna,1.14123,1.16044,22549,2023,https://understat.com/getLeagueData/Serie_A/2023,2024-02-18,True
2024-02-18,Monza,Milan,1.6186,1.33102,22548,2023,https://understat.com/getLeagueData/Serie_A/2023,2024-02-18,True
2024-02-18,Udinese,Cagliari,1.17588,0.817344,22545,2023,https://understat.com/getLeagueData/Serie_A/2023,2024-02-18,True
2024-02-22,Torino,Lazio,1.94911,0.352376,22512,2023,https://understat.com/getLeagueData/Serie_A/2023,2024-02-22,True
2024-02-23,Bologna,Verona,2.33279,0.701896,22555,2023,https://understat.com/getLeagueData/Serie_A/2023,2024-02-23,True
2024-02-24,Genoa,Udinese,1.62322,0.322829,22558,2023,https://understat.com/getLeagueData/Serie_A/2023,2024-02-24,True
2024-02-24,Salernitana,Monza,0.728802,2.6089,22564,2023,https://understat.com/getLeagueData/Serie_A/2023,2024-02-24,True
2024-02-24,Sassuolo,Empoli,1.60152,2.52542,22561,2023,https://understat.com/getLeagueData/Serie_A/2023,2024-02-24,True
2024-02-25,Cagliari,Napoli,0.916353,1.46253,22556,2023,https://understat.com/getLeagueData/Serie_A/2023,2024-02-25,True
2024-02-25,Juventus,Frosinone,1.74414,0.570671,22562,2023,https://understat.com/getLeagueData/Serie_A/2023,2024-02-25,True
2024-02-25,Lecce,Inter,0.928229,3.07379,22563,2023,https://understat.com/getLeagueData/Serie_A/2023,2024-02-25,True
2024-02-25,Milan,Atalanta,1.38915,1.06552,22560,2023,https://understat.com/getLeagueData/Serie_A/2023,2024-02-25,True
2024-02-26,Fiorentina,Lazio,3.86937,0.611852,22557,2023,https://understat.com/getLeagueData/Serie_A/2023,2024-02-26,True
2024-02-26,Roma,Torino,1.52399,0.551839,22559,2023,https://understat.com/getLeagueData/Serie_A/2023,2024-02-26,True
2024-02-28,Inter,Atalanta,2.91852,0.258264,22507,2023,https://understat.com/getLeagueData/Serie_A/2023,2024-02-28,True
2024-02-28,Sassuolo,Napoli,0.237572,2.7969,22514,2023,https://understat.com/getLeagueData/Serie_A/2023,2024-02-28,True
2024-03-01,Lazio,Milan,1.59899,0.849675,22568,2023,https://understat.com/getLeagueData/Serie_A/2023,2024-03-01,True
2024-03-02,Monza,Roma,1.01584,1.89657,22569,2023,https://understat.com/getLeagueData/Serie_A/2023,2024-03-02,True
2024-03-02,Torino,Fiorentina,0.561691,0.697752,22571,2023,https://understat.com/getLeagueData/Serie_A/2023,2024-03-02,True
2024-03-02,Udinese,Salernitana,1.98278,0.839171,22574,2023,https://understat.com/getLeagueData/Serie_A/2023,2024-03-02,True
2024-03-03,Atalanta,Bologna,1.20723,1.58258,22565,2023,https://understat.com/getLeagueData/Serie_A/2023,2024-03-03,True
2024-03-03,Empoli,Cagliari,1.50581,0.428646,22570,2023,https://understat.com/getLeagueData/Serie_A/2023,2024-03-03,True
2024-03-03,Frosinone,Lecce,1.53511,1.29494,22566,2023,https://understat.com/getLeagueData/Serie_A/2023,2024-03-03,True
2024-03-03,Napoli,Juventus,1.7764,2.0359,22573,2023,https://understat.com/getLeagueData/Serie_A/2023,2024-03-03,True
2024-03-03,Verona,Sassuolo,0.504318,0.360012,22567,2023,https://understat.com/getLeagueData/Serie_A/2023,2024-03-03,True
2024-03-04,Inter,Genoa,2.90423,1.17046,22572,2023,https://understat.com/getLeagueData/Serie_A/2023,2024-03-04,True
2024-03-08,Napoli,Torino,1.61516,1.12784,22584,2023,https://understat.com/getLeagueData/Serie_A/2023,2024-03-08,True
2024-03-09,Bologna,Inter,0.668681,0.81996,22575,2023,https://understat.com/getLeagueData/Serie_A/2023,2024-03-09,True
2024-03-09,Cagliari,Salernitana,3.41823,1.17253,22576,2023,https://understat.com/getLeagueData/Serie_A/2023,2024-03-09,True
2024-03-09,Genoa,Monza,1.81546,1.66208,22582,2023,https://understat.com/getLeagueData/Serie_A/2023,2024-03-09,True
2024-03-09,Sassuolo,Frosinone,0.596618,1.38509,22580,2023,https://understat.com/getLeagueData/Serie_A/2023,2024-03-09,True
2024-03-10,Fiorentina,Roma,2.47793,0.776614,22577,2023,https://understat.com/getLeagueData/Serie_A/2023,2024-03-10,True
2024-03-10,Juventus,Atalanta,1.66716,0.470912,22578,2023,https://understat.com/getLeagueData/Serie_A/2023,2024-03-10,True
2024-03-10,Lecce,Verona,1.03517,0.556534,22581,2023,https://understat.com/getLeagueData/Serie_A/2023,2024-03-10,True
2024-03-10,Milan,Empoli,0.988992,0.419598,22579,2023,https://understat.com/getLeagueData/Serie_A/2023,2024-03-10,True
2024-03-11,Lazio,Udinese,2.15139,1.48854,22583,2023,https://understat.com/getLeagueData/Serie_A/2023,2024-03-11,True
2024-03-15,Empoli,Bologna,0.868895,2.30568,22591,2023,https://understat.com/getLeagueData/Serie_A/2023,2024-03-15,True
2024-03-16,Frosinone,Lazio,1.90054,3.30539,22586,2023,https://understat.com/getLeagueData/Serie_A/2023,2024-03-16,True
2024-03-16,Monza,Cagliari,1.4436,0.443858,22590,2023,https://understat.com/getLeagueData/Serie_A/2023,2024-03-16,True
2024-03-16,Salernitana,Lecce,1.45145,2.01475,22594,2023,https://understat.com/getLeagueData/Serie_A/2023,2024-03-16,True
2024-03-16,Udinese,Torino,0.384805,1.54612,22593,2023,https://understat.com/getLeagueData/Serie_A/2023,2024-03-16,True
2024-03-17,Inter,Napoli,1.37916,1.36148,22587,2023,https://understat.com/getLeagueData/Serie_A/2023,2024-03-17,True
2024-03-17,Juventus,Genoa,1.38709,0.175513,22589,2023,https://understat.com/getLeagueData/Serie_A/2023,2024-03-17,True
2024-03-17,Roma,Sassuolo,0.858457,0.777601,22592,2023,https://understat.com/getLeagueData/Serie_A/2023,2024-03-17,True
2024-03-17,Verona,Milan,0.565727,2.75283,22588,2023,https://understat.com/getLeagueData/Serie_A/2023,2024-03-17,True
2024-03-30,Fiorentina,Milan,1.69969,3.17431,22601,2023,https://understat.com/getLeagueData/Serie_A/2023,2024-03-30,True
2024-03-30,Genoa,Frosinone,1.65796,1.00689,22602,2023,https://understat.com/getLeagueData/Serie_A/2023,2024-03-30,True
2024-03-30,Lazio,Juventus,1.24248,0.479175,22603,2023,https://understat.com/getLeagueData/Serie_A/2023,2024-03-30,True
2024-03-30,Napoli,Atalanta,1.83498,1.55904,22598,2023,https://understat.com/getLeagueData/Serie_A/2023,2024-03-30,True
2024-03-30,Torino,Monza,1.61585,0.560169,22604,2023,https://understat.com/getLeagueData/Serie_A/2023,2024-03-30,True
2024-04-01,Bologna,Salernitana,1.85322,0.702173,22596,2023,https://understat.com/getLeagueData/Serie_A/2023,2024-04-01,True
2024-04-01,Cagliari,Verona,0.594452,1.09202,22595,2023,https://understat.com/getLeagueData/Serie_A/2023,2024-04-01,True
2024-04-01,Inter,Empoli,2.03375,0.560443,22599,2023,https://understat.com/getLeagueData/Serie_A/2023,2024-04-01,True
2024-04-01,Lecce,Roma,1.97592,1.69372,22600,2023,https://understat.com/getLeagueData/Serie_A/2023,2024-04-01,True
2024-04-01,Sassuolo,Udinese,1.47611,1.72665,22597,2023,https://understat.com/getLeagueData/Serie_A/2023,2024-04-01,True
2024-04-05,Salernitana,Sassuolo,1.2795,1.88042,22611,2023,https://understat.com/getLeagueData/Serie_A/2023,2024-04-05,True
2024-04-06,Empoli,Torino,0.487874,2.5343,22609,2023,https://understat.com/getLeagueData/Serie_A/2023,2024-04-06,True
2024-04-06,Milan,Lecce,2.41313,0.841362,22612,2023,https://understat.com/getLeagueData/Serie_A/2023,2024-04-06,True
2024-04-06,Roma,Lazio,0.635152,0.480271,22608,2023,https://understat.com/getLeagueData/Serie_A/2023,2024-04-06,True
2024-04-07,Cagliari,Atalanta,0.715338,0.772446,22613,2023,https://understat.com/getLeagueData/Serie_A/2023,2024-04-07,True
2024-04-07,Frosinone,Bologna,0.568316,2.46415,22614,2023,https://understat.com/getLeagueData/Serie_A/2023,2024-04-07,True
2024-04-07,Juventus,Fiorentina,2.46449,0.508961,22605,2023,https://understat.com/getLeagueData/Serie_A/2023,2024-04-07,True
2024-04-07,Monza,Napoli,0.414034,2.70294,22610,2023,https://understat.com/getLeagueData/Serie_A/2023,2024-04-07,True
2024-04-07,Verona,Genoa,0.961468,2.01327,22606,2023,https://understat.com/getLeagueData/Serie_A/2023,2024-04-07,True
2024-04-08,Udinese,Inter,0.0699579,3.41188,22607,2023,https://understat.com/getLeagueData/Serie_A/2023,2024-04-08,True
2024-04-12,Lazio,Salernitana,2.50164,0.544591,22615,2023,https://understat.com/getLeagueData/Serie_A/2023,2024-04-12,True
2024-04-13,Bologna,Monza,2.77216,0.409248,22622,2023,https://understat.com/getLeagueData/Serie_A/2023,2024-04-13,True
2024-04-13,Lecce,Empoli,3.15126,0.136102,22617,2023,https://understat.com/getLeagueData/Serie_A/2023,2024-04-13,True
2024-04-13,Torino,Juventus,0.834792,1.25957,22619,2023,https://understat.com/getLeagueData/Serie_A/2023,2024-04-13,True
2024-04-14,Inter,Cagliari,1.95072,1.10904,22616,2023,https://understat.com/getLeagueData/Serie_A/2023,2024-04-14,True
2024-04-14,Napoli,Frosinone,2.7326,2.31434,22618,2023,https://understat.com/getLeagueData/Serie_A/2023,2024-04-14,True
2024-04-14,Sassuolo,Milan,1.37198,3.05285,22620,2023,https://understat.com/getLeagueData/Serie_A/2023,2024-04-14,True
2024-04-15,Atalanta,Verona,1.67088,1.10418,22624,2023,https://understat.com/getLeagueData/Serie_A/2023,2024-04-15,True
2024-04-15,Fiorentina,Genoa,1.78763,1.59509,22623,2023,https://understat.com/getLeagueData/Serie_A/2023,2024-04-15,True
2024-04-19,Cagliari,Juventus,1.97822,0.595113,22625,2023,https://understat.com/getLeagueData/Serie_A/2023,2024-04-19,True
2024-04-19,Genoa,Lazio,0.608539,0.952136,22627,2023,https://understat.com/getLeagueData/Serie_A/2023,2024-04-19,True
2024-04-20,Empoli,Napoli,1.25351,0.891755,22626,2023,https://understat.com/getLeagueData/Serie_A/2023,2024-04-20,True
2024-04-20,Verona,Udinese,1.29522,1.97219,22628,2023,https://understat.com/getLeagueData/Serie_A/2023,2024-04-20,True
2024-04-21,Monza,Atalanta,0.878869,2.19828,22629,2023,https://understat.com/getLeagueData/Serie_A/2023,2024-04-21,True
2024-04-21,Salernitana,Fiorentina,0.32683,2.45106,22631,2023,https://understat.com/getLeagueData/Serie_A/2023,2024-04-21,True
2024-04-21,Sassuolo,Lecce,0.410145,2.36614,22634,2023,https://understat.com/getLeagueData/Serie_A/2023,2024-04-21,True
2024-04-21,Torino,Frosinone,0.520991,0.57895,22632,2023,https://understat.com/getLeagueData/Serie_A/2023,2024-04-21,True
2024-04-22,Milan,Inter,2.51108,1.62976,22633,2023,https://understat.com/getLeagueData/Serie_A/2023,2024-04-22,True
2024-04-22,Roma,Bologna,1.83356,1.25682,22630,2023,https://understat.com/getLeagueData/Serie_A/2023,2024-04-22,True
2024-04-25,Udinese,Roma,0.94473,1.61555,22621,2023,https://understat.com/getLeagueData/Serie_A/2023,2024-04-14,True
2024-04-26,Frosinone,Salernitana,1.75172,1.03098,22640,2023,https://understat.com/getLeagueData/Serie_A/2023,2024-04-26,True
2024-04-27,Juventus,Milan,1.76562,0.277994,22638,2023,https://understat.com/getLeagueData/Serie_A/2023,2024-04-27,True
2024-04-27,Lazio,Verona,1.31699,0.629309,22635,2023,https://understat.com/getLeagueData/Serie_A/2023,2024-04-27,True
2024-04-27,Lecce,Monza,0.927644,1.09563,22639,2023,https://understat.com/getLeagueData/Serie_A/2023,2024-04-27,True
2024-04-28,Atalanta,Empoli,2.13088,0.593896,22644,2023,https://understat.com/getLeagueData/Serie_A/2023,2024-04-28,True
2024-04-28,Bologna,Udinese,0.709144,0.613931,22642,2023,https://understat.com/getLeagueData/Serie_A/2023,2024-04-28,True
2024-04-28,Fiorentina,Sassuolo,4.29626,0.268378,22643,2023,https://understat.com/getLeagueData/Serie_A/2023,2024-04-28,True
2024-04-28,Inter,Torino,1.90101,0.45813,22641,2023,https://understat.com/getLeagueData/Serie_A/2023,2024-04-28,True
2024-04-28,Napoli,Roma,3.87555,1.78885,22636,2023,https://understat.com/getLeagueData/Serie_A/2023,2024-04-28,True
2024-04-29,Genoa,Cagliari,1.09421,0.781529,22637,2023,https://understat.com/getLeagueData/Serie_A/2023,2024-04-29,True
2024-05-03,Torino,Bologna,0.786625,0.169889,22648,2023,https://understat.com/getLeagueData/Serie_A/2023,2024-05-03,True
2024-05-04,Monza,Lazio,2.08077,1.57454,22653,2023,https://understat.com/getLeagueData/Serie_A/2023,2024-05-04,True
2024-05-04,Sassuolo,Inter,0.334967,1.63693,22651,2023,https://understat.com/getLeagueData/Serie_A/2023,2024-05-04,True
2024-05-05,Cagliari,Lecce,0.923968,1.81298,22645,2023,https://understat.com/getLeagueData/Serie_A/2023,2024-05-05,True
2024-05-05,Empoli,Frosinone,0.318217,0.947755,22646,2023,https://understat.com/getLeagueData/Serie_A/2023,2024-05-05,True
2024-05-05,Milan,Genoa,2.31497,0.91116,22650,2023,https://understat.com/getLeagueData/Serie_A/2023,2024-05-05,True
2024-05-05,Roma,Juventus,1.60597,0.95263,22652,2023,https://understat.com/getLeagueData/Serie_A/2023,2024-05-05,True
2024-05-05,Verona,Fiorentina,1.49212,1.10741,22649,2023,https://understat.com/getLeagueData/Serie_A/2023,2024-05-05,True
2024-05-06,Salernitana,Atalanta,0.497067,2.26499,22647,2023,https://understat.com/getLeagueData/Serie_A/2023,2024-05-06,True
2024-05-06,Udinese,Napoli,0.521861,1.1157,22654,2023,https://understat.com/getLeagueData/Serie_A/2023,2024-05-06,True
2024-05-10,Frosinone,Inter,1.88809,2.05666,22657,2023,https://understat.com/getLeagueData/Serie_A/2023,2024-05-10,True
2024-05-11,Milan,Cagliari,3.56305,1.33911,22663,2023,https://understat.com/getLeagueData/Serie_A/2023,2024-05-11,True
2024-05-11,Napoli,Bologna,1.48316,1.74055,22662,2023,https://understat.com/getLeagueData/Serie_A/2023,2024-05-11,True
2024-05-12,Atalanta,Roma,2.85949,1.17185,22655,2023,https://understat.com/getLeagueData/Serie_A/2023,2024-05-12,True
2024-05-12,Genoa,Sassuolo,0.81296,1.69037,22658,2023,https://understat.com/getLeagueData/Serie_A/2023,2024-05-12,True
2024-05-12,Juventus,Salernitana,2.36999,0.921042,22660,2023,https://understat.com/getLeagueData/Serie_A/2023,2024-05-12,True
2024-05-12,Lazio,Empoli,1.61078,1.10282,22664,2023,https://understat.com/getLeagueData/Serie_A/2023,2024-05-12,True
2024-05-12,Verona,Torino,1.09252,0.956758,22659,2023,https://understat.com/getLeagueData/Serie_A/2023,2024-05-12,True
2024-05-13,Fiorentina,Monza,2.45011,1.19628,22656,2023,https://understat.com/getLeagueData/Serie_A/2023,2024-05-13,True
2024-05-13,Lecce,Udinese,0.3485,1.63735,22661,2023,https://understat.com/getLeagueData/Serie_A/2023,2024-05-13,True
2024-05-17,Fiorentina,Napoli,0.566509,1.32124,22666,2023,https://understat.com/getLeagueData/Serie_A/2023,2024-05-17,True
2024-05-18,Lecce,Atalanta,1.03049,2.22033,22668,2023,https://understat.com/getLeagueData/Serie_A/2023,2024-05-18,True
2024-05-18,Torino,Milan,1.08012,1.64179,22674,2023,https://understat.com/getLeagueData/Serie_A/2023,2024-05-18,True
2024-05-19,Inter,Lazio,1.61165,0.686603,22667,2023,https://understat.com/getLeagueData/Serie_A/2023,2024-05-19,True
2024-05-19,Monza,Frosinone,1.24886,2.22694,22671,2023,https://understat.com/getLeagueData/Serie_A/2023,2024-05-19,True
2024-05-19,Roma,Genoa,0.736827,0.508028,22672,2023,https://understat.com/getLeagueData/Serie_A/2023,2024-05-19,True
2024-05-19,Sassuolo,Cagliari,0.269648,1.47384,22669,2023,https://understat.com/getLeagueData/Serie_A/2023,2024-05-19,True
2024-05-19,Udinese,Empoli,1.66873,0.82957,22670,2023,https://understat.com/getLeagueData/Serie_A/2023,2024-05-19,True
2024-05-20,Bologna,Juventus,1.379,1.27372,22665,2023,https://understat.com/getLeagueData/Serie_A/2023,2024-05-20,True
2024-05-20,Salernitana,Verona,0.900837,2.33362,22673,2023,https://understat.com/getLeagueData/Serie_A/2023,2024-05-20,True
2024-05-23,Cagliari,Fiorentina,2.08262,2.21632,22676,2023,https://understat.com/getLeagueData/Serie_A/2023,2024-05-24,True
2024-05-24,Genoa,Bologna,1.5757,0.450804,22683,2023,https://understat.com/getLeagueData/Serie_A/2023,2024-05-24,True
2024-05-25,Juventus,Monza,1.92843,1.13394,22680,2023,https://understat.com/getLeagueData/Serie_A/2023,2024-05-25,True
2024-05-25,Milan,Salernitana,2.82527,1.80163,22682,2023,https://understat.com/getLeagueData/Serie_A/2023,2024-05-25,True
2024-05-26,Atalanta,Torino,2.56869,1.69527,22675,2023,https://understat.com/getLeagueData/Serie_A/2023,2024-05-26,True
2024-05-26,Empoli,Roma,2.88989,1.45583,22677,2023,https://understat.com/getLeagueData/Serie_A/2023,2024-05-26,True
2024-05-26,Frosinone,Udinese,0.869244,0.895463,22678,2023,https://understat.com/getLeagueData/Serie_A/2023,2024-05-26,True
2024-05-26,Lazio,Sassuolo,1.25146,1.11933,22681,2023,https://understat.com/getLeagueData/Serie_A/2023,2024-05-26,True
2024-05-26,Napoli,Lecce,1.83014,0.622384,22684,2023,https://understat.com/getLeagueData/Serie_A/2023,2024-05-26,True
2024-05-26,Verona,Inter,1.63678,2.99853,22679,2023,https://understat.com/getLeagueData/Serie_A/2023,2024-05-26,True
2024-06-02,Atalanta,Fiorentina,1.69732,1.0071,22585,2023,https://understat.com/getLeagueData/Serie_A/2023,2024-06-02,True
2024-08-17,Empoli,Monza,0.578573,0.327848,27364,2024,https://understat.com/getLeagueData/Serie_A/2024,2024-08-17,True
2024-08-17,Genoa,Inter,2.31286,2.00656,27362,2024,https://understat.com/getLeagueData/Serie_A/2024,2024-08-17,True
2024-08-17,Milan,Torino,2.1004,0.876602,27365,2024,https://understat.com/getLeagueData/Serie_A/2024,2024-08-17,True
2024-08-17,Parma,Fiorentina,1.83796,0.81313,27363,2024,https://understat.com/getLeagueData/Serie_A/2024,2024-08-17,True
2024-08-18,Bologna,Udinese,3.3102,0.944621,27367,2024,https://understat.com/getLeagueData/Serie_A/2024,2024-08-18,True
2024-08-18,Cagliari,Roma,1.30634,1.29639,27368,2024,https://understat.com/getLeagueData/Serie_A/2024,2024-08-18,True
2024-08-18,Lazio,Venezia,2.33223,0.789649,27369,2024,https://understat.com/getLeagueData/Serie_A/2024,2024-08-18,True
2024-08-18,Verona,Napoli,1.80536,0.975176,27366,2024,https://understat.com/getLeagueData/Serie_A/2024,2024-08-18,True
2024-08-19,Juventus,Como,1.30582,0.171238,27371,2024,https://understat.com/getLeagueData/Serie_A/2024,2024-08-19,True
2024-08-19,Lecce,Atalanta,1.88414,2.45909,27370,2024,https://understat.com/getLeagueData/Serie_A/2024,2024-08-19,True
2024-08-24,Inter,Lecce,2.48059,0.335346,27375,2024,https://understat.com/getLeagueData/Serie_A/2024,2024-08-24,True
2024-08-24,Monza,Genoa,0.401371,0.660299,27374,2024,https://understat.com/getLeagueData/Serie_A/2024,2024-08-24,True
2024-08-24,Parma,Milan,2.46266,2.09812,27372,2024,https://understat.com/getLeagueData/Serie_A/2024,2024-08-24,True
2024-08-24,Udinese,Lazio,1.11581,1.68277,27373,2024,https://understat.com/getLeagueData/Serie_A/2024,2024-08-24,True
2024-08-25,Fiorentina,Venezia,0.660213,1.01295,27376,2024,https://understat.com/getLeagueData/Serie_A/2024,2024-08-25,True
2024-08-25,Napoli,Bologna,2.07052,0.544518,27378,2024,https://understat.com/getLeagueData/Serie_A/2024,2024-08-25,True
2024-08-25,Roma,Empoli,2.04246,3.0773,27379,2024,https://understat.com/getLeagueData/Serie_A/2024,2024-08-25,True
2024-08-25,Torino,Atalanta,2.49919,3.08667,27377,2024,https://understat.com/getLeagueData/Serie_A/2024,2024-08-25,True
2024-08-26,Cagliari,Como,1.03532,2.08973,27380,2024,https://understat.com/getLeagueData/Serie_A/2024,2024-08-26,True
2024-08-26,Verona,Juventus,0.878611,1.36151,27381,2024,https://understat.com/getLeagueData/Serie_A/2024,2024-08-26,True
2024-08-30,Inter,Atalanta,2.28876,1.17772,27383,2024,https://understat.com/getLeagueData/Serie_A/2024,2024-08-30,True
2024-08-30,Venezia,Torino,0.635612,1.80895,27382,2024,https://understat.com/getLeagueData/Serie_A/2024,2024-08-30,True
2024-08-31,Bologna,Empoli,1.35876,1.11428,27385,2024,https://understat.com/getLeagueData/Serie_A/2024,2024-08-31,True
2024-08-31,Lazio,Milan,2.32967,1.34242,27387,2024,https://understat.com/getLeagueData/Serie_A/2024,2024-08-31,True
2024-08-31,Lecce,Cagliari,2.34113,2.09263,27384,2024,https://understat.com/getLeagueData/Serie_A/2024,2024-08-31,True
2024-08-31,Napoli,Parma,2.33511,1.90229,27386,2024,https://understat.com/getLeagueData/Serie_A/2024,2024-08-31,True
2024-09-01,Fiorentina,Monza,2.41541,0.489982,27388,2024,https://understat.com/getLeagueData/Serie_A/2024,2024-09-01,True
2024-09-01,Genoa,Verona,1.34735,2.09653,27389,2024,https://understat.com/getLeagueData/Serie_A/2024,2024-09-01,True
2024-09-01,Juventus,Roma,0.415282,0.382591,27390,2024,https://understat.com/getLeagueData/Serie_A/2024,2024-09-01,True
2024-09-01,Udinese,Como,1.18455,1.65728,27391,2024,https://understat.com/getLeagueData/Serie_A/2024,2024-09-01,True
2024-09-14,Como,Bologna,1.45782,1.15087,27397,2024,https://understat.com/getLeagueData/Serie_A/2024,2024-09-14,True
2024-09-14,Empoli,Juventus,0.601249,0.726024,27392,2024,https://understat.com/getLeagueData/Serie_A/2024,2024-09-14,True
2024-09-14,Milan,Venezia,2.18898,0.263269,27398,2024,https://understat.com/getLeagueData/Serie_A/2024,2024-09-14,True
2024-09-15,Atalanta,Fiorentina,2.4507,1.96392,27393,2024,https://understat.com/getLeagueData/Serie_A/2024,2024-09-15,True
2024-09-15,Cagliari,Napoli,0.881581,1.42805,27395,2024,https://understat.com/getLeagueData/Serie_A/2024,2024-09-15,True
2024-09-15,Genoa,Roma,1.59603,2.65805,27394,2024,https://understat.com/getLeagueData/Serie_A/2024,2024-09-15,True
2024-09-15,Monza,Inter,0.217777,1.8081,27399,2024,https://understat.com/getLeagueData/Serie_A/2024,2024-09-15,True
2024-09-15,Torino,Lecce,0.447368,1.6617,27401,2024,https://understat.com/getLeagueData/Serie_A/2024,2024-09-15,True
2024-09-16,Lazio,Verona,1.79243,0.533276,27396,2024,https://understat.com/getLeagueData/Serie_A/2024,2024-09-16,True
2024-09-16,Parma,Udinese,0.87968,3.08828,27400,2024,https://understat.com/getLeagueData/Serie_A/2024,2024-09-16,True
2024-09-20,Cagliari,Empoli,1.68655,1.02688,27403,2024,https://understat.com/getLeagueData/Serie_A/2024,2024-09-20,True
2024-09-20,Verona,Torino,0.777792,1.96682,27405,2024,https://understat.com/getLeagueData/Serie_A/2024,2024-09-20,True
2024-09-21,Juventus,Napoli,0.419301,0.233773,27407,2024,https://understat.com/getLeagueData/Serie_A/2024,2024-09-21,True
2024-09-21,Lecce,Parma,1.25857,2.054,27408,2024,https://understat.com/getLeagueData/Serie_A/2024,2024-09-21,True
2024-09-21,Venezia,Genoa,2.33503,0.388857,27411,2024,https://understat.com/getLeagueData/Serie_A/2024,2024-09-21,True
2024-09-22,Fiorentina,Lazio,2.85634,1.14467,27404,2024,https://understat.com/getLeagueData/Serie_A/2024,2024-09-22,True
2024-09-22,Inter,Milan,0.941382,2.75751,27406,2024,https://understat.com/getLeagueData/Serie_A/2024,2024-09-22,True
2024-09-22,Monza,Bologna,0.707402,1.45302,27409,2024,https://understat.com/getLeagueData/Serie_A/2024,2024-09-22,True
2024-09-22,Roma,Udinese,2.5658,0.525078,27410,2024,https://understat.com/getLeagueData/Serie_A/2024,2024-09-22,True
2024-09-24,Atalanta,Como,1.31694,0.579703,27402,2024,https://understat.com/getLeagueData/Serie_A/2024,2024-09-24,True
2024-09-27,Milan,Lecce,2.43265,0.462274,27417,2024,https://understat.com/getLeagueData/Serie_A/2024,2024-09-27,True
2024-09-28,Bologna,Atalanta,0.176428,2.47751,27412,2024,https://understat.com/getLeagueData/Serie_A/2024,2024-09-28,True
2024-09-28,Genoa,Juventus,0.385259,2.91803,27416,2024,https://understat.com/getLeagueData/Serie_A/2024,2024-09-28,True
2024-09-28,Udinese,Inter,0.984798,2.30465,27413,2024,https://understat.com/getLeagueData/Serie_A/2024,2024-09-28,True
2024-09-29,Como,Verona,2.47493,1.5544,27414,2024,https://understat.com/getLeagueData/Serie_A/2024,2024-09-29,True
2024-09-29,Empoli,Fiorentina,0.44778,1.25438,27415,2024,https://understat.com/getLeagueData/Serie_A/2024,2024-09-29,True
2024-09-29,Napoli,Monza,1.35886,0.298287,27418,2024,https://understat.com/getLeagueData/Serie_A/2024,2024-09-29,True
2024-09-29,Roma,Venezia,1.99001,2.02845,27420,2024,https://understat.com/getLeagueData/Serie_A/2024,2024-09-29,True
2024-09-29,Torino,Lazio,0.494815,2.24735,27421,2024,https://understat.com/getLeagueData/Serie_A/2024,2024-09-29,True
2024-09-30,Parma,Cagliari,2.98598,3.057,27419,2024,https://understat.com/getLeagueData/Serie_A/2024,2024-09-30,True
2024-10-04,Napoli,Como,1.91407,0.638474,27430,2024,https://understat.com/getLeagueData/Serie_A/2024,2024-10-04,True
2024-10-04,Verona,Venezia,2.10738,1.43755,27427,2024,https://understat.com/getLeagueData/Serie_A/2024,2024-10-04,True
2024-10-05,Atalanta,Genoa,4.0137,0.543171,27422,2024,https://understat.com/getLeagueData/Serie_A/2024,2024-10-05,True
2024-10-05,Inter,Torino,3.44641,1.29026,27428,2024,https://understat.com/getLeagueData/Serie_A/2024,2024-10-05,True
2024-10-05,Udinese,Lecce,1.56312,0.645952,27431,2024,https://understat.com/getLeagueData/Serie_A/2024,2024-10-05,True
2024-10-06,Bologna,Parma,0.835615,1.08533,27424,2024,https://understat.com/getLeagueData/Serie_A/2024,2024-10-06,True
2024-10-06,Fiorentina,Milan,1.94286,2.83446,27426,2024,https://understat.com/getLeagueData/Serie_A/2024,2024-10-06,True
2024-10-06,Juventus,Cagliari,3.21709,1.045,27429,2024,https://understat.com/getLeagueData/Serie_A/2024,2024-10-06,True
2024-10-06,Lazio,Empoli,2.0459,0.912844,27423,2024,https://understat.com/getLeagueData/Serie_A/2024,2024-10-06,True
2024-10-06,Monza,Roma,1.11968,1.47893,27425,2024,https://understat.com/getLeagueData/Serie_A/2024,2024-10-06,True
2024-10-19,Como,Parma,1.28527,0.918205,27436,2024,https://understat.com/getLeagueData/Serie_A/2024,2024-10-19,True
2024-10-19,Genoa,Bologna,0.450285,1.15682,27434,2024,https://understat.com/getLeagueData/Serie_A/2024,2024-10-19,True
2024-10-19,Juventus,Lazio,1.49305,0.0648311,27438,2024,https://understat.com/getLeagueData/Serie_A/2024,2024-10-19,True
2024-10-19,Milan,Udinese,1.20398,0.522785,27440,2024,https://understat.com/getLeagueData/Serie_A/2024,2024-10-19,True
2024-10-20,Cagliari,Torino,1.51181,1.23394,27432,2024,https://understat.com/getLeagueData/Serie_A/2024,2024-10-20,True
2024-10-20,Empoli,Napoli,1.00465,1.31758,27435,2024,https://understat.com/getLeagueData/Serie_A/2024,2024-10-20,True
2024-10-20,Lecce,Fiorentina,0.223823,2.21676,27439,2024,https://understat.com/getLeagueData/Serie_A/2024,2024-10-20,True
2024-10-20,Roma,Inter,0.78742,0.796917,27441,2024,https://understat.com/getLeagueData/Serie_A/2024,2024-10-20,True
2024-10-20,Venezia,Atalanta,0.881872,1.83371,27433,2024,https://understat.com/getLeagueData/Serie_A/2024,2024-10-20,True
2024-10-21,Verona,Monza,0.81446,1.56377,27437,2024,https://understat.com/getLeagueData/Serie_A/2024,2024-10-21,True
2024-10-25,Torino,Como,1.56007,1.59554,27450,2024,https://understat.com/getLeagueData/Serie_A/2024,2024-10-25,True
2024-10-25,Udinese,Cagliari,1.12881,0.160634,27451,2024,https://understat.com/getLeagueData/Serie_A/2024,2024-10-25,True
2024-10-26,Atalanta,Verona,3.84122,0.22446,27443,2024,https://understat.com/getLeagueData/Serie_A/2024,2024-10-26,True
2024-10-26,Napoli,Lecce,2.53236,0.57038,27448,2024,https://understat.com/getLeagueData/Serie_A/2024,2024-10-26,True
2024-10-27,Fiorentina,Roma,4.56893,0.657353,27445,2024,https://understat.com/getLeagueData/Serie_A/2024,2024-10-27,True
2024-10-27,Inter,Juventus,2.82542,2.36179,27444,2024,https://understat.com/getLeagueData/Serie_A/2024,2024-10-27,True
2024-10-27,Lazio,Genoa,2.9799,0.261739,27447,2024,https://understat.com/getLeagueData/Serie_A/2024,2024-10-27,True
2024-10-27,Monza,Venezia,0.903007,0.459902,27446,2024,https://understat.com/getLeagueData/Serie_A/2024,2024-10-27,True
2024-10-27,Parma,Empoli,1.43623,0.14913,27449,2024,https://understat.com/getLeagueData/Serie_A/2024,2024-10-27,True
2024-10-29,Cagliari,Bologna,1.18569,0.872307,27453,2024,https://understat.com/getLeagueData/Serie_A/2024,2024-10-29,True
2024-10-29,Lecce,Verona,1.35273,0.211464,27458,2024,https://understat.com/getLeagueData/Serie_A/2024,2024-10-29,True
2024-10-29,Milan,Napoli,0.568256,0.956912,27459,2024,https://understat.com/getLeagueData/Serie_A/2024,2024-10-29,True
2024-10-30,Atalanta,Monza,1.65221,0.0805941,27452,2024,https://understat.com/getLeagueData/Serie_A/2024,2024-10-30,True
2024-10-30,Empoli,Inter,0.319674,1.68832,27455,2024,https://understat.com/getLeagueData/Serie_A/2024,2024-10-30,True
2024-10-30,Juventus,Parma,2.77649,1.45546,27457,2024,https://understat.com/getLeagueData/Serie_A/2024,2024-10-30,True
2024-10-30,Venezia,Udinese,2.55368,1.30701,27461,2024,https://understat.com/getLeagueData/Serie_A/2024,2024-10-30,True
2024-10-31,Como,Lazio,1.16312,2.96686,27454,2024,https://understat.com/getLeagueData/Serie_A/2024,2024-10-31,True
2024-10-31,Genoa,Fiorentina,0.848655,0.909048,27456,2024,https://understat.com/getLeagueData/Serie_A/2024,2024-10-31,True
2024-10-31,Roma,Torino,0.436341,0.189286,27460,2024,https://understat.com/getLeagueData/Serie_A/2024,2024-10-31,True
2024-11-02,Bologna,Lecce,2.06051,0.771878,27467,2024,https://understat.com/getLeagueData/Serie_A/2024,2024-11-02,True
2024-11-02,Monza,Milan,1.23293,2.91043,27465,2024,https://understat.com/getLeagueData/Serie_A/2024,2024-11-02,True
2024-11-02,Udinese,Juventus,0.573076,1.55533,27466,2024,https://understat.com/getLeagueData/Serie_A/2024,2024-11-02,True
2024-11-03,Inter,Venezia,3.34539,1.14021,27463,2024,https://understat.com/getLeagueData/Serie_A/2024,2024-11-03,True
2024-11-03,Napoli,Atalanta,0.611112,1.50982,27464,2024,https://understat.com/getLeagueData/Serie_A/2024,2024-11-03,True
2024-11-03,Torino,Fiorentina,0.590362,0.523302,27470,2024,https://understat.com/getLeagueData/Serie_A/2024,2024-11-03,True
2024-11-03,Verona,Roma,1.51701,2.38413,27468,2024,https://understat.com/getLeagueData/Serie_A/2024,2024-11-03,True
2024-11-04,Empoli,Como,0.723897,0.41675,27462,2024,https://understat.com/getLeagueData/Serie_A/2024,2024-11-04,True
2024-11-04,Lazio,Cagliari,3.39964,0.274214,27471,2024,https://understat.com/getLeagueData/Serie_A/2024,2024-11-04,True
2024-11-04,Parma,Genoa,0.883705,1.15243,27469,2024,https://understat.com/getLeagueData/Serie_A/2024,2024-11-04,True
2024-11-07,Genoa,Como,1.03893,1.37361,27472,2024,https://understat.com/getLeagueData/Serie_A/2024,2024-11-07,True
2024-11-08,Lecce,Empoli,1.41905,0.610497,27474,2024,https://understat.com/getLeagueData/Serie_A/2024,2024-11-08,True
2024-11-09,Cagliari,Milan,1.90363,2.77604,27478,2024,https://understat.com/getLeagueData/Serie_A/2024,2024-11-09,True
2024-11-09,Juventus,Torino,1.57325,0.273931,27480,2024,https://understat.com/getLeagueData/Serie_A/2024,2024-11-09,True
2024-11-09,Venezia,Parma,1.29642,0.945022,27477,2024,https://understat.com/getLeagueData/Serie_A/2024,2024-11-09,True
2024-11-10,Atalanta,Udinese,1.60488,0.90914,27481,2024,https://understat.com/getLeagueData/Serie_A/2024,2024-11-10,True
2024-11-10,Fiorentina,Verona,2.77034,0.53544,27479,2024,https://understat.com/getLeagueData/Serie_A/2024,2024-11-10,True
2024-11-10,Inter,Napoli,1.47373,1.00611,27473,2024,https://understat.com/getLeagueData/Serie_A/2024,2024-11-10,True
2024-11-10,Monza,Lazio,0.747377,1.17083,27475,2024,https://understat.com/getLeagueData/Serie_A/2024,2024-11-10,True
2024-11-10,Roma,Bologna,1.06974,2.16772,27476,2024,https://understat.com/getLeagueData/Serie_A/2024,2024-11-10,True
2024-11-23,Milan,Juventus,0.306342,0.811307,27490,2024,https://understat.com/getLeagueData/Serie_A/2024,2024-11-23,True
2024-11-23,Parma,Atalanta,0.622186,3.54363,27491,2024,https://understat.com/getLeagueData/Serie_A/2024,2024-11-23,True
2024-11-23,Verona,Inter,0.554633,2.79774,27485,2024,https://understat.com/getLeagueData/Serie_A/2024,2024-11-23,True
2024-11-24,Como,Fiorentina,1.27005,0.947266,27482,2024,https://understat.com/getLeagueData/Serie_A/2024,2024-11-24,True
2024-11-24,Genoa,Cagliari,2.1978,2.81223,27484,2024,https://understat.com/getLeagueData/Serie_A/2024,2024-11-24,True
2024-11-24,Lazio,Bologna,2.59912,0.0932634,27486,2024,https://understat.com/getLeagueData/Serie_A/2024,2024-11-24,True
2024-11-24,Napoli,Roma,2.02389,0.592582,27487,2024,https://understat.com/getLeagueData/Serie_A/2024,2024-11-24,True
2024-11-24,Torino,Monza,1.45433,0.916564,27488,2024,https://understat.com/getLeagueData/Serie_A/2024,2024-11-24,True
2024-11-25,Empoli,Udinese,0.166889,1.09285,27483,2024,https://understat.com/getLeagueData/Serie_A/2024,2024-11-25,True
2024-11-25,Venezia,Lecce,2.88235,0.624722,27489,2024,https://understat.com/getLeagueData/Serie_A/2024,2024-11-25,True
2024-11-29,Cagliari,Verona,2.64816,0.606166,27495,2024,https://understat.com/getLeagueData/Serie_A/2024,2024-11-29,True
2024-11-30,Bologna,Venezia,4.16965,0.357302,27494,2024,https://understat.com/getLeagueData/Serie_A/2024,2024-11-30,True
2024-11-30,Como,Monza,1.38648,1.75565,27496,2024,https://understat.com/getLeagueData/Serie_A/2024,2024-11-30,True
2024-11-30,Milan,Empoli,2.02293,0.400556,27498,2024,https://understat.com/getLeagueData/Serie_A/2024,2024-11-30,True
2024-12-01,Lecce,Juventus,1.10419,1.03998,27492,2024,https://understat.com/getLeagueData/Serie_A/2024,2024-12-01,True
2024-12-01,Parma,Lazio,1.27449,2.4176,27499,2024,https://understat.com/getLeagueData/Serie_A/2024,2024-12-01,True
2024-12-01,Torino,Napoli,0.442989,1.64196,27500,2024,https://understat.com/getLeagueData/Serie_A/2024,2024-12-01,True
2024-12-01,Udinese,Genoa,0.156386,1.7171,27501,2024,https://understat.com/getLeagueData/Serie_A/2024,2024-12-01,True
2024-12-02,Roma,Atalanta,0.667881,1.76696,27493,2024,https://understat.com/getLeagueData/Serie_A/2024,2024-12-02,True
2024-12-06,Atalanta,Milan,2.62823,0.899516,27502,2024,https://understat.com/getLeagueData/Serie_A/2024,2024-12-06,True
2024-12-06,Inter,Parma,3.0797,0.274097,27507,2024,https://understat.com/getLeagueData/Serie_A/2024,2024-12-06,True
2024-12-07,Genoa,Torino,0.327249,0.70601,27505,2024,https://understat.com/getLeagueData/Serie_A/2024,2024-12-07,True
2024-12-07,Juventus,Bologna,0.856802,0.784689,27503,2024,https://understat.com/getLeagueData/Serie_A/2024,2024-12-07,True
2024-12-07,Roma,Lecce,2.38077,0.826928,27510,2024,https://understat.com/getLeagueData/Serie_A/2024,2024-12-07,True
2024-12-08,Fiorentina,Cagliari,0.412045,1.00073,27504,2024,https://understat.com/getLeagueData/Serie_A/2024,2024-12-08,True
2024-12-08,Napoli,Lazio,1.14465,0.243674,27509,2024,https://understat.com/getLeagueData/Serie_A/2024,2024-12-08,True
2024-12-08,Venezia,Como,0.303457,0.779392,27511,2024,https://understat.com/getLeagueData/Serie_A/2024,2024-12-08,True
2024-12-08,Verona,Empoli,0.895085,1.2903,27506,2024,https://understat.com/getLeagueData/Serie_A/2024,2024-12-08,True
2024-12-09,Monza,Udinese,1.92222,1.40496,27508,2024,https://understat.com/getLeagueData/Serie_A/2024,2024-12-09,True
2024-12-13,Empoli,Torino,0.953691,1.36089,27513,2024,https://understat.com/getLeagueData/Serie_A/2024,2024-12-13,True
2024-12-14,Cagliari,Atalanta,1.90937,2.37449,27517,2024,https://understat.com/getLeagueData/Serie_A/2024,2024-12-14,True
2024-12-14,Juventus,Venezia,2.18951,0.586788,27514,2024,https://understat.com/getLeagueData/Serie_A/2024,2024-12-14,True
2024-12-14,Udinese,Napoli,1.48544,1.96425,27521,2024,https://understat.com/getLeagueData/Serie_A/2024,2024-12-14,True
2024-12-15,Bologna,Fiorentina,2.32266,1.14307,27518,2024,https://understat.com/getLeagueData/Serie_A/2024,2024-12-15,True
2024-12-15,Como,Roma,1.1153,0.650738,27512,2024,https://understat.com/getLeagueData/Serie_A/2024,2024-12-15,True
2024-12-15,Lecce,Monza,1.57794,0.790408,27516,2024,https://understat.com/getLeagueData/Serie_A/2024,2024-12-15,True
2024-12-15,Milan,Genoa,1.28243,0.204497,27520,2024,https://understat.com/getLeagueData/Serie_A/2024,2024-12-15,True
2024-12-15,Parma,Verona,2.30533,3.70407,27519,2024,https://understat.com/getLeagueData/Serie_A/2024,2024-12-15,True
2024-12-16,Lazio,Inter,0.634641,2.33306,27515,2024,https://understat.com/getLeagueData/Serie_A/2024,2024-12-16,True
2024-12-20,Verona,Milan,0.649472,1.37505,27522,2024,https://understat.com/getLeagueData/Serie_A/2024,2024-12-20,True
2024-12-21,Genoa,Napoli,0.707336,1.42377,27524,2024,https://understat.com/getLeagueData/Serie_A/2024,2024-12-21,True
2024-12-21,Lecce,Lazio,1.09129,1.95023,27530,2024,https://understat.com/getLeagueData/Serie_A/2024,2024-12-21,True
2024-12-21,Torino,Bologna,0.270606,1.79816,27527,2024,https://understat.com/getLeagueData/Serie_A/2024,2024-12-21,True
2024-12-22,Atalanta,Empoli,2.08379,1.21827,27525,2024,https://understat.com/getLeagueData/Serie_A/2024,2024-12-22,True
2024-12-22,Monza,Juventus,0.983171,2.58556,27528,2024,https://understat.com/getLeagueData/Serie_A/2024,2024-12-22,True
2024-12-22,Roma,Parma,5.55856,0.615694,27529,2024,https://understat.com/getLeagueData/Serie_A/2024,2024-12-22,True
2024-12-22,Venezia,Cagliari,1.55318,2.62545,27526,2024,https://understat.com/getLeagueData/Serie_A/2024,2024-12-22,True
2024-12-23,Fiorentina,Udinese,1.55716,0.858846,27523,2024,https://understat.com/getLeagueData/Serie_A/2024,2024-12-23,True
2024-12-23,Inter,Como,1.89916,0.367536,27531,2024,https://understat.com/getLeagueData/Serie_A/2024,2024-12-23,True
2024-12-28,Cagliari,Inter,0.302293,3.1724,27534,2024,https://understat.com/getLeagueData/Serie_A/2024,2024-12-28,True
2024-12-28,Empoli,Genoa,1.42691,2.01725,27536,2024,https://understat.com/getLeagueData/Serie_A/2024,2024-12-28,True
2024-12-28,Lazio,Atalanta,0.564499,2.98315,27535,2024,https://understat.com/getLeagueData/Serie_A/2024,2024-12-28,True
2024-12-28,Parma,Monza,1.22224,2.2247,27540,2024,https://understat.com/getLeagueData/Serie_A/2024,2024-12-28,True
2024-12-29,Juventus,Fiorentina,1.74742,1.02946,27537,2024,https://understat.com/getLeagueData/Serie_A/2024,2024-12-29,True
2024-12-29,Milan,Roma,2.26348,1.61126,27538,2024,https://understat.com/getLeagueData/Serie_A/2024,2024-12-29,True
2024-12-29,Napoli,Venezia,2.55505,0.462133,27539,2024,https://understat.com/getLeagueData/Serie_A/2024,2024-12-29,True
2024-12-29,Udinese,Torino,1.23954,0.603591,27541,2024,https://understat.com/getLeagueData/Serie_A/2024,2024-12-29,True
2024-12-30,Bologna,Verona,2.86482,0.798964,27532,2024,https://understat.com/getLeagueData/Serie_A/2024,2024-12-30,True
2024-12-30,Como,Lecce,2.25936,0.436266,27533,2024,https://understat.com/getLeagueData/Serie_A/2024,2024-12-30,True
2025-01-04,Fiorentina,Napoli,0.877617,1.59728,27544,2024,https://understat.com/getLeagueData/Serie_A/2024,2025-01-04,True
2025-01-04,Venezia,Empoli,0.455526,1.52251,27551,2024,https://understat.com/getLeagueData/Serie_A/2024,2025-01-04,True
2025-01-04,Verona,Udinese,0.745287,0.655965,27545,2024,https://understat.com/getLeagueData/Serie_A/2024,2025-01-04,True
2025-01-05,Lecce,Genoa,0.545634,1.06752,27547,2024,https://understat.com/getLeagueData/Serie_A/2024,2025-01-05,True
2025-01-05,Monza,Cagliari,1.55837,0.781523,27548,2024,https://understat.com/getLeagueData/Serie_A/2024,2025-01-05,True
2025-01-05,Roma,Lazio,1.23422,1.31957,27549,2024,https://understat.com/getLeagueData/Serie_A/2024,2025-01-05,True
2025-01-05,Torino,Parma,1.0858,0.321586,27550,2024,https://understat.com/getLeagueData/Serie_A/2024,2025-01-05,True
2025-01-10,Lazio,Como,1.03936,1.9019,27559,2024,https://understat.com/getLeagueData/Serie_A/2024,2025-01-10,True
2025-01-11,Empoli,Lecce,2.31529,1.57649,27556,2024,https://understat.com/getLeagueData/Serie_A/2024,2025-01-11,True
2025-01-11,Milan,Cagliari,2.43026,0.308787,27560,2024,https://understat.com/getLeagueData/Serie_A/2024,2025-01-11,True
2025-01-11,Torino,Juventus,0.411274,0.94701,27555,2024,https://understat.com/getLeagueData/Serie_A/2024,2025-01-11,True
2025-01-11,Udinese,Atalanta,2.05217,0.233045,27561,2024,https://understat.com/getLeagueData/Serie_A/2024,2025-01-11,True
2025-01-12,Bologna,Roma,2.28949,1.58872,27554,2024,https://understat.com/getLeagueData/Serie_A/2024,2025-01-12,True
2025-01-12,Genoa,Parma,1.51628,0.513393,27558,2024,https://understat.com/getLeagueData/Serie_A/2024,2025-01-12,True
2025-01-12,Napoli,Verona,1.59033,0.23211,27553,2024,https://understat.com/getLeagueData/Serie_A/2024,2025-01-12,True
2025-01-12,Venezia,Inter,0.668042,2.35271,27557,2024,https://understat.com/getLeagueData/Serie_A/2024,2025-01-12,True
2025-01-13,Monza,Fiorentina,0.988429,1.60714,27552,2024,https://understat.com/getLeagueData/Serie_A/2024,2025-01-13,True
2025-01-14,Atalanta,Juventus,1.5823,2.27956,27542,2024,https://understat.com/getLeagueData/Serie_A/2024,2025-01-14,True
2025-01-14,Como,Milan,1.63578,1.44061,27543,2024,https://understat.com/getLeagueData/Serie_A/2024,2025-01-14,True
2025-01-15,Inter,Bologna,1.79382,0.914393,27546,2024,https://understat.com/getLeagueData/Serie_A/2024,2025-01-15,True
2025-01-17,Roma,Genoa,1.79725,0.494153,27570,2024,https://understat.com/getLeagueData/Serie_A/2024,2025-01-17,True
2025-01-18,Atalanta,Napoli,0.709505,1.2536,27562,2024,https://understat.com/getLeagueData/Serie_A/2024,2025-01-18,True
2025-01-18,Bologna,Monza,2.33675,0.410907,27571,2024,https://understat.com/getLeagueData/Serie_A/2024,2025-01-18,True
2025-01-18,Juventus,Milan,1.56881,1.17816,27568,2024,https://understat.com/getLeagueData/Serie_A/2024,2025-01-18,True
2025-01-19,Cagliari,Lecce,3.36227,0.388374,27563,2024,https://understat.com/getLeagueData/Serie_A/2024,2025-01-19,True
2025-01-19,Fiorentina,Torino,1.81758,0.540016,27565,2024,https://understat.com/getLeagueData/Serie_A/2024,2025-01-19,True
2025-01-19,Inter,Empoli,1.6401,0.412045,27567,2024,https://understat.com/getLeagueData/Serie_A/2024,2025-01-19,True
2025-01-19,Parma,Venezia,1.59615,1.1784,27569,2024,https://understat.com/getLeagueData/Serie_A/2024,2025-01-19,True
2025-01-19,Verona,Lazio,1.48598,1.99415,27566,2024,https://understat.com/getLeagueData/Serie_A/2024,2025-01-19,True
2025-01-20,Como,Udinese,1.81904,0.847427,27564,2024,https://understat.com/getLeagueData/Serie_A/2024,2025-01-20,True
2025-01-24,Torino,Cagliari,2.23206,0.270772,27578,2024,https://understat.com/getLeagueData/Serie_A/2024,2025-01-24,True
2025-01-25,Como,Atalanta,0.704371,1.04831,27581,2024,https://understat.com/getLeagueData/Serie_A/2024,2025-01-25,True
2025-01-25,Empoli,Bologna,0.83399,0.898773,27572,2024,https://understat.com/getLeagueData/Serie_A/2024,2025-01-25,True
2025-01-25,Napoli,Juventus,2.33562,1.02538,27577,2024,https://understat.com/getLeagueData/Serie_A/2024,2025-01-25,True
2025-01-26,Lazio,Fiorentina,2.01121,1.20023,27574,2024,https://understat.com/getLeagueData/Serie_A/2024,2025-01-26,True
2025-01-26,Lecce,Inter,0.719003,2.58246,27575,2024,https://understat.com/getLeagueData/Serie_A/2024,2025-01-26,True
2025-01-26,Milan,Parma,2.7112,1.85515,27576,2024,https://understat.com/getLeagueData/Serie_A/2024,2025-01-26,True
2025-01-26,Udinese,Roma,0.805147,2.6168,27579,2024,https://understat.com/getLeagueData/Serie_A/2024,2025-01-26,True
2025-01-27,Genoa,Monza,3.31745,0.311849,27573,2024,https://understat.com/getLeagueData/Serie_A/2024,2025-01-27,True
2025-01-27,Venezia,Verona,0.709709,2.17206,27580,2024,https://understat.com/getLeagueData/Serie_A/2024,2025-01-27,True
2025-01-31,Parma,Lecce,2.00006,0.756887,27590,2024,https://understat.com/getLeagueData/Serie_A/2024,2025-01-31,True
2025-02-01,Atalanta,Torino,3.35128,0.629596,27584,2024,https://understat.com/getLeagueData/Serie_A/2024,2025-02-01,True
2025-02-01,Bologna,Como,1.681,0.640061,27585,2024,https://understat.com/getLeagueData/Serie_A/2024,2025-02-01,True
2025-02-01,Monza,Verona,0.279515,0.854806,27589,2024,https://understat.com/getLeagueData/Serie_A/2024,2025-02-01,True
2025-02-01,Udinese,Venezia,0.940092,1.36255,27583,2024,https://understat.com/getLeagueData/Serie_A/2024,2025-02-01,True
2025-02-02,Fiorentina,Genoa,0.695448,1.96523,27587,2024,https://understat.com/getLeagueData/Serie_A/2024,2025-02-02,True
2025-02-02,Juventus,Empoli,2.00759,0.94947,27582,2024,https://understat.com/getLeagueData/Serie_A/2024,2025-02-02,True
2025-02-02,Milan,Inter,1.04439,1.98309,27588,2024,https://understat.com/getLeagueData/Serie_A/2024,2025-02-02,True
2025-02-02,Roma,Napoli,0.364702,0.384749,27591,2024,https://understat.com/getLeagueData/Serie_A/2024,2025-02-02,True
2025-02-03,Cagliari,Lazio,1.82889,1.9337,27586,2024,https://understat.com/getLeagueData/Serie_A/2024,2025-02-03,True
2025-02-06,Fiorentina,Inter,1.05274,0.589261,27497,2024,https://understat.com/getLeagueData/Serie_A/2024,2025-02-06,True
2025-02-07,Como,Juventus,0.935692,1.32392,27592,2024,https://understat.com/getLeagueData/Serie_A/2024,2025-02-07,True
2025-02-08,Empoli,Milan,0.668788,1.90573,27594,2024,https://understat.com/getLeagueData/Serie_A/2024,2025-02-08,True
2025-02-08,Torino,Genoa,0.647236,0.308682,27599,2024,https://understat.com/getLeagueData/Serie_A/2024,2025-02-08,True
2025-02-08,Verona,Atalanta,1.78844,2.14751,27595,2024,https://understat.com/getLeagueData/Serie_A/2024,2025-02-08,True
2025-02-09,Cagliari,Parma,1.49632,1.15072,27593,2024,https://understat.com/getLeagueData/Serie_A/2024,2025-02-09,True
2025-02-09,Lazio,Monza,4.42993,0.87219,27601,2024,https://understat.com/getLeagueData/Serie_A/2024,2025-02-09,True
2025-02-09,Lecce,Bologna,0.844895,0.8506,27597,2024,https://understat.com/getLeagueData/Serie_A/2024,2025-02-09,True
2025-02-09,Napoli,Udinese,2.07882,1.28733,27598,2024,https://understat.com/getLeagueData/Serie_A/2024,2025-02-09,True
2025-02-09,Venezia,Roma,0.905188,2.14236,27600,2024,https://understat.com/getLeagueData/Serie_A/2024,2025-02-09,True
2025-02-10,Inter,Fiorentina,1.87526,1.03291,27596,2024,https://understat.com/getLeagueData/Serie_A/2024,2025-02-10,True
2025-02-14,Bologna,Torino,3.46262,1.64846,27602,2024,https://understat.com/getLeagueData/Serie_A/2024,2025-02-14,True
2025-02-15,Atalanta,Cagliari,0.473748,0.123294,27603,2024,https://understat.com/getLeagueData/Serie_A/2024,2025-02-15,True
2025-02-15,Lazio,Napoli,0.883377,0.558588,27609,2024,https://understat.com/getLeagueData/Serie_A/2024,2025-02-15,True
2025-02-15,Milan,Verona,1.8755,0.372202,27608,2024,https://understat.com/getLeagueData/Serie_A/2024,2025-02-15,True
2025-02-16,Fiorentina,Como,0.431215,0.875449,27611,2024,https://understat.com/getLeagueData/Serie_A/2024,2025-02-16,True
2025-02-16,Juventus,Inter,1.3662,2.08504,27610,2024,https://understat.com/getLeagueData/Serie_A/2024,2025-02-16,True
2025-02-16,Monza,Lecce,0.278072,1.10949,27607,2024,https://understat.com/getLeagueData/Serie_A/2024,2025-02-16,True
2025-02-16,Parma,Roma,0.293477,1.41178,27606,2024,https://understat.com/getLeagueData/Serie_A/2024,2025-02-16,True
2025-02-16,Udinese,Empoli,2.90516,2.47474,27604,2024,https://understat.com/getLeagueData/Serie_A/2024,2025-02-16,True
2025-02-17,Genoa,Venezia,1.60036,0.341183,27605,2024,https://understat.com/getLeagueData/Serie_A/2024,2025-02-17,True
2025-02-21,Lecce,Udinese,0.484479,1.52436,27615,2024,https://understat.com/getLeagueData/Serie_A/2024,2025-02-21,True
2025-02-22,Inter,Genoa,1.3989,1.51356,27614,2024,https://understat.com/getLeagueData/Serie_A/2024,2025-02-22,True
2025-02-22,Parma,Bologna,1.4111,0.698426,27616,2024,https://understat.com/getLeagueData/Serie_A/2024,2025-02-22,True
2025-02-22,Torino,Milan,0.556583,2.18445,27618,2024,https://understat.com/getLeagueData/Serie_A/2024,2025-02-22,True
2025-02-22,Venezia,Lazio,0.995737,0.790887,27619,2024,https://understat.com/getLeagueData/Serie_A/2024,2025-02-22,True
2025-02-23,Cagliari,Juventus,0.225637,2.20526,27621,2024,https://understat.com/getLeagueData/Serie_A/2024,2025-02-23,True
2025-02-23,Como,Napoli,0.466603,1.10277,27620,2024,https://understat.com/getLeagueData/Serie_A/2024,2025-02-23,True
2025-02-23,Empoli,Atalanta,0.775943,2.50618,27612,2024,https://understat.com/getLeagueData/Serie_A/2024,2025-02-23,True
2025-02-23,Verona,Fiorentina,0.450798,1.15567,27613,2024,https://understat.com/getLeagueData/Serie_A/2024,2025-02-23,True
2025-02-24,Roma,Monza,2.16209,0.332233,27617,2024,https://understat.com/getLeagueData/Serie_A/2024,2025-02-24,True
2025-02-27,Bologna,Milan,2.31992,1.55538,27442,2024,https://understat.com/getLeagueData/Serie_A/2024,2025-02-27,True
2025-02-28,Fiorentina,Lecce,1.43821,1.11638,27624,2024,https://understat.com/getLeagueData/Serie_A/2024,2025-02-28,True
2025-03-01,Atalanta,Venezia,3.34552,0.359199,27622,2024,https://understat.com/getLeagueData/Serie_A/2024,2025-03-01,True
2025-03-01,Napoli,Inter,1.72874,0.452597,27629,2024,https://understat.com/getLeagueData/Serie_A/2024,2025-03-01,True
2025-03-01,Udinese,Parma,2.0589,0.617812,27631,2024,https://understat.com/getLeagueData/Serie_A/2024,2025-03-01,True
2025-03-02,Bologna,Cagliari,2.25801,0.68032,27623,2024,https://understat.com/getLeagueData/Serie_A/2024,2025-03-02,True
2025-03-02,Genoa,Empoli,0.229571,1.00977,27625,2024,https://understat.com/getLeagueData/Serie_A/2024,2025-03-02,True
2025-03-02,Milan,Lazio,1.28991,2.53115,27627,2024,https://understat.com/getLeagueData/Serie_A/2024,2025-03-02,True
2025-03-02,Monza,Torino,0.582104,1.43219,27628,2024,https://understat.com/getLeagueData/Serie_A/2024,2025-03-02,True
2025-03-02,Roma,Como,1.59518,1.29634,27630,2024,https://understat.com/getLeagueData/Serie_A/2024,2025-03-02,True
2025-03-03,Juventus,Verona,1.97535,0.269838,27626,2024,https://understat.com/getLeagueData/Serie_A/2024,2025-03-03,True
2025-03-07,Cagliari,Genoa,0.809829,1.43054,27632,2024,https://understat.com/getLeagueData/Serie_A/2024,2025-03-07,True
2025-03-08,Como,Venezia,1.2727,1.80606,27633,2024,https://understat.com/getLeagueData/Serie_A/2024,2025-03-08,True
2025-03-08,Inter,Monza,3.0629,0.779109,27636,2024,https://understat.com/getLeagueData/Serie_A/2024,2025-03-08,True
2025-03-08,Lecce,Milan,1.1897,3.27991,27639,2024,https://understat.com/getLeagueData/Serie_A/2024,2025-03-08,True
2025-03-08,Parma,Torino,1.48743,0.72136,27641,2024,https://understat.com/getLeagueData/Serie_A/2024,2025-03-08,True
2025-03-09,Empoli,Roma,0.0771894,2.99912,27634,2024,https://understat.com/getLeagueData/Serie_A/2024,2025-03-09,True
2025-03-09,Juventus,Atalanta,0.940693,3.93513,27637,2024,https://understat.com/getLeagueData/Serie_A/2024,2025-03-09,True
2025-03-09,Napoli,Fiorentina,2.93764,1.05617,27640,2024,https://understat.com/getLeagueData/Serie_A/2024,2025-03-09,True
2025-03-09,Verona,Bologna,1.28101,1.38177,27635,2024,https://understat.com/getLeagueData/Serie_A/2024,2025-03-09,True
2025-03-10,Lazio,Udinese,1.01458,1.23859,27638,2024,https://understat.com/getLeagueData/Serie_A/2024,2025-03-10,True
2025-03-14,Genoa,Lecce,1.06034,1.20452,27646,2024,https://understat.com/getLeagueData/Serie_A/2024,2025-03-14,True
2025-03-15,Milan,Como,1.72803,1.35523,27647,2024,https://understat.com/getLeagueData/Serie_A/2024,2025-03-15,True
2025-03-15,Monza,Parma,0.9314,0.616308,27642,2024,https://understat.com/getLeagueData/Serie_A/2024,2025-03-15,True
2025-03-15,Torino,Empoli,0.701071,1.73375,27649,2024,https://understat.com/getLeagueData/Serie_A/2024,2025-03-15,True
2025-03-15,Udinese,Verona,0.318009,0.542985,27650,2024,https://understat.com/getLeagueData/Serie_A/2024,2025-03-15,True
2025-03-16,Atalanta,Inter,0.682065,2.28143,27643,2024,https://understat.com/getLeagueData/Serie_A/2024,2025-03-16,True
2025-03-16,Bologna,Lazio,2.85431,0.600718,27645,2024,https://understat.com/getLeagueData/Serie_A/2024,2025-03-16,True
2025-03-16,Fiorentina,Juventus,0.508254,0.597644,27644,2024,https://understat.com/getLeagueData/Serie_A/2024,2025-03-16,True
2025-03-16,Roma,Cagliari,1.61105,1.10046,27648,2024,https://understat.com/getLeagueData/Serie_A/2024,2025-03-16,True
2025-03-16,Venezia,Napoli,1.04696,1.2665,27651,2024,https://understat.com/getLeagueData/Serie_A/2024,2025-03-16,True
2025-03-29,Como,Empoli,1.93663,1.78514,27652,2024,https://understat.com/getLeagueData/Serie_A/2024,2025-03-29,True
2025-03-29,Juventus,Genoa,1.50908,0.263169,27659,2024,https://understat.com/getLeagueData/Serie_A/2024,2025-03-29,True
2025-03-29,Lecce,Roma,0.694403,1.90759,27657,2024,https://understat.com/getLeagueData/Serie_A/2024,2025-03-29,True
2025-03-29,Venezia,Bologna,0.683347,1.29589,27653,2024,https://understat.com/getLeagueData/Serie_A/2024,2025-03-29,True
2025-03-30,Cagliari,Monza,1.95839,0.962993,27658,2024,https://understat.com/getLeagueData/Serie_A/2024,2025-03-30,True
2025-03-30,Fiorentina,Atalanta,1.92673,0.918743,27661,2024,https://understat.com/getLeagueData/Serie_A/2024,2025-03-30,True
2025-03-30,Inter,Udinese,2.33787,1.3398,27655,2024,https://understat.com/getLeagueData/Serie_A/2024,2025-03-30,True
2025-03-30,Napoli,Milan,0.945094,2.25619,27654,2024,https://understat.com/getLeagueData/Serie_A/2024,2025-03-30,True
2025-03-31,Lazio,Torino,1.93778,0.632735,27656,2024,https://understat.com/getLeagueData/Serie_A/2024,2025-03-31,True
2025-03-31,Verona,Parma,0.765236,0.501452,27660,2024,https://understat.com/getLeagueData/Serie_A/2024,2025-03-31,True
2025-04-04,Genoa,Udinese,1.65486,1.11114,27667,2024,https://understat.com/getLeagueData/Serie_A/2024,2025-04-04,True
2025-04-05,Milan,Fiorentina,2.17819,3.04937,27669,2024,https://understat.com/getLeagueData/Serie_A/2024,2025-04-05,True
2025-04-05,Monza,Como,1.05971,2.27029,27663,2024,https://understat.com/getLeagueData/Serie_A/2024,2025-04-05,True
2025-04-05,Parma,Inter,1.66115,2.17944,27670,2024,https://understat.com/getLeagueData/Serie_A/2024,2025-04-05,True
2025-04-06,Atalanta,Lazio,1.04022,0.523108,27664,2024,https://understat.com/getLeagueData/Serie_A/2024,2025-04-06,True
2025-04-06,Empoli,Cagliari,0.386589,0.162801,27666,2024,https://understat.com/getLeagueData/Serie_A/2024,2025-04-06,True
2025-04-06,Lecce,Venezia,1.50136,0.898847,27668,2024,https://understat.com/getLeagueData/Serie_A/2024,2025-04-06,True
2025-04-06,Roma,Juventus,1.37162,0.994645,27662,2024,https://understat.com/getLeagueData/Serie_A/2024,2025-04-06,True
2025-04-06,Torino,Verona,0.963942,1.32441,27671,2024,https://understat.com/getLeagueData/Serie_A/2024,2025-04-06,True
2025-04-07,Bologna,Napoli,1.11047,0.99857,27665,2024,https://understat.com/getLeagueData/Serie_A/2024,2025-04-07,True
2025-04-11,Udinese,Milan,0.644579,2.49634,27681,2024,https://understat.com/getLeagueData/Serie_A/2024,2025-04-11,True
2025-04-12,Inter,Cagliari,1.71603,0.914283,27678,2024,https://understat.com/getLeagueData/Serie_A/2024,2025-04-12,True
2025-04-12,Juventus,Lecce,1.95569,0.940466,27673,2024,https://understat.com/getLeagueData/Serie_A/2024,2025-04-12,True
2025-04-12,Venezia,Monza,1.62268,0.590462,27672,2024,https://understat.com/getLeagueData/Serie_A/2024,2025-04-12,True
2025-04-13,Atalanta,Bologna,1.15847,0.546815,27674,2024,https://understat.com/getLeagueData/Serie_A/2024,2025-04-13,True
2025-04-13,Como,Torino,1.23079,1.04165,27675,2024,https://understat.com/getLeagueData/Serie_A/2024,2025-04-13,True
2025-04-13,Fiorentina,Parma,0.670714,0.616318,27676,2024,https://understat.com/getLeagueData/Serie_A/2024,2025-04-13,True
2025-04-13,Lazio,Roma,1.92122,0.221733,27679,2024,https://understat.com/getLeagueData/Serie_A/2024,2025-04-13,True
2025-04-13,Verona,Genoa,1.00077,0.111761,27677,2024,https://understat.com/getLeagueData/Serie_A/2024,2025-04-13,True
2025-04-14,Napoli,Empoli,2.13717,1.37277,27680,2024,https://understat.com/getLeagueData/Serie_A/2024,2025-04-14,True
2025-04-19,Lecce,Como,0.666737,1.65387,27688,2024,https://understat.com/getLeagueData/Serie_A/2024,2025-04-19,True
2025-04-19,Monza,Napoli,0.874819,1.66648,27687,2024,https://understat.com/getLeagueData/Serie_A/2024,2025-04-19,True
2025-04-19,Roma,Verona,1.24696,0.330349,27690,2024,https://understat.com/getLeagueData/Serie_A/2024,2025-04-19,True
2025-04-20,Bologna,Inter,1.0878,0.661137,27682,2024,https://understat.com/getLeagueData/Serie_A/2024,2025-04-20,True
2025-04-20,Empoli,Venezia,1.14666,1.48453,27684,2024,https://understat.com/getLeagueData/Serie_A/2024,2025-04-20,True
2025-04-20,Milan,Atalanta,0.495327,2.07826,27686,2024,https://understat.com/getLeagueData/Serie_A/2024,2025-04-20,True
2025-04-23,Cagliari,Fiorentina,0.367407,0.701424,27683,2024,https://understat.com/getLeagueData/Serie_A/2024,2025-04-23,True
2025-04-23,Genoa,Lazio,0.470637,1.33679,27685,2024,https://understat.com/getLeagueData/Serie_A/2024,2025-04-23,True
2025-04-23,Parma,Juventus,0.784847,0.777191,27689,2024,https://understat.com/getLeagueData/Serie_A/2024,2025-04-23,True
2025-04-23,Torino,Udinese,0.949162,0.949917,27691,2024,https://understat.com/getLeagueData/Serie_A/2024,2025-04-23,True
2025-04-27,Atalanta,Lecce,2.45836,1.45404,27693,2024,https://understat.com/getLeagueData/Serie_A/2024,2025-04-27,True
2025-04-27,Como,Genoa,1.80373,1.04585,27694,2024,https://understat.com/getLeagueData/Serie_A/2024,2025-04-27,True
2025-04-27,Fiorentina,Empoli,0.655092,0.465943,27695,2024,https://understat.com/getLeagueData/Serie_A/2024,2025-04-27,True
2025-04-27,Inter,Roma,1.10299,2.79826,27697,2024,https://understat.com/getLeagueData/Serie_A/2024,2025-04-27,True
2025-04-27,Juventus,Monza,1.14678,0.621764,27692,2024,https://understat.com/getLeagueData/Serie_A/2024,2025-04-27,True
2025-04-27,Napoli,Torino,1.23274,0.660531,27699,2024,https://understat.com/getLeagueData/Serie_A/2024,2025-04-27,True
2025-04-27,Venezia,Milan,1.00629,1.466,27701,2024,https://understat.com/getLeagueData/Serie_A/2024,2025-04-27,True
2025-04-28,Lazio,Parma,1.7767,1.09001,27698,2024,https://understat.com/getLeagueData/Serie_A/2024,2025-04-28,True
2025-04-28,Udinese,Bologna,0.387188,1.17741,27700,2024,https://understat.com/getLeagueData/Serie_A/2024,2025-04-28,True
2025-04-28,Verona,Cagliari,0.27029,1.87448,27696,2024,https://understat.com/getLeagueData/Serie_A/2024,2025-04-28,True
2025-05-02,Torino,Venezia,1.74541,1.07484,27711,2024,https://understat.com/getLeagueData/Serie_A/2024,2025-05-02,True
2025-05-03,Cagliari,Udinese,0.954534,1.92066,27703,2024,https://understat.com/getLeagueData/Serie_A/2024,2025-05-03,True
2025-05-03,Inter,Verona,1.59903,0.303341,27706,2024,https://understat.com/getLeagueData/Serie_A/2024,2025-05-03,True
2025-05-03,Lecce,Napoli,0.276702,0.845058,27707,2024,https://understat.com/getLeagueData/Serie_A/2024,2025-05-03,True
2025-05-03,Parma,Como,2.74525,1.32818,27709,2024,https://understat.com/getLeagueData/Serie_A/2024,2025-05-03,True
2025-05-04,Bologna,Juventus,0.390379,0.681163,27702,2024,https://understat.com/getLeagueData/Serie_A/2024,2025-05-04,True
2025-05-04,Empoli,Lazio,0.18325,1.12653,27704,2024,https://understat.com/getLeagueData/Serie_A/2024,2025-05-04,True
2025-05-04,Monza,Atalanta,0.827428,3.05078,27708,2024,https://understat.com/getLeagueData/Serie_A/2024,2025-05-04,True
2025-05-04,Roma,Fiorentina,1.00134,0.760529,27710,2024,https://understat.com/getLeagueData/Serie_A/2024,2025-05-04,True
2025-05-05,Genoa,Milan,0.54789,1.29954,27705,2024,https://understat.com/getLeagueData/Serie_A/2024,2025-05-05,True
2025-05-09,Milan,Bologna,1.55343,0.361364,27717,2024,https://understat.com/getLeagueData/Serie_A/2024,2025-05-09,True
2025-05-10,Como,Cagliari,1.93276,1.22492,27713,2024,https://understat.com/getLeagueData/Serie_A/2024,2025-05-10,True
2025-05-10,Empoli,Parma,0.989813,0.404689,27714,2024,https://understat.com/getLeagueData/Serie_A/2024,2025-05-10,True
2025-05-10,Lazio,Juventus,1.51119,1.17931,27716,2024,https://understat.com/getLeagueData/Serie_A/2024,2025-05-10,True
2025-05-11,Napoli,Genoa,2.35243,0.648382,27718,2024,https://understat.com/getLeagueData/Serie_A/2024,2025-05-11,True
2025-05-11,Torino,Inter,1.76692,2.48918,27719,2024,https://understat.com/getLeagueData/Serie_A/2024,2025-05-11,True
2025-05-11,Udinese,Monza,1.45767,1.63169,27720,2024,https://understat.com/getLeagueData/Serie_A/2024,2025-05-11,True
2025-05-11,Verona,Lecce,0.480962,1.24972,27715,2024,https://understat.com/getLeagueData/Serie_A/2024,2025-05-11,True
2025-05-12,Atalanta,Roma,2.87542,0.572288,27712,2024,https://understat.com/getLeagueData/Serie_A/2024,2025-05-12,True
2025-05-12,Venezia,Fiorentina,2.25991,0.994541,27721,2024,https://understat.com/getLeagueData/Serie_A/2024,2025-05-12,True
2025-05-17,Genoa,Atalanta,1.44057,1.56926,27724,2024,https://understat.com/getLeagueData/Serie_A/2024,2025-05-18,True
2025-05-18,Cagliari,Venezia,2.75115,0.773148,27722,2024,https://understat.com/getLeagueData/Serie_A/2024,2025-05-18,True
2025-05-18,Fiorentina,Bologna,1.43018,1.51953,27723,2024,https://understat.com/getLeagueData/Serie_A/2024,2025-05-18,True
2025-05-18,Inter,Lazio,1.59363,2.33497,27726,2024,https://understat.com/getLeagueData/Serie_A/2024,2025-05-18,True
2025-05-18,Juventus,Udinese,2.61362,0.358909,27731,2024,https://understat.com/getLeagueData/Serie_A/2024,2025-05-18,True
2025-05-18,Lecce,Torino,0.970765,0.476384,27727,2024,https://understat.com/getLeagueData/Serie_A/2024,2025-05-18,True
2025-05-18,Monza,Empoli,1.03178,1.95845,27728,2024,https://understat.com/getLeagueData/Serie_A/2024,2025-05-18,True
2025-05-18,Parma,Napoli,0.296751,0.379711,27729,2024,https://understat.com/getLeagueData/Serie_A/2024,2025-05-18,True
2025-05-18,Roma,Milan,1.57656,1.78592,27730,2024,https://understat.com/getLeagueData/Serie_A/2024,2025-05-18,True
2025-05-18,Verona,Como,1.55405,1.12443,27725,2024,https://understat.com/getLeagueData/Serie_A/2024,2025-05-18,True
2025-05-23,Como,Inter,1.49032,2.27789,27735,2024,https://understat.com/getLeagueData/Serie_A/2024,2025-05-23,True
2025-05-23,Napoli,Cagliari,2.16118,0.0969696,27739,2024,https://understat.com/getLeagueData/Serie_A/2024,2025-05-23,True
2025-05-24,Bologna,Genoa,0.628377,1.17343,27734,2024,https://understat.com/getLeagueData/Serie_A/2024,2025-05-24,True
2025-05-24,Milan,Monza,1.99268,0.516606,27738,2024,https://understat.com/getLeagueData/Serie_A/2024,2025-05-24,True
2025-05-25,Atalanta,Parma,1.90265,2.82535,27733,2024,https://understat.com/getLeagueData/Serie_A/2024,2025-05-25,True
2025-05-25,Empoli,Verona,1.23351,0.833807,27736,2024,https://understat.com/getLeagueData/Serie_A/2024,2025-05-25,True
2025-05-25,Lazio,Lecce,1.73521,0.708667,27737,2024,https://understat.com/getLeagueData/Serie_A/2024,2025-05-25,True
2025-05-25,Torino,Roma,0.381059,2.64436,27740,2024,https://understat.com/getLeagueData/Serie_A/2024,2025-05-25,True
2025-05-25,Udinese,Fiorentina,1.61711,3.06465,27741,2024,https://understat.com/getLeagueData/Serie_A/2024,2025-05-25,True
2025-05-25,Venezia,Juventus,1.01327,1.66948,27732,2024,https://understat.com/getLeagueData/Serie_A/2024,2025-05-25,True
2025-08-23,Genoa,Lecce,0.56563,0.55094,29844,2025,https://understat.com/getLeagueData/Serie_A/2025,2025-08-23,True
2025-08-23,Milan,Cremonese,2.08498,0.363576,29846,2025,https://understat.com/getLeagueData/Serie_A/2025,2025-08-23,True
2025-08-23,Roma,Bologna,1.47691,0.443508,29847,2025,https://understat.com/getLeagueData/Serie_A/2025,2025-08-23,True
2025-08-23,Sassuolo,Napoli,0.298477,1.55456,29845,2025,https://understat.com/getLeagueData/Serie_A/2025,2025-08-23,True
2025-08-24,Atalanta,Pisa,2.04697,1.02901,29850,2025,https://understat.com/getLeagueData/Serie_A/2025,2025-08-24,True
2025-08-24,Cagliari,Fiorentina,1.51736,1.14261,29848,2025,https://understat.com/getLeagueData/Serie_A/2025,2025-08-24,True
2025-08-24,Como,Lazio,1.28478,0.202984,29849,2025,https://understat.com/getLeagueData/Serie_A/2025,2025-08-24,True
2025-08-24,Juventus,Parma,2.74202,0.815567,29851,2025,https://understat.com/getLeagueData/Serie_A/2025,2025-08-24,True
2025-08-25,Inter,Torino,2.60956,0.816232,29853,2025,https://understat.com/getLeagueData/Serie_A/2025,2025-08-25,True
2025-08-25,Udinese,Verona,1.05058,0.799203,29852,2025,https://understat.com/getLeagueData/Serie_A/2025,2025-08-25,True
2025-08-29,Cremonese,Sassuolo,3.52949,1.32978,29854,2025,https://understat.com/getLeagueData/Serie_A/2025,2025-08-29,True
2025-08-29,Lecce,Milan,0.481693,2.13175,29855,2025,https://understat.com/getLeagueData/Serie_A/2025,2025-08-29,True
2025-08-30,Bologna,Como,1.51584,0.521585,29856,2025,https://understat.com/getLeagueData/Serie_A/2025,2025-08-30,True
2025-08-30,Napoli,Cagliari,1.73158,0.64413,29859,2025,https://understat.com/getLeagueData/Serie_A/2025,2025-08-30,True
2025-08-30,Parma,Atalanta,0.751112,1.19727,29857,2025,https://understat.com/getLeagueData/Serie_A/2025,2025-08-30,True
2025-08-30,Pisa,Roma,0.6627,0.953921,29858,2025,https://understat.com/getLeagueData/Serie_A/2025,2025-08-30,True
2025-08-31,Genoa,Juventus,0.593013,1.55128,29860,2025,https://understat.com/getLeagueData/Serie_A/2025,2025-08-31,True
2025-08-31,Inter,Udinese,1.67172,1.20014,29862,2025,https://understat.com/getLeagueData/Serie_A/2025,2025-08-31,True
2025-08-31,Lazio,Verona,3.96645,0.600485,29863,2025,https://understat.com/getLeagueData/Serie_A/2025,2025-08-31,True
2025-08-31,Torino,Fiorentina,1.05012,1.18859,29861,2025,https://understat.com/getLeagueData/Serie_A/2025,2025-08-31,True
2025-09-13,Cagliari,Parma,1.76945,1.95549,29864,2025,https://understat.com/getLeagueData/Serie_A/2025,2025-09-13,True
2025-09-13,Fiorentina,Napoli,1.39098,3.55376,29866,2025,https://understat.com/getLeagueData/Serie_A/2025,2025-09-13,True
2025-09-13,Juventus,Inter,0.768943,1.01628,29865,2025,https://understat.com/getLeagueData/Serie_A/2025,2025-09-13,True
2025-09-14,Atalanta,Lecce,2.62415,0.532382,29869,2025,https://understat.com/getLeagueData/Serie_A/2025,2025-09-14,True
2025-09-14,Milan,Bologna,1.15538,0.198634,29871,2025,https://understat.com/getLeagueData/Serie_A/2025,2025-09-14,True
2025-09-14,Pisa,Udinese,1.27587,1.72902,29868,2025,https://understat.com/getLeagueData/Serie_A/2025,2025-09-14,True
2025-09-14,Roma,Torino,1.02943,0.805089,29867,2025,https://understat.com/getLeagueData/Serie_A/2025,2025-09-14,True
2025-09-14,Sassuolo,Lazio,1.2156,0.858246,29870,2025,https://understat.com/getLeagueData/Serie_A/2025,2025-09-14,True
2025-09-15,Como,Genoa,1.56467,2.54288,29873,2025,https://understat.com/getLeagueData/Serie_A/2025,2025-09-15,True
2025-09-15,Verona,Cremonese,1.8883,0.166346,29872,2025,https://understat.com/getLeagueData/Serie_A/2025,2025-09-15,True
2025-09-19,Lecce,Cagliari,1.13998,2.21034,29882,2025,https://understat.com/getLeagueData/Serie_A/2025,2025-09-19,True
2025-09-20,Bologna,Genoa,1.78786,0.794732,29877,2025,https://understat.com/getLeagueData/Serie_A/2025,2025-09-20,True
2025-09-20,Udinese,Milan,0.298364,1.70251,29875,2025,https://understat.com/getLeagueData/Serie_A/2025,2025-09-20,True
2025-09-20,Verona,Juventus,1.65885,0.470357,29876,2025,https://understat.com/getLeagueData/Serie_A/2025,2025-09-20,True
2025-09-21,Cremonese,Parma,0.172561,0.902031,29878,2025,https://understat.com/getLeagueData/Serie_A/2025,2025-09-21,True
2025-09-21,Fiorentina,Como,0.424904,2.09507,29879,2025,https://understat.com/getLeagueData/Serie_A/2025,2025-09-21,True
2025-09-21,Inter,Sassuolo,3.12186,0.850824,29880,2025,https://understat.com/getLeagueData/Serie_A/2025,2025-09-21,True
2025-09-21,Lazio,Roma,0.666967,1.22639,29881,2025,https://understat.com/getLeagueData/Serie_A/2025,2025-09-21,True
2025-09-21,Torino,Atalanta,1.31336,1.67723,29874,2025,https://understat.com/getLeagueData/Serie_A/2025,2025-09-21,True
2025-09-22,Napoli,Pisa,1.18611,2.51985,29883,2025,https://understat.com/getLeagueData/Serie_A/2025,2025-09-22,True
2025-09-27,Cagliari,Inter,0.475174,3.95419,29884,2025,https://understat.com/getLeagueData/Serie_A/2025,2025-09-27,True
2025-09-27,Como,Cremonese,1.44033,0.564557,29885,2025,https://understat.com/getLeagueData/Serie_A/2025,2025-09-27,True
2025-09-27,Juventus,Atalanta,1.84242,0.885278,29887,2025,https://understat.com/getLeagueData/Serie_A/2025,2025-09-27,True
2025-09-28,Lecce,Bologna,2.09017,1.5908,29888,2025,https://understat.com/getLeagueData/Serie_A/2025,2025-09-28,True
2025-09-28,Milan,Napoli,0.952575,2.23894,29889,2025,https://understat.com/getLeagueData/Serie_A/2025,2025-09-28,True
2025-09-28,Pisa,Fiorentina,0.580471,0.840093,29891,2025,https://understat.com/getLeagueData/Serie_A/2025,2025-09-28,True
2025-09-28,Roma,Verona,1.30542,1.35351,29892,2025,https://understat.com/getLeagueData/Serie_A/2025,2025-09-28,True
2025-09-28,Sassuolo,Udinese,2.31332,1.19344,29893,2025,https://understat.com/getLeagueData/Serie_A/2025,2025-09-28,True
2025-09-29,Genoa,Lazio,1.47659,3.54059,29886,2025,https://understat.com/getLeagueData/Serie_A/2025,2025-09-29,True
2025-09-29,Parma,Torino,1.44462,0.660829,29890,2025,https://understat.com/getLeagueData/Serie_A/2025,2025-09-29,True
2025-10-03,Verona,Sassuolo,0.810981,1.5058,29903,2025,https://understat.com/getLeagueData/Serie_A/2025,2025-10-03,True
2025-10-04,Atalanta,Como,1.74169,0.959121,29894,2025,https://understat.com/getLeagueData/Serie_A/2025,2025-10-04,True
2025-10-04,Inter,Cremonese,4.65231,0.619599,29897,2025,https://understat.com/getLeagueData/Serie_A/2025,2025-10-04,True
2025-10-04,Lazio,Torino,1.45075,2.18108,29899,2025,https://understat.com/getLeagueData/Serie_A/2025,2025-10-04,True
2025-10-04,Parma,Lecce,1.08896,0.622459,29901,2025,https://understat.com/getLeagueData/Serie_A/2025,2025-10-04,True
2025-10-05,Bologna,Pisa,3.69928,0.0265067,29895,2025,https://understat.com/getLeagueData/Serie_A/2025,2025-10-05,True
2025-10-05,Fiorentina,Roma,1.11719,1.22512,29896,2025,https://understat.com/getLeagueData/Serie_A/2025,2025-10-05,True
2025-10-05,Juventus,Milan,0.570595,1.55707,29898,2025,https://understat.com/getLeagueData/Serie_A/2025,2025-10-05,True
2025-10-05,Napoli,Genoa,1.87915,0.691583,29900,2025,https://understat.com/getLeagueData/Serie_A/2025,2025-10-05,True
2025-10-05,Udinese,Cagliari,2.98545,0.789093,29902,2025,https://understat.com/getLeagueData/Serie_A/2025,2025-10-05,True
2025-10-18,Lecce,Sassuolo,0.66998,0.77146,29910,2025,https://understat.com/getLeagueData/Serie_A/2025,2025-10-18,True
2025-10-18,Pisa,Verona,0.572009,1.65491,29912,2025,https://understat.com/getLeagueData/Serie_A/2025,2025-10-18,True
2025-10-18,Roma,Inter,2.1538,0.96386,29913,2025,https://understat.com/getLeagueData/Serie_A/2025,2025-10-18,True
2025-10-18,Torino,Napoli,1.90815,1.71911,29906,2025,https://understat.com/getLeagueData/Serie_A/2025,2025-10-18,True
2025-10-19,Atalanta,Lazio,2.38095,0.220276,29904,2025,https://understat.com/getLeagueData/Serie_A/2025,2025-10-19,True
2025-10-19,Cagliari,Bologna,0.367775,1.15836,29905,2025,https://understat.com/getLeagueData/Serie_A/2025,2025-10-19,True
2025-10-19,Como,Juventus,1.68785,0.964723,29907,2025,https://understat.com/getLeagueData/Serie_A/2025,2025-10-19,True
2025-10-19,Genoa,Parma,2.21692,0.0544873,29909,2025,https://understat.com/getLeagueData/Serie_A/2025,2025-10-19,True
2025-10-19,Milan,Fiorentina,2.01853,0.965997,29911,2025,https://understat.com/getLeagueData/Serie_A/2025,2025-10-19,True
2025-10-20,Cremonese,Udinese,1.22876,0.962572,29908,2025,https://understat.com/getLeagueData/Serie_A/2025,2025-10-20,True
2025-10-24,Milan,Pisa,1.97232,1.22514,29919,2025,https://understat.com/getLeagueData/Serie_A/2025,2025-10-24,True
2025-10-25,Cremonese,Atalanta,0.967146,1.62371,29916,2025,https://understat.com/getLeagueData/Serie_A/2025,2025-10-25,True
2025-10-25,Napoli,Inter,1.18626,2.07077,29920,2025,https://understat.com/getLeagueData/Serie_A/2025,2025-10-25,True
2025-10-25,Parma,Como,1.56651,0.387121,29921,2025,https://understat.com/getLeagueData/Serie_A/2025,2025-10-25,True
2025-10-25,Udinese,Lecce,1.51576,0.373551,29914,2025,https://understat.com/getLeagueData/Serie_A/2025,2025-10-25,True
2025-10-26,Fiorentina,Bologna,3.87905,0.883347,29917,2025,https://understat.com/getLeagueData/Serie_A/2025,2025-10-26,True
2025-10-26,Lazio,Juventus,0.905304,1.24614,29918,2025,https://understat.com/getLeagueData/Serie_A/2025,2025-10-26,True
2025-10-26,Sassuolo,Roma,0.949353,2.25968,29922,2025,https://understat.com/getLeagueData/Serie_A/2025,2025-10-26,True
2025-10-26,Torino,Genoa,1.8196,1.9796,29923,2025,https://understat.com/getLeagueData/Serie_A/2025,2025-10-26,True
2025-10-26,Verona,Cagliari,2.03687,0.837271,29915,2025,https://understat.com/getLeagueData/Serie_A/2025,2025-10-26,True
2025-10-28,Atalanta,Milan,1.28167,0.626418,29924,2025,https://understat.com/getLeagueData/Serie_A/2025,2025-10-28,True
2025-10-28,Lecce,Napoli,1.02929,0.92446,29931,2025,https://understat.com/getLeagueData/Serie_A/2025,2025-10-28,True
2025-10-29,Bologna,Torino,0.3322,0.797473,29925,2025,https://understat.com/getLeagueData/Serie_A/2025,2025-10-29,True
2025-10-29,Como,Verona,1.74279,1.69938,29927,2025,https://understat.com/getLeagueData/Serie_A/2025,2025-10-29,True
2025-10-29,Genoa,Cremonese,1.3491,1.57974,29928,2025,https://understat.com/getLeagueData/Serie_A/2025,2025-10-29,True
2025-10-29,Inter,Fiorentina,2.87253,0.741937,29929,2025,https://understat.com/getLeagueData/Serie_A/2025,2025-10-29,True
2025-10-29,Juventus,Udinese,3.30641,0.604108,29930,2025,https://understat.com/getLeagueData/Serie_A/2025,2025-10-29,True
2025-10-29,Roma,Parma,1.15685,1.17796,29933,2025,https://understat.com/getLeagueData/Serie_A/2025,2025-10-29,True
2025-10-30,Cagliari,Sassuolo,0.845219,0.937652,29926,2025,https://understat.com/getLeagueData/Serie_A/2025,2025-10-30,True
2025-10-30,Pisa,Lazio,0.780185,0.657914,29932,2025,https://understat.com/getLeagueData/Serie_A/2025,2025-10-30,True
2025-11-01,Cremonese,Juventus,0.611392,2.61402,29934,2025,https://understat.com/getLeagueData/Serie_A/2025,2025-11-01,True
2025-11-01,Napoli,Como,0.762314,1.17012,29938,2025,https://understat.com/getLeagueData/Serie_A/2025,2025-11-01,True
2025-11-01,Udinese,Atalanta,0.707338,0.270197,29942,2025,https://understat.com/getLeagueData/Serie_A/2025,2025-11-01,True
2025-11-02,Fiorentina,Lecce,1.38997,1.3239,29935,2025,https://understat.com/getLeagueData/Serie_A/2025,2025-11-02,True
2025-11-02,Milan,Roma,3.76419,1.95443,29937,2025,https://understat.com/getLeagueData/Serie_A/2025,2025-11-02,True
2025-11-02,Parma,Bologna,0.622333,3.51745,29939,2025,https://understat.com/getLeagueData/Serie_A/2025,2025-11-02,True
2025-11-02,Torino,Pisa,1.22388,1.90329,29941,2025,https://understat.com/getLeagueData/Serie_A/2025,2025-11-02,True
2025-11-02,Verona,Inter,0.372642,1.15025,29943,2025,https://understat.com/getLeagueData/Serie_A/2025,2025-11-02,True
2025-11-03,Lazio,Cagliari,0.587684,1.48457,29936,2025,https://understat.com/getLeagueData/Serie_A/2025,2025-11-03,True
2025-11-03,Sassuolo,Genoa,1.31641,1.83271,29940,2025,https://understat.com/getLeagueData/Serie_A/2025,2025-11-03,True
2025-11-07,Pisa,Cremonese,1.45109,1.23118,29952,2025,https://understat.com/getLeagueData/Serie_A/2025,2025-11-07,True
2025-11-08,Como,Cagliari,1.0497,0.615264,29946,2025,https://understat.com/getLeagueData/Serie_A/2025,2025-11-08,True
2025-11-08,Juventus,Torino,1.93707,0.405589,29949,2025,https://understat.com/getLeagueData/Serie_A/2025,2025-11-08,True
2025-11-08,Lecce,Verona,0.555045,0.691863,29950,2025,https://understat.com/getLeagueData/Serie_A/2025,2025-11-08,True
2025-11-08,Parma,Milan,1.45012,2.05467,29951,2025,https://understat.com/getLeagueData/Serie_A/2025,2025-11-08,True
2025-11-09,Atalanta,Sassuolo,0.707859,2.20132,29944,2025,https://understat.com/getLeagueData/Serie_A/2025,2025-11-09,True
2025-11-09,Bologna,Napoli,1.64488,0.19503,29945,2025,https://understat.com/getLeagueData/Serie_A/2025,2025-11-09,True
2025-11-09,Genoa,Fiorentina,1.58884,1.33019,29947,2025,https://understat.com/getLeagueData/Serie_A/2025,2025-11-09,True
2025-11-09,Inter,Lazio,1.73965,0.54928,29948,2025,https://understat.com/getLeagueData/Serie_A/2025,2025-11-09,True
2025-11-09,Roma,Udinese,1.75728,0.928685,29953,2025,https://understat.com/getLeagueData/Serie_A/2025,2025-11-09,True
2025-11-22,Cagliari,Genoa,1.37329,1.61562,29955,2025,https://understat.com/getLeagueData/Serie_A/2025,2025-11-22,True
2025-11-22,Fiorentina,Juventus,0.659308,1.65053,29957,2025,https://understat.com/getLeagueData/Serie_A/2025,2025-11-22,True
2025-11-22,Napoli,Atalanta,2.02765,0.825775,29960,2025,https://understat.com/getLeagueData/Serie_A/2025,2025-11-22,True
2025-11-22,Udinese,Bologna,1.88758,2.88287,29963,2025,https://understat.com/getLeagueData/Serie_A/2025,2025-11-22,True
2025-11-23,Cremonese,Roma,1.25617,1.73178,29956,2025,https://understat.com/getLeagueData/Serie_A/2025,2025-11-23,True
2025-11-23,Inter,Milan,1.74448,0.856085,29958,2025,https://understat.com/getLeagueData/Serie_A/2025,2025-11-23,True
2025-11-23,Lazio,Lecce,1.49492,0.544669,29959,2025,https://understat.com/getLeagueData/Serie_A/2025,2025-11-23,True
2025-11-23,Verona,Parma,0.943021,1.51628,29954,2025,https://understat.com/getLeagueData/Serie_A/2025,2025-11-23,True
2025-11-24,Sassuolo,Pisa,2.21345,1.38602,29961,2025,https://understat.com/getLeagueData/Serie_A/2025,2025-11-24,True
2025-11-24,Torino,Como,1.42986,3.37909,29962,2025,https://understat.com/getLeagueData/Serie_A/2025,2025-11-24,True
2025-11-28,Como,Sassuolo,1.73426,1.12902,29966,2025,https://understat.com/getLeagueData/Serie_A/2025,2025-11-28,True
2025-11-29,Genoa,Verona,1.64897,2.60658,29967,2025,https://understat.com/getLeagueData/Serie_A/2025,2025-11-29,True
2025-11-29,Juventus,Cagliari,1.5343,0.891103,29968,2025,https://understat.com/getLeagueData/Serie_A/2025,2025-11-29,True
2025-11-29,Milan,Lazio,1.48113,0.899621,29970,2025,https://understat.com/getLeagueData/Serie_A/2025,2025-11-29,True
2025-11-29,Parma,Udinese,1.03649,1.87351,29971,2025,https://understat.com/getLeagueData/Serie_A/2025,2025-11-29,True
2025-11-30,Atalanta,Fiorentina,2.29028,2.01961,29964,2025,https://understat.com/getLeagueData/Serie_A/2025,2025-11-30,True
2025-11-30,Lecce,Torino,0.948606,2.0632,29969,2025,https://understat.com/getLeagueData/Serie_A/2025,2025-11-30,True
2025-11-30,Pisa,Inter,1.80715,2.04777,29972,2025,https://understat.com/getLeagueData/Serie_A/2025,2025-11-30,True
2025-11-30,Roma,Napoli,0.611755,1.33114,29973,2025,https://understat.com/getLeagueData/Serie_A/2025,2025-11-30,True
2025-12-01,Bologna,Cremonese,2.11713,2.33533,29965,2025,https://understat.com/getLeagueData/Serie_A/2025,2025-12-01,True
2025-12-06,Inter,Como,2.26559,0.943403,29976,2025,https://understat.com/getLeagueData/Serie_A/2025,2025-12-06,True
2025-12-06,Sassuolo,Fiorentina,1.64053,1.20662,29980,2025,https://understat.com/getLeagueData/Serie_A/2025,2025-12-06,True
2025-12-06,Verona,Atalanta,1.60244,1.76527,29983,2025,https://understat.com/getLeagueData/Serie_A/2025,2025-12-06,True
2025-12-07,Cagliari,Roma,1.40358,0.451691,29974,2025,https://understat.com/getLeagueData/Serie_A/2025,2025-12-07,True
2025-12-07,Cremonese,Lecce,2.08254,1.37526,29975,2025,https://understat.com/getLeagueData/Serie_A/2025,2025-12-07,True
2025-12-07,Lazio,Bologna,1.24155,1.23115,29977,2025,https://understat.com/getLeagueData/Serie_A/2025,2025-12-07,True
2025-12-07,Napoli,Juventus,2.1655,0.24335,29978,2025,https://understat.com/getLeagueData/Serie_A/2025,2025-12-07,True
2025-12-08,Pisa,Parma,1.56873,1.49837,29979,2025,https://understat.com/getLeagueData/Serie_A/2025,2025-12-08,True
2025-12-08,Torino,Milan,1.01008,2.10495,29981,2025,https://understat.com/getLeagueData/Serie_A/2025,2025-12-08,True
2025-12-08,Udinese,Genoa,1.49196,1.5362,29982,2025,https://understat.com/getLeagueData/Serie_A/2025,2025-12-08,True
2025-12-12,Lecce,Pisa,2.79987,0.303651,29988,2025,https://understat.com/getLeagueData/Serie_A/2025,2025-12-12,True
2025-12-13,Atalanta,Cagliari,3.08558,0.568619,29984,2025,https://understat.com/getLeagueData/Serie_A/2025,2025-12-13,True
2025-12-13,Parma,Lazio,1.08166,1.76573,29990,2025,https://understat.com/getLeagueData/Serie_A/2025,2025-12-13,True
2025-12-13,Torino,Cremonese,1.94598,0.700243,29992,2025,https://understat.com/getLeagueData/Serie_A/2025,2025-12-13,True
2025-12-14,Bologna,Juventus,0.97387,2.07145,29985,2025,https://understat.com/getLeagueData/Serie_A/2025,2025-12-14,True
2025-12-14,Fiorentina,Verona,2.41776,1.53867,29986,2025,https://understat.com/getLeagueData/Serie_A/2025,2025-12-14,True
2025-12-14,Genoa,Inter,0.895295,2.04412,29987,2025,https://understat.com/getLeagueData/Serie_A/2025,2025-12-14,True
2025-12-14,Milan,Sassuolo,1.83346,1.02843,29989,2025,https://understat.com/getLeagueData/Serie_A/2025,2025-12-14,True
2025-12-14,Udinese,Napoli,1.84146,0.931427,29993,2025,https://understat.com/getLeagueData/Serie_A/2025,2025-12-14,True
2025-12-15,Roma,Como,1.65562,0.635872,29991,2025,https://understat.com/getLeagueData/Serie_A/2025,2025-12-15,True
2025-12-20,Juventus,Roma,3.09592,1.28421,29999,2025,https://understat.com/getLeagueData/Serie_A/2025,2025-12-20,True
2025-12-20,Lazio,Cremonese,0.432769,0.70974,30000,2025,https://understat.com/getLeagueData/Serie_A/2025,2025-12-20,True
2025-12-21,Cagliari,Pisa,1.20171,2.02532,29994,2025,https://understat.com/getLeagueData/Serie_A/2025,2025-12-21,True
2025-12-21,Fiorentina,Udinese,3.24808,0.794951,29996,2025,https://understat.com/getLeagueData/Serie_A/2025,2025-12-21,True
2025-12-21,Genoa,Atalanta,0.967673,1.76564,29997,2025,https://understat.com/getLeagueData/Serie_A/2025,2025-12-21,True
2025-12-21,Sassuolo,Torino,0.580849,2.00002,30002,2025,https://understat.com/getLeagueData/Serie_A/2025,2025-12-21,True
2025-12-27,Lecce,Como,1.15442,2.33352,30006,2025,https://understat.com/getLeagueData/Serie_A/2025,2025-12-27,True
2025-12-27,Parma,Fiorentina,1.26451,1.2463,30008,2025,https://understat.com/getLeagueData/Serie_A/2025,2025-12-27,True
2025-12-27,Pisa,Juventus,0.64162,1.2875,30009,2025,https://understat.com/getLeagueData/Serie_A/2025,2025-12-27,True
2025-12-27,Torino,Cagliari,2.4609,0.994774,30011,2025,https://understat.com/getLeagueData/Serie_A/2025,2025-12-27,True
2025-12-27,Udinese,Lazio,0.806561,0.848022,30012,2025,https://understat.com/getLeagueData/Serie_A/2025,2025-12-27,True
2025-12-28,Atalanta,Inter,1.16924,1.63271,30013,2025,https://understat.com/getLeagueData/Serie_A/2025,2025-12-28,True
2025-12-28,Bologna,Sassuolo,0.937045,1.52306,30004,2025,https://understat.com/getLeagueData/Serie_A/2025,2025-12-28,True
2025-12-28,Cremonese,Napoli,0.276244,2.85402,30005,2025,https://understat.com/getLeagueData/Serie_A/2025,2025-12-28,True
2025-12-28,Milan,Verona,2.87827,0.32776,30007,2025,https://understat.com/getLeagueData/Serie_A/2025,2025-12-28,True
2025-12-29,Roma,Genoa,1.86118,0.510864,30010,2025,https://understat.com/getLeagueData/Serie_A/2025,2025-12-29,True
2026-01-02,Cagliari,Milan,0.308283,0.893304,30015,2025,https://understat.com/getLeagueData/Serie_A/2025,2026-01-02,True
2026-01-03,Atalanta,Roma,2.73637,1.01018,30014,2025,https://understat.com/getLeagueData/Serie_A/2025,2026-01-03,True
2026-01-03,Como,Udinese,2.38351,0.245,30016,2025,https://understat.com/getLeagueData/Serie_A/2025,2026-01-03,True
2026-01-03,Genoa,Pisa,0.569456,1.5538,30018,2025,https://understat.com/getLeagueData/Serie_A/2025,2026-01-03,True
2026-01-03,Juventus,Lecce,3.59395,0.176301,30020,2025,https://understat.com/getLeagueData/Serie_A/2025,2026-01-03,True
2026-01-03,Sassuolo,Parma,1.0095,1.18268,30022,2025,https://understat.com/getLeagueData/Serie_A/2025,2026-01-03,True
2026-01-04,Fiorentina,Cremonese,2.20676,0.752862,30017,2025,https://understat.com/getLeagueData/Serie_A/2025,2026-01-04,True
2026-01-04,Inter,Bologna,4.26719,0.782906,30019,2025,https://understat.com/getLeagueData/Serie_A/2025,2026-01-04,True
2026-01-04,Lazio,Napoli,0.405788,2.42503,30021,2025,https://understat.com/getLeagueData/Serie_A/2025,2026-01-04,True
2026-01-04,Verona,Torino,0.260564,1.70287,30023,2025,https://understat.com/getLeagueData/Serie_A/2025,2026-01-04,True
2026-01-06,Lecce,Roma,0.604725,1.89163,30027,2025,https://understat.com/getLeagueData/Serie_A/2025,2026-01-06,True
2026-01-06,Pisa,Como,1.71183,2.10363,30031,2025,https://understat.com/getLeagueData/Serie_A/2025,2026-01-06,True
2026-01-06,Sassuolo,Juventus,0.203716,2.90778,30032,2025,https://understat.com/getLeagueData/Serie_A/2025,2026-01-06,True
2026-01-07,Bologna,Atalanta,1.11527,1.33342,30024,2025,https://understat.com/getLeagueData/Serie_A/2025,2026-01-07,True
2026-01-07,Lazio,Fiorentina,2.70815,1.51944,30026,2025,https://understat.com/getLeagueData/Serie_A/2025,2026-01-07,True
2026-01-07,Napoli,Verona,1.57287,1.29178,30029,2025,https://understat.com/getLeagueData/Serie_A/2025,2026-01-07,True
2026-01-07,Parma,Inter,0.261054,3.08782,30030,2025,https://understat.com/getLeagueData/Serie_A/2025,2026-01-07,True
2026-01-07,Torino,Udinese,1.67388,2.31786,30033,2025,https://understat.com/getLeagueData/Serie_A/2025,2026-01-07,True
2026-01-08,Cremonese,Cagliari,2.2527,1.78257,30025,2025,https://understat.com/getLeagueData/Serie_A/2025,2026-01-08,True
2026-01-08,Milan,Genoa,2.11615,1.43745,30028,2025,https://understat.com/getLeagueData/Serie_A/2025,2026-01-08,True
2026-01-10,Atalanta,Torino,2.55106,0.945872,30034,2025,https://understat.com/getLeagueData/Serie_A/2025,2026-01-10,True
2026-01-10,Como,Bologna,1.13923,1.54894,30035,2025,https://understat.com/getLeagueData/Serie_A/2025,2026-01-10,True
2026-01-10,Roma,Sassuolo,2.95843,0.858537,30041,2025,https://understat.com/getLeagueData/Serie_A/2025,2026-01-10,True
2026-01-10,Udinese,Pisa,2.18018,1.42671,30042,2025,https://understat.com/getLeagueData/Serie_A/2025,2026-01-10,True
2026-01-11,Fiorentina,Milan,2.38025,2.05263,30036,2025,https://understat.com/getLeagueData/Serie_A/2025,2026-01-11,True
2026-01-11,Inter,Napoli,1.6567,1.38417,30038,2025,https://understat.com/getLeagueData/Serie_A/2025,2026-01-11,True
2026-01-11,Lecce,Parma,0.842154,1.46392,30040,2025,https://understat.com/getLeagueData/Serie_A/2025,2026-01-11,True
2026-01-11,Verona,Lazio,0.584887,0.64447,30043,2025,https://understat.com/getLeagueData/Serie_A/2025,2026-01-11,True
2026-01-12,Genoa,Cagliari,1.26155,1.00677,30037,2025,https://understat.com/getLeagueData/Serie_A/2025,2026-01-12,True
2026-01-12,Juventus,Cremonese,3.2309,1.1134,30039,2025,https://understat.com/getLeagueData/Serie_A/2025,2026-01-12,True
2026-01-14,Inter,Lecce,1.91676,0.468829,29998,2025,https://understat.com/getLeagueData/Serie_A/2025,2026-01-14,True
2026-01-14,Napoli,Parma,1.29671,0.230185,30001,2025,https://understat.com/getLeagueData/Serie_A/2025,2026-01-14,True
2026-01-15,Como,Milan,1.86946,1.3926,29995,2025,https://understat.com/getLeagueData/Serie_A/2025,2026-01-15,True
2026-01-15,Verona,Bologna,1.6881,0.690747,30003,2025,https://understat.com/getLeagueData/Serie_A/2025,2026-01-15,True
2026-01-16,Pisa,Atalanta,1.63695,1.77359,30049,2025,https://understat.com/getLeagueData/Serie_A/2025,2026-01-16,True
2026-01-17,Cagliari,Juventus,0.176118,0.872689,30053,2025,https://understat.com/getLeagueData/Serie_A/2025,2026-01-17,True
2026-01-17,Napoli,Sassuolo,0.605235,1.12352,30047,2025,https://understat.com/getLeagueData/Serie_A/2025,2026-01-17,True
2026-01-17,Udinese,Inter,0.130821,2.17475,30051,2025,https://understat.com/getLeagueData/Serie_A/2025,2026-01-17,True
2026-01-18,Bologna,Fiorentina,1.34398,1.64563,30052,2025,https://understat.com/getLeagueData/Serie_A/2025,2026-01-18,True
2026-01-18,Milan,Lecce,3.17447,0.1816,30046,2025,https://understat.com/getLeagueData/Serie_A/2025,2026-01-18,True
2026-01-18,Parma,Genoa,0.463872,1.07465,30048,2025,https://understat.com/getLeagueData/Serie_A/2025,2026-01-18,True
2026-01-18,Torino,Roma,0.394429,2.02736,30050,2025,https://understat.com/getLeagueData/Serie_A/2025,2026-01-18,True
2026-01-19,Cremonese,Verona,0.452062,0.487484,30044,2025,https://understat.com/getLeagueData/Serie_A/2025,2026-01-19,True
2026-01-19,Lazio,Como,0.465283,2.28394,30045,2025,https://understat.com/getLeagueData/Serie_A/2025,2026-01-19,True
2026-01-23,Inter,Pisa,6.24369,0.453549,30058,2025,https://understat.com/getLeagueData/Serie_A/2025,2026-01-23,True
2026-01-24,Como,Torino,3.15343,0.327418,30055,2025,https://understat.com/getLeagueData/Serie_A/2025,2026-01-24,True
2026-01-24,Fiorentina,Cagliari,2.09156,1.27897,30056,2025,https://understat.com/getLeagueData/Serie_A/2025,2026-01-24,True
2026-01-24,Lecce,Lazio,0.601024,0.716991,30060,2025,https://understat.com/getLeagueData/Serie_A/2025,2026-01-24,True
2026-01-25,Atalanta,Parma,5.01888,1.86533,30054,2025,https://understat.com/getLeagueData/Serie_A/2025,2026-01-25,True
2026-01-25,Genoa,Bologna,0.706857,0.591952,30057,2025,https://understat.com/getLeagueData/Serie_A/2025,2026-01-25,True
2026-01-25,Juventus,Napoli,1.54679,0.421726,30059,2025,https://understat.com/getLeagueData/Serie_A/2025,2026-01-25,True
2026-01-25,Roma,Milan,2.13573,0.583212,30061,2025,https://understat.com/getLeagueData/Serie_A/2025,2026-01-25,True
2026-01-25,Sassuolo,Cremonese,1.3787,0.845543,30062,2025,https://understat.com/getLeagueData/Serie_A/2025,2026-01-25,True
2026-01-26,Verona,Udinese,0.573784,1.93652,30063,2025,https://understat.com/getLeagueData/Serie_A/2025,2026-01-26,True
2026-01-30,Lazio,Genoa,2.06649,1.83307,30068,2025,https://understat.com/getLeagueData/Serie_A/2025,2026-01-30,True
2026-01-31,Cagliari,Verona,1.98129,0.374813,30065,2025,https://understat.com/getLeagueData/Serie_A/2025,2026-01-31,True
2026-01-31,Napoli,Fiorentina,2.39619,1.81202,30069,2025,https://understat.com/getLeagueData/Serie_A/2025,2026-01-31,True
2026-01-31,Pisa,Sassuolo,0.773575,2.20331,30071,2025,https://understat.com/getLeagueData/Serie_A/2025,2026-01-31,True
2026-02-01,Como,Atalanta,5.96884,0.785014,30066,2025,https://understat.com/getLeagueData/Serie_A/2025,2026-02-01,True
2026-02-01,Cremonese,Inter,0.510166,2.18311,30067,2025,https://understat.com/getLeagueData/Serie_A/2025,2026-02-01,True
2026-02-01,Parma,Juventus,0.598397,3.51941,30070,2025,https://understat.com/getLeagueData/Serie_A/2025,2026-02-01,True
2026-02-01,Torino,Lecce,2.48263,0.468464,30072,2025,https://understat.com/getLeagueData/Serie_A/2025,2026-02-01,True
2026-02-02,Udinese,Roma,0.642594,0.668752,30073,2025,https://understat.com/getLeagueData/Serie_A/2025,2026-02-02,True
2026-02-03,Bologna,Milan,0.440526,3.35769,30064,2025,https://understat.com/getLeagueData/Serie_A/2025,2026-02-03,True
2026-02-06,Verona,Pisa,0.0783843,1.26143,30074,2025,https://understat.com/getLeagueData/Serie_A/2025,2026-02-06,True
2026-02-07,Fiorentina,Torino,1.27203,1.0134,30079,2025,https://understat.com/getLeagueData/Serie_A/2025,2026-02-07,True
2026-02-07,Genoa,Napoli,1.32462,1.89784,30080,2025,https://understat.com/getLeagueData/Serie_A/2025,2026-02-07,True
2026-02-08,Bologna,Parma,1.64658,0.193041,30078,2025,https://understat.com/getLeagueData/Serie_A/2025,2026-02-08,True
2026-02-08,Juventus,Lazio,2.85607,0.808824,30081,2025,https://understat.com/getLeagueData/Serie_A/2025,2026-02-08,True
2026-02-08,Lecce,Udinese,2.18624,0.895031,30082,2025,https://understat.com/getLeagueData/Serie_A/2025,2026-02-08,True
2026-02-08,Sassuolo,Inter,0.721597,2.75112,30075,2025,https://understat.com/getLeagueData/Serie_A/2025,2026-02-08,True
2026-02-09,Atalanta,Cremonese,3.12119,0.914806,30077,2025,https://understat.com/getLeagueData/Serie_A/2025,2026-02-09,True
2026-02-09,Roma,Cagliari,2.20426,0.613133,30076,2025,https://understat.com/getLeagueData/Serie_A/2025,2026-02-09,True
2026-02-13,Pisa,Milan,0.937275,2.15769,30091,2025,https://understat.com/getLeagueData/Serie_A/2025,2026-02-13,True
2026-02-14,Como,Fiorentina,0.902645,1.302,30085,2025,https://understat.com/getLeagueData/Serie_A/2025,2026-02-14,True
2026-02-14,Inter,Juventus,2.4811,1.29499,30087,2025,https://understat.com/getLeagueData/Serie_A/2025,2026-02-14,True
2026-02-14,Lazio,Atalanta,1.54366,1.82116,30088,2025,https://understat.com/getLeagueData/Serie_A/2025,2026-02-14,True
2026-02-15,Cremonese,Genoa,1.34717,1.33514,30086,2025,https://understat.com/getLeagueData/Serie_A/2025,2026-02-15,True
2026-02-15,Napoli,Roma,0.5247,1.95442,30089,2025,https://understat.com/getLeagueData/Serie_A/2025,2026-02-15,True
2026-02-15,Parma,Verona,2.16714,0.856137,30090,2025,https://understat.com/getLeagueData/Serie_A/2025,2026-02-15,True
2026-02-15,Torino,Bologna,0.394436,1.71228,30092,2025,https://understat.com/getLeagueData/Serie_A/2025,2026-02-15,True
2026-02-15,Udinese,Sassuolo,0.491201,1.24711,30093,2025,https://understat.com/getLeagueData/Serie_A/2025,2026-02-15,True
2026-02-16,Cagliari,Lecce,1.46951,1.76359,30084,2025,https://understat.com/getLeagueData/Serie_A/2025,2026-02-16,True
2026-02-18,Milan,Como,1.17019,1.64526,30083,2025,https://understat.com/getLeagueData/Serie_A/2025,2026-02-18,True
2026-02-20,Sassuolo,Verona,1.58706,0.615652,30103,2025,https://understat.com/getLeagueData/Serie_A/2025,2026-02-20,True
2026-02-21,Cagliari,Lazio,0.771111,0.520733,30096,2025,https://understat.com/getLeagueData/Serie_A/2025,2026-02-21,True
2026-02-21,Juventus,Como,1.01425,1.43181,30099,2025,https://understat.com/getLeagueData/Serie_A/2025,2026-02-21,True
2026-02-21,Lecce,Inter,0.127863,2.6436,30100,2025,https://understat.com/getLeagueData/Serie_A/2025,2026-02-21,True
2026-02-22,Atalanta,Napoli,0.962214,1.05903,30094,2025,https://understat.com/getLeagueData/Serie_A/2025,2026-02-22,True
2026-02-22,Genoa,Torino,2.06306,0.530703,30098,2025,https://understat.com/getLeagueData/Serie_A/2025,2026-02-22,True
2026-02-22,Milan,Parma,1.63438,0.760094,30101,2025,https://understat.com/getLeagueData/Serie_A/2025,2026-02-22,True
2026-02-22,Roma,Cremonese,2.58194,0.280739,30102,2025,https://understat.com/getLeagueData/Serie_A/2025,2026-02-22,True
2026-02-23,Bologna,Udinese,1.44714,0.530625,30095,2025,https://understat.com/getLeagueData/Serie_A/2025,2026-02-23,True
2026-02-23,Fiorentina,Pisa,1.77825,0.43212,30097,2025,https://understat.com/getLeagueData/Serie_A/2025,2026-02-23,True
2026-02-27,Parma,Cagliari,1.31257,0.615799,30106,2025,https://understat.com/getLeagueData/Serie_A/2025,2026-02-27,True
2026-02-28,Como,Lecce,2.98622,0.424994,30113,2025,https://understat.com/getLeagueData/Serie_A/2025,2026-02-28,True
2026-02-28,Inter,Genoa,2.19229,0.170827,30105,2025,https://understat.com/getLeagueData/Serie_A/2025,2026-02-28,True
2026-02-28,Verona,Napoli,0.277835,1.21355,30109,2025,https://understat.com/getLeagueData/Serie_A/2025,2026-02-28,True
2026-03-01,Cremonese,Milan,1.08387,3.87512,30104,2025,https://understat.com/getLeagueData/Serie_A/2025,2026-03-01,True
2026-03-01,Roma,Juventus,2.33059,1.8583,30108,2025,https://understat.com/getLeagueData/Serie_A/2025,2026-03-01,True
2026-03-01,Sassuolo,Atalanta,1.81132,3.74717,30112,2025,https://understat.com/getLeagueData/Serie_A/2025,2026-03-01,True
2026-03-01,Torino,Lazio,1.06085,1.05867,30111,2025,https://understat.com/getLeagueData/Serie_A/2025,2026-03-01,True
2026-03-02,Pisa,Bologna,0.743118,0.871649,30107,2025,https://understat.com/getLeagueData/Serie_A/2025,2026-03-02,True
2026-03-02,Udinese,Fiorentina,2.0239,0.585387,30110,2025,https://understat.com/getLeagueData/Serie_A/2025,2026-03-02,True
2026-03-06,Napoli,Torino,2.32007,0.693368,30114,2025,https://understat.com/getLeagueData/Serie_A/2025,2026-03-06,True
2026-03-07,Atalanta,Udinese,1.99854,0.860054,30115,2025,https://understat.com/getLeagueData/Serie_A/2025,2026-03-07,True
2026-03-07,Cagliari,Como,0.518042,0.763847,30116,2025,https://understat.com/getLeagueData/Serie_A/2025,2026-03-07,True
2026-03-07,Juventus,Pisa,3.16811,0.319971,30119,2025,https://understat.com/getLeagueData/Serie_A/2025,2026-03-07,True
2026-03-08,Bologna,Verona,0.903746,2.02855,30123,2025,https://understat.com/getLeagueData/Serie_A/2025,2026-03-08,True
2026-03-08,Fiorentina,Parma,0.758473,0.253114,30117,2025,https://understat.com/getLeagueData/Serie_A/2025,2026-03-08,True
2026-03-08,Genoa,Roma,2.55911,0.282645,30118,2025,https://understat.com/getLeagueData/Serie_A/2025,2026-03-08,True
2026-03-08,Lecce,Cremonese,1.76705,0.791422,30121,2025,https://understat.com/getLeagueData/Serie_A/2025,2026-03-08,True
2026-03-08,Milan,Inter,0.852014,1.44398,30122,2025,https://understat.com/getLeagueData/Serie_A/2025,2026-03-08,True
2026-03-09,Lazio,Sassuolo,2.4868,0.453204,30120,2025,https://understat.com/getLeagueData/Serie_A/2025,2026-03-09,True
2026-03-13,Torino,Parma,2.44316,0.579861,30131,2025,https://understat.com/getLeagueData/Serie_A/2025,2026-03-13,True
2026-03-14,Inter,Atalanta,2.0286,0.867146,30126,2025,https://understat.com/getLeagueData/Serie_A/2025,2026-03-14,True
2026-03-14,Napoli,Lecce,1.13114,1.22692,30128,2025,https://understat.com/getLeagueData/Serie_A/2025,2026-03-14,True
2026-03-14,Udinese,Juventus,0.741965,3.18734,30132,2025,https://understat.com/getLeagueData/Serie_A/2025,2026-03-14,True
2026-03-15,Como,Roma,2.46908,0.899976,30124,2025,https://understat.com/getLeagueData/Serie_A/2025,2026-03-15,True
2026-03-15,Lazio,Milan,0.538397,1.16179,30127,2025,https://understat.com/getLeagueData/Serie_A/2025,2026-03-15,True
2026-03-15,Pisa,Cagliari,2.94287,1.52334,30129,2025,https://understat.com/getLeagueData/Serie_A/2025,2026-03-15,True
2026-03-15,Sassuolo,Bologna,0.427053,0.731025,30130,2025,https://understat.com/getLeagueData/Serie_A/2025,2026-03-15,True
2026-03-15,Verona,Genoa,0.370821,0.534091,30133,2025,https://understat.com/getLeagueData/Serie_A/2025,2026-03-15,True
2026-03-16,Cremonese,Fiorentina,1.47372,1.14462,30125,2025,https://understat.com/getLeagueData/Serie_A/2025,2026-03-16,True
2026-03-20,Cagliari,Napoli,0.241246,2.27393,30136,2025,https://understat.com/getLeagueData/Serie_A/2025,2026-03-20,True
2026-03-20,Genoa,Udinese,1.30328,0.86584,30139,2025,https://understat.com/getLeagueData/Serie_A/2025,2026-03-20,True
2026-03-21,Juventus,Sassuolo,2.25457,0.845538,30140,2025,https://understat.com/getLeagueData/Serie_A/2025,2026-03-21,True
2026-03-21,Milan,Torino,1.44337,2.37211,30141,2025,https://understat.com/getLeagueData/Serie_A/2025,2026-03-21,True
2026-03-21,Parma,Cremonese,0.287758,0.781807,30142,2025,https://understat.com/getLeagueData/Serie_A/2025,2026-03-21,True
2026-03-22,Atalanta,Verona,1.74248,0.765772,30134,2025,https://understat.com/getLeagueData/Serie_A/2025,2026-03-22,True
2026-03-22,Bologna,Lazio,1.32921,2.14396,30135,2025,https://understat.com/getLeagueData/Serie_A/2025,2026-03-22,True
2026-03-22,Como,Pisa,1.8215,0.309722,30137,2025,https://understat.com/getLeagueData/Serie_A/2025,2026-03-22,True
2026-03-22,Fiorentina,Inter,1.81429,1.40088,30138,2025,https://understat.com/getLeagueData/Serie_A/2025,2026-03-22,True
2026-03-22,Roma,Lecce,1.09359,0.807003,30143,2025,https://understat.com/getLeagueData/Serie_A/2025,2026-03-22,True
2026-04-04,Lazio,Parma,0.269086,0.360563,30147,2025,https://understat.com/getLeagueData/Serie_A/2025,2026-04-04,True
2026-04-04,Sassuolo,Cagliari,0.48336,1.90118,30151,2025,https://understat.com/getLeagueData/Serie_A/2025,2026-04-04,True
2026-04-04,Verona,Fiorentina,0.922577,0.308725,30153,2025,https://understat.com/getLeagueData/Serie_A/2025,2026-04-04,True
2026-04-05,Cremonese,Bologna,1.39638,1.58974,30144,2025,https://understat.com/getLeagueData/Serie_A/2025,2026-04-05,True
2026-04-05,Inter,Roma,2.25441,0.939981,30145,2025,https://understat.com/getLeagueData/Serie_A/2025,2026-04-05,True
2026-04-05,Pisa,Torino,0.309366,1.72611,30150,2025,https://understat.com/getLeagueData/Serie_A/2025,2026-04-05,True
2026-04-06,Juventus,Genoa,2.60276,1.48807,30146,2025,https://understat.com/getLeagueData/Serie_A/2025,2026-04-06,True
2026-04-06,Lecce,Atalanta,0.364274,2.81595,30148,2025,https://understat.com/getLeagueData/Serie_A/2025,2026-04-06,True
2026-04-06,Napoli,Milan,0.872402,0.810602,30149,2025,https://understat.com/getLeagueData/Serie_A/2025,2026-04-06,True
2026-04-06,Udinese,Como,1.06665,0.786392,30152,2025,https://understat.com/getLeagueData/Serie_A/2025,2026-04-06,True
2026-04-10,Roma,Pisa,1.45084,1.06318,30162,2025,https://understat.com/getLeagueData/Serie_A/2025,2026-04-10,True
2026-04-11,Atalanta,Juventus,1.8886,1.18681,30154,2025,https://understat.com/getLeagueData/Serie_A/2025,2026-04-11,True
2026-04-11,Cagliari,Cremonese,1.431,0.268819,30156,2025,https://understat.com/getLeagueData/Serie_A/2025,2026-04-11,True
2026-04-11,Milan,Udinese,1.62737,1.566,30160,2025,https://understat.com/getLeagueData/Serie_A/2025,2026-04-11,True
2026-04-11,Torino,Verona,1.1485,1.67554,30163,2025,https://understat.com/getLeagueData/Serie_A/2025,2026-04-11,True
2026-04-12,Bologna,Lecce,2.5824,0.53637,30155,2025,https://understat.com/getLeagueData/Serie_A/2025,2026-04-12,True
2026-04-12,Como,Inter,3.2878,0.507465,30157,2025,https://understat.com/getLeagueData/Serie_A/2025,2026-04-12,True
2026-04-12,Genoa,Sassuolo,1.39271,1.39642,30159,2025,https://understat.com/getLeagueData/Serie_A/2025,2026-04-12,True
2026-04-12,Parma,Napoli,0.154689,1.31482,30161,2025,https://understat.com/getLeagueData/Serie_A/2025,2026-04-12,True
2026-04-13,Fiorentina,Lazio,0.421966,1.29355,30158,2025,https://understat.com/getLeagueData/Serie_A/2025,2026-04-13,True
2026-04-17,Inter,Cagliari,2.38524,0.482209,30164,2025,https://understat.com/getLeagueData/Serie_A/2025,2026-04-17,True
2026-04-17,Sassuolo,Como,1.3509,0.588985,30170,2025,https://understat.com/getLeagueData/Serie_A/2025,2026-04-17,True
2026-04-18,Napoli,Lazio,0.516972,3.16463,30167,2025,https://understat.com/getLeagueData/Serie_A/2025,2026-04-18,True
2026-04-18,Roma,Atalanta,1.70941,0.660238,30169,2025,https://understat.com/getLeagueData/Serie_A/2025,2026-04-18,True
2026-04-18,Udinese,Parma,1.35108,1.39599,30171,2025,https://understat.com/getLeagueData/Serie_A/2025,2026-04-18,True
2026-04-19,Cremonese,Torino,0.88749,0.159021,30173,2025,https://understat.com/getLeagueData/Serie_A/2025,2026-04-19,True
2026-04-19,Juventus,Bologna,1.57651,0.852415,30165,2025,https://understat.com/getLeagueData/Serie_A/2025,2026-04-19,True
2026-04-19,Pisa,Genoa,1.00691,2.18534,30168,2025,https://understat.com/getLeagueData/Serie_A/2025,2026-04-19,True
2026-04-19,Verona,Milan,0.709696,0.830747,30172,2025,https://understat.com/getLeagueData/Serie_A/2025,2026-04-19,True
2026-04-20,Lecce,Fiorentina,1.80861,1.26455,30166,2025,https://understat.com/getLeagueData/Serie_A/2025,2026-04-20,True
2026-04-24,Napoli,Cremonese,3.24062,0.473643,30180,2025,https://understat.com/getLeagueData/Serie_A/2025,2026-04-24,True
2026-04-25,Bologna,Roma,0.479083,1.65629,30174,2025,https://understat.com/getLeagueData/Serie_A/2025,2026-04-25,True
2026-04-25,Parma,Pisa,1.31072,1.56392,30181,2025,https://understat.com/getLeagueData/Serie_A/2025,2026-04-25,True
2026-04-25,Verona,Lecce,0.249294,1.20604,30183,2025,https://understat.com/getLeagueData/Serie_A/2025,2026-04-25,True
2026-04-26,Fiorentina,Sassuolo,2.19011,0.597621,30176,2025,https://understat.com/getLeagueData/Serie_A/2025,2026-04-26,True
2026-04-26,Genoa,Como,0.667154,1.19004,30177,2025,https://understat.com/getLeagueData/Serie_A/2025,2026-04-26,True
2026-04-26,Milan,Juventus,0.616342,0.449727,30179,2025,https://understat.com/getLeagueData/Serie_A/2025,2026-04-26,True
2026-04-26,Torino,Inter,2.42774,1.64792,30182,2025,https://understat.com/getLeagueData/Serie_A/2025,2026-04-26,True
2026-04-27,Cagliari,Atalanta,2.00771,1.7579,30175,2025,https://understat.com/getLeagueData/Serie_A/2025,2026-04-27,True
2026-04-27,Lazio,Udinese,1.77483,2.30714,30178,2025,https://understat.com/getLeagueData/Serie_A/2025,2026-04-27,True
2026-05-01,Pisa,Lecce,2.06716,1.35936,30190,2025,https://understat.com/getLeagueData/Serie_A/2025,2026-05-01,True
2026-05-02,Atalanta,Genoa,1.66082,0.438786,30184,2025,https://understat.com/getLeagueData/Serie_A/2025,2026-05-02,True
2026-05-02,Como,Napoli,1.79719,0.847288,30186,2025,https://understat.com/getLeagueData/Serie_A/2025,2026-05-02,True
2026-05-02,Udinese,Torino,2.16904,0.812913,30193,2025,https://understat.com/getLeagueData/Serie_A/2025,2026-05-02,True
2026-05-03,Bologna,Cagliari,0.684487,0.871884,30185,2025,https://understat.com/getLeagueData/Serie_A/2025,2026-05-03,True
2026-05-03,Inter,Parma,2.01571,0.452228,30188,2025,https://understat.com/getLeagueData/Serie_A/2025,2026-05-03,True
2026-05-03,Juventus,Verona,2.68622,0.197193,30189,2025,https://understat.com/getLeagueData/Serie_A/2025,2026-05-03,True
2026-05-03,Sassuolo,Milan,2.23502,0.288558,30192,2025,https://understat.com/getLeagueData/Serie_A/2025,2026-05-03,True
2026-05-04,Cremonese,Lazio,0.55053,0.987521,30187,2025,https://understat.com/getLeagueData/Serie_A/2025,2026-05-04,True
2026-05-04,Roma,Fiorentina,2.84317,0.132194,30191,2025,https://understat.com/getLeagueData/Serie_A/2025,2026-05-04,True
2026-05-08,Torino,Sassuolo,3.06714,2.17042,30203,2025,https://understat.com/getLeagueData/Serie_A/2025,2026-05-08,True
2026-05-09,Cagliari,Udinese,1.56516,2.30592,30195,2025,https://understat.com/getLeagueData/Serie_A/2025,2026-05-09,True
2026-05-09,Lazio,Inter,0.502107,2.18245,30198,2025,https://understat.com/getLeagueData/Serie_A/2025,2026-05-09,True
2026-05-09,Lecce,Juventus,0.607959,1.95698,30199,2025,https://understat.com/getLeagueData/Serie_A/2025,2026-05-09,True
2026-05-10,Cremonese,Pisa,1.26744,0.0,30196,2025,https://understat.com/getLeagueData/Serie_A/2025,2026-05-10,True
2026-05-10,Fiorentina,Genoa,0.675179,0.52874,30197,2025,https://understat.com/getLeagueData/Serie_A/2025,2026-05-10,True
2026-05-10,Milan,Atalanta,2.28396,1.60752,30200,2025,https://understat.com/getLeagueData/Serie_A/2025,2026-05-10,True
2026-05-10,Parma,Roma,0.636151,3.02085,30202,2025,https://understat.com/getLeagueData/Serie_A/2025,2026-05-10,True
2026-05-10,Verona,Como,1.29052,1.06072,30194,2025,https://understat.com/getLeagueData/Serie_A/2025,2026-05-10,True
2026-05-11,Napoli,Bologna,1.22739,1.12339,30201,2025,https://understat.com/getLeagueData/Serie_A/2025,2026-05-11,True
2026-05-17,Atalanta,Bologna,0.871381,1.06559,30204,2025,https://understat.com/getLeagueData/Serie_A/2025,2026-05-17,True
2026-05-17,Cagliari,Torino,1.75883,1.33301,30205,2025,https://understat.com/getLeagueData/Serie_A/2025,2026-05-17,True
2026-05-17,Como,Parma,2.72094,0.483046,30206,2025,https://understat.com/getLeagueData/Serie_A/2025,2026-05-17,True
2026-05-17,Genoa,Milan,1.66881,1.55422,30207,2025,https://understat.com/getLeagueData/Serie_A/2025,2026-05-17,True
2026-05-17,Inter,Verona,2.84143,0.911763,30208,2025,https://understat.com/getLeagueData/Serie_A/2025,2026-05-17,True
2026-05-17,Juventus,Fiorentina,1.96289,0.513716,30209,2025,https://understat.com/getLeagueData/Serie_A/2025,2026-05-17,True
2026-05-17,Pisa,Napoli,0.721322,1.42016,30210,2025,https://understat.com/getLeagueData/Serie_A/2025,2026-05-17,True
2026-05-17,Roma,Lazio,1.31805,0.766648,30211,2025,https://understat.com/getLeagueData/Serie_A/2025,2026-05-17,True
2026-05-17,Sassuolo,Lecce,3.04719,1.29547,30212,2025,https://understat.com/getLeagueData/Serie_A/2025,2026-05-17,True
2026-05-17,Udinese,Cremonese,0.270585,0.671214,30213,2025,https://understat.com/getLeagueData/Serie_A/2025,2026-05-17,True
2026-05-22,Fiorentina,Atalanta,1.14732,1.58663,30216,2025,https://understat.com/getLeagueData/Serie_A/2025,2026-05-22,True
2026-05-23,Bologna,Inter,1.59682,1.18652,30214,2025,https://understat.com/getLeagueData/Serie_A/2025,2026-05-23,True
2026-05-23,Lazio,Pisa,1.02094,1.16758,30217,2025,https://understat.com/getLeagueData/Serie_A/2025,2026-05-23,True
2026-05-24,Cremonese,Como,0.977192,2.6911,30215,2025,https://understat.com/getLeagueData/Serie_A/2025,2026-05-24,True
2026-05-24,Lecce,Genoa,2.21387,0.782331,30218,2025,https://understat.com/getLeagueData/Serie_A/2025,2026-05-24,True
2026-05-24,Milan,Cagliari,1.75953,3.43624,30219,2025,https://understat.com/getLeagueData/Serie_A/2025,2026-05-24,True
2026-05-24,Napoli,Udinese,1.55853,0.517372,30220,2025,https://understat.com/getLeagueData/Serie_A/2025,2026-05-24,True
2026-05-24,Parma,Sassuolo,1.51292,1.06783,30221,2025,https://understat.com/getLeagueData/Serie_A/2025,2026-05-24,True
2026-05-24,Torino,Juventus,0.950066,2.53427,30222,2025,https://understat.com/getLeagueData/Serie_A/2025,2026-05-24,True
2026-05-24,Verona,Roma,0.597669,3.55506,30223,2025,https://understat.com/getLeagueData/Serie_A/2025,2026-05-24,True
2026-08-22,Genoa,Napoli,0.500846,1.15739,31563,2026,https://understat.com/getLeagueData/Serie_A/2026,2026-08-22,True
2026-08-22,Inter,Monza,1.5385,1.21666,31560,2026,https://understat.com/getLeagueData/Serie_A/2026,2026-08-22,True
2026-08-22,Parma,Cagliari,1.02972,1.2574,31562,2026,https://understat.com/getLeagueData/Serie_A/2026,2026-08-22,True
2026-08-22,Udinese,Como,2.12071,2.38585,31561,2026,https://understat.com/getLeagueData/Serie_A/2026,2026-08-22,True
2026-08-23,Atalanta,Sassuolo,0.922815,2.70103,31567,2026,https://understat.com/getLeagueData/Serie_A/2026,2026-08-23,True
2026-08-23,Frosinone,Juventus,0.365497,2.61714,31564,2026,https://understat.com/getLeagueData/Serie_A/2026,2026-08-23,True
2026-08-23,Torino,Milan,1.13035,1.74146,31566,2026,https://understat.com/getLeagueData/Serie_A/2026,2026-08-23,True
2026-08-23,Venezia,Lecce,3.19474,2.45246,31565,2026,https://understat.com/getLeagueData/Serie_A/2026,2026-08-23,True
2026-08-24,Bologna,Lazio,2.0643,0.805148,31568,2026,https://understat.com/getLeagueData/Serie_A/2026,2026-08-24,True
2026-08-24,Roma,Fiorentina,3.77522,0.287976,31569,2026,https://understat.com/getLeagueData/Serie_A/2026,2026-08-24,True
2026-08-28,Milan,Venezia,3.21774,0.521597,31570,2026,https://understat.com/getLeagueData/Serie_A/2026,2026-08-28,True
2026-08-29,Fiorentina,Frosinone,1.8162,1.95272,31573,2026,https://understat.com/getLeagueData/Serie_A/2026,2026-08-29,True
2026-08-29,Juventus,Parma,1.82242,0.200754,31574,2026,https://understat.com/getLeagueData/Serie_A/2026,2026-08-29,True
2026-08-29,Monza,Udinese,1.89797,1.02273,31571,2026,https://understat.com/getLeagueData/Serie_A/2026,2026-08-29,True
2026-08-29,Sassuolo,Torino,1.54523,1.50213,31572,2026,https://understat.com/getLeagueData/Serie_A/2026,2026-08-29,True
2026-08-30,Cagliari,Inter,0.323326,3.97224,31576,2026,https://understat.com/getLeagueData/Serie_A/2026,2026-08-30,True
2026-08-30,Lazio,Genoa,2.11324,0.743486,31577,2026,https://understat.com/getLeagueData/Serie_A/2026,2026-08-30,True
2026-08-30,Napoli,Como,1.03232,1.0975,31575,2026,https://understat.com/getLeagueData/Serie_A/2026,2026-08-30,True
2026-08-31,Atalanta,Bologna,0.176344,1.23523,31579,2026,https://understat.com/getLeagueData/Serie_A/2026,2026-08-31,True
2026-08-31,Lecce,Roma,1.20256,4.13617,31578,2026,https://understat.com/getLeagueData/Serie_A/2026,2026-08-31,True
2026-09-04,Genoa,Como,0.920577,2.00713,31580,2026,https://understat.com/getLeagueData/Serie_A/2026,2026-09-04,True
2026-09-05,Fiorentina,Torino,1.35877,0.771751,31581,2026,https://understat.com/getLeagueData/Serie_A/2026,2026-09-05,True
2026-09-05,Inter,Napoli,3.7848,2.32276,31582,2026,https://understat.com/getLeagueData/Serie_A/2026,2026-09-05,True
2026-09-05,Roma,Atalanta,3.54086,0.772123,31583,2026,https://understat.com/getLeagueData/Serie_A/2026,2026-09-05,True
2026-09-06,Bologna,Sassuolo,3.00787,1.8411,31586,2026,https://understat.com/getLeagueData/Serie_A/2026,2026-09-06,True
2026-09-06,Frosinone,Venezia,1.78975,2.43691,31584,2026,https://understat.com/getLeagueData/Serie_A/2026,2026-09-06,True
2026-09-06,Juventus,Milan,1.69177,0.0949898,31587,2026,https://understat.com/getLeagueData/Serie_A/2026,2026-09-06,True
2026-09-06,Parma,Monza,0.622609,2.10415,31585,2026,https://understat.com/getLeagueData/Serie_A/2026,2026-09-06,True
2026-09-07,Cagliari,Lecce,1.92177,0.445912,31588,2026,https://understat.com/getLeagueData/Serie_A/2026,2026-09-07,True
2026-09-07,Udinese,Lazio,0.797693,1.97943,31589,2026,https://understat.com/getLeagueData/Serie_A/2026,2026-09-07,True
2026-09-11,Venezia,Fiorentina,1.03183,3.12987,31590,2026,https://understat.com/getLeagueData/Serie_A/2026,2026-09-11,True
2026-09-12,Atalanta,Cagliari,1.47514,1.30851,31593,2026,https://understat.com/getLeagueData/Serie_A/2026,2026-09-12,True
2026-09-12,Genoa,Frosinone,1.84249,1.74599,31591,2026,https://understat.com/getLeagueData/Serie_A/2026,2026-09-12,True
2026-09-12,Lazio,Milan,2.363,2.15792,31598,2026,https://understat.com/getLeagueData/Serie_A/2026,2026-09-12,True
2026-09-13,Lecce,Monza,1.94577,3.08533,31595,2026,https://understat.com/getLeagueData/Serie_A/2026,2026-09-13,True
2026-09-13,Napoli,Bologna,2.24885,0.16597,31597,2026,https://understat.com/getLeagueData/Serie_A/2026,2026-09-13,True
2026-09-13,Sassuolo,Juventus,0.956092,1.1844,31592,2026,https://understat.com/getLeagueData/Serie_A/2026,2026-09-13,True
2026-09-14,Como,Parma,3.7711,1.55017,31596,2026,https://understat.com/getLeagueData/Serie_A/2026,2026-09-14,True
2026-09-14,Inter,Udinese,3.68526,1.29442,31599,2026,https://understat.com/getLeagueData/Serie_A/2026,2026-09-14,True
2026-09-14,Torino,Roma,0.706935,2.33311,31594,2026,https://understat.com/getLeagueData/Serie_A/2026,2026-09-14,True
2026-09-18,Monza,Sassuolo,1.6104,2.27094,31600,2026,https://understat.com/getLeagueData/Serie_A/2026,2026-09-18,True
2026-09-19,Bologna,Torino,0.699269,0.958071,31602,2026,https://understat.com/getLeagueData/Serie_A/2026,2026-09-19,True
2026-09-19,Roma,Inter,2.31246,2.58716,31603,2026,https://understat.com/getLeagueData/Serie_A/2026,2026-09-19,True
2026-09-19,Udinese,Cagliari,1.8486,0.636351,31601,2026,https://understat.com/getLeagueData/Serie_A/2026,2026-09-19,True
2026-09-19,Venezia,Lazio,1.84911,1.7718,31604,2026,https://understat.com/getLeagueData/Serie_A/2026,2026-09-19,True
2026-09-20,Fiorentina,Napoli,1.06168,2.13022,31605,2026,https://understat.com/getLeagueData/Serie_A/2026,2026-09-20,True
2026-09-20,Frosinone,Como,2.26034,2.28858,31606,2026,https://understat.com/getLeagueData/Serie_A/2026,2026-09-20,True
2026-09-20,Juventus,Atalanta,1.91682,0.489173,31608,2026,https://understat.com/getLeagueData/Serie_A/2026,2026-09-20,True
2026-09-20,Milan,Lecce,2.47529,0.217933,31609,2026,https://understat.com/getLeagueData/Serie_A/2026,2026-09-20,True
2026-09-20,Parma,Genoa,0.860604,0.86391,31607,2026,https://understat.com/getLeagueData/Serie_A/2026,2026-09-20,True
