date,HomeTeam,AwayTeam,xG_Home,xG_Away,understat_id,season,source_url,understat_date,results_date_verified
2015-08-07,Lille,Paris SG,0.914879,1.33457,1869,2015,https://understat.com/getLeagueData/Ligue_1/2015,2015-08-07,True
2015-08-08,Bastia,Rennes,0.460955,0.79874,1870,2015,https://understat.com/getLeagueData/Ligue_1/2015,2015-08-08,True
2015-08-08,Marseille,Caen,2.17995,0.945659,1871,2015,https://understat.com/getLeagueData/Ligue_1/2015,2015-08-08,True
2015-08-08,Montpellier,Angers,0.706047,1.54499,1872,2015,https://understat.com/getLeagueData/Ligue_1/2015,2015-08-08,True
2015-08-08,Nantes,Guingamp,0.27314,0.406765,1873,2015,https://understat.com/getLeagueData/Ligue_1/2015,2015-08-08,True
2015-08-08,Nice,Monaco,0.459874,2.81413,1874,2015,https://understat.com/getLeagueData/Ligue_1/2015,2015-08-08,True
2015-08-08,Troyes,Ajaccio GFCO,0.394458,1.05977,1875,2015,https://understat.com/getLeagueData/Ligue_1/2015,2015-08-08,True
2015-08-09,Bordeaux,Reims,1.10655,1.59495,1877,2015,https://understat.com/getLeagueData/Ligue_1/2015,2015-08-09,True
2015-08-09,Lyon,Lorient,1.07521,0.766583,1878,2015,https://understat.com/getLeagueData/Ligue_1/2015,2015-08-09,True
2015-08-09,Toulouse,St Etienne,0.483519,0.928139,1876,2015,https://understat.com/getLeagueData/Ligue_1/2015,2015-08-09,True
2015-08-14,Monaco,Lille,1.26252,1.12948,1879,2015,https://understat.com/getLeagueData/Ligue_1/2015,2015-08-14,True
2015-08-15,Angers,Nantes,0.391752,0.166221,1883,2015,https://understat.com/getLeagueData/Ligue_1/2015,2015-08-15,True
2015-08-15,Caen,Toulouse,1.53584,1.12809,1884,2015,https://understat.com/getLeagueData/Ligue_1/2015,2015-08-15,True
2015-08-15,Guingamp,Lyon,1.0359,0.738048,1885,2015,https://understat.com/getLeagueData/Ligue_1/2015,2015-08-15,True
2015-08-15,Rennes,Montpellier,0.718904,0.161006,1882,2015,https://understat.com/getLeagueData/Ligue_1/2015,2015-08-15,True
2015-08-15,St Etienne,Bordeaux,0.468482,1.47305,1880,2015,https://understat.com/getLeagueData/Ligue_1/2015,2015-08-15,True
2015-08-15,Troyes,Nice,1.26651,2.23276,1881,2015,https://understat.com/getLeagueData/Ligue_1/2015,2015-08-15,True
2015-08-16,Lorient,Bastia,1.71708,1.36492,1887,2015,https://understat.com/getLeagueData/Ligue_1/2015,2015-08-16,True
2015-08-16,Paris SG,Ajaccio GFCO,1.58401,0.150143,1888,2015,https://understat.com/getLeagueData/Ligue_1/2015,2015-08-16,True
2015-08-16,Reims,Marseille,0.941285,0.398183,1886,2015,https://understat.com/getLeagueData/Ligue_1/2015,2015-08-16,True
2015-08-21,Montpellier,Paris SG,0.372892,0.755727,1889,2015,https://understat.com/getLeagueData/Ligue_1/2015,2015-08-21,True
2015-08-22,Ajaccio GFCO,Angers,0.384935,1.15678,1895,2015,https://understat.com/getLeagueData/Ligue_1/2015,2015-08-22,True
2015-08-22,Bastia,Guingamp,1.283,1.37129,1894,2015,https://understat.com/getLeagueData/Ligue_1/2015,2015-08-22,True
2015-08-22,Lyon,Rennes,0.730806,0.42381,1890,2015,https://understat.com/getLeagueData/Ligue_1/2015,2015-08-22,True
2015-08-22,Nantes,Reims,1.91418,0.395955,1891,2015,https://understat.com/getLeagueData/Ligue_1/2015,2015-08-22,True
2015-08-22,Nice,Caen,1.09734,0.951564,1892,2015,https://understat.com/getLeagueData/Ligue_1/2015,2015-08-22,True
2015-08-22,Toulouse,Monaco,2.0162,1.42714,1893,2015,https://understat.com/getLeagueData/Ligue_1/2015,2015-08-22,True
2015-08-23,Lille,Bordeaux,1.76204,0.695256,1896,2015,https://understat.com/getLeagueData/Ligue_1/2015,2015-08-23,True
2015-08-23,Lorient,St Etienne,0.548561,2.35602,1897,2015,https://understat.com/getLeagueData/Ligue_1/2015,2015-08-23,True
2015-08-23,Marseille,Troyes,3.2103,0.267975,1898,2015,https://understat.com/getLeagueData/Ligue_1/2015,2015-08-23,True
2015-08-28,Guingamp,Marseille,1.78623,0.910693,1899,2015,https://understat.com/getLeagueData/Ligue_1/2015,2015-08-28,True
2015-08-29,Angers,Nice,0.304379,0.905213,1903,2015,https://understat.com/getLeagueData/Ligue_1/2015,2015-08-29,True
2015-08-29,Caen,Lyon,0.850493,1.09462,1900,2015,https://understat.com/getLeagueData/Ligue_1/2015,2015-08-29,True
2015-08-29,Lille,Ajaccio GFCO,0.756427,0.397943,1901,2015,https://understat.com/getLeagueData/Ligue_1/2015,2015-08-29,True
2015-08-29,Reims,Lorient,2.42331,0.420695,1904,2015,https://understat.com/getLeagueData/Ligue_1/2015,2015-08-29,True
2015-08-29,Rennes,Toulouse,1.91483,1.40577,1905,2015,https://understat.com/getLeagueData/Ligue_1/2015,2015-08-29,True
2015-08-29,Troyes,Montpellier,0.853602,0.768639,1902,2015,https://understat.com/getLeagueData/Ligue_1/2015,2015-08-29,True
2015-08-30,Bordeaux,Nantes,2.98014,0.358858,1907,2015,https://understat.com/getLeagueData/Ligue_1/2015,2015-08-30,True
2015-08-30,Monaco,Paris SG,0.13557,2.13619,1908,2015,https://understat.com/getLeagueData/Ligue_1/2015,2015-08-30,True
2015-08-30,St Etienne,Bastia,1.86817,0.607724,1906,2015,https://understat.com/getLeagueData/Ligue_1/2015,2015-08-30,True
2015-09-11,Paris SG,Bordeaux,1.55094,0.858052,1909,2015,https://understat.com/getLeagueData/Ligue_1/2015,2015-09-11,True
2015-09-12,Lorient,Angers,1.35999,0.735923,1912,2015,https://understat.com/getLeagueData/Ligue_1/2015,2015-09-12,True
2015-09-12,Lyon,Lille,0.850666,0.472192,1910,2015,https://understat.com/getLeagueData/Ligue_1/2015,2015-09-12,True
2015-09-12,Montpellier,St Etienne,1.54974,1.00785,1911,2015,https://understat.com/getLeagueData/Ligue_1/2015,2015-09-12,True
2015-09-12,Nice,Guingamp,0.792313,1.21767,1915,2015,https://understat.com/getLeagueData/Ligue_1/2015,2015-09-12,True
2015-09-12,Toulouse,Reims,2.22332,0.742111,1913,2015,https://understat.com/getLeagueData/Ligue_1/2015,2015-09-12,True
2015-09-12,Troyes,Caen,0.404312,1.61264,1914,2015,https://understat.com/getLeagueData/Ligue_1/2015,2015-09-12,True
2015-09-13,Ajaccio GFCO,Monaco,0.970684,2.98213,1916,2015,https://understat.com/getLeagueData/Ligue_1/2015,2015-09-13,True
2015-09-13,Marseille,Bastia,1.62468,0.490543,1918,2015,https://understat.com/getLeagueData/Ligue_1/2015,2015-09-13,True
2015-09-13,Nantes,Rennes,0.585464,2.24932,1917,2015,https://understat.com/getLeagueData/Ligue_1/2015,2015-09-13,True
2015-09-18,Rennes,Lille,2.13208,1.03901,1919,2015,https://understat.com/getLeagueData/Ligue_1/2015,2015-09-18,True
2015-09-19,Angers,Troyes,1.88805,1.6602,1921,2015,https://understat.com/getLeagueData/Ligue_1/2015,2015-09-19,True
2015-09-19,Bastia,Nice,0.627561,1.89072,1922,2015,https://understat.com/getLeagueData/Ligue_1/2015,2015-09-19,True
2015-09-19,Caen,Montpellier,1.66361,1.02822,1923,2015,https://understat.com/getLeagueData/Ligue_1/2015,2015-09-19,True
2015-09-19,Guingamp,Ajaccio GFCO,1.31453,0.222122,1924,2015,https://understat.com/getLeagueData/Ligue_1/2015,2015-09-19,True
2015-09-19,Reims,Paris SG,0.871294,1.48008,1920,2015,https://understat.com/getLeagueData/Ligue_1/2015,2015-09-19,True
2015-09-20,Bordeaux,Toulouse,2.15522,1.57594,1925,2015,https://understat.com/getLeagueData/Ligue_1/2015,2015-09-20,True
2015-09-20,Marseille,Lyon,1.04752,2.16016,1928,2015,https://understat.com/getLeagueData/Ligue_1/2015,2015-09-20,True
2015-09-20,Monaco,Lorient,1.63138,2.11518,1926,2015,https://understat.com/getLeagueData/Ligue_1/2015,2015-09-20,True
2015-09-20,St Etienne,Nantes,1.36073,0.375954,1927,2015,https://understat.com/getLeagueData/Ligue_1/2015,2015-09-20,True
2015-09-22,Angers,Reims,0.594462,0.179745,1929,2015,https://understat.com/getLeagueData/Ligue_1/2015,2015-09-22,True
2015-09-22,Paris SG,Guingamp,3.11111,0.415048,1930,2015,https://understat.com/getLeagueData/Ligue_1/2015,2015-09-22,True
2015-09-23,Ajaccio GFCO,Rennes,0.502333,1.6963,1935,2015,https://understat.com/getLeagueData/Ligue_1/2015,2015-09-23,True
2015-09-23,Lorient,Caen,1.06626,0.719549,1933,2015,https://understat.com/getLeagueData/Ligue_1/2015,2015-09-23,True
2015-09-23,Lyon,Bastia,2.50549,0.335527,1934,2015,https://understat.com/getLeagueData/Ligue_1/2015,2015-09-23,True
2015-09-23,Nice,Bordeaux,2.46066,0.843225,1932,2015,https://understat.com/getLeagueData/Ligue_1/2015,2015-09-23,True
2015-09-23,Toulouse,Marseille,0.863681,0.649146,1936,2015,https://understat.com/getLeagueData/Ligue_1/2015,2015-09-23,True
2015-09-23,Troyes,St Etienne,0.421449,1.5576,1931,2015,https://understat.com/getLeagueData/Ligue_1/2015,2015-09-23,True
2015-09-24,Montpellier,Monaco,1.82333,2.34549,1937,2015,https://understat.com/getLeagueData/Ligue_1/2015,2015-09-24,True
2015-09-25,Reims,Lille,1.94384,0.888466,1938,2015,https://understat.com/getLeagueData/Ligue_1/2015,2015-09-25,True
2015-09-26,Bastia,Toulouse,1.8254,1.182,1941,2015,https://understat.com/getLeagueData/Ligue_1/2015,2015-09-26,True
2015-09-26,Bordeaux,Lyon,1.5591,0.79393,1942,2015,https://understat.com/getLeagueData/Ligue_1/2015,2015-09-26,True
2015-09-26,Caen,Ajaccio GFCO,2.22963,0.270893,1943,2015,https://understat.com/getLeagueData/Ligue_1/2015,2015-09-26,True
2015-09-26,Nantes,Paris SG,0.54464,1.86069,1939,2015,https://understat.com/getLeagueData/Ligue_1/2015,2015-09-26,True
2015-09-26,Rennes,Troyes,1.24575,0.964618,1940,2015,https://understat.com/getLeagueData/Ligue_1/2015,2015-09-26,True
2015-09-27,Guingamp,Monaco,1.34153,1.01214,1946,2015,https://understat.com/getLeagueData/Ligue_1/2015,2015-09-27,True
2015-09-27,Marseille,Angers,1.57087,1.09501,1944,2015,https://understat.com/getLeagueData/Ligue_1/2015,2015-09-27,True
2015-09-27,Montpellier,Lorient,1.17693,0.508337,1945,2015,https://understat.com/getLeagueData/Ligue_1/2015,2015-09-27,True
2015-09-27,St Etienne,Nice,2.3979,1.06192,1947,2015,https://understat.com/getLeagueData/Ligue_1/2015,2015-09-27,True
2015-09-29,Lille,Nantes,1.158,1.58846,1948,2015,https://understat.com/getLeagueData/Ligue_1/2015,2015-09-29,True
2015-10-02,Lille,Montpellier,1.81242,1.10281,1949,2015,https://understat.com/getLeagueData/Ligue_1/2015,2015-10-02,True
2015-10-03,Ajaccio GFCO,Toulouse,0.807682,0.647119,1953,2015,https://understat.com/getLeagueData/Ligue_1/2015,2015-10-03,True
2015-10-03,Angers,Bastia,2.30918,0.461843,1952,2015,https://understat.com/getLeagueData/Ligue_1/2015,2015-10-03,True
2015-10-03,Lyon,Reims,1.8412,0.482603,1950,2015,https://understat.com/getLeagueData/Ligue_1/2015,2015-10-03,True
2015-10-03,Troyes,Guingamp,1.21348,2.19927,1951,2015,https://understat.com/getLeagueData/Ligue_1/2015,2015-10-03,True
2015-10-04,Caen,St Etienne,1.48946,0.761122,1955,2015,https://understat.com/getLeagueData/Ligue_1/2015,2015-10-04,True
2015-10-04,Lorient,Bordeaux,1.46745,0.755702,1956,2015,https://understat.com/getLeagueData/Ligue_1/2015,2015-10-04,True
2015-10-04,Monaco,Rennes,1.46766,1.53435,1954,2015,https://understat.com/getLeagueData/Ligue_1/2015,2015-10-04,True
2015-10-04,Paris SG,Marseille,3.63872,1.77639,1957,2015,https://understat.com/getLeagueData/Ligue_1/2015,2015-10-04,True
2015-10-16,Monaco,Lyon,1.11571,1.29317,1958,2015,https://understat.com/getLeagueData/Ligue_1/2015,2015-10-16,True
2015-10-17,Bastia,Paris SG,0.631104,1.78051,1959,2015,https://understat.com/getLeagueData/Ligue_1/2015,2015-10-17,True
2015-10-17,Guingamp,Lille,0.386919,0.690247,1964,2015,https://understat.com/getLeagueData/Ligue_1/2015,2015-10-17,True
2015-10-17,Nantes,Troyes,1.83778,0.88042,1960,2015,https://understat.com/getLeagueData/Ligue_1/2015,2015-10-17,True
2015-10-17,Reims,Caen,0.54891,1.33623,1961,2015,https://understat.com/getLeagueData/Ligue_1/2015,2015-10-17,True
2015-10-17,St Etienne,Ajaccio GFCO,0.616442,0.0897244,1962,2015,https://understat.com/getLeagueData/Ligue_1/2015,2015-10-17,True
2015-10-17,Toulouse,Angers,1.66935,0.362657,1963,2015,https://understat.com/getLeagueData/Ligue_1/2015,2015-10-17,True
2015-10-18,Bordeaux,Montpellier,0.93038,0.338106,1966,2015,https://understat.com/getLeagueData/Ligue_1/2015,2015-10-18,True
2015-10-18,Marseille,Lorient,1.64811,0.513929,1965,2015,https://understat.com/getLeagueData/Ligue_1/2015,2015-10-18,True
2015-10-18,Rennes,Nice,0.745276,2.09843,1967,2015,https://understat.com/getLeagueData/Ligue_1/2015,2015-10-18,True
2015-10-23,Caen,Nantes,1.20724,1.46833,1968,2015,https://understat.com/getLeagueData/Ligue_1/2015,2015-10-23,True
2015-10-23,Lyon,Toulouse,2.27945,0.726184,1969,2015,https://understat.com/getLeagueData/Ligue_1/2015,2015-10-23,True
2015-10-24,Ajaccio GFCO,Nice,0.65245,0.265865,1971,2015,https://understat.com/getLeagueData/Ligue_1/2015,2015-10-24,True
2015-10-24,Angers,Guingamp,0.320128,1.03781,1973,2015,https://understat.com/getLeagueData/Ligue_1/2015,2015-10-24,True
2015-10-24,Lorient,Rennes,1.26587,0.926945,1970,2015,https://understat.com/getLeagueData/Ligue_1/2015,2015-10-24,True
2015-10-24,Montpellier,Bastia,0.369404,0.896565,1972,2015,https://understat.com/getLeagueData/Ligue_1/2015,2015-10-24,True
2015-10-25,Bordeaux,Troyes,0.738685,1.20367,1976,2015,https://understat.com/getLeagueData/Ligue_1/2015,2015-10-25,True
2015-10-25,Lille,Marseille,0.975881,1.30852,1975,2015,https://understat.com/getLeagueData/Ligue_1/2015,2015-10-25,True
2015-10-25,Paris SG,St Etienne,4.46576,0.565349,1977,2015,https://understat.com/getLeagueData/Ligue_1/2015,2015-10-26,True
2015-10-25,Reims,Monaco,1.3777,1.69446,1974,2015,https://understat.com/getLeagueData/Ligue_1/2015,2015-10-25,True
2015-10-30,Rennes,Paris SG,0.185016,0.699325,1978,2015,https://understat.com/getLeagueData/Ligue_1/2015,2015-10-30,True
2015-10-31,Ajaccio GFCO,Bordeaux,0.269548,0.285349,1981,2015,https://understat.com/getLeagueData/Ligue_1/2015,2015-10-31,True
2015-10-31,Bastia,Caen,0.704916,0.282678,1980,2015,https://understat.com/getLeagueData/Ligue_1/2015,2015-10-31,True
2015-10-31,Guingamp,Lorient,0.964736,1.66937,1982,2015,https://understat.com/getLeagueData/Ligue_1/2015,2015-10-31,True
2015-10-31,St Etienne,Reims,3.28677,0.336436,1979,2015,https://understat.com/getLeagueData/Ligue_1/2015,2015-10-31,True
2015-10-31,Toulouse,Montpellier,0.709547,0.356524,1984,2015,https://understat.com/getLeagueData/Ligue_1/2015,2015-10-31,True
2015-10-31,Troyes,Lyon,0.36672,2.39165,1983,2015,https://understat.com/getLeagueData/Ligue_1/2015,2015-10-31,True
2015-11-01,Monaco,Angers,2.10979,0.688198,1986,2015,https://understat.com/getLeagueData/Ligue_1/2015,2015-11-01,True
2015-11-01,Nantes,Marseille,0.376484,0.538246,1987,2015,https://understat.com/getLeagueData/Ligue_1/2015,2015-11-02,True
2015-11-01,Nice,Lille,0.924375,0.376406,1985,2015,https://understat.com/getLeagueData/Ligue_1/2015,2015-11-01,True
2015-11-04,Nice,Nantes,1.43923,1.94478,1988,2015,https://understat.com/getLeagueData/Ligue_1/2015,2015-11-04,True
2015-11-06,Angers,Rennes,1.61712,0.803349,1989,2015,https://understat.com/getLeagueData/Ligue_1/2015,2015-11-06,True
2015-11-07,Caen,Guingamp,1.23155,1.31109,1993,2015,https://understat.com/getLeagueData/Ligue_1/2015,2015-11-07,True
2015-11-07,Lille,Bastia,1.47952,0.623895,1994,2015,https://understat.com/getLeagueData/Ligue_1/2015,2015-11-07,True
2015-11-07,Lorient,Troyes,3.25698,1.50976,1992,2015,https://understat.com/getLeagueData/Ligue_1/2015,2015-11-07,True
2015-11-07,Montpellier,Nantes,1.88516,0.583807,1991,2015,https://understat.com/getLeagueData/Ligue_1/2015,2015-11-07,True
2015-11-07,Paris SG,Toulouse,2.03364,0.218218,1990,2015,https://understat.com/getLeagueData/Ligue_1/2015,2015-11-07,True
2015-11-07,Reims,Ajaccio GFCO,1.40753,0.900066,1995,2015,https://understat.com/getLeagueData/Ligue_1/2015,2015-11-07,True
2015-11-08,Bordeaux,Monaco,1.19574,1.1594,1998,2015,https://understat.com/getLeagueData/Ligue_1/2015,2015-11-09,True
2015-11-08,Lyon,St Etienne,2.31074,0.186858,1997,2015,https://understat.com/getLeagueData/Ligue_1/2015,2015-11-09,True
2015-11-08,Marseille,Nice,0.631141,0.414738,1996,2015,https://understat.com/getLeagueData/Ligue_1/2015,2015-11-08,True
2015-11-20,Nice,Lyon,2.33671,1.24162,1999,2015,https://understat.com/getLeagueData/Ligue_1/2015,2015-11-20,True
2015-11-21,Guingamp,Toulouse,1.40676,0.978971,2001,2015,https://understat.com/getLeagueData/Ligue_1/2015,2015-11-21,True
2015-11-21,Lorient,Paris SG,1.05284,1.66927,2000,2015,https://understat.com/getLeagueData/Ligue_1/2015,2015-11-21,True
2015-11-21,Monaco,Nantes,1.22637,0.40002,2003,2015,https://understat.com/getLeagueData/Ligue_1/2015,2015-11-21,True
2015-11-21,Montpellier,Reims,2.57283,0.578896,2002,2015,https://understat.com/getLeagueData/Ligue_1/2015,2015-11-21,True
2015-11-21,Troyes,Lille,1.0881,1.36525,2004,2015,https://understat.com/getLeagueData/Ligue_1/2015,2015-11-21,True
2015-11-22,Bastia,Ajaccio GFCO,0.561993,1.91295,2005,2015,https://understat.com/getLeagueData/Ligue_1/2015,2015-11-22,True
2015-11-22,Caen,Angers,0.508898,0.379171,2006,2015,https://understat.com/getLeagueData/Ligue_1/2015,2015-11-22,True
2015-11-22,Rennes,Bordeaux,1.60804,2.03833,2007,2015,https://understat.com/getLeagueData/Ligue_1/2015,2015-11-22,True
2015-11-22,St Etienne,Marseille,0.711899,1.77851,2008,2015,https://understat.com/getLeagueData/Ligue_1/2015,2015-11-23,True
2015-11-27,Lyon,Montpellier,1.64889,3.42947,2009,2015,https://understat.com/getLeagueData/Ligue_1/2015,2015-11-27,True
2015-11-28,Ajaccio GFCO,Lorient,1.09623,0.987739,2012,2015,https://understat.com/getLeagueData/Ligue_1/2015,2015-11-28,True
2015-11-28,Angers,Lille,1.41771,0.397994,2015,2015,https://understat.com/getLeagueData/Ligue_1/2015,2015-11-28,True
2015-11-28,Nantes,Bastia,1.11673,0.227311,2011,2015,https://understat.com/getLeagueData/Ligue_1/2015,2015-11-28,True
2015-11-28,Paris SG,Troyes,3.14432,0.294756,2010,2015,https://understat.com/getLeagueData/Ligue_1/2015,2015-11-28,True
2015-11-28,Reims,Rennes,1.15581,1.04313,2014,2015,https://understat.com/getLeagueData/Ligue_1/2015,2015-11-28,True
2015-11-28,Toulouse,Nice,2.32171,0.369796,2013,2015,https://understat.com/getLeagueData/Ligue_1/2015,2015-11-28,True
2015-11-29,Bordeaux,Caen,0.720492,1.73398,2017,2015,https://understat.com/getLeagueData/Ligue_1/2015,2015-11-29,True
2015-11-29,Marseille,Monaco,1.78687,1.82368,2018,2015,https://understat.com/getLeagueData/Ligue_1/2015,2015-11-30,True
2015-11-29,St Etienne,Guingamp,2.58964,1.78537,2016,2015,https://understat.com/getLeagueData/Ligue_1/2015,2015-11-29,True
2015-12-01,Angers,Paris SG,0.589837,0.653705,2019,2015,https://understat.com/getLeagueData/Ligue_1/2015,2015-12-01,True
2015-12-01,Lorient,Nice,0.361017,1.03623,2020,2015,https://understat.com/getLeagueData/Ligue_1/2015,2015-12-01,True
2015-12-01,Nantes,Lyon,0.878455,0.711974,2021,2015,https://understat.com/getLeagueData/Ligue_1/2015,2015-12-02,True
2015-12-02,Bastia,Bordeaux,0.958588,0.42822,2025,2015,https://understat.com/getLeagueData/Ligue_1/2015,2015-12-02,True
2015-12-02,Guingamp,Reims,0.736905,0.872848,2026,2015,https://understat.com/getLeagueData/Ligue_1/2015,2015-12-02,True
2015-12-02,Lille,St Etienne,0.408642,0.367291,2027,2015,https://understat.com/getLeagueData/Ligue_1/2015,2015-12-03,True
2015-12-02,Monaco,Caen,0.618885,0.651609,2023,2015,https://understat.com/getLeagueData/Ligue_1/2015,2015-12-02,True
2015-12-02,Montpellier,Ajaccio GFCO,1.46601,0.968115,2024,2015,https://understat.com/getLeagueData/Ligue_1/2015,2015-12-02,True
2015-12-02,Troyes,Toulouse,1.02724,2.22313,2022,2015,https://understat.com/getLeagueData/Ligue_1/2015,2015-12-02,True
2015-12-03,Rennes,Marseille,1.06062,0.823838,2028,2015,https://understat.com/getLeagueData/Ligue_1/2015,2015-12-04,True
2015-12-04,Nice,Paris SG,0.562786,3.77388,2029,2015,https://understat.com/getLeagueData/Ligue_1/2015,2015-12-04,True
2015-12-05,Ajaccio GFCO,Nantes,1.34719,1.36347,2035,2015,https://understat.com/getLeagueData/Ligue_1/2015,2015-12-05,True
2015-12-05,Bastia,Monaco,0.2207,2.23633,2033,2015,https://understat.com/getLeagueData/Ligue_1/2015,2015-12-05,True
2015-12-05,Caen,Lille,1.12223,1.39295,2034,2015,https://understat.com/getLeagueData/Ligue_1/2015,2015-12-05,True
2015-12-05,Lyon,Angers,0.700009,0.69754,2030,2015,https://understat.com/getLeagueData/Ligue_1/2015,2015-12-05,True
2015-12-05,Reims,Troyes,1.40096,0.5584,2031,2015,https://understat.com/getLeagueData/Ligue_1/2015,2015-12-05,True
2015-12-05,Toulouse,Lorient,2.28205,1.01913,2032,2015,https://understat.com/getLeagueData/Ligue_1/2015,2015-12-05,True
2015-12-06,Bordeaux,Guingamp,0.696353,0.531661,2037,2015,https://understat.com/getLeagueData/Ligue_1/2015,2015-12-06,True
2015-12-06,Marseille,Montpellier,1.5439,0.840059,2036,2015,https://understat.com/getLeagueData/Ligue_1/2015,2015-12-06,True
2015-12-06,St Etienne,Rennes,1.47089,0.765019,2038,2015,https://understat.com/getLeagueData/Ligue_1/2015,2015-12-07,True
2015-12-11,Rennes,Caen,1.68763,0.991033,2039,2015,https://understat.com/getLeagueData/Ligue_1/2015,2015-12-11,True
2015-12-12,Lille,Lorient,2.15989,0.418619,2044,2015,https://understat.com/getLeagueData/Ligue_1/2015,2015-12-12,True
2015-12-12,Montpellier,Guingamp,1.53801,0.233626,2042,2015,https://understat.com/getLeagueData/Ligue_1/2015,2015-12-12,True
2015-12-12,Nantes,Toulouse,1.06156,0.663031,2041,2015,https://understat.com/getLeagueData/Ligue_1/2015,2015-12-12,True
2015-12-12,Reims,Nice,1.31908,0.802532,2040,2015,https://understat.com/getLeagueData/Ligue_1/2015,2015-12-12,True
2015-12-12,Troyes,Bastia,1.38713,0.48313,2043,2015,https://understat.com/getLeagueData/Ligue_1/2015,2015-12-12,True
2015-12-13,Angers,Bordeaux,1.38052,0.557138,2047,2015,https://understat.com/getLeagueData/Ligue_1/2015,2015-12-13,True
2015-12-13,Marseille,Ajaccio GFCO,1.22681,1.17612,2046,2015,https://understat.com/getLeagueData/Ligue_1/2015,2015-12-13,True
2015-12-13,Monaco,St Etienne,1.45029,0.470198,2045,2015,https://understat.com/getLeagueData/Ligue_1/2015,2015-12-13,True
2015-12-13,Paris SG,Lyon,2.93193,0.19264,2048,2015,https://understat.com/getLeagueData/Ligue_1/2015,2015-12-14,True
2015-12-18,Nice,Montpellier,0.63676,0.765272,2049,2015,https://understat.com/getLeagueData/Ligue_1/2015,2015-12-18,True
2015-12-19,Bastia,Reims,0.595413,0.724764,2051,2015,https://understat.com/getLeagueData/Ligue_1/2015,2015-12-19,True
2015-12-19,Caen,Paris SG,1.11522,2.46206,2050,2015,https://understat.com/getLeagueData/Ligue_1/2015,2015-12-19,True
2015-12-19,Guingamp,Rennes,0.822078,1.13123,2052,2015,https://understat.com/getLeagueData/Ligue_1/2015,2015-12-19,True
2015-12-19,Lorient,Nantes,1.84234,1.03257,2053,2015,https://understat.com/getLeagueData/Ligue_1/2015,2015-12-19,True
2015-12-19,Toulouse,Lille,1.09533,1.53278,2054,2015,https://understat.com/getLeagueData/Ligue_1/2015,2015-12-19,True
2015-12-19,Troyes,Monaco,0.412486,1.30889,2055,2015,https://understat.com/getLeagueData/Ligue_1/2015,2015-12-19,True
2015-12-20,Ajaccio GFCO,Lyon,1.49393,1.1915,2057,2015,https://understat.com/getLeagueData/Ligue_1/2015,2015-12-20,True
2015-12-20,Bordeaux,Marseille,1.39029,0.318664,2058,2015,https://understat.com/getLeagueData/Ligue_1/2015,2015-12-21,True
2015-12-20,St Etienne,Angers,1.10724,0.421122,2056,2015,https://understat.com/getLeagueData/Ligue_1/2015,2015-12-20,True
2016-01-08,Paris SG,Bastia,2.58941,0.227448,2059,2015,https://understat.com/getLeagueData/Ligue_1/2015,2016-01-08,True
2016-01-09,Angers,Caen,1.1889,1.04746,2064,2015,https://understat.com/getLeagueData/Ligue_1/2015,2016-01-09,True
2016-01-09,Lyon,Troyes,1.57896,0.281148,2060,2015,https://understat.com/getLeagueData/Ligue_1/2015,2016-01-09,True
2016-01-09,Monaco,Ajaccio GFCO,1.85303,0.452751,2065,2015,https://understat.com/getLeagueData/Ligue_1/2015,2016-01-09,True
2016-01-09,Montpellier,Bordeaux,1.67221,1.76628,2061,2015,https://understat.com/getLeagueData/Ligue_1/2015,2016-01-09,True
2016-01-09,Reims,Toulouse,0.663137,1.79276,2062,2015,https://understat.com/getLeagueData/Ligue_1/2015,2016-01-09,True
2016-01-09,Rennes,Lorient,0.866972,0.998653,2063,2015,https://understat.com/getLeagueData/Ligue_1/2015,2016-01-09,True
2016-01-10,Lille,Nice,0.843157,0.362208,2067,2015,https://understat.com/getLeagueData/Ligue_1/2015,2016-01-10,True
2016-01-10,Marseille,Guingamp,1.01882,0.492774,2068,2015,https://understat.com/getLeagueData/Ligue_1/2015,2016-01-11,True
2016-01-10,Nantes,St Etienne,1.96071,1.2147,2066,2015,https://understat.com/getLeagueData/Ligue_1/2015,2016-01-10,True
2016-01-15,Nice,Angers,1.80834,0.622403,2069,2015,https://understat.com/getLeagueData/Ligue_1/2015,2016-01-15,True
2016-01-16,Ajaccio GFCO,Reims,2.46114,0.653273,2072,2015,https://understat.com/getLeagueData/Ligue_1/2015,2016-01-16,True
2016-01-16,Bastia,Montpellier,0.520743,0.845241,2071,2015,https://understat.com/getLeagueData/Ligue_1/2015,2016-01-16,True
2016-01-16,Bordeaux,Lille,0.760121,0.215194,2075,2015,https://understat.com/getLeagueData/Ligue_1/2015,2016-01-16,True
2016-01-16,Guingamp,Nantes,1.21979,0.708649,2073,2015,https://understat.com/getLeagueData/Ligue_1/2015,2016-01-16,True
2016-01-16,Toulouse,Paris SG,0.672012,0.851646,2070,2015,https://understat.com/getLeagueData/Ligue_1/2015,2016-01-16,True
2016-01-16,Troyes,Rennes,0.87041,3.43107,2074,2015,https://understat.com/getLeagueData/Ligue_1/2015,2016-01-16,True
2016-01-17,Caen,Marseille,0.710914,1.98866,2077,2015,https://understat.com/getLeagueData/Ligue_1/2015,2016-01-17,True
2016-01-17,Lorient,Monaco,0.661097,0.688892,2076,2015,https://understat.com/getLeagueData/Ligue_1/2015,2016-01-17,True
2016-01-17,St Etienne,Lyon,0.629161,1.40956,2078,2015,https://understat.com/getLeagueData/Ligue_1/2015,2016-01-18,True
2016-01-22,Rennes,Ajaccio GFCO,1.43229,0.354163,2079,2015,https://understat.com/getLeagueData/Ligue_1/2015,2016-01-22,True
2016-01-23,Guingamp,Bastia,2.02847,0.201846,2081,2015,https://understat.com/getLeagueData/Ligue_1/2015,2016-01-23,True
2016-01-23,Lille,Troyes,1.8398,0.766181,2083,2015,https://understat.com/getLeagueData/Ligue_1/2015,2016-01-23,True
2016-01-23,Montpellier,Caen,1.94694,0.597596,2084,2015,https://understat.com/getLeagueData/Ligue_1/2015,2016-01-23,True
2016-01-23,Nantes,Bordeaux,0.946038,0.868853,2082,2015,https://understat.com/getLeagueData/Ligue_1/2015,2016-01-23,True
2016-01-23,Nice,Lorient,0.467749,1.23003,2085,2015,https://understat.com/getLeagueData/Ligue_1/2015,2016-01-23,True
2016-01-23,Paris SG,Angers,2.62942,0.338627,2080,2015,https://understat.com/getLeagueData/Ligue_1/2015,2016-01-23,True
2016-01-24,Lyon,Marseille,2.48082,0.872984,2088,2015,https://understat.com/getLeagueData/Ligue_1/2015,2016-01-25,True
2016-01-24,Monaco,Toulouse,3.0319,1.39268,2086,2015,https://understat.com/getLeagueData/Ligue_1/2015,2016-01-24,True
2016-01-24,Reims,St Etienne,1.93279,0.279599,2087,2015,https://understat.com/getLeagueData/Ligue_1/2015,2016-01-24,True
2016-01-29,Marseille,Lille,1.78823,1.50673,2089,2015,https://understat.com/getLeagueData/Ligue_1/2015,2016-01-29,True
2016-01-30,Ajaccio GFCO,Montpellier,0.930389,1.64948,2093,2015,https://understat.com/getLeagueData/Ligue_1/2015,2016-01-30,True
2016-01-30,Angers,Monaco,2.36032,0.451676,2090,2015,https://understat.com/getLeagueData/Ligue_1/2015,2016-01-30,True
2016-01-30,Bastia,Lyon,0.748198,0.408979,2094,2015,https://understat.com/getLeagueData/Ligue_1/2015,2016-01-30,True
2016-01-30,Lorient,Reims,1.5107,1.47085,2092,2015,https://understat.com/getLeagueData/Ligue_1/2015,2016-01-30,True
2016-01-30,Toulouse,Guingamp,2.35913,1.18688,2095,2015,https://understat.com/getLeagueData/Ligue_1/2015,2016-01-30,True
2016-01-30,Troyes,Nantes,0.77326,0.804304,2091,2015,https://understat.com/getLeagueData/Ligue_1/2015,2016-01-30,True
2016-01-31,Bordeaux,Rennes,1.5538,0.72082,2097,2015,https://understat.com/getLeagueData/Ligue_1/2015,2016-01-31,True
2016-01-31,Caen,Nice,2.23948,1.46292,2096,2015,https://understat.com/getLeagueData/Ligue_1/2015,2016-01-31,True
2016-01-31,St Etienne,Paris SG,0.66288,2.05075,2098,2015,https://understat.com/getLeagueData/Ligue_1/2015,2016-02-01,True
2016-02-02,Monaco,Bastia,1.2268,0.402997,2099,2015,https://understat.com/getLeagueData/Ligue_1/2015,2016-02-02,True
2016-02-02,Montpellier,Marseille,0.509503,0.141059,2100,2015,https://understat.com/getLeagueData/Ligue_1/2015,2016-02-03,True
2016-02-03,Guingamp,Troyes,2.1887,1.28691,2103,2015,https://understat.com/getLeagueData/Ligue_1/2015,2016-02-03,True
2016-02-03,Lille,Caen,0.825199,0.440985,2105,2015,https://understat.com/getLeagueData/Ligue_1/2015,2016-02-03,True
2016-02-03,Lyon,Bordeaux,2.4848,1.10364,2102,2015,https://understat.com/getLeagueData/Ligue_1/2015,2016-02-03,True
2016-02-03,Nantes,Ajaccio GFCO,1.88702,0.515582,2104,2015,https://understat.com/getLeagueData/Ligue_1/2015,2016-02-03,True
2016-02-03,Nice,Toulouse,1.26807,0.736535,2101,2015,https://understat.com/getLeagueData/Ligue_1/2015,2016-02-03,True
2016-02-03,Paris SG,Lorient,2.60881,0.513408,2107,2015,https://understat.com/getLeagueData/Ligue_1/2015,2016-02-04,True
2016-02-03,Reims,Angers,0.759326,1.36757,2106,2015,https://understat.com/getLeagueData/Ligue_1/2015,2016-02-03,True
2016-02-04,Rennes,St Etienne,0.601554,0.660476,2108,2015,https://understat.com/getLeagueData/Ligue_1/2015,2016-02-05,True
2016-02-06,Ajaccio GFCO,Guingamp,0.838579,0.0436037,2112,2015,https://understat.com/getLeagueData/Ligue_1/2015,2016-02-06,True
2016-02-06,Angers,Lyon,0.3307,0.586887,2110,2015,https://understat.com/getLeagueData/Ligue_1/2015,2016-02-06,True
2016-02-06,Bastia,Troyes,2.19574,0.352925,2113,2015,https://understat.com/getLeagueData/Ligue_1/2015,2016-02-06,True
2016-02-06,Caen,Reims,1.85273,2.39774,2114,2015,https://understat.com/getLeagueData/Ligue_1/2015,2016-02-06,True
2016-02-06,Lorient,Montpellier,0.414402,0.638421,2111,2015,https://understat.com/getLeagueData/Ligue_1/2015,2016-02-06,True
2016-02-06,Monaco,Nice,1.86111,0.838579,2109,2015,https://understat.com/getLeagueData/Ligue_1/2015,2016-02-06,True
2016-02-06,Toulouse,Nantes,0.560312,0.793973,2115,2015,https://understat.com/getLeagueData/Ligue_1/2015,2016-02-06,True
2016-02-07,Bordeaux,St Etienne,0.852137,3.2558,2117,2015,https://understat.com/getLeagueData/Ligue_1/2015,2016-02-07,True
2016-02-07,Lille,Rennes,1.67631,1.11632,2116,2015,https://understat.com/getLeagueData/Ligue_1/2015,2016-02-07,True
2016-02-07,Marseille,Paris SG,0.985051,1.74708,2118,2015,https://understat.com/getLeagueData/Ligue_1/2015,2016-02-08,True
2016-02-12,Rennes,Angers,0.706743,0.65555,2119,2015,https://understat.com/getLeagueData/Ligue_1/2015,2016-02-12,True
2016-02-13,Ajaccio GFCO,Troyes,2.27489,0.7699,2125,2015,https://understat.com/getLeagueData/Ligue_1/2015,2016-02-13,True
2016-02-13,Guingamp,Bordeaux,0.813793,2.10544,2122,2015,https://understat.com/getLeagueData/Ligue_1/2015,2016-02-13,True
2016-02-13,Montpellier,Toulouse,1.1956,0.508883,2124,2015,https://understat.com/getLeagueData/Ligue_1/2015,2016-02-13,True
2016-02-13,Nantes,Lorient,1.33963,0.842693,2123,2015,https://understat.com/getLeagueData/Ligue_1/2015,2016-02-13,True
2016-02-13,Paris SG,Lille,1.71392,0.0978456,2120,2015,https://understat.com/getLeagueData/Ligue_1/2015,2016-02-13,True
2016-02-13,Reims,Bastia,1.45592,0.53604,2121,2015,https://understat.com/getLeagueData/Ligue_1/2015,2016-02-13,True
2016-02-14,Lyon,Caen,3.89327,1.10005,2126,2015,https://understat.com/getLeagueData/Ligue_1/2015,2016-02-14,True
2016-02-14,Nice,Marseille,0.82826,2.12875,2128,2015,https://understat.com/getLeagueData/Ligue_1/2015,2016-02-15,True
2016-02-14,St Etienne,Monaco,2.03388,1.23838,2127,2015,https://understat.com/getLeagueData/Ligue_1/2015,2016-02-14,True
2016-02-19,Bordeaux,Nice,1.24852,0.478741,2129,2015,https://understat.com/getLeagueData/Ligue_1/2015,2016-02-19,True
2016-02-20,Angers,Montpellier,1.59164,1.63244,2133,2015,https://understat.com/getLeagueData/Ligue_1/2015,2016-02-20,True
2016-02-20,Lorient,Guingamp,2.44896,0.879315,2131,2015,https://understat.com/getLeagueData/Ligue_1/2015,2016-02-20,True
2016-02-20,Monaco,Troyes,3.25503,1.19478,2134,2015,https://understat.com/getLeagueData/Ligue_1/2015,2016-02-20,True
2016-02-20,Paris SG,Reims,2.123,0.678292,2130,2015,https://understat.com/getLeagueData/Ligue_1/2015,2016-02-20,True
2016-02-20,Toulouse,Ajaccio GFCO,1.21292,1.10248,2132,2015,https://understat.com/getLeagueData/Ligue_1/2015,2016-02-20,True
2016-02-21,Caen,Rennes,1.3894,0.353428,2136,2015,https://understat.com/getLeagueData/Ligue_1/2015,2016-02-21,True
2016-02-21,Lille,Lyon,0.746493,0.633253,2137,2015,https://understat.com/getLeagueData/Ligue_1/2015,2016-02-22,True
2016-02-21,Marseille,St Etienne,0.839334,0.984151,2135,2015,https://understat.com/getLeagueData/Ligue_1/2015,2016-02-21,True
2016-02-26,Nice,Bastia,1.30364,0.646332,2138,2015,https://understat.com/getLeagueData/Ligue_1/2015,2016-02-26,True
2016-02-27,Guingamp,Angers,2.4048,1.02966,2142,2015,https://understat.com/getLeagueData/Ligue_1/2015,2016-02-27,True
2016-02-27,Montpellier,Lille,1.92669,0.356202,2139,2015,https://understat.com/getLeagueData/Ligue_1/2015,2016-02-27,True
2016-02-27,Reims,Bordeaux,1.51818,1.01931,2140,2015,https://understat.com/getLeagueData/Ligue_1/2015,2016-02-27,True
2016-02-27,Toulouse,Rennes,0.489643,1.31675,2141,2015,https://understat.com/getLeagueData/Ligue_1/2015,2016-02-27,True
2016-02-27,Troyes,Lorient,0.834748,2.31848,2143,2015,https://understat.com/getLeagueData/Ligue_1/2015,2016-02-27,True
2016-02-28,Lyon,Paris SG,1.44709,0.341938,2146,2015,https://understat.com/getLeagueData/Ligue_1/2015,2016-02-29,True
2016-02-28,Nantes,Monaco,1.39127,0.357798,2144,2015,https://understat.com/getLeagueData/Ligue_1/2015,2016-02-28,True
2016-02-28,St Etienne,Caen,1.76354,1.45084,2145,2015,https://understat.com/getLeagueData/Ligue_1/2015,2016-02-28,True
2016-03-04,Caen,Monaco,1.25259,0.523789,2147,2015,https://understat.com/getLeagueData/Ligue_1/2015,2016-03-04,True
2016-03-05,Angers,St Etienne,0.284604,1.16763,2150,2015,https://understat.com/getLeagueData/Ligue_1/2015,2016-03-05,True
2016-03-05,Bastia,Lorient,1.59793,0.100743,2149,2015,https://understat.com/getLeagueData/Ligue_1/2015,2016-03-05,True
2016-03-05,Bordeaux,Ajaccio GFCO,1.96034,0.182807,2151,2015,https://understat.com/getLeagueData/Ligue_1/2015,2016-03-05,True
2016-03-05,Lille,Reims,1.57572,0.360193,2152,2015,https://understat.com/getLeagueData/Ligue_1/2015,2016-03-05,True
2016-03-05,Nice,Troyes,1.89872,1.00924,2153,2015,https://understat.com/getLeagueData/Ligue_1/2015,2016-03-05,True
2016-03-05,Paris SG,Montpellier,1.58349,0.238527,2148,2015,https://understat.com/getLeagueData/Ligue_1/2015,2016-03-05,True
2016-03-06,Lyon,Guingamp,3.25493,1.7776,2156,2015,https://understat.com/getLeagueData/Ligue_1/2015,2016-03-07,True
2016-03-06,Marseille,Toulouse,1.60371,1.57247,2154,2015,https://understat.com/getLeagueData/Ligue_1/2015,2016-03-06,True
2016-03-06,Rennes,Nantes,1.21904,0.827543,2155,2015,https://understat.com/getLeagueData/Ligue_1/2015,2016-03-06,True
2016-03-09,Ajaccio GFCO,Marseille,1.35918,1.1007,2158,2015,https://understat.com/getLeagueData/Ligue_1/2015,2016-03-09,True
2016-03-09,Bastia,Nantes,0.183823,0.344478,2157,2015,https://understat.com/getLeagueData/Ligue_1/2015,2016-03-09,True
2016-03-11,Monaco,Reims,1.27343,1.46734,2159,2015,https://understat.com/getLeagueData/Ligue_1/2015,2016-03-11,True
2016-03-12,Ajaccio GFCO,Caen,1.1599,0.901377,2161,2015,https://understat.com/getLeagueData/Ligue_1/2015,2016-03-12,True
2016-03-12,Bastia,Lille,1.10643,1.08963,2164,2015,https://understat.com/getLeagueData/Ligue_1/2015,2016-03-12,True
2016-03-12,Guingamp,St Etienne,1.4605,0.636957,2162,2015,https://understat.com/getLeagueData/Ligue_1/2015,2016-03-12,True
2016-03-12,Lorient,Marseille,1.56973,1.26139,2160,2015,https://understat.com/getLeagueData/Ligue_1/2015,2016-03-12,True
2016-03-12,Montpellier,Nice,1.16735,1.79157,2163,2015,https://understat.com/getLeagueData/Ligue_1/2015,2016-03-12,True
2016-03-12,Toulouse,Bordeaux,3.99474,0.551943,2165,2015,https://understat.com/getLeagueData/Ligue_1/2015,2016-03-12,True
2016-03-13,Nantes,Angers,1.06253,0.17099,2167,2015,https://understat.com/getLeagueData/Ligue_1/2015,2016-03-13,True
2016-03-13,Rennes,Lyon,1.3809,2.47073,2168,2015,https://understat.com/getLeagueData/Ligue_1/2015,2016-03-14,True
2016-03-13,Troyes,Paris SG,1.37172,4.30333,2166,2015,https://understat.com/getLeagueData/Ligue_1/2015,2016-03-13,True
2016-03-18,Marseille,Rennes,2.00585,1.82004,2169,2015,https://understat.com/getLeagueData/Ligue_1/2015,2016-03-18,True
2016-03-19,Angers,Lorient,4.14206,0.436345,2171,2015,https://understat.com/getLeagueData/Ligue_1/2015,2016-03-19,True
2016-03-19,Caen,Troyes,1.35728,0.537588,2173,2015,https://understat.com/getLeagueData/Ligue_1/2015,2016-03-19,True
2016-03-19,Lille,Toulouse,0.263497,0.904971,2172,2015,https://understat.com/getLeagueData/Ligue_1/2015,2016-03-19,True
2016-03-19,Lyon,Nantes,2.33773,0.293893,2175,2015,https://understat.com/getLeagueData/Ligue_1/2015,2016-03-20,True
2016-03-19,Reims,Guingamp,1.64607,0.216286,2174,2015,https://understat.com/getLeagueData/Ligue_1/2015,2016-03-19,True
2016-03-19,St Etienne,Montpellier,2.13151,0.582112,2170,2015,https://understat.com/getLeagueData/Ligue_1/2015,2016-03-19,True
2016-03-20,Bordeaux,Bastia,1.00046,1.01308,2176,2015,https://understat.com/getLeagueData/Ligue_1/2015,2016-03-20,True
2016-03-20,Nice,Ajaccio GFCO,1.96796,0.436238,2177,2015,https://understat.com/getLeagueData/Ligue_1/2015,2016-03-20,True
2016-03-20,Paris SG,Monaco,2.31249,1.90627,2178,2015,https://understat.com/getLeagueData/Ligue_1/2015,2016-03-21,True
2016-04-01,Monaco,Bordeaux,1.1122,1.28525,2179,2015,https://understat.com/getLeagueData/Ligue_1/2015,2016-04-01,True
2016-04-02,Ajaccio GFCO,St Etienne,0.920517,0.56491,2181,2015,https://understat.com/getLeagueData/Ligue_1/2015,2016-04-02,True
2016-04-02,Guingamp,Montpellier,0.63721,0.950086,2182,2015,https://understat.com/getLeagueData/Ligue_1/2015,2016-04-02,True
2016-04-02,Paris SG,Nice,2.07953,0.571402,2180,2015,https://understat.com/getLeagueData/Ligue_1/2015,2016-04-02,True
2016-04-02,Rennes,Reims,1.13886,0.326441,2184,2015,https://understat.com/getLeagueData/Ligue_1/2015,2016-04-02,True
2016-04-02,Toulouse,Caen,0.871213,0.241685,2185,2015,https://understat.com/getLeagueData/Ligue_1/2015,2016-04-02,True
2016-04-02,Troyes,Angers,1.81211,1.34081,2183,2015,https://understat.com/getLeagueData/Ligue_1/2015,2016-04-02,True
2016-04-03,Bastia,Marseille,0.967693,0.534944,2187,2015,https://understat.com/getLeagueData/Ligue_1/2015,2016-04-03,True
2016-04-03,Lorient,Lyon,0.840986,2.26934,2188,2015,https://understat.com/getLeagueData/Ligue_1/2015,2016-04-03,True
2016-04-03,Nantes,Lille,0.530463,0.963477,2186,2015,https://understat.com/getLeagueData/Ligue_1/2015,2016-04-03,True
2016-04-08,Montpellier,Lyon,0.475991,2.96722,2189,2015,https://understat.com/getLeagueData/Ligue_1/2015,2016-04-08,True
2016-04-09,Angers,Ajaccio GFCO,0.183063,0.190747,2191,2015,https://understat.com/getLeagueData/Ligue_1/2015,2016-04-09,True
2016-04-09,Caen,Lorient,0.818975,2.29063,2193,2015,https://understat.com/getLeagueData/Ligue_1/2015,2016-04-09,True
2016-04-09,Guingamp,Paris SG,0.381495,2.09637,2190,2015,https://understat.com/getLeagueData/Ligue_1/2015,2016-04-09,True
2016-04-09,Reims,Nantes,0.692415,1.64401,2194,2015,https://understat.com/getLeagueData/Ligue_1/2015,2016-04-09,True
2016-04-09,St Etienne,Troyes,2.04874,0.202203,2192,2015,https://understat.com/getLeagueData/Ligue_1/2015,2016-04-09,True
2016-04-09,Toulouse,Bastia,1.24664,0.0534995,2195,2015,https://understat.com/getLeagueData/Ligue_1/2015,2016-04-09,True
2016-04-10,Lille,Monaco,2.61337,0.739505,2196,2015,https://understat.com/getLeagueData/Ligue_1/2015,2016-04-10,True
2016-04-10,Marseille,Bordeaux,0.37461,0.547844,2198,2015,https://understat.com/getLeagueData/Ligue_1/2015,2016-04-10,True
2016-04-10,Nice,Rennes,2.16871,0.633499,2197,2015,https://understat.com/getLeagueData/Ligue_1/2015,2016-04-10,True
2016-04-15,Lyon,Nice,1.84228,0.694849,2199,2015,https://understat.com/getLeagueData/Ligue_1/2015,2016-04-15,True
2016-04-16,Ajaccio GFCO,Lille,1.06386,1.40357,2204,2015,https://understat.com/getLeagueData/Ligue_1/2015,2016-04-16,True
2016-04-16,Bastia,St Etienne,0.926243,0.724081,2201,2015,https://understat.com/getLeagueData/Ligue_1/2015,2016-04-16,True
2016-04-16,Bordeaux,Angers,1.62389,0.623143,2202,2015,https://understat.com/getLeagueData/Ligue_1/2015,2016-04-16,True
2016-04-16,Lorient,Toulouse,0.358837,0.739061,2203,2015,https://understat.com/getLeagueData/Ligue_1/2015,2016-04-16,True
2016-04-16,Paris SG,Caen,3.92379,0.801306,2200,2015,https://understat.com/getLeagueData/Ligue_1/2015,2016-04-16,True
2016-04-16,Troyes,Reims,2.98887,1.09089,2205,2015,https://understat.com/getLeagueData/Ligue_1/2015,2016-04-16,True
2016-04-17,Monaco,Marseille,1.0442,0.469578,2208,2015,https://understat.com/getLeagueData/Ligue_1/2015,2016-04-17,True
2016-04-17,Nantes,Montpellier,0.39658,0.861294,2206,2015,https://understat.com/getLeagueData/Ligue_1/2015,2016-04-17,True
2016-04-17,Rennes,Guingamp,0.486994,2.23586,2207,2015,https://understat.com/getLeagueData/Ligue_1/2015,2016-04-17,True
2016-04-22,Nice,Reims,2.08581,0.785928,2209,2015,https://understat.com/getLeagueData/Ligue_1/2015,2016-04-22,True
2016-04-23,Toulouse,Lyon,1.50107,1.08627,2210,2015,https://understat.com/getLeagueData/Ligue_1/2015,2016-04-23,True
2016-04-24,Ajaccio GFCO,Bastia,1.52838,1.71155,2215,2015,https://understat.com/getLeagueData/Ligue_1/2015,2016-04-24,True
2016-04-24,Guingamp,Caen,0.866074,0.534691,2214,2015,https://understat.com/getLeagueData/Ligue_1/2015,2016-04-24,True
2016-04-24,Marseille,Nantes,0.795714,0.205873,2211,2015,https://understat.com/getLeagueData/Ligue_1/2015,2016-04-24,True
2016-04-24,Montpellier,Troyes,1.61705,2.12498,2212,2015,https://understat.com/getLeagueData/Ligue_1/2015,2016-04-24,True
2016-04-24,Rennes,Monaco,0.915503,1.56202,2216,2015,https://understat.com/getLeagueData/Ligue_1/2015,2016-04-24,True
2016-04-24,St Etienne,Lorient,0.980333,0.291292,2213,2015,https://understat.com/getLeagueData/Ligue_1/2015,2016-04-24,True
2016-04-27,Lille,Angers,0.902533,0.239742,2217,2015,https://understat.com/getLeagueData/Ligue_1/2015,2016-04-27,True
2016-04-29,Paris SG,Rennes,3.8578,0.233848,2218,2015,https://understat.com/getLeagueData/Ligue_1/2015,2016-04-29,True
2016-04-30,Caen,Bastia,1.7164,0.458586,2225,2015,https://understat.com/getLeagueData/Ligue_1/2015,2016-04-30,True
2016-04-30,Lorient,Lille,0.500598,1.18283,2224,2015,https://understat.com/getLeagueData/Ligue_1/2015,2016-04-30,True
2016-04-30,Lyon,Ajaccio GFCO,0.492569,0.252836,2226,2015,https://understat.com/getLeagueData/Ligue_1/2015,2016-04-30,True
2016-04-30,Monaco,Guingamp,1.29807,0.951606,2221,2015,https://understat.com/getLeagueData/Ligue_1/2015,2016-04-30,True
2016-04-30,Nantes,Nice,1.9503,0.583675,2219,2015,https://understat.com/getLeagueData/Ligue_1/2015,2016-04-30,True
2016-04-30,Reims,Montpellier,1.5813,1.19771,2223,2015,https://understat.com/getLeagueData/Ligue_1/2015,2016-04-30,True
2016-04-30,St Etienne,Toulouse,0.43469,2.18848,2220,2015,https://understat.com/getLeagueData/Ligue_1/2015,2016-04-30,True
2016-04-30,Troyes,Bordeaux,2.35658,2.31203,2222,2015,https://understat.com/getLeagueData/Ligue_1/2015,2016-04-30,True
2016-05-01,Angers,Marseille,0.464125,1.40152,2227,2015,https://understat.com/getLeagueData/Ligue_1/2015,2016-05-01,True
2016-05-07,Ajaccio GFCO,Paris SG,0.360549,2.04865,2232,2015,https://understat.com/getLeagueData/Ligue_1/2015,2016-05-07,True
2016-05-07,Bastia,Angers,1.32549,1.53551,2236,2015,https://understat.com/getLeagueData/Ligue_1/2015,2016-05-07,True
2016-05-07,Bordeaux,Lorient,1.49543,1.3387,2230,2015,https://understat.com/getLeagueData/Ligue_1/2015,2016-05-07,True
2016-05-07,Lille,Guingamp,1.26201,0.0884296,2233,2015,https://understat.com/getLeagueData/Ligue_1/2015,2016-05-07,True
2016-05-07,Lyon,Monaco,4.30241,1.05363,2237,2015,https://understat.com/getLeagueData/Ligue_1/2015,2016-05-07,True
2016-05-07,Marseille,Reims,2.14991,1.64589,2229,2015,https://understat.com/getLeagueData/Ligue_1/2015,2016-05-07,True
2016-05-07,Montpellier,Rennes,1.28972,0.520643,2234,2015,https://understat.com/getLeagueData/Ligue_1/2015,2016-05-07,True
2016-05-07,Nantes,Caen,0.883503,1.33264,2231,2015,https://understat.com/getLeagueData/Ligue_1/2015,2016-05-07,True
2016-05-07,Nice,St Etienne,2.0258,0.520259,2228,2015,https://understat.com/getLeagueData/Ligue_1/2015,2016-05-07,True
2016-05-07,Toulouse,Troyes,1.04631,0.142776,2235,2015,https://understat.com/getLeagueData/Ligue_1/2015,2016-05-07,True
2016-05-11,Bordeaux,Paris SG,0.869861,2.09697,2238,2015,https://understat.com/getLeagueData/Ligue_1/2015,2016-05-11,True
2016-05-14,Angers,Toulouse,0.21944,2.12896,2248,2015,https://understat.com/getLeagueData/Ligue_1/2015,2016-05-14,True
2016-05-14,Caen,Bordeaux,1.93454,2.02993,2245,2015,https://understat.com/getLeagueData/Ligue_1/2015,2016-05-14,True
2016-05-14,Guingamp,Nice,1.17136,0.836067,2241,2015,https://understat.com/getLeagueData/Ligue_1/2015,2016-05-14,True
2016-05-14,Lorient,Ajaccio GFCO,1.28701,1.46352,2243,2015,https://understat.com/getLeagueData/Ligue_1/2015,2016-05-14,True
2016-05-14,Monaco,Montpellier,3.8289,0.49041,2239,2015,https://understat.com/getLeagueData/Ligue_1/2015,2016-05-14,True
2016-05-14,Paris SG,Nantes,4.17612,0.561186,2244,2015,https://understat.com/getLeagueData/Ligue_1/2015,2016-05-14,True
2016-05-14,Reims,Lyon,2.4455,1.3093,2246,2015,https://understat.com/getLeagueData/Ligue_1/2015,2016-05-14,True
2016-05-14,Rennes,Bastia,1.33971,1.32918,2247,2015,https://understat.com/getLeagueData/Ligue_1/2015,2016-05-14,True
2016-05-14,St Etienne,Lille,0.691544,1.61764,2240,2015,https://understat.com/getLeagueData/Ligue_1/2015,2016-05-14,True
2016-05-14,Troyes,Marseille,0.737584,2.45564,2242,2015,https://understat.com/getLeagueData/Ligue_1/2015,2016-05-14,True
2016-08-12,Bastia,Paris SG,0.828385,0.664887,2249,2016,https://understat.com/getLeagueData/Ligue_1/2016,2016-08-12,True
2016-08-12,Monaco,Guingamp,2.49641,0.699022,2250,2016,https://understat.com/getLeagueData/Ligue_1/2016,2016-08-12,True
2016-08-13,Bordeaux,St Etienne,1.16592,1.50131,2251,2016,https://understat.com/getLeagueData/Ligue_1/2016,2016-08-13,True
2016-08-13,Caen,Lorient,2.27284,1.9864,2253,2016,https://understat.com/getLeagueData/Ligue_1/2016,2016-08-13,True
2016-08-13,Dijon,Nantes,0.294202,1.31806,2255,2016,https://understat.com/getLeagueData/Ligue_1/2016,2016-08-13,True
2016-08-13,Metz,Lille,2.31706,1.87778,2254,2016,https://understat.com/getLeagueData/Ligue_1/2016,2016-08-13,True
2016-08-13,Montpellier,Angers,0.879179,0.49342,2252,2016,https://understat.com/getLeagueData/Ligue_1/2016,2016-08-13,True
2016-08-14,Marseille,Toulouse,0.372135,0.254141,2258,2016,https://understat.com/getLeagueData/Ligue_1/2016,2016-08-14,True
2016-08-14,Nancy,Lyon,0.378703,2.32475,2256,2016,https://understat.com/getLeagueData/Ligue_1/2016,2016-08-14,True
2016-08-14,Nice,Rennes,0.704696,1.16856,2257,2016,https://understat.com/getLeagueData/Ligue_1/2016,2016-08-14,True
2016-08-19,Lyon,Caen,2.84412,0.458346,2259,2016,https://understat.com/getLeagueData/Ligue_1/2016,2016-08-19,True
2016-08-20,Angers,Nice,1.21118,2.06104,2262,2016,https://understat.com/getLeagueData/Ligue_1/2016,2016-08-20,True
2016-08-20,Lille,Dijon,0.877699,0.524902,2265,2016,https://understat.com/getLeagueData/Ligue_1/2016,2016-08-20,True
2016-08-20,Lorient,Bastia,0.349438,2.25743,2264,2016,https://understat.com/getLeagueData/Ligue_1/2016,2016-08-20,True
2016-08-20,Nantes,Monaco,0.322377,0.545027,2260,2016,https://understat.com/getLeagueData/Ligue_1/2016,2016-08-20,True
2016-08-20,Rennes,Nancy,0.457521,0.968592,2263,2016,https://understat.com/getLeagueData/Ligue_1/2016,2016-08-20,True
2016-08-20,Toulouse,Bordeaux,1.58483,0.7395,2261,2016,https://understat.com/getLeagueData/Ligue_1/2016,2016-08-20,True
2016-08-21,Guingamp,Marseille,1.24688,0.719975,2266,2016,https://understat.com/getLeagueData/Ligue_1/2016,2016-08-21,True
2016-08-21,Paris SG,Metz,3.85662,0.996438,2268,2016,https://understat.com/getLeagueData/Ligue_1/2016,2016-08-21,True
2016-08-21,St Etienne,Montpellier,1.58901,1.46843,2267,2016,https://understat.com/getLeagueData/Ligue_1/2016,2016-08-21,True
2016-08-26,Marseille,Lorient,1.46546,0.486662,2269,2016,https://understat.com/getLeagueData/Ligue_1/2016,2016-08-26,True
2016-08-27,Caen,Bastia,2.04065,0.376246,2271,2016,https://understat.com/getLeagueData/Ligue_1/2016,2016-08-27,True
2016-08-27,Dijon,Lyon,1.99507,2.38079,2270,2016,https://understat.com/getLeagueData/Ligue_1/2016,2016-08-27,True
2016-08-27,Metz,Angers,0.448001,1.10689,2272,2016,https://understat.com/getLeagueData/Ligue_1/2016,2016-08-27,True
2016-08-27,Montpellier,Rennes,0.999105,1.0107,2274,2016,https://understat.com/getLeagueData/Ligue_1/2016,2016-08-27,True
2016-08-27,Nancy,Guingamp,1.42221,1.59434,2273,2016,https://understat.com/getLeagueData/Ligue_1/2016,2016-08-27,True
2016-08-27,Nice,Lille,1.7221,0.415974,2275,2016,https://understat.com/getLeagueData/Ligue_1/2016,2016-08-27,True
2016-08-28,Bordeaux,Nantes,1.70798,0.74034,2276,2016,https://understat.com/getLeagueData/Ligue_1/2016,2016-08-28,True
2016-08-28,Monaco,Paris SG,1.20927,1.11721,2278,2016,https://understat.com/getLeagueData/Ligue_1/2016,2016-08-28,True
2016-08-28,St Etienne,Toulouse,0.920032,0.395826,2277,2016,https://understat.com/getLeagueData/Ligue_1/2016,2016-08-28,True
2016-09-09,Paris SG,St Etienne,1.93914,0.293162,2279,2016,https://understat.com/getLeagueData/Ligue_1/2016,2016-09-09,True
2016-09-10,Angers,Dijon,0.606116,0.804238,2282,2016,https://understat.com/getLeagueData/Ligue_1/2016,2016-09-10,True
2016-09-10,Bastia,Toulouse,0.440568,0.463047,2281,2016,https://understat.com/getLeagueData/Ligue_1/2016,2016-09-10,True
2016-09-10,Guingamp,Montpellier,0.703262,0.161811,2285,2016,https://understat.com/getLeagueData/Ligue_1/2016,2016-09-10,True
2016-09-10,Lille,Monaco,0.67898,1.48764,2284,2016,https://understat.com/getLeagueData/Ligue_1/2016,2016-09-10,True
2016-09-10,Lorient,Nancy,1.09603,0.737229,2283,2016,https://understat.com/getLeagueData/Ligue_1/2016,2016-09-10,True
2016-09-10,Lyon,Bordeaux,0.993332,1.5749,2280,2016,https://understat.com/getLeagueData/Ligue_1/2016,2016-09-10,True
2016-09-11,Nantes,Metz,0.853017,1.31386,2286,2016,https://understat.com/getLeagueData/Ligue_1/2016,2016-09-11,True
2016-09-11,Nice,Marseille,2.90937,2.01166,2288,2016,https://understat.com/getLeagueData/Ligue_1/2016,2016-09-11,True
2016-09-11,Rennes,Caen,0.715583,0.79827,2287,2016,https://understat.com/getLeagueData/Ligue_1/2016,2016-09-11,True
2016-09-16,Caen,Paris SG,1.00689,3.50276,2289,2016,https://understat.com/getLeagueData/Ligue_1/2016,2016-09-16,True
2016-09-17,Bordeaux,Angers,0.712968,1.13896,2295,2016,https://understat.com/getLeagueData/Ligue_1/2016,2016-09-17,True
2016-09-17,Dijon,Metz,1.68116,0.973689,2292,2016,https://understat.com/getLeagueData/Ligue_1/2016,2016-09-17,True
2016-09-17,Lorient,Lille,1.29048,0.5211,2294,2016,https://understat.com/getLeagueData/Ligue_1/2016,2016-09-17,True
2016-09-17,Monaco,Rennes,1.85529,0.207382,2290,2016,https://understat.com/getLeagueData/Ligue_1/2016,2016-09-17,True
2016-09-17,Nancy,Nantes,0.329901,1.52308,2291,2016,https://understat.com/getLeagueData/Ligue_1/2016,2016-09-17,True
2016-09-17,Toulouse,Guingamp,1.70053,0.921267,2293,2016,https://understat.com/getLeagueData/Ligue_1/2016,2016-09-17,True
2016-09-18,Marseille,Lyon,0.793567,0.980569,2298,2016,https://understat.com/getLeagueData/Ligue_1/2016,2016-09-18,True
2016-09-18,Montpellier,Nice,2.32844,1.08766,2296,2016,https://understat.com/getLeagueData/Ligue_1/2016,2016-09-18,True
2016-09-18,St Etienne,Bastia,2.2449,0.991511,2297,2016,https://understat.com/getLeagueData/Ligue_1/2016,2016-09-18,True
2016-09-20,Lille,Toulouse,0.765814,1.4716,2299,2016,https://understat.com/getLeagueData/Ligue_1/2016,2016-09-20,True
2016-09-20,Paris SG,Dijon,2.11535,0.300163,2300,2016,https://understat.com/getLeagueData/Ligue_1/2016,2016-09-20,True
2016-09-21,Angers,Caen,1.31977,0.505767,2302,2016,https://understat.com/getLeagueData/Ligue_1/2016,2016-09-21,True
2016-09-21,Bastia,Nancy,0.319514,0.0748124,2301,2016,https://understat.com/getLeagueData/Ligue_1/2016,2016-09-21,True
2016-09-21,Guingamp,Lorient,1.63848,0.765705,2304,2016,https://understat.com/getLeagueData/Ligue_1/2016,2016-09-21,True
2016-09-21,Lyon,Montpellier,2.33108,0.510154,2307,2016,https://understat.com/getLeagueData/Ligue_1/2016,2016-09-21,True
2016-09-21,Metz,Bordeaux,0.446493,2.08591,2305,2016,https://understat.com/getLeagueData/Ligue_1/2016,2016-09-21,True
2016-09-21,Nantes,St Etienne,2.22085,0.189906,2303,2016,https://understat.com/getLeagueData/Ligue_1/2016,2016-09-21,True
2016-09-21,Nice,Monaco,2.20155,1.1718,2306,2016,https://understat.com/getLeagueData/Ligue_1/2016,2016-09-21,True
2016-09-21,Rennes,Marseille,2.07131,1.4815,2308,2016,https://understat.com/getLeagueData/Ligue_1/2016,2016-09-21,True
2016-09-23,Toulouse,Paris SG,1.44408,1.04576,2309,2016,https://understat.com/getLeagueData/Ligue_1/2016,2016-09-23,True
2016-09-24,Bastia,Guingamp,0.98055,0.0771213,2314,2016,https://understat.com/getLeagueData/Ligue_1/2016,2016-09-24,True
2016-09-24,Bordeaux,Caen,0.854776,0.383979,2311,2016,https://understat.com/getLeagueData/Ligue_1/2016,2016-09-24,True
2016-09-24,Dijon,Rennes,1.91376,1.11236,2313,2016,https://understat.com/getLeagueData/Ligue_1/2016,2016-09-24,True
2016-09-24,Lorient,Lyon,1.51128,1.41603,2310,2016,https://understat.com/getLeagueData/Ligue_1/2016,2016-09-24,True
2016-09-24,Monaco,Angers,1.21319,1.75544,2315,2016,https://understat.com/getLeagueData/Ligue_1/2016,2016-09-24,True
2016-09-24,Montpellier,Metz,1.55117,1.09238,2312,2016,https://understat.com/getLeagueData/Ligue_1/2016,2016-09-24,True
2016-09-25,Marseille,Nantes,2.0157,1.06771,2318,2016,https://understat.com/getLeagueData/Ligue_1/2016,2016-09-25,True
2016-09-25,Nancy,Nice,1.33737,0.831812,2317,2016,https://understat.com/getLeagueData/Ligue_1/2016,2016-09-25,True
2016-09-25,St Etienne,Lille,1.25811,0.918539,2316,2016,https://understat.com/getLeagueData/Ligue_1/2016,2016-09-25,True
2016-09-30,Rennes,Guingamp,1.63564,0.397185,2319,2016,https://understat.com/getLeagueData/Ligue_1/2016,2016-09-30,True
2016-10-01,Caen,Toulouse,1.35095,0.961493,2324,2016,https://understat.com/getLeagueData/Ligue_1/2016,2016-10-01,True
2016-10-01,Dijon,Montpellier,0.539549,1.40043,2321,2016,https://understat.com/getLeagueData/Ligue_1/2016,2016-10-01,True
2016-10-01,Lille,Nancy,1.8156,0.256363,2322,2016,https://understat.com/getLeagueData/Ligue_1/2016,2016-10-01,True
2016-10-01,Metz,Monaco,0.342435,3.13454,2325,2016,https://understat.com/getLeagueData/Ligue_1/2016,2016-10-01,True
2016-10-01,Nantes,Bastia,1.55012,0.764407,2323,2016,https://understat.com/getLeagueData/Ligue_1/2016,2016-10-01,True
2016-10-01,Paris SG,Bordeaux,2.34986,0.741264,2320,2016,https://understat.com/getLeagueData/Ligue_1/2016,2016-10-01,True
2016-10-02,Angers,Marseille,2.19247,0.336879,2326,2016,https://understat.com/getLeagueData/Ligue_1/2016,2016-10-02,True
2016-10-02,Lyon,St Etienne,1.74626,1.07715,2328,2016,https://understat.com/getLeagueData/Ligue_1/2016,2016-10-02,True
2016-10-02,Nice,Lorient,0.659556,1.01408,2327,2016,https://understat.com/getLeagueData/Ligue_1/2016,2016-10-02,True
2016-10-14,Nice,Lyon,1.67971,0.232951,2330,2016,https://understat.com/getLeagueData/Ligue_1/2016,2016-10-14,True
2016-10-14,Toulouse,Monaco,1.39766,0.294757,2329,2016,https://understat.com/getLeagueData/Ligue_1/2016,2016-10-14,True
2016-10-15,Bastia,Angers,1.23731,0.950062,2334,2016,https://understat.com/getLeagueData/Ligue_1/2016,2016-10-15,True
2016-10-15,Guingamp,Lille,1.8024,0.605277,2335,2016,https://understat.com/getLeagueData/Ligue_1/2016,2016-10-15,True
2016-10-15,Lorient,Nantes,0.718424,0.455531,2332,2016,https://understat.com/getLeagueData/Ligue_1/2016,2016-10-15,True
2016-10-15,Montpellier,Caen,1.31867,1.30379,2333,2016,https://understat.com/getLeagueData/Ligue_1/2016,2016-10-15,True
2016-10-15,Nancy,Paris SG,0.203584,0.603299,2331,2016,https://understat.com/getLeagueData/Ligue_1/2016,2016-10-15,True
2016-10-16,Marseille,Metz,1.96863,0.943002,2338,2016,https://understat.com/getLeagueData/Ligue_1/2016,2016-10-16,True
2016-10-16,Rennes,Bordeaux,1.85899,0.684781,2336,2016,https://understat.com/getLeagueData/Ligue_1/2016,2016-10-16,True
2016-10-16,St Etienne,Dijon,1.41682,0.581944,2337,2016,https://understat.com/getLeagueData/Ligue_1/2016,2016-10-16,True
2016-10-21,Monaco,Montpellier,2.8994,1.21149,2339,2016,https://understat.com/getLeagueData/Ligue_1/2016,2016-10-21,True
2016-10-22,Angers,Toulouse,0.624843,0.453596,2345,2016,https://understat.com/getLeagueData/Ligue_1/2016,2016-10-22,True
2016-10-22,Bordeaux,Nancy,1.27082,1.05802,2342,2016,https://understat.com/getLeagueData/Ligue_1/2016,2016-10-22,True
2016-10-22,Dijon,Lorient,1.40274,2.36061,2344,2016,https://understat.com/getLeagueData/Ligue_1/2016,2016-10-22,True
2016-10-22,Lille,Bastia,1.74418,0.200333,2343,2016,https://understat.com/getLeagueData/Ligue_1/2016,2016-10-22,True
2016-10-22,Lyon,Guingamp,1.84645,1.2213,2340,2016,https://understat.com/getLeagueData/Ligue_1/2016,2016-10-22,True
2016-10-22,Nantes,Rennes,0.903082,0.676405,2341,2016,https://understat.com/getLeagueData/Ligue_1/2016,2016-10-22,True
2016-10-23,Caen,St Etienne,0.209806,1.04776,2346,2016,https://understat.com/getLeagueData/Ligue_1/2016,2016-10-23,True
2016-10-23,Metz,Nice,1.35865,2.27838,2347,2016,https://understat.com/getLeagueData/Ligue_1/2016,2016-10-23,True
2016-10-23,Paris SG,Marseille,1.51451,0.0,2348,2016,https://understat.com/getLeagueData/Ligue_1/2016,2016-10-23,True
2016-10-28,Lille,Paris SG,1.18702,2.23771,3318,2016,https://understat.com/getLeagueData/Ligue_1/2016,2016-10-28,True
2016-10-29,Bastia,Dijon,2.00977,0.61738,3320,2016,https://understat.com/getLeagueData/Ligue_1/2016,2016-10-29,True
2016-10-29,Guingamp,Angers,1.14355,1.1945,3321,2016,https://understat.com/getLeagueData/Ligue_1/2016,2016-10-29,True
2016-10-29,Lorient,Montpellier,1.51804,1.3536,3324,2016,https://understat.com/getLeagueData/Ligue_1/2016,2016-10-29,True
2016-10-29,Nancy,Caen,1.86121,1.13534,3322,2016,https://understat.com/getLeagueData/Ligue_1/2016,2016-10-29,True
2016-10-29,St Etienne,Monaco,0.299166,1.24441,3323,2016,https://understat.com/getLeagueData/Ligue_1/2016,2016-10-29,True
2016-10-29,Toulouse,Lyon,0.994552,1.78097,3319,2016,https://understat.com/getLeagueData/Ligue_1/2016,2016-10-29,True
2016-10-30,Marseille,Bordeaux,0.67475,0.155588,3327,2016,https://understat.com/getLeagueData/Ligue_1/2016,2016-10-30,True
2016-10-30,Nice,Nantes,1.89491,1.52908,3325,2016,https://understat.com/getLeagueData/Ligue_1/2016,2016-10-30,True
2016-10-30,Rennes,Metz,0.878057,0.745738,3326,2016,https://understat.com/getLeagueData/Ligue_1/2016,2016-10-30,True
2016-11-04,Montpellier,Marseille,1.74085,1.46558,2833,2016,https://understat.com/getLeagueData/Ligue_1/2016,2016-11-04,True
2016-11-05,Angers,Lille,1.04359,0.280156,2838,2016,https://understat.com/getLeagueData/Ligue_1/2016,2016-11-05,True
2016-11-05,Bordeaux,Lorient,0.568407,0.341301,2839,2016,https://understat.com/getLeagueData/Ligue_1/2016,2016-11-05,True
2016-11-05,Dijon,Guingamp,2.31365,0.556753,2837,2016,https://understat.com/getLeagueData/Ligue_1/2016,2016-11-05,True
2016-11-05,Lyon,Bastia,2.8154,0.643765,2836,2016,https://understat.com/getLeagueData/Ligue_1/2016,2016-11-05,True
2016-11-05,Monaco,Nancy,4.50655,0.327456,2834,2016,https://understat.com/getLeagueData/Ligue_1/2016,2016-11-05,True
2016-11-05,Nantes,Toulouse,1.28322,1.25678,2835,2016,https://understat.com/getLeagueData/Ligue_1/2016,2016-11-05,True
2016-11-06,Caen,Nice,1.85885,0.276349,2840,2016,https://understat.com/getLeagueData/Ligue_1/2016,2016-11-06,True
2016-11-06,Metz,St Etienne,0.687109,0.521897,2841,2016,https://understat.com/getLeagueData/Ligue_1/2016,2016-11-06,True
2016-11-06,Paris SG,Rennes,2.56751,0.181636,2842,2016,https://understat.com/getLeagueData/Ligue_1/2016,2016-11-06,True
2016-11-18,Lille,Lyon,0.517087,1.57175,2844,2016,https://understat.com/getLeagueData/Ligue_1/2016,2016-11-18,True
2016-11-18,Lorient,Monaco,1.14162,1.59088,2843,2016,https://understat.com/getLeagueData/Ligue_1/2016,2016-11-18,True
2016-11-19,Bastia,Montpellier,0.701853,1.42011,2846,2016,https://understat.com/getLeagueData/Ligue_1/2016,2016-11-19,True
2016-11-19,Nancy,Dijon,1.12749,1.17526,2848,2016,https://understat.com/getLeagueData/Ligue_1/2016,2016-11-19,True
2016-11-19,Paris SG,Nantes,1.52321,0.665853,2845,2016,https://understat.com/getLeagueData/Ligue_1/2016,2016-11-19,True
2016-11-19,Rennes,Angers,1.62946,0.326614,2847,2016,https://understat.com/getLeagueData/Ligue_1/2016,2016-11-19,True
2016-11-19,Toulouse,Metz,0.924809,1.05651,2849,2016,https://understat.com/getLeagueData/Ligue_1/2016,2016-11-19,True
2016-11-20,Guingamp,Bordeaux,1.55541,1.21317,2850,2016,https://understat.com/getLeagueData/Ligue_1/2016,2016-11-20,True
2016-11-20,Marseille,Caen,1.77295,0.0680543,2851,2016,https://understat.com/getLeagueData/Ligue_1/2016,2016-11-20,True
2016-11-20,St Etienne,Nice,1.61342,1.17968,2852,2016,https://understat.com/getLeagueData/Ligue_1/2016,2016-11-20,True
2016-11-25,Rennes,Toulouse,1.2415,1.70946,2853,2016,https://understat.com/getLeagueData/Ligue_1/2016,2016-11-25,True
2016-11-26,Bordeaux,Dijon,1.68047,0.762821,2858,2016,https://understat.com/getLeagueData/Ligue_1/2016,2016-11-26,True
2016-11-26,Caen,Guingamp,1.09524,1.04415,2856,2016,https://understat.com/getLeagueData/Ligue_1/2016,2016-11-26,True
2016-11-26,Metz,Lorient,1.36754,2.24203,2857,2016,https://understat.com/getLeagueData/Ligue_1/2016,2016-11-26,True
2016-11-26,Monaco,Marseille,2.36362,0.724288,2854,2016,https://understat.com/getLeagueData/Ligue_1/2016,2016-11-26,True
2016-11-26,Montpellier,Nancy,0.642833,0.3552,2859,2016,https://understat.com/getLeagueData/Ligue_1/2016,2016-11-26,True
2016-11-26,Nantes,Lille,0.233622,0.342108,2855,2016,https://understat.com/getLeagueData/Ligue_1/2016,2016-11-26,True
2016-11-27,Angers,St Etienne,1.96494,1.16621,2860,2016,https://understat.com/getLeagueData/Ligue_1/2016,2016-11-27,True
2016-11-27,Lyon,Paris SG,0.869106,2.29947,2862,2016,https://understat.com/getLeagueData/Ligue_1/2016,2016-11-27,True
2016-11-27,Nice,Bastia,2.03598,1.03264,2861,2016,https://understat.com/getLeagueData/Ligue_1/2016,2016-11-27,True
2016-11-29,Dijon,Monaco,1.17295,1.12554,2865,2016,https://understat.com/getLeagueData/Ligue_1/2016,2016-11-30,True
2016-11-29,Lille,Caen,1.69332,1.30786,2864,2016,https://understat.com/getLeagueData/Ligue_1/2016,2016-11-29,True
2016-11-29,Lorient,Rennes,1.70587,1.82082,2863,2016,https://understat.com/getLeagueData/Ligue_1/2016,2016-11-29,True
2016-11-30,Bastia,Bordeaux,0.941884,1.12617,2869,2016,https://understat.com/getLeagueData/Ligue_1/2016,2016-11-30,True
2016-11-30,Guingamp,Nice,0.589566,0.893454,2868,2016,https://understat.com/getLeagueData/Ligue_1/2016,2016-11-30,True
2016-11-30,Nancy,Metz,0.936859,0.325539,2870,2016,https://understat.com/getLeagueData/Ligue_1/2016,2016-11-30,True
2016-11-30,Nantes,Lyon,0.936737,4.07778,2867,2016,https://understat.com/getLeagueData/Ligue_1/2016,2016-11-30,True
2016-11-30,Paris SG,Angers,1.876,0.301573,3228,2016,https://understat.com/getLeagueData/Ligue_1/2016,2016-12-01,True
2016-11-30,St Etienne,Marseille,0.767009,1.30811,2871,2016,https://understat.com/getLeagueData/Ligue_1/2016,2016-11-30,True
2016-11-30,Toulouse,Montpellier,0.829543,0.338433,2866,2016,https://understat.com/getLeagueData/Ligue_1/2016,2016-11-30,True
2016-12-02,Caen,Dijon,2.02919,1.30829,3229,2016,https://understat.com/getLeagueData/Ligue_1/2016,2016-12-02,True
2016-12-03,Angers,Lorient,1.95013,0.711635,3232,2016,https://understat.com/getLeagueData/Ligue_1/2016,2016-12-03,True
2016-12-03,Bordeaux,Lille,1.58825,1.633,3235,2016,https://understat.com/getLeagueData/Ligue_1/2016,2016-12-03,True
2016-12-03,Guingamp,Nantes,1.41031,0.491439,3233,2016,https://understat.com/getLeagueData/Ligue_1/2016,2016-12-03,True
2016-12-03,Monaco,Bastia,1.76729,0.311538,3234,2016,https://understat.com/getLeagueData/Ligue_1/2016,2016-12-03,True
2016-12-03,Montpellier,Paris SG,0.537489,1.2177,3230,2016,https://understat.com/getLeagueData/Ligue_1/2016,2016-12-03,True
2016-12-04,Marseille,Nancy,0.977434,0.701109,3237,2016,https://understat.com/getLeagueData/Ligue_1/2016,2016-12-04,True
2016-12-04,Nice,Toulouse,1.4119,0.499023,3238,2016,https://understat.com/getLeagueData/Ligue_1/2016,2016-12-04,True
2016-12-04,Rennes,St Etienne,1.30398,0.444425,3236,2016,https://understat.com/getLeagueData/Ligue_1/2016,2016-12-04,True
2016-12-10,Bastia,Metz,0.947577,0.871122,3245,2016,https://understat.com/getLeagueData/Ligue_1/2016,2016-12-10,True
2016-12-10,Bordeaux,Monaco,0.672017,2.86318,3240,2016,https://understat.com/getLeagueData/Ligue_1/2016,2016-12-10,True
2016-12-10,Dijon,Marseille,0.638652,2.50503,3239,2016,https://understat.com/getLeagueData/Ligue_1/2016,2016-12-10,True
2016-12-10,Lille,Montpellier,1.71742,1.33351,3241,2016,https://understat.com/getLeagueData/Ligue_1/2016,2016-12-10,True
2016-12-10,Nancy,Angers,1.69532,0.33593,3242,2016,https://understat.com/getLeagueData/Ligue_1/2016,2016-12-10,True
2016-12-10,Toulouse,Lorient,1.50587,1.39793,3244,2016,https://understat.com/getLeagueData/Ligue_1/2016,2016-12-10,True
2016-12-11,Lyon,Rennes,0.899201,0.844759,3246,2016,https://understat.com/getLeagueData/Ligue_1/2016,2016-12-11,True
2016-12-11,Paris SG,Nice,3.50337,0.505159,3248,2016,https://understat.com/getLeagueData/Ligue_1/2016,2016-12-11,True
2016-12-11,St Etienne,Guingamp,0.62768,1.5297,3247,2016,https://understat.com/getLeagueData/Ligue_1/2016,2016-12-11,True
2016-12-16,Angers,Nantes,0.780876,1.02988,3249,2016,https://understat.com/getLeagueData/Ligue_1/2016,2016-12-16,True
2016-12-17,Guingamp,Paris SG,0.914417,1.69325,3250,2016,https://understat.com/getLeagueData/Ligue_1/2016,2016-12-17,True
2016-12-17,Lorient,St Etienne,2.16637,0.372589,3254,2016,https://understat.com/getLeagueData/Ligue_1/2016,2016-12-17,True
2016-12-17,Montpellier,Bordeaux,2.31433,0.52356,3255,2016,https://understat.com/getLeagueData/Ligue_1/2016,2016-12-17,True
2016-12-17,Rennes,Bastia,1.36607,1.29477,3253,2016,https://understat.com/getLeagueData/Ligue_1/2016,2016-12-17,True
2016-12-17,Toulouse,Nancy,0.552439,0.407775,3252,2016,https://understat.com/getLeagueData/Ligue_1/2016,2016-12-17,True
2016-12-18,Caen,Metz,2.0381,0.610983,3251,2016,https://understat.com/getLeagueData/Ligue_1/2016,2016-12-18,True
2016-12-18,Marseille,Lille,1.1828,0.828531,3257,2016,https://understat.com/getLeagueData/Ligue_1/2016,2016-12-18,True
2016-12-18,Monaco,Lyon,1.27883,1.81087,3258,2016,https://understat.com/getLeagueData/Ligue_1/2016,2016-12-18,True
2016-12-18,Nice,Dijon,2.03736,1.21955,3256,2016,https://understat.com/getLeagueData/Ligue_1/2016,2016-12-18,True
2016-12-21,Bastia,Marseille,2.35524,1.52227,3264,2016,https://understat.com/getLeagueData/Ligue_1/2016,2016-12-21,True
2016-12-21,Bordeaux,Nice,1.74302,1.25509,3260,2016,https://understat.com/getLeagueData/Ligue_1/2016,2016-12-21,True
2016-12-21,Dijon,Toulouse,1.34846,1.15322,3265,2016,https://understat.com/getLeagueData/Ligue_1/2016,2016-12-21,True
2016-12-21,Lille,Rennes,2.35587,0.757351,3261,2016,https://understat.com/getLeagueData/Ligue_1/2016,2016-12-21,True
2016-12-21,Lyon,Angers,1.4366,0.762376,3262,2016,https://understat.com/getLeagueData/Ligue_1/2016,2016-12-21,True
2016-12-21,Metz,Guingamp,1.11607,1.6707,3268,2016,https://understat.com/getLeagueData/Ligue_1/2016,2016-12-21,True
2016-12-21,Monaco,Caen,3.35275,2.02367,3266,2016,https://understat.com/getLeagueData/Ligue_1/2016,2016-12-21,True
2016-12-21,Nantes,Montpellier,0.920305,1.3653,3267,2016,https://understat.com/getLeagueData/Ligue_1/2016,2016-12-21,True
2016-12-21,Paris SG,Lorient,2.03863,0.102987,3263,2016,https://understat.com/getLeagueData/Ligue_1/2016,2016-12-21,True
2016-12-21,St Etienne,Nancy,1.38219,0.16258,3259,2016,https://understat.com/getLeagueData/Ligue_1/2016,2016-12-21,True
2017-01-13,Lille,St Etienne,1.35102,0.469664,4105,2016,https://understat.com/getLeagueData/Ligue_1/2016,2017-01-13,True
2017-01-14,Angers,Bordeaux,0.445787,1.23347,4109,2016,https://understat.com/getLeagueData/Ligue_1/2016,2017-01-14,True
2017-01-14,Lorient,Guingamp,2.30164,0.829481,4111,2016,https://understat.com/getLeagueData/Ligue_1/2016,2017-01-14,True
2017-01-14,Montpellier,Dijon,1.00063,0.952638,4107,2016,https://understat.com/getLeagueData/Ligue_1/2016,2017-01-14,True
2017-01-14,Nancy,Bastia,2.04745,0.829962,4110,2016,https://understat.com/getLeagueData/Ligue_1/2016,2017-01-14,True
2017-01-14,Rennes,Paris SG,0.381715,0.757739,4106,2016,https://understat.com/getLeagueData/Ligue_1/2016,2017-01-14,True
2017-01-14,Toulouse,Nantes,0.875912,0.721535,4108,2016,https://understat.com/getLeagueData/Ligue_1/2016,2017-01-14,True
2017-01-15,Caen,Lyon,1.77199,2.07985,4113,2016,https://understat.com/getLeagueData/Ligue_1/2016,2017-01-15,True
2017-01-15,Marseille,Monaco,1.56833,2.1894,4114,2016,https://understat.com/getLeagueData/Ligue_1/2016,2017-01-16,True
2017-01-15,Nice,Metz,0.537228,0.983495,4112,2016,https://understat.com/getLeagueData/Ligue_1/2016,2017-01-15,True
2017-01-18,Nantes,Caen,2.04795,0.451556,3243,2016,https://understat.com/getLeagueData/Ligue_1/2016,2017-01-18,True
2017-01-20,Bastia,Nice,1.13456,1.49991,4115,2016,https://understat.com/getLeagueData/Ligue_1/2016,2017-01-20,True
2017-01-21,Bordeaux,Toulouse,2.30809,0.317713,4121,2016,https://understat.com/getLeagueData/Ligue_1/2016,2017-01-21,True
2017-01-21,Dijon,Lille,1.21244,0.693361,4120,2016,https://understat.com/getLeagueData/Ligue_1/2016,2017-01-21,True
2017-01-21,Guingamp,Rennes,1.25686,0.234038,4118,2016,https://understat.com/getLeagueData/Ligue_1/2016,2017-01-21,True
2017-01-21,Metz,Montpellier,1.25494,1.09603,4119,2016,https://understat.com/getLeagueData/Ligue_1/2016,2017-01-21,True
2017-01-21,Nantes,Paris SG,0.728342,1.97617,4116,2016,https://understat.com/getLeagueData/Ligue_1/2016,2017-01-21,True
2017-01-22,Lyon,Marseille,1.98362,0.923398,4124,2016,https://understat.com/getLeagueData/Ligue_1/2016,2017-01-22,True
2017-01-22,Monaco,Lorient,2.50542,0.202056,4122,2016,https://understat.com/getLeagueData/Ligue_1/2016,2017-01-22,True
2017-01-22,St Etienne,Angers,1.33784,1.06557,4123,2016,https://understat.com/getLeagueData/Ligue_1/2016,2017-01-22,True
2017-01-27,Marseille,Montpellier,3.57029,0.852527,4132,2016,https://understat.com/getLeagueData/Ligue_1/2016,2017-01-27,True
2017-01-28,Angers,Metz,2.97467,0.169215,4126,2016,https://understat.com/getLeagueData/Ligue_1/2016,2017-01-28,True
2017-01-28,Bastia,Caen,1.0684,2.08952,4128,2016,https://understat.com/getLeagueData/Ligue_1/2016,2017-01-28,True
2017-01-28,Lorient,Dijon,2.64697,1.50632,4130,2016,https://understat.com/getLeagueData/Ligue_1/2016,2017-01-28,True
2017-01-28,Lyon,Lille,1.93973,1.63684,4133,2016,https://understat.com/getLeagueData/Ligue_1/2016,2017-01-28,True
2017-01-28,Nancy,Bordeaux,1.02531,1.11632,4129,2016,https://understat.com/getLeagueData/Ligue_1/2016,2017-01-28,True
2017-01-28,Rennes,Nantes,0.612197,1.1526,4125,2016,https://understat.com/getLeagueData/Ligue_1/2016,2017-01-28,True
2017-01-29,Nice,Guingamp,1.64493,0.890076,4131,2016,https://understat.com/getLeagueData/Ligue_1/2016,2017-01-29,True
2017-01-29,Paris SG,Monaco,1.34725,0.567186,4134,2016,https://understat.com/getLeagueData/Ligue_1/2016,2017-01-29,True
2017-01-29,Toulouse,St Etienne,0.67863,3.16214,4127,2016,https://understat.com/getLeagueData/Ligue_1/2016,2017-01-29,True
2017-02-03,Metz,Marseille,0.533257,0.413869,4144,2016,https://understat.com/getLeagueData/Ligue_1/2016,2017-02-03,True
2017-02-04,Bordeaux,Rennes,1.25163,1.60641,4136,2016,https://understat.com/getLeagueData/Ligue_1/2016,2017-02-04,True
2017-02-04,Dijon,Paris SG,0.30456,2.9385,4139,2016,https://understat.com/getLeagueData/Ligue_1/2016,2017-02-04,True
2017-02-04,Guingamp,Caen,1.04587,1.02871,4143,2016,https://understat.com/getLeagueData/Ligue_1/2016,2017-02-04,True
2017-02-04,Lille,Lorient,0.520617,1.85321,4137,2016,https://understat.com/getLeagueData/Ligue_1/2016,2017-02-04,True
2017-02-04,Monaco,Nice,1.86607,1.28992,4141,2016,https://understat.com/getLeagueData/Ligue_1/2016,2017-02-04,True
2017-02-04,Montpellier,Bastia,1.61454,0.902962,4138,2016,https://understat.com/getLeagueData/Ligue_1/2016,2017-02-04,True
2017-02-05,Nantes,Nancy,0.90967,0.423067,4142,2016,https://understat.com/getLeagueData/Ligue_1/2016,2017-02-05,True
2017-02-05,St Etienne,Lyon,1.50077,1.44291,4135,2016,https://understat.com/getLeagueData/Ligue_1/2016,2017-02-05,True
2017-02-05,Toulouse,Angers,2.59217,0.43468,4140,2016,https://understat.com/getLeagueData/Ligue_1/2016,2017-02-05,True
2017-02-07,Caen,Bordeaux,0.549758,1.81917,4153,2016,https://understat.com/getLeagueData/Ligue_1/2016,2017-02-07,True
2017-02-07,Montpellier,Monaco,1.18513,1.44159,4146,2016,https://understat.com/getLeagueData/Ligue_1/2016,2017-02-07,True
2017-02-07,Paris SG,Lille,2.8525,0.317243,4150,2016,https://understat.com/getLeagueData/Ligue_1/2016,2017-02-07,True
2017-02-08,Angers,Rennes,1.2211,0.628585,4152,2016,https://understat.com/getLeagueData/Ligue_1/2016,2017-02-08,True
2017-02-08,Lorient,Toulouse,0.431062,1.14622,4145,2016,https://understat.com/getLeagueData/Ligue_1/2016,2017-02-08,True
2017-02-08,Lyon,Nancy,3.17148,0.320627,4149,2016,https://understat.com/getLeagueData/Ligue_1/2016,2017-02-08,True
2017-02-08,Marseille,Guingamp,1.77041,0.741991,4148,2016,https://understat.com/getLeagueData/Ligue_1/2016,2017-02-08,True
2017-02-08,Metz,Dijon,1.70583,0.903103,4154,2016,https://understat.com/getLeagueData/Ligue_1/2016,2017-02-08,True
2017-02-08,Nice,St Etienne,1.48828,0.405161,4147,2016,https://understat.com/getLeagueData/Ligue_1/2016,2017-02-08,True
2017-02-10,Bordeaux,Paris SG,0.930204,1.0688,4157,2016,https://understat.com/getLeagueData/Ligue_1/2016,2017-02-10,True
2017-02-11,Dijon,Caen,1.0632,1.79181,4159,2016,https://understat.com/getLeagueData/Ligue_1/2016,2017-02-11,True
2017-02-11,Guingamp,Lyon,1.3139,1.65117,4164,2016,https://understat.com/getLeagueData/Ligue_1/2016,2017-02-11,True
2017-02-11,Lille,Angers,1.05994,1.0852,4158,2016,https://understat.com/getLeagueData/Ligue_1/2016,2017-02-11,True
2017-02-11,Monaco,Metz,2.37565,0.332997,4162,2016,https://understat.com/getLeagueData/Ligue_1/2016,2017-02-11,True
2017-02-11,Nancy,Montpellier,0.919617,1.68431,4155,2016,https://understat.com/getLeagueData/Ligue_1/2016,2017-02-11,True
2017-02-11,Toulouse,Bastia,2.60558,1.28147,4160,2016,https://understat.com/getLeagueData/Ligue_1/2016,2017-02-11,True
2017-02-12,Nantes,Marseille,2.35358,1.07429,4163,2016,https://understat.com/getLeagueData/Ligue_1/2016,2017-02-12,True
2017-02-12,Rennes,Nice,1.51754,0.892946,4161,2016,https://understat.com/getLeagueData/Ligue_1/2016,2017-02-12,True
2017-02-12,St Etienne,Lorient,2.30427,0.175945,4156,2016,https://understat.com/getLeagueData/Ligue_1/2016,2017-02-12,True
2017-02-17,Bastia,Monaco,0.63905,1.23642,4171,2016,https://understat.com/getLeagueData/Ligue_1/2016,2017-02-17,True
2017-02-18,Angers,Nancy,1.28764,0.695219,4172,2016,https://understat.com/getLeagueData/Ligue_1/2016,2017-02-18,True
2017-02-18,Caen,Lille,0.486319,0.319981,4173,2016,https://understat.com/getLeagueData/Ligue_1/2016,2017-02-18,True
2017-02-18,Lorient,Nice,1.14696,0.42579,4165,2016,https://understat.com/getLeagueData/Ligue_1/2016,2017-02-18,True
2017-02-18,Marseille,Rennes,0.746708,0.226219,4168,2016,https://understat.com/getLeagueData/Ligue_1/2016,2017-02-18,True
2017-02-18,Metz,Nantes,1.34597,0.469828,4174,2016,https://understat.com/getLeagueData/Ligue_1/2016,2017-02-18,True
2017-02-19,Bordeaux,Guingamp,2.51269,0.851591,4166,2016,https://understat.com/getLeagueData/Ligue_1/2016,2017-02-19,True
2017-02-19,Lyon,Dijon,5.08781,0.339918,4169,2016,https://understat.com/getLeagueData/Ligue_1/2016,2017-02-19,True
2017-02-19,Montpellier,St Etienne,1.44407,0.371081,4167,2016,https://understat.com/getLeagueData/Ligue_1/2016,2017-02-19,True
2017-02-19,Paris SG,Toulouse,1.19449,0.117021,4170,2016,https://understat.com/getLeagueData/Ligue_1/2016,2017-02-19,True
2017-02-21,Caen,Nancy,1.92684,0.672166,4117,2016,https://understat.com/getLeagueData/Ligue_1/2016,2017-02-21,True
2017-02-24,Nantes,Dijon,1.72203,0.392187,4183,2016,https://understat.com/getLeagueData/Ligue_1/2016,2017-02-24,True
2017-02-24,Nice,Montpellier,1.12386,1.25788,4178,2016,https://understat.com/getLeagueData/Ligue_1/2016,2017-02-24,True
2017-02-25,Angers,Bastia,2.81972,0.504919,4181,2016,https://understat.com/getLeagueData/Ligue_1/2016,2017-02-25,True
2017-02-25,Guingamp,Monaco,0.312198,2.07192,4184,2016,https://understat.com/getLeagueData/Ligue_1/2016,2017-02-25,True
2017-02-25,Lille,Bordeaux,0.91954,1.95309,4177,2016,https://understat.com/getLeagueData/Ligue_1/2016,2017-02-25,True
2017-02-25,Nancy,Toulouse,0.625172,1.24905,4175,2016,https://understat.com/getLeagueData/Ligue_1/2016,2017-02-25,True
2017-02-25,Rennes,Lorient,1.50914,0.238262,4182,2016,https://understat.com/getLeagueData/Ligue_1/2016,2017-02-25,True
2017-02-26,Lyon,Metz,3.37742,0.387516,4180,2016,https://understat.com/getLeagueData/Ligue_1/2016,2017-02-26,True
2017-02-26,Marseille,Paris SG,0.772502,3.52241,4179,2016,https://understat.com/getLeagueData/Ligue_1/2016,2017-02-26,True
2017-02-26,St Etienne,Caen,0.790358,0.793246,4176,2016,https://understat.com/getLeagueData/Ligue_1/2016,2017-02-26,True
2017-03-01,Bastia,Nantes,1.73586,1.8348,4151,2016,https://understat.com/getLeagueData/Ligue_1/2016,2017-03-01,True
2017-03-03,Bordeaux,Lyon,1.10352,1.68123,4186,2016,https://understat.com/getLeagueData/Ligue_1/2016,2017-03-03,True
2017-03-04,Bastia,St Etienne,0.302025,1.29564,4189,2016,https://understat.com/getLeagueData/Ligue_1/2016,2017-03-04,True
2017-03-04,Caen,Angers,1.60527,1.43545,4193,2016,https://understat.com/getLeagueData/Ligue_1/2016,2017-03-04,True
2017-03-04,Dijon,Nice,0.895857,0.630889,4190,2016,https://understat.com/getLeagueData/Ligue_1/2016,2017-03-04,True
2017-03-04,Metz,Rennes,1.85852,1.69304,4194,2016,https://understat.com/getLeagueData/Ligue_1/2016,2017-03-04,True
2017-03-04,Montpellier,Guingamp,0.699091,0.90611,4187,2016,https://understat.com/getLeagueData/Ligue_1/2016,2017-03-04,True
2017-03-04,Paris SG,Nancy,3.26565,0.583319,4188,2016,https://understat.com/getLeagueData/Ligue_1/2016,2017-03-04,True
2017-03-05,Lorient,Marseille,1.16006,3.12605,4185,2016,https://understat.com/getLeagueData/Ligue_1/2016,2017-03-05,True
2017-03-05,Monaco,Nantes,2.48684,0.49137,4192,2016,https://understat.com/getLeagueData/Ligue_1/2016,2017-03-05,True
2017-03-05,Toulouse,Lille,1.70316,1.76835,4191,2016,https://understat.com/getLeagueData/Ligue_1/2016,2017-03-05,True
2017-03-10,Marseille,Angers,1.48758,1.03614,4202,2016,https://understat.com/getLeagueData/Ligue_1/2016,2017-03-10,True
2017-03-10,Nice,Caen,1.3385,0.975008,4201,2016,https://understat.com/getLeagueData/Ligue_1/2016,2017-03-10,True
2017-03-11,Guingamp,Bastia,3.28474,0.0781356,4197,2016,https://understat.com/getLeagueData/Ligue_1/2016,2017-03-11,True
2017-03-11,Monaco,Bordeaux,0.67835,0.731056,4198,2016,https://understat.com/getLeagueData/Ligue_1/2016,2017-03-11,True
2017-03-11,Montpellier,Nantes,1.34214,2.59914,4200,2016,https://understat.com/getLeagueData/Ligue_1/2016,2017-03-11,True
2017-03-11,Nancy,Lille,0.982705,1.28734,4195,2016,https://understat.com/getLeagueData/Ligue_1/2016,2017-03-11,True
2017-03-11,Rennes,Dijon,1.49788,1.109,4204,2016,https://understat.com/getLeagueData/Ligue_1/2016,2017-03-11,True
2017-03-12,Lorient,Paris SG,0.232821,1.34893,4199,2016,https://understat.com/getLeagueData/Ligue_1/2016,2017-03-12,True
2017-03-12,Lyon,Toulouse,1.38503,0.918752,4203,2016,https://understat.com/getLeagueData/Ligue_1/2016,2017-03-12,True
2017-03-12,St Etienne,Metz,1.95664,1.36591,4196,2016,https://understat.com/getLeagueData/Ligue_1/2016,2017-03-12,True
2017-03-17,Lille,Marseille,0.714781,0.277246,4214,2016,https://understat.com/getLeagueData/Ligue_1/2016,2017-03-17,True
2017-03-17,Metz,Bastia,0.894507,0.157698,4205,2016,https://understat.com/getLeagueData/Ligue_1/2016,2017-03-17,True
2017-03-18,Angers,Guingamp,2.3846,1.62869,4210,2016,https://understat.com/getLeagueData/Ligue_1/2016,2017-03-18,True
2017-03-18,Bordeaux,Montpellier,3.40561,1.19541,4207,2016,https://understat.com/getLeagueData/Ligue_1/2016,2017-03-18,True
2017-03-18,Nancy,Lorient,1.86956,1.57221,4208,2016,https://understat.com/getLeagueData/Ligue_1/2016,2017-03-18,True
2017-03-18,Nantes,Nice,1.33484,0.152307,4209,2016,https://understat.com/getLeagueData/Ligue_1/2016,2017-03-18,True
2017-03-18,Toulouse,Rennes,0.190329,1.28422,4211,2016,https://understat.com/getLeagueData/Ligue_1/2016,2017-03-18,True
2017-03-19,Caen,Monaco,0.246966,2.96012,4206,2016,https://understat.com/getLeagueData/Ligue_1/2016,2017-03-19,True
2017-03-19,Dijon,St Etienne,0.844757,1.67576,4212,2016,https://understat.com/getLeagueData/Ligue_1/2016,2017-03-19,True
2017-03-19,Paris SG,Lyon,1.4683,1.2114,4213,2016,https://understat.com/getLeagueData/Ligue_1/2016,2017-03-19,True
2017-03-31,Guingamp,Nancy,2.84931,0.0776049,4224,2016,https://understat.com/getLeagueData/Ligue_1/2016,2017-03-31,True
2017-04-01,Bastia,Lille,0.876256,0.576916,4219,2016,https://understat.com/getLeagueData/Ligue_1/2016,2017-04-01,True
2017-04-01,Marseille,Dijon,1.46318,0.428664,4218,2016,https://understat.com/getLeagueData/Ligue_1/2016,2017-04-01,True
2017-04-02,Lorient,Caen,1.71214,1.20731,4215,2016,https://understat.com/getLeagueData/Ligue_1/2016,2017-04-02,True
2017-04-02,Montpellier,Toulouse,1.08844,0.847595,4216,2016,https://understat.com/getLeagueData/Ligue_1/2016,2017-04-02,True
2017-04-02,Nantes,Angers,1.59706,0.852502,4222,2016,https://understat.com/getLeagueData/Ligue_1/2016,2017-04-02,True
2017-04-02,Nice,Bordeaux,1.51499,2.54152,4217,2016,https://understat.com/getLeagueData/Ligue_1/2016,2017-04-02,True
2017-04-02,Rennes,Lyon,0.864423,2.55248,4220,2016,https://understat.com/getLeagueData/Ligue_1/2016,2017-04-02,True
2017-04-05,Metz,Lyon,0.539316,2.62115,3231,2016,https://understat.com/getLeagueData/Ligue_1/2016,2017-04-05,True
2017-04-07,Lille,Nice,0.71869,1.23056,4228,2016,https://understat.com/getLeagueData/Ligue_1/2016,2017-04-07,True
2017-04-08,Angers,Monaco,1.50404,1.74598,4233,2016,https://understat.com/getLeagueData/Ligue_1/2016,2017-04-08,True
2017-04-08,Bordeaux,Metz,2.23832,0.711913,4227,2016,https://understat.com/getLeagueData/Ligue_1/2016,2017-04-08,True
2017-04-08,Caen,Montpellier,1.33697,0.989452,4234,2016,https://understat.com/getLeagueData/Ligue_1/2016,2017-04-08,True
2017-04-08,Dijon,Bastia,1.5652,1.24836,4231,2016,https://understat.com/getLeagueData/Ligue_1/2016,2017-04-08,True
2017-04-08,Lyon,Lorient,1.14119,1.79205,4230,2016,https://understat.com/getLeagueData/Ligue_1/2016,2017-04-08,True
2017-04-08,Nancy,Rennes,1.25012,0.701898,4225,2016,https://understat.com/getLeagueData/Ligue_1/2016,2017-04-08,True
2017-04-09,Paris SG,Guingamp,2.70624,0.592491,4229,2016,https://understat.com/getLeagueData/Ligue_1/2016,2017-04-09,True
2017-04-09,St Etienne,Nantes,0.893648,0.578616,4226,2016,https://understat.com/getLeagueData/Ligue_1/2016,2017-04-09,True
2017-04-09,Toulouse,Marseille,0.872961,1.11022,4232,2016,https://understat.com/getLeagueData/Ligue_1/2016,2017-04-09,True
2017-04-14,Angers,Paris SG,0.586893,0.822594,4239,2016,https://understat.com/getLeagueData/Ligue_1/2016,2017-04-14,True
2017-04-15,Guingamp,Toulouse,2.1061,1.05121,4243,2016,https://understat.com/getLeagueData/Ligue_1/2016,2017-04-15,True
2017-04-15,Metz,Caen,0.72674,0.781575,4244,2016,https://understat.com/getLeagueData/Ligue_1/2016,2017-04-15,True
2017-04-15,Monaco,Dijon,2.11783,1.30171,4241,2016,https://understat.com/getLeagueData/Ligue_1/2016,2017-04-15,True
2017-04-15,Montpellier,Lorient,1.12102,0.761605,4235,2016,https://understat.com/getLeagueData/Ligue_1/2016,2017-04-15,True
2017-04-15,Nice,Nancy,2.57126,1.42075,4236,2016,https://understat.com/getLeagueData/Ligue_1/2016,2017-04-15,True
2017-04-15,Rennes,Lille,1.58464,0.979545,4240,2016,https://understat.com/getLeagueData/Ligue_1/2016,2017-04-15,True
2017-04-16,Bastia,Lyon,0.0,0.0,4238,2016,https://understat.com/getLeagueData/Ligue_1/2016,2017-04-16,True
2017-04-16,Marseille,St Etienne,2.30835,0.892463,4237,2016,https://understat.com/getLeagueData/Ligue_1/2016,2017-04-16,True
2017-04-16,Nantes,Bordeaux,0.414824,0.813337,4242,2016,https://understat.com/getLeagueData/Ligue_1/2016,2017-04-16,True
2017-04-18,Metz,Paris SG,0.336657,2.67049,4223,2016,https://understat.com/getLeagueData/Ligue_1/2016,2017-04-18,True
2017-04-21,Nancy,Marseille,0.754671,0.710922,4245,2016,https://understat.com/getLeagueData/Ligue_1/2016,2017-04-21,True
2017-04-22,Bordeaux,Bastia,1.52837,0.874853,4248,2016,https://understat.com/getLeagueData/Ligue_1/2016,2017-04-22,True
2017-04-22,Caen,Nantes,0.839616,2.03308,4253,2016,https://understat.com/getLeagueData/Ligue_1/2016,2017-04-22,True
2017-04-22,Dijon,Angers,1.25901,1.27233,4251,2016,https://understat.com/getLeagueData/Ligue_1/2016,2017-04-22,True
2017-04-22,Lille,Guingamp,3.54802,1.35626,4254,2016,https://understat.com/getLeagueData/Ligue_1/2016,2017-04-22,True
2017-04-22,Lorient,Metz,3.32905,1.34808,4247,2016,https://understat.com/getLeagueData/Ligue_1/2016,2017-04-22,True
2017-04-22,Paris SG,Montpellier,2.8096,1.00547,4250,2016,https://understat.com/getLeagueData/Ligue_1/2016,2017-04-22,True
2017-04-23,Lyon,Monaco,0.633767,1.58331,4249,2016,https://understat.com/getLeagueData/Ligue_1/2016,2017-04-23,True
2017-04-23,St Etienne,Rennes,0.803736,0.568247,4246,2016,https://understat.com/getLeagueData/Ligue_1/2016,2017-04-23,True
2017-04-23,Toulouse,Nice,0.30062,1.07864,4252,2016,https://understat.com/getLeagueData/Ligue_1/2016,2017-04-23,True
2017-04-28,Angers,Lyon,1.55303,0.58407,4259,2016,https://understat.com/getLeagueData/Ligue_1/2016,2017-04-28,True
2017-04-29,Bastia,Rennes,0.654212,1.59306,4257,2016,https://understat.com/getLeagueData/Ligue_1/2016,2017-04-29,True
2017-04-29,Guingamp,St Etienne,0.804806,2.86852,4264,2016,https://understat.com/getLeagueData/Ligue_1/2016,2017-04-29,True
2017-04-29,Metz,Nancy,1.65516,0.682625,4263,2016,https://understat.com/getLeagueData/Ligue_1/2016,2017-04-29,True
2017-04-29,Monaco,Toulouse,2.80202,0.974737,4260,2016,https://understat.com/getLeagueData/Ligue_1/2016,2017-04-29,True
2017-04-29,Montpellier,Lille,1.64103,2.02182,4255,2016,https://understat.com/getLeagueData/Ligue_1/2016,2017-04-29,True
2017-04-29,Nantes,Lorient,1.43131,0.135433,4262,2016,https://understat.com/getLeagueData/Ligue_1/2016,2017-04-29,True
2017-04-30,Caen,Marseille,1.67479,2.87717,4261,2016,https://understat.com/getLeagueData/Ligue_1/2016,2017-04-30,True
2017-04-30,Dijon,Bordeaux,1.54624,0.547756,4258,2016,https://understat.com/getLeagueData/Ligue_1/2016,2017-04-30,True
2017-04-30,Nice,Paris SG,1.17983,1.31731,4256,2016,https://understat.com/getLeagueData/Ligue_1/2016,2017-04-30,True
2017-05-05,St Etienne,Bordeaux,2.24011,2.05647,4266,2016,https://understat.com/getLeagueData/Ligue_1/2016,2017-05-05,True
2017-05-06,Guingamp,Dijon,2.96505,0.870304,4274,2016,https://understat.com/getLeagueData/Ligue_1/2016,2017-05-06,True
2017-05-06,Lille,Metz,0.754808,0.684583,4268,2016,https://understat.com/getLeagueData/Ligue_1/2016,2017-05-06,True
2017-05-06,Lorient,Angers,0.806118,0.711157,4267,2016,https://understat.com/getLeagueData/Ligue_1/2016,2017-05-06,True
2017-05-06,Nancy,Monaco,0.500579,3.36313,4265,2016,https://understat.com/getLeagueData/Ligue_1/2016,2017-05-06,True
2017-05-06,Paris SG,Bastia,5.35893,0.10292,4271,2016,https://understat.com/getLeagueData/Ligue_1/2016,2017-05-06,True
2017-05-06,Toulouse,Caen,1.39029,1.21478,4272,2016,https://understat.com/getLeagueData/Ligue_1/2016,2017-05-06,True
2017-05-07,Lyon,Nantes,2.56423,0.276977,4270,2016,https://understat.com/getLeagueData/Ligue_1/2016,2017-05-07,True
2017-05-07,Marseille,Nice,2.84773,2.17235,4269,2016,https://understat.com/getLeagueData/Ligue_1/2016,2017-05-07,True
2017-05-07,Rennes,Montpellier,0.867351,0.350343,4273,2016,https://understat.com/getLeagueData/Ligue_1/2016,2017-05-07,True
2017-05-14,Bastia,Lorient,1.12194,0.357563,4279,2016,https://understat.com/getLeagueData/Ligue_1/2016,2017-05-14,True
2017-05-14,Bordeaux,Marseille,1.81312,1.37853,4276,2016,https://understat.com/getLeagueData/Ligue_1/2016,2017-05-14,True
2017-05-14,Caen,Rennes,0.919387,1.2457,4283,2016,https://understat.com/getLeagueData/Ligue_1/2016,2017-05-14,True
2017-05-14,Dijon,Nancy,0.87338,1.40415,4280,2016,https://understat.com/getLeagueData/Ligue_1/2016,2017-05-14,True
2017-05-14,Metz,Toulouse,0.611334,2.33883,4284,2016,https://understat.com/getLeagueData/Ligue_1/2016,2017-05-14,True
2017-05-14,Monaco,Lille,2.29095,0.609542,4281,2016,https://understat.com/getLeagueData/Ligue_1/2016,2017-05-14,True
2017-05-14,Montpellier,Lyon,1.23563,2.08055,4277,2016,https://understat.com/getLeagueData/Ligue_1/2016,2017-05-14,True
2017-05-14,Nantes,Guingamp,1.53743,0.938703,4282,2016,https://understat.com/getLeagueData/Ligue_1/2016,2017-05-14,True
2017-05-14,Nice,Angers,1.11893,1.91131,4278,2016,https://understat.com/getLeagueData/Ligue_1/2016,2017-05-14,True
2017-05-14,St Etienne,Paris SG,0.308928,5.06788,4275,2016,https://understat.com/getLeagueData/Ligue_1/2016,2017-05-14,True
2017-05-17,Monaco,St Etienne,2.75951,0.354639,4221,2016,https://understat.com/getLeagueData/Ligue_1/2016,2017-05-17,True
2017-05-20,Angers,Montpellier,1.55289,0.520709,4292,2016,https://understat.com/getLeagueData/Ligue_1/2016,2017-05-20,True
2017-05-20,Guingamp,Metz,1.74895,0.297072,4294,2016,https://understat.com/getLeagueData/Ligue_1/2016,2017-05-20,True
2017-05-20,Lille,Nantes,3.51019,0.706308,4287,2016,https://understat.com/getLeagueData/Ligue_1/2016,2017-05-20,True
2017-05-20,Lorient,Bordeaux,0.694193,1.30843,4286,2016,https://understat.com/getLeagueData/Ligue_1/2016,2017-05-20,True
2017-05-20,Lyon,Nice,1.58219,2.01991,4289,2016,https://understat.com/getLeagueData/Ligue_1/2016,2017-05-20,True
2017-05-20,Marseille,Bastia,2.10282,0.116759,4288,2016,https://understat.com/getLeagueData/Ligue_1/2016,2017-05-20,True
2017-05-20,Nancy,St Etienne,1.98055,0.552326,4285,2016,https://understat.com/getLeagueData/Ligue_1/2016,2017-05-20,True
2017-05-20,Paris SG,Caen,2.00237,1.69999,4290,2016,https://understat.com/getLeagueData/Ligue_1/2016,2017-05-20,True
2017-05-20,Rennes,Monaco,2.25117,2.59491,4293,2016,https://understat.com/getLeagueData/Ligue_1/2016,2017-05-20,True
2017-05-20,Toulouse,Dijon,1.46422,0.627115,4291,2016,https://understat.com/getLeagueData/Ligue_1/2016,2017-05-20,True
2017-08-04,Monaco,Toulouse,2.14636,0.248798,8565,2017,https://understat.com/getLeagueData/Ligue_1/2017,2017-08-04,True
2017-08-05,Lyon,Strasbourg,1.72783,0.292445,8567,2017,https://understat.com/getLeagueData/Ligue_1/2017,2017-08-05,True
2017-08-05,Metz,Guingamp,0.557371,1.45737,8568,2017,https://understat.com/getLeagueData/Ligue_1/2017,2017-08-05,True
2017-08-05,Montpellier,Caen,1.46179,0.31924,8571,2017,https://understat.com/getLeagueData/Ligue_1/2017,2017-08-05,True
2017-08-05,Paris SG,Amiens,2.25264,0.190301,8566,2017,https://understat.com/getLeagueData/Ligue_1/2017,2017-08-05,True
2017-08-05,St Etienne,Nice,0.943684,0.593773,8569,2017,https://understat.com/getLeagueData/Ligue_1/2017,2017-08-05,True
2017-08-05,Troyes,Rennes,1.33762,1.87176,8570,2017,https://understat.com/getLeagueData/Ligue_1/2017,2017-08-05,True
2017-08-06,Angers,Bordeaux,1.11146,1.77916,8573,2017,https://understat.com/getLeagueData/Ligue_1/2017,2017-08-06,True
2017-08-06,Lille,Nantes,1.90958,1.0773,8572,2017,https://understat.com/getLeagueData/Ligue_1/2017,2017-08-06,True
2017-08-06,Marseille,Dijon,2.41348,0.594982,8574,2017,https://understat.com/getLeagueData/Ligue_1/2017,2017-08-06,True
2017-08-11,Nice,Troyes,1.92396,0.432943,8575,2017,https://understat.com/getLeagueData/Ligue_1/2017,2017-08-11,True
2017-08-11,Rennes,Lyon,0.712298,1.53095,8576,2017,https://understat.com/getLeagueData/Ligue_1/2017,2017-08-11,True
2017-08-12,Amiens,Angers,0.705642,1.47376,8578,2017,https://understat.com/getLeagueData/Ligue_1/2017,2017-08-12,True
2017-08-12,Bordeaux,Metz,2.14545,0.525091,8579,2017,https://understat.com/getLeagueData/Ligue_1/2017,2017-08-12,True
2017-08-12,Caen,St Etienne,0.75531,1.14769,8580,2017,https://understat.com/getLeagueData/Ligue_1/2017,2017-08-12,True
2017-08-12,Nantes,Marseille,1.29602,1.91985,8577,2017,https://understat.com/getLeagueData/Ligue_1/2017,2017-08-12,True
2017-08-12,Toulouse,Montpellier,1.72539,0.790815,8581,2017,https://understat.com/getLeagueData/Ligue_1/2017,2017-08-12,True
2017-08-13,Dijon,Monaco,1.15256,1.82196,8583,2017,https://understat.com/getLeagueData/Ligue_1/2017,2017-08-13,True
2017-08-13,Guingamp,Paris SG,0.0609477,2.51121,8584,2017,https://understat.com/getLeagueData/Ligue_1/2017,2017-08-13,True
2017-08-13,Strasbourg,Lille,3.20079,1.11214,8582,2017,https://understat.com/getLeagueData/Ligue_1/2017,2017-08-13,True
2017-08-18,Metz,Monaco,0.799504,1.93555,8588,2017,https://understat.com/getLeagueData/Ligue_1/2017,2017-08-18,True
2017-08-19,Lyon,Bordeaux,0.933014,0.924278,8586,2017,https://understat.com/getLeagueData/Ligue_1/2017,2017-08-19,True
2017-08-19,Montpellier,Strasbourg,1.91128,0.639177,8589,2017,https://understat.com/getLeagueData/Ligue_1/2017,2017-08-19,True
2017-08-19,Nice,Guingamp,1.41445,0.455777,8590,2017,https://understat.com/getLeagueData/Ligue_1/2017,2017-08-19,True
2017-08-19,Rennes,Dijon,1.33398,1.21134,8592,2017,https://understat.com/getLeagueData/Ligue_1/2017,2017-08-19,True
2017-08-19,St Etienne,Amiens,3.17624,1.06947,8593,2017,https://understat.com/getLeagueData/Ligue_1/2017,2017-08-19,True
2017-08-19,Troyes,Nantes,0.724295,0.565923,8594,2017,https://understat.com/getLeagueData/Ligue_1/2017,2017-08-19,True
2017-08-20,Lille,Caen,0.511679,1.82943,8585,2017,https://understat.com/getLeagueData/Ligue_1/2017,2017-08-20,True
2017-08-20,Marseille,Angers,1.10475,0.773691,8587,2017,https://understat.com/getLeagueData/Ligue_1/2017,2017-08-20,True
2017-08-20,Paris SG,Toulouse,3.19678,0.338766,8591,2017,https://understat.com/getLeagueData/Ligue_1/2017,2017-08-20,True
2017-08-25,Paris SG,St Etienne,2.36555,0.621197,8602,2017,https://understat.com/getLeagueData/Ligue_1/2017,2017-08-25,True
2017-08-26,Amiens,Nice,1.3292,0.247748,8595,2017,https://understat.com/getLeagueData/Ligue_1/2017,2017-08-26,True
2017-08-26,Bordeaux,Troyes,2.76641,0.566642,8597,2017,https://understat.com/getLeagueData/Ligue_1/2017,2017-08-26,True
2017-08-26,Caen,Metz,1.71638,0.834878,8598,2017,https://understat.com/getLeagueData/Ligue_1/2017,2017-08-26,True
2017-08-26,Dijon,Montpellier,1.25732,1.55187,8599,2017,https://understat.com/getLeagueData/Ligue_1/2017,2017-08-26,True
2017-08-26,Nantes,Lyon,0.318881,0.806351,8601,2017,https://understat.com/getLeagueData/Ligue_1/2017,2017-08-26,True
2017-08-26,Toulouse,Rennes,2.39664,0.942755,8603,2017,https://understat.com/getLeagueData/Ligue_1/2017,2017-08-26,True
2017-08-27,Angers,Lille,0.861506,0.846538,8596,2017,https://understat.com/getLeagueData/Ligue_1/2017,2017-08-27,True
2017-08-27,Guingamp,Strasbourg,1.86165,0.566048,8600,2017,https://understat.com/getLeagueData/Ligue_1/2017,2017-08-27,True
2017-08-27,Monaco,Marseille,4.53179,1.41561,8604,2017,https://understat.com/getLeagueData/Ligue_1/2017,2017-08-27,True
2017-09-08,Lille,Bordeaux,0.352346,0.936419,8606,2017,https://understat.com/getLeagueData/Ligue_1/2017,2017-09-08,True
2017-09-08,Metz,Paris SG,1.20793,4.87729,8614,2017,https://understat.com/getLeagueData/Ligue_1/2017,2017-09-08,True
2017-09-09,Caen,Dijon,1.67506,0.51478,8605,2017,https://understat.com/getLeagueData/Ligue_1/2017,2017-09-09,True
2017-09-09,Montpellier,Nantes,0.411604,0.591683,8613,2017,https://understat.com/getLeagueData/Ligue_1/2017,2017-09-09,True
2017-09-09,Nice,Monaco,2.94979,0.881798,8609,2017,https://understat.com/getLeagueData/Ligue_1/2017,2017-09-09,True
2017-09-09,Strasbourg,Amiens,0.599748,0.293267,8611,2017,https://understat.com/getLeagueData/Ligue_1/2017,2017-09-09,True
2017-09-09,Troyes,Toulouse,0.737279,0.204017,8612,2017,https://understat.com/getLeagueData/Ligue_1/2017,2017-09-09,True
2017-09-10,Lyon,Guingamp,0.762372,0.834402,8607,2017,https://understat.com/getLeagueData/Ligue_1/2017,2017-09-10,True
2017-09-10,Marseille,Rennes,1.72708,2.1507,8608,2017,https://understat.com/getLeagueData/Ligue_1/2017,2017-09-10,True
2017-09-10,St Etienne,Angers,0.68122,2.04494,8610,2017,https://understat.com/getLeagueData/Ligue_1/2017,2017-09-10,True
2017-09-15,Toulouse,Bordeaux,0.909141,0.733308,8615,2017,https://understat.com/getLeagueData/Ligue_1/2017,2017-09-15,True
2017-09-16,Dijon,St Etienne,1.84763,1.73247,8620,2017,https://understat.com/getLeagueData/Ligue_1/2017,2017-09-16,True
2017-09-16,Guingamp,Lille,1.49258,0.376469,8621,2017,https://understat.com/getLeagueData/Ligue_1/2017,2017-09-16,True
2017-09-16,Monaco,Strasbourg,2.74933,1.25366,8622,2017,https://understat.com/getLeagueData/Ligue_1/2017,2017-09-16,True
2017-09-16,Nantes,Caen,0.464665,0.277685,8623,2017,https://understat.com/getLeagueData/Ligue_1/2017,2017-09-16,True
2017-09-16,Troyes,Montpellier,0.64374,1.20725,8617,2017,https://understat.com/getLeagueData/Ligue_1/2017,2017-09-16,True
2017-09-17,Amiens,Marseille,0.712071,1.44127,8618,2017,https://understat.com/getLeagueData/Ligue_1/2017,2017-09-17,True
2017-09-17,Angers,Metz,1.99822,1.60019,8619,2017,https://understat.com/getLeagueData/Ligue_1/2017,2017-09-17,True
2017-09-17,Paris SG,Lyon,1.77327,0.928593,8624,2017,https://understat.com/getLeagueData/Ligue_1/2017,2017-09-17,True
2017-09-17,Rennes,Nice,0.88774,0.590921,8616,2017,https://understat.com/getLeagueData/Ligue_1/2017,2017-09-17,True
2017-09-22,Lille,Monaco,1.03899,2.53149,8627,2017,https://understat.com/getLeagueData/Ligue_1/2017,2017-09-22,True
2017-09-22,Nice,Angers,1.75619,1.67713,8632,2017,https://understat.com/getLeagueData/Ligue_1/2017,2017-09-22,True
2017-09-23,Bordeaux,Guingamp,3.22208,1.17579,8625,2017,https://understat.com/getLeagueData/Ligue_1/2017,2017-09-23,True
2017-09-23,Caen,Amiens,1.76038,0.0263448,8626,2017,https://understat.com/getLeagueData/Ligue_1/2017,2017-09-23,True
2017-09-23,Lyon,Dijon,3.5055,1.68516,8629,2017,https://understat.com/getLeagueData/Ligue_1/2017,2017-09-23,True
2017-09-23,Metz,Troyes,1.06447,0.628796,8630,2017,https://understat.com/getLeagueData/Ligue_1/2017,2017-09-23,True
2017-09-23,Montpellier,Paris SG,0.156853,0.664671,8631,2017,https://understat.com/getLeagueData/Ligue_1/2017,2017-09-23,True
2017-09-24,Marseille,Toulouse,3.19464,0.5552,8628,2017,https://understat.com/getLeagueData/Ligue_1/2017,2017-09-24,True
2017-09-24,St Etienne,Rennes,2.00978,1.41106,8633,2017,https://understat.com/getLeagueData/Ligue_1/2017,2017-09-24,True
2017-09-24,Strasbourg,Nantes,1.38859,0.572934,8634,2017,https://understat.com/getLeagueData/Ligue_1/2017,2017-09-24,True
2017-09-29,Monaco,Montpellier,0.939163,0.948064,8641,2017,https://understat.com/getLeagueData/Ligue_1/2017,2017-09-29,True
2017-09-30,Dijon,Strasbourg,1.55525,0.668952,8637,2017,https://understat.com/getLeagueData/Ligue_1/2017,2017-09-30,True
2017-09-30,Guingamp,Toulouse,0.952285,0.569784,8640,2017,https://understat.com/getLeagueData/Ligue_1/2017,2017-09-30,True
2017-09-30,Nantes,Metz,2.21251,1.3633,8642,2017,https://understat.com/getLeagueData/Ligue_1/2017,2017-09-30,True
2017-09-30,Paris SG,Bordeaux,2.40637,2.19609,8644,2017,https://understat.com/getLeagueData/Ligue_1/2017,2017-09-30,True
2017-09-30,Rennes,Caen,0.698792,1.40792,8638,2017,https://understat.com/getLeagueData/Ligue_1/2017,2017-09-30,True
2017-10-01,Angers,Lyon,0.999606,1.5737,8636,2017,https://understat.com/getLeagueData/Ligue_1/2017,2017-10-01,True
2017-10-01,Nice,Marseille,2.67558,2.56739,8643,2017,https://understat.com/getLeagueData/Ligue_1/2017,2017-10-01,True
2017-10-01,Troyes,St Etienne,0.806682,1.28401,8639,2017,https://understat.com/getLeagueData/Ligue_1/2017,2017-10-01,True
2017-10-13,Lyon,Monaco,1.79765,1.86517,8649,2017,https://understat.com/getLeagueData/Ligue_1/2017,2017-10-13,True
2017-10-14,Caen,Angers,1.31459,2.02926,8651,2017,https://understat.com/getLeagueData/Ligue_1/2017,2017-10-14,True
2017-10-14,Dijon,Paris SG,0.704259,2.55828,8652,2017,https://understat.com/getLeagueData/Ligue_1/2017,2017-10-14,True
2017-10-14,Guingamp,Rennes,3.83243,0.736792,8653,2017,https://understat.com/getLeagueData/Ligue_1/2017,2017-10-14,True
2017-10-14,Lille,Troyes,1.26975,1.53577,8654,2017,https://understat.com/getLeagueData/Ligue_1/2017,2017-10-14,True
2017-10-14,St Etienne,Metz,2.33843,0.33881,8645,2017,https://understat.com/getLeagueData/Ligue_1/2017,2017-10-14,True
2017-10-14,Toulouse,Amiens,1.46173,0.240109,8647,2017,https://understat.com/getLeagueData/Ligue_1/2017,2017-10-14,True
2017-10-15,Bordeaux,Nantes,0.996615,1.16816,8650,2017,https://understat.com/getLeagueData/Ligue_1/2017,2017-10-15,True
2017-10-15,Montpellier,Nice,1.39101,1.94389,8648,2017,https://understat.com/getLeagueData/Ligue_1/2017,2017-10-15,True
2017-10-15,Strasbourg,Marseille,2.02351,3.0641,8646,2017,https://understat.com/getLeagueData/Ligue_1/2017,2017-10-15,True
2017-10-20,St Etienne,Montpellier,1.27005,1.52158,8662,2017,https://understat.com/getLeagueData/Ligue_1/2017,2017-10-20,True
2017-10-21,Amiens,Bordeaux,1.107,0.756311,8655,2017,https://understat.com/getLeagueData/Ligue_1/2017,2017-10-21,True
2017-10-21,Angers,Toulouse,1.17702,0.418413,8656,2017,https://understat.com/getLeagueData/Ligue_1/2017,2017-10-21,True
2017-10-21,Metz,Dijon,0.722398,0.694652,8657,2017,https://understat.com/getLeagueData/Ligue_1/2017,2017-10-21,True
2017-10-21,Monaco,Caen,2.02602,0.382019,8658,2017,https://understat.com/getLeagueData/Ligue_1/2017,2017-10-21,True
2017-10-21,Nantes,Guingamp,0.748019,0.862897,8659,2017,https://understat.com/getLeagueData/Ligue_1/2017,2017-10-21,True
2017-10-21,Rennes,Lille,0.743569,0.605216,8661,2017,https://understat.com/getLeagueData/Ligue_1/2017,2017-10-21,True
2017-10-22,Marseille,Paris SG,1.31442,0.324335,8664,2017,https://understat.com/getLeagueData/Ligue_1/2017,2017-10-22,True
2017-10-22,Nice,Strasbourg,1.8532,1.15613,8660,2017,https://understat.com/getLeagueData/Ligue_1/2017,2017-10-22,True
2017-10-22,Troyes,Lyon,0.277198,3.27703,8663,2017,https://understat.com/getLeagueData/Ligue_1/2017,2017-10-22,True
2017-10-27,Paris SG,Nice,3.30483,0.198721,8672,2017,https://understat.com/getLeagueData/Ligue_1/2017,2017-10-27,True
2017-10-28,Bordeaux,Monaco,1.37964,0.893808,8665,2017,https://understat.com/getLeagueData/Ligue_1/2017,2017-10-28,True
2017-10-28,Caen,Troyes,0.58564,1.13546,8666,2017,https://understat.com/getLeagueData/Ligue_1/2017,2017-10-28,True
2017-10-28,Dijon,Nantes,0.325792,1.00906,8667,2017,https://understat.com/getLeagueData/Ligue_1/2017,2017-10-28,True
2017-10-28,Guingamp,Amiens,0.620527,0.354145,8668,2017,https://understat.com/getLeagueData/Ligue_1/2017,2017-10-28,True
2017-10-28,Montpellier,Rennes,1.0658,0.596442,8671,2017,https://understat.com/getLeagueData/Ligue_1/2017,2017-10-28,True
2017-10-28,Strasbourg,Angers,1.62722,0.37517,8673,2017,https://understat.com/getLeagueData/Ligue_1/2017,2017-10-28,True
2017-10-29,Lille,Marseille,0.665171,1.06909,8669,2017,https://understat.com/getLeagueData/Ligue_1/2017,2017-10-29,True
2017-10-29,Lyon,Metz,1.38545,0.506774,8670,2017,https://understat.com/getLeagueData/Ligue_1/2017,2017-10-29,True
2017-10-29,Toulouse,St Etienne,0.663289,0.962164,8674,2017,https://understat.com/getLeagueData/Ligue_1/2017,2017-10-29,True
2017-11-03,Rennes,Bordeaux,0.816595,0.329157,8678,2017,https://understat.com/getLeagueData/Ligue_1/2017,2017-11-03,True
2017-11-04,Angers,Paris SG,0.663491,2.78391,8680,2017,https://understat.com/getLeagueData/Ligue_1/2017,2017-11-04,True
2017-11-04,Monaco,Guingamp,2.94988,0.299641,8682,2017,https://understat.com/getLeagueData/Ligue_1/2017,2017-11-04,True
2017-11-04,Montpellier,Amiens,0.901077,0.497744,8675,2017,https://understat.com/getLeagueData/Ligue_1/2017,2017-11-04,True
2017-11-04,Nantes,Toulouse,0.990379,0.79584,8676,2017,https://understat.com/getLeagueData/Ligue_1/2017,2017-11-04,True
2017-11-04,Troyes,Strasbourg,2.42579,0.886377,8679,2017,https://understat.com/getLeagueData/Ligue_1/2017,2017-11-04,True
2017-11-05,Marseille,Caen,4.03445,1.02028,8681,2017,https://understat.com/getLeagueData/Ligue_1/2017,2017-11-05,True
2017-11-05,Metz,Lille,2.45958,1.51839,8683,2017,https://understat.com/getLeagueData/Ligue_1/2017,2017-11-05,True
2017-11-05,Nice,Dijon,1.30297,0.572627,8677,2017,https://understat.com/getLeagueData/Ligue_1/2017,2017-11-05,True
2017-11-05,St Etienne,Lyon,0.842106,2.43783,8684,2017,https://understat.com/getLeagueData/Ligue_1/2017,2017-11-05,True
2017-11-17,Amiens,Monaco,1.40691,0.879149,8685,2017,https://understat.com/getLeagueData/Ligue_1/2017,2017-11-17,True
2017-11-17,Lille,St Etienne,0.780945,1.3189,8690,2017,https://understat.com/getLeagueData/Ligue_1/2017,2017-11-17,True
2017-11-18,Dijon,Troyes,1.4635,1.29033,8688,2017,https://understat.com/getLeagueData/Ligue_1/2017,2017-11-18,True
2017-11-18,Guingamp,Angers,0.854701,0.308467,8689,2017,https://understat.com/getLeagueData/Ligue_1/2017,2017-11-18,True
2017-11-18,Paris SG,Nantes,2.15231,0.855253,8692,2017,https://understat.com/getLeagueData/Ligue_1/2017,2017-11-18,True
2017-11-18,Strasbourg,Rennes,1.40766,0.69636,8694,2017,https://understat.com/getLeagueData/Ligue_1/2017,2017-11-18,True
2017-11-18,Toulouse,Metz,2.15719,0.817349,8691,2017,https://understat.com/getLeagueData/Ligue_1/2017,2017-11-18,True
2017-11-19,Bordeaux,Marseille,0.338961,1.03971,8686,2017,https://understat.com/getLeagueData/Ligue_1/2017,2017-11-19,True
2017-11-19,Caen,Nice,2.16318,1.55288,8687,2017,https://understat.com/getLeagueData/Ligue_1/2017,2017-11-19,True
2017-11-19,Lyon,Montpellier,0.738148,0.770313,8693,2017,https://understat.com/getLeagueData/Ligue_1/2017,2017-11-19,True
2017-11-20,Amiens,Lille,1.4818,0.393119,8635,2017,https://understat.com/getLeagueData/Ligue_1/2017,2017-11-20,True
2017-11-24,St Etienne,Strasbourg,1.27542,1.64076,8698,2017,https://understat.com/getLeagueData/Ligue_1/2017,2017-11-24,True
2017-11-25,Caen,Bordeaux,1.03943,1.22029,8700,2017,https://understat.com/getLeagueData/Ligue_1/2017,2017-11-25,True
2017-11-25,Dijon,Toulouse,1.06076,1.68147,8701,2017,https://understat.com/getLeagueData/Ligue_1/2017,2017-11-25,True
2017-11-25,Metz,Amiens,1.25584,0.934284,8703,2017,https://understat.com/getLeagueData/Ligue_1/2017,2017-11-25,True
2017-11-25,Montpellier,Lille,2.13961,0.197089,8695,2017,https://understat.com/getLeagueData/Ligue_1/2017,2017-11-25,True
2017-11-25,Rennes,Nantes,0.922182,1.12975,8697,2017,https://understat.com/getLeagueData/Ligue_1/2017,2017-11-25,True
2017-11-25,Troyes,Angers,1.18185,0.302355,8699,2017,https://understat.com/getLeagueData/Ligue_1/2017,2017-11-25,True
2017-11-26,Marseille,Guingamp,1.87549,0.266214,8702,2017,https://understat.com/getLeagueData/Ligue_1/2017,2017-11-26,True
2017-11-26,Monaco,Paris SG,0.379619,4.41005,8704,2017,https://understat.com/getLeagueData/Ligue_1/2017,2017-11-26,True
2017-11-26,Nice,Lyon,0.244374,2.22509,8696,2017,https://understat.com/getLeagueData/Ligue_1/2017,2017-11-26,True
2017-11-28,Amiens,Dijon,0.875002,0.88355,8705,2017,https://understat.com/getLeagueData/Ligue_1/2017,2017-11-28,True
2017-11-28,Bordeaux,St Etienne,1.54515,0.337006,8707,2017,https://understat.com/getLeagueData/Ligue_1/2017,2017-11-28,True
2017-11-28,Strasbourg,Caen,0.223173,2.23402,8713,2017,https://understat.com/getLeagueData/Ligue_1/2017,2017-11-28,True
2017-11-29,Angers,Rennes,0.393065,1.26206,8706,2017,https://understat.com/getLeagueData/Ligue_1/2017,2017-11-29,True
2017-11-29,Guingamp,Montpellier,0.420556,0.6259,8708,2017,https://understat.com/getLeagueData/Ligue_1/2017,2017-11-29,True
2017-11-29,Lyon,Lille,2.95324,1.15359,8709,2017,https://understat.com/getLeagueData/Ligue_1/2017,2017-11-29,True
2017-11-29,Metz,Marseille,0.345768,2.48085,8710,2017,https://understat.com/getLeagueData/Ligue_1/2017,2017-11-29,True
2017-11-29,Nantes,Monaco,0.583821,0.380888,8711,2017,https://understat.com/getLeagueData/Ligue_1/2017,2017-11-29,True
2017-11-29,Paris SG,Troyes,1.70266,0.446889,8712,2017,https://understat.com/getLeagueData/Ligue_1/2017,2017-11-29,True
2017-11-29,Toulouse,Nice,1.84921,1.34601,8714,2017,https://understat.com/getLeagueData/Ligue_1/2017,2017-11-29,True
2017-12-01,Dijon,Bordeaux,1.75285,1.13557,8722,2017,https://understat.com/getLeagueData/Ligue_1/2017,2017-12-01,True
2017-12-02,Lille,Toulouse,0.689741,1.23313,8724,2017,https://understat.com/getLeagueData/Ligue_1/2017,2017-12-02,True
2017-12-02,Monaco,Angers,0.445538,0.723605,8723,2017,https://understat.com/getLeagueData/Ligue_1/2017,2017-12-02,True
2017-12-02,Nice,Metz,2.04706,0.425087,8719,2017,https://understat.com/getLeagueData/Ligue_1/2017,2017-12-02,True
2017-12-02,Rennes,Amiens,1.54445,0.246144,8720,2017,https://understat.com/getLeagueData/Ligue_1/2017,2017-12-02,True
2017-12-02,Strasbourg,Paris SG,0.38814,2.27373,8716,2017,https://understat.com/getLeagueData/Ligue_1/2017,2017-12-02,True
2017-12-02,Troyes,Guingamp,1.00976,0.744047,8717,2017,https://understat.com/getLeagueData/Ligue_1/2017,2017-12-02,True
2017-12-03,Caen,Lyon,0.986845,1.98069,8721,2017,https://understat.com/getLeagueData/Ligue_1/2017,2017-12-03,True
2017-12-03,Montpellier,Marseille,0.949417,1.00748,8718,2017,https://understat.com/getLeagueData/Ligue_1/2017,2017-12-03,True
2017-12-03,St Etienne,Nantes,0.784896,1.47025,8715,2017,https://understat.com/getLeagueData/Ligue_1/2017,2017-12-03,True
2017-12-08,Bordeaux,Strasbourg,0.589571,2.17093,8727,2017,https://understat.com/getLeagueData/Ligue_1/2017,2017-12-08,True
2017-12-09,Angers,Montpellier,1.19722,1.16521,8726,2017,https://understat.com/getLeagueData/Ligue_1/2017,2017-12-09,True
2017-12-09,Guingamp,Dijon,2.07693,0.271135,8728,2017,https://understat.com/getLeagueData/Ligue_1/2017,2017-12-09,True
2017-12-09,Metz,Rennes,1.17225,0.947048,8730,2017,https://understat.com/getLeagueData/Ligue_1/2017,2017-12-09,True
2017-12-09,Monaco,Troyes,1.46253,1.39172,8731,2017,https://understat.com/getLeagueData/Ligue_1/2017,2017-12-09,True
2017-12-09,Paris SG,Lille,1.621,0.509177,8733,2017,https://understat.com/getLeagueData/Ligue_1/2017,2017-12-09,True
2017-12-09,Toulouse,Caen,1.72943,1.05035,8734,2017,https://understat.com/getLeagueData/Ligue_1/2017,2017-12-09,True
2017-12-10,Amiens,Lyon,2.19279,0.953938,8725,2017,https://understat.com/getLeagueData/Ligue_1/2017,2017-12-10,True
2017-12-10,Marseille,St Etienne,3.25344,0.220737,8729,2017,https://understat.com/getLeagueData/Ligue_1/2017,2017-12-10,True
2017-12-10,Nantes,Nice,1.4467,0.626165,8732,2017,https://understat.com/getLeagueData/Ligue_1/2017,2017-12-10,True
2017-12-15,St Etienne,Monaco,0.291562,2.60474,8742,2017,https://understat.com/getLeagueData/Ligue_1/2017,2017-12-15,True
2017-12-16,Caen,Guingamp,0.820219,0.233712,8735,2017,https://understat.com/getLeagueData/Ligue_1/2017,2017-12-16,True
2017-12-16,Dijon,Lille,0.705966,0.625703,8736,2017,https://understat.com/getLeagueData/Ligue_1/2017,2017-12-16,True
2017-12-16,Montpellier,Metz,0.277553,0.935507,8738,2017,https://understat.com/getLeagueData/Ligue_1/2017,2017-12-16,True
2017-12-16,Rennes,Paris SG,2.20762,3.94333,8741,2017,https://understat.com/getLeagueData/Ligue_1/2017,2017-12-16,True
2017-12-16,Strasbourg,Toulouse,1.72073,1.28316,8743,2017,https://understat.com/getLeagueData/Ligue_1/2017,2017-12-16,True
2017-12-16,Troyes,Amiens,2.47583,0.550401,8744,2017,https://understat.com/getLeagueData/Ligue_1/2017,2017-12-16,True
2017-12-17,Lyon,Marseille,1.36734,1.60998,8737,2017,https://understat.com/getLeagueData/Ligue_1/2017,2017-12-17,True
2017-12-17,Nantes,Angers,1.13634,0.231309,8739,2017,https://understat.com/getLeagueData/Ligue_1/2017,2017-12-17,True
2017-12-17,Nice,Bordeaux,1.80014,0.574262,8740,2017,https://understat.com/getLeagueData/Ligue_1/2017,2017-12-17,True
2017-12-20,Amiens,Nantes,0.864223,1.13923,8745,2017,https://understat.com/getLeagueData/Ligue_1/2017,2017-12-20,True
2017-12-20,Angers,Dijon,2.68188,1.3176,8748,2017,https://understat.com/getLeagueData/Ligue_1/2017,2017-12-20,True
2017-12-20,Bordeaux,Montpellier,0.335364,0.943211,8749,2017,https://understat.com/getLeagueData/Ligue_1/2017,2017-12-20,True
2017-12-20,Guingamp,St Etienne,1.79842,0.344038,8750,2017,https://understat.com/getLeagueData/Ligue_1/2017,2017-12-20,True
2017-12-20,Lille,Nice,0.755883,0.250882,8751,2017,https://understat.com/getLeagueData/Ligue_1/2017,2017-12-20,True
2017-12-20,Marseille,Troyes,1.63202,1.23458,8752,2017,https://understat.com/getLeagueData/Ligue_1/2017,2017-12-20,True
2017-12-20,Metz,Strasbourg,2.02724,1.82629,8753,2017,https://understat.com/getLeagueData/Ligue_1/2017,2017-12-20,True
2017-12-20,Monaco,Rennes,2.05203,1.16211,8754,2017,https://understat.com/getLeagueData/Ligue_1/2017,2017-12-20,True
2017-12-20,Paris SG,Caen,2.4519,1.01868,8747,2017,https://understat.com/getLeagueData/Ligue_1/2017,2017-12-20,True
2017-12-20,Toulouse,Lyon,2.41544,2.18213,8746,2017,https://understat.com/getLeagueData/Ligue_1/2017,2017-12-20,True
2018-01-12,Strasbourg,Guingamp,0.599037,1.07983,8763,2017,https://understat.com/getLeagueData/Ligue_1/2017,2018-01-12,True
2018-01-13,Caen,Lille,1.48076,1.2005,8755,2017,https://understat.com/getLeagueData/Ligue_1/2017,2018-01-13,True
2018-01-13,Dijon,Metz,1.10129,0.781433,8756,2017,https://understat.com/getLeagueData/Ligue_1/2017,2018-01-13,True
2018-01-13,Montpellier,Monaco,0.620778,0.867849,8758,2017,https://understat.com/getLeagueData/Ligue_1/2017,2018-01-13,True
2018-01-13,Nice,Amiens,1.2202,0.583973,8760,2017,https://understat.com/getLeagueData/Ligue_1/2017,2018-01-13,True
2018-01-13,Rennes,Marseille,1.49159,2.26418,8761,2017,https://understat.com/getLeagueData/Ligue_1/2017,2018-01-13,True
2018-01-13,Troyes,Bordeaux,1.39464,0.709073,8764,2017,https://understat.com/getLeagueData/Ligue_1/2017,2018-01-13,True
2018-01-14,Lyon,Angers,1.33723,1.15533,8757,2017,https://understat.com/getLeagueData/Ligue_1/2017,2018-01-14,True
2018-01-14,Nantes,Paris SG,0.703414,2.45162,8759,2017,https://understat.com/getLeagueData/Ligue_1/2017,2018-01-14,True
2018-01-14,St Etienne,Toulouse,2.84118,1.02467,8762,2017,https://understat.com/getLeagueData/Ligue_1/2017,2018-01-14,True
2018-01-16,Bordeaux,Caen,0.550902,0.949262,8767,2017,https://understat.com/getLeagueData/Ligue_1/2017,2018-01-16,True
2018-01-16,Marseille,Strasbourg,3.9304,0.116095,8770,2017,https://understat.com/getLeagueData/Ligue_1/2017,2018-01-16,True
2018-01-16,Monaco,Nice,1.23881,1.08186,8772,2017,https://understat.com/getLeagueData/Ligue_1/2017,2018-01-16,True
2018-01-17,Amiens,Montpellier,0.626049,1.19099,8765,2017,https://understat.com/getLeagueData/Ligue_1/2017,2018-01-17,True
2018-01-17,Angers,Troyes,1.886,0.340789,8766,2017,https://understat.com/getLeagueData/Ligue_1/2017,2018-01-17,True
2018-01-17,Guingamp,Lyon,0.482173,2.10765,8768,2017,https://understat.com/getLeagueData/Ligue_1/2017,2018-01-17,True
2018-01-17,Lille,Rennes,0.528633,1.68095,8769,2017,https://understat.com/getLeagueData/Ligue_1/2017,2018-01-17,True
2018-01-17,Metz,St Etienne,2.19074,0.680514,8771,2017,https://understat.com/getLeagueData/Ligue_1/2017,2018-01-17,True
2018-01-17,Paris SG,Dijon,4.27396,0.154688,8773,2017,https://understat.com/getLeagueData/Ligue_1/2017,2018-01-17,True
2018-01-17,Toulouse,Nantes,1.22063,0.641757,8774,2017,https://understat.com/getLeagueData/Ligue_1/2017,2018-01-17,True
2018-01-19,Caen,Marseille,0.152123,2.29378,8776,2017,https://understat.com/getLeagueData/Ligue_1/2017,2018-01-19,True
2018-01-20,Amiens,Guingamp,1.9645,0.175561,8775,2017,https://understat.com/getLeagueData/Ligue_1/2017,2018-01-20,True
2018-01-20,Montpellier,Toulouse,2.10746,0.769418,8779,2017,https://understat.com/getLeagueData/Ligue_1/2017,2018-01-20,True
2018-01-20,Nantes,Bordeaux,0.544384,0.440149,8780,2017,https://understat.com/getLeagueData/Ligue_1/2017,2018-01-20,True
2018-01-20,Rennes,Angers,1.06811,0.41615,8782,2017,https://understat.com/getLeagueData/Ligue_1/2017,2018-01-20,True
2018-01-20,Strasbourg,Dijon,2.6462,1.20844,8783,2017,https://understat.com/getLeagueData/Ligue_1/2017,2018-01-20,True
2018-01-20,Troyes,Lille,0.653627,0.547546,8784,2017,https://understat.com/getLeagueData/Ligue_1/2017,2018-01-20,True
2018-01-21,Lyon,Paris SG,0.502457,0.67226,8777,2017,https://understat.com/getLeagueData/Ligue_1/2017,2018-01-21,True
2018-01-21,Monaco,Metz,2.41414,0.0868633,8778,2017,https://understat.com/getLeagueData/Ligue_1/2017,2018-01-21,True
2018-01-21,Nice,St Etienne,0.279353,0.314602,8781,2017,https://understat.com/getLeagueData/Ligue_1/2017,2018-01-21,True
2018-01-26,Dijon,Rennes,1.44093,0.615882,8787,2017,https://understat.com/getLeagueData/Ligue_1/2017,2018-01-26,True
2018-01-27,Angers,Amiens,1.52438,0.0630897,8785,2017,https://understat.com/getLeagueData/Ligue_1/2017,2018-01-27,True
2018-01-27,Guingamp,Nantes,0.233546,1.66947,8788,2017,https://understat.com/getLeagueData/Ligue_1/2017,2018-01-27,True
2018-01-27,Metz,Nice,0.669743,1.62959,8789,2017,https://understat.com/getLeagueData/Ligue_1/2017,2018-01-27,True
2018-01-27,Paris SG,Montpellier,4.24887,0.680381,8790,2017,https://understat.com/getLeagueData/Ligue_1/2017,2018-01-27,True
2018-01-27,St Etienne,Caen,0.476107,1.38281,8791,2017,https://understat.com/getLeagueData/Ligue_1/2017,2018-01-27,True
2018-01-27,Toulouse,Troyes,1.48594,0.0469224,8792,2017,https://understat.com/getLeagueData/Ligue_1/2017,2018-01-27,True
2018-01-28,Bordeaux,Lyon,2.42464,0.70199,8786,2017,https://understat.com/getLeagueData/Ligue_1/2017,2018-01-28,True
2018-01-28,Lille,Strasbourg,1.44327,0.859116,8793,2017,https://understat.com/getLeagueData/Ligue_1/2017,2018-01-28,True
2018-01-28,Marseille,Monaco,1.98143,0.682973,8794,2017,https://understat.com/getLeagueData/Ligue_1/2017,2018-01-28,True
2018-02-02,Marseille,Metz,5.85121,1.27637,8798,2017,https://understat.com/getLeagueData/Ligue_1/2017,2018-02-02,True
2018-02-03,Amiens,St Etienne,0.250359,2.70354,8795,2017,https://understat.com/getLeagueData/Ligue_1/2017,2018-02-03,True
2018-02-03,Lille,Paris SG,0.275223,1.95356,8797,2017,https://understat.com/getLeagueData/Ligue_1/2017,2018-02-03,True
2018-02-03,Montpellier,Angers,0.285745,0.996403,8799,2017,https://understat.com/getLeagueData/Ligue_1/2017,2018-02-03,True
2018-02-03,Nice,Toulouse,1.07335,0.278134,8800,2017,https://understat.com/getLeagueData/Ligue_1/2017,2018-02-03,True
2018-02-03,Strasbourg,Bordeaux,0.308349,0.838239,8802,2017,https://understat.com/getLeagueData/Ligue_1/2017,2018-02-03,True
2018-02-04,Caen,Nantes,1.88955,0.696733,8796,2017,https://understat.com/getLeagueData/Ligue_1/2017,2018-02-04,True
2018-02-04,Monaco,Lyon,1.37518,0.984924,8804,2017,https://understat.com/getLeagueData/Ligue_1/2017,2018-02-04,True
2018-02-04,Rennes,Guingamp,1.91993,0.638394,8801,2017,https://understat.com/getLeagueData/Ligue_1/2017,2018-02-04,True
2018-02-09,St Etienne,Marseille,1.96048,1.0382,8806,2017,https://understat.com/getLeagueData/Ligue_1/2017,2018-02-09,True
2018-02-10,Angers,Monaco,0.533175,2.26036,8812,2017,https://understat.com/getLeagueData/Ligue_1/2017,2018-02-10,True
2018-02-10,Bordeaux,Amiens,2.19944,1.15828,8813,2017,https://understat.com/getLeagueData/Ligue_1/2017,2018-02-10,True
2018-02-10,Dijon,Nice,1.89768,0.894957,8814,2017,https://understat.com/getLeagueData/Ligue_1/2017,2018-02-10,True
2018-02-10,Guingamp,Caen,0.284691,0.959241,8808,2017,https://understat.com/getLeagueData/Ligue_1/2017,2018-02-10,True
2018-02-10,Metz,Montpellier,0.865226,1.21321,8810,2017,https://understat.com/getLeagueData/Ligue_1/2017,2018-02-10,True
2018-02-10,Toulouse,Paris SG,0.143229,2.03292,8805,2017,https://understat.com/getLeagueData/Ligue_1/2017,2018-02-10,True
2018-02-11,Lyon,Rennes,1.20772,0.92204,8809,2017,https://understat.com/getLeagueData/Ligue_1/2017,2018-02-11,True
2018-02-11,Nantes,Lille,2.1668,0.632571,8811,2017,https://understat.com/getLeagueData/Ligue_1/2017,2018-02-11,True
2018-02-11,Strasbourg,Troyes,0.9565,1.6317,8807,2017,https://understat.com/getLeagueData/Ligue_1/2017,2018-02-11,True
2018-02-16,Monaco,Dijon,2.41954,0.302986,8824,2017,https://understat.com/getLeagueData/Ligue_1/2017,2018-02-16,True
2018-02-17,Amiens,Toulouse,0.510117,0.937757,8816,2017,https://understat.com/getLeagueData/Ligue_1/2017,2018-02-17,True
2018-02-17,Angers,St Etienne,1.2482,0.662397,8820,2017,https://understat.com/getLeagueData/Ligue_1/2017,2018-02-17,True
2018-02-17,Caen,Rennes,3.33664,1.38594,8819,2017,https://understat.com/getLeagueData/Ligue_1/2017,2018-02-17,True
2018-02-17,Montpellier,Guingamp,1.44951,1.02008,8823,2017,https://understat.com/getLeagueData/Ligue_1/2017,2018-02-17,True
2018-02-17,Paris SG,Strasbourg,4.62554,0.536092,8821,2017,https://understat.com/getLeagueData/Ligue_1/2017,2018-02-17,True
2018-02-17,Troyes,Metz,2.0565,1.40506,8815,2017,https://understat.com/getLeagueData/Ligue_1/2017,2018-02-17,True
2018-02-18,Lille,Lyon,0.894673,2.08854,8818,2017,https://understat.com/getLeagueData/Ligue_1/2017,2018-02-18,True
2018-02-18,Marseille,Bordeaux,1.62717,0.107734,8817,2017,https://understat.com/getLeagueData/Ligue_1/2017,2018-02-18,True
2018-02-18,Nice,Nantes,0.94711,1.16354,8822,2017,https://understat.com/getLeagueData/Ligue_1/2017,2018-02-18,True
2018-02-20,Troyes,Dijon,0.36503,0.279816,8803,2017,https://understat.com/getLeagueData/Ligue_1/2017,2018-02-20,True
2018-02-23,Strasbourg,Montpellier,0.366466,0.617321,8826,2017,https://understat.com/getLeagueData/Ligue_1/2017,2018-02-23,True
2018-02-24,Dijon,Caen,1.53459,0.61071,8834,2017,https://understat.com/getLeagueData/Ligue_1/2017,2018-02-24,True
2018-02-24,Guingamp,Metz,1.73373,0.961929,8833,2017,https://understat.com/getLeagueData/Ligue_1/2017,2018-02-24,True
2018-02-24,Lille,Angers,0.965021,1.82329,8831,2017,https://understat.com/getLeagueData/Ligue_1/2017,2018-02-24,True
2018-02-24,Nantes,Amiens,1.11638,0.397649,8829,2017,https://understat.com/getLeagueData/Ligue_1/2017,2018-02-24,True
2018-02-24,Rennes,Troyes,1.62688,0.312847,8825,2017,https://understat.com/getLeagueData/Ligue_1/2017,2018-02-24,True
2018-02-24,Toulouse,Monaco,1.4221,2.21317,8827,2017,https://understat.com/getLeagueData/Ligue_1/2017,2018-02-24,True
2018-02-25,Bordeaux,Nice,1.84665,0.154466,8832,2017,https://understat.com/getLeagueData/Ligue_1/2017,2018-02-25,True
2018-02-25,Lyon,St Etienne,0.671649,1.28794,8830,2017,https://understat.com/getLeagueData/Ligue_1/2017,2018-02-25,True
2018-02-25,Paris SG,Marseille,0.971169,0.990539,8828,2017,https://understat.com/getLeagueData/Ligue_1/2017,2018-02-25,True
2018-03-02,Monaco,Bordeaux,2.85004,0.522865,8841,2017,https://understat.com/getLeagueData/Ligue_1/2017,2018-03-02,True
2018-03-02,Nice,Lille,1.78209,0.866288,8843,2017,https://understat.com/getLeagueData/Ligue_1/2017,2018-03-02,True
2018-03-03,Amiens,Rennes,1.53509,0.984665,8836,2017,https://understat.com/getLeagueData/Ligue_1/2017,2018-03-03,True
2018-03-03,Angers,Guingamp,2.57662,0.802551,8837,2017,https://understat.com/getLeagueData/Ligue_1/2017,2018-03-03,True
2018-03-03,Metz,Toulouse,1.00996,1.71105,8840,2017,https://understat.com/getLeagueData/Ligue_1/2017,2018-03-03,True
2018-03-03,St Etienne,Dijon,1.95886,1.77916,8844,2017,https://understat.com/getLeagueData/Ligue_1/2017,2018-03-03,True
2018-03-03,Troyes,Paris SG,0.285736,2.02971,8835,2017,https://understat.com/getLeagueData/Ligue_1/2017,2018-03-03,True
2018-03-04,Caen,Strasbourg,1.08261,0.866851,8838,2017,https://understat.com/getLeagueData/Ligue_1/2017,2018-03-04,True
2018-03-04,Marseille,Nantes,1.38842,1.18039,8839,2017,https://understat.com/getLeagueData/Ligue_1/2017,2018-03-04,True
2018-03-04,Montpellier,Lyon,1.00445,1.20415,8842,2017,https://understat.com/getLeagueData/Ligue_1/2017,2018-03-04,True
2018-03-09,Strasbourg,Monaco,1.40419,0.997136,8853,2017,https://understat.com/getLeagueData/Ligue_1/2017,2018-03-09,True
2018-03-10,Bordeaux,Angers,1.11795,0.889669,8845,2017,https://understat.com/getLeagueData/Ligue_1/2017,2018-03-10,True
2018-03-10,Dijon,Amiens,0.96252,1.05626,8846,2017,https://understat.com/getLeagueData/Ligue_1/2017,2018-03-10,True
2018-03-10,Lille,Montpellier,0.605119,0.733875,8848,2017,https://understat.com/getLeagueData/Ligue_1/2017,2018-03-10,True
2018-03-10,Nantes,Troyes,1.76133,0.365029,8850,2017,https://understat.com/getLeagueData/Ligue_1/2017,2018-03-10,True
2018-03-10,Paris SG,Metz,3.85034,0.31453,8851,2017,https://understat.com/getLeagueData/Ligue_1/2017,2018-03-10,True
2018-03-10,Rennes,St Etienne,1.33403,1.55752,8852,2017,https://understat.com/getLeagueData/Ligue_1/2017,2018-03-10,True
2018-03-11,Guingamp,Nice,1.4993,2.252,8847,2017,https://understat.com/getLeagueData/Ligue_1/2017,2018-03-11,True
2018-03-11,Lyon,Caen,1.66731,0.245834,8849,2017,https://understat.com/getLeagueData/Ligue_1/2017,2018-03-11,True
2018-03-11,Toulouse,Marseille,1.09433,3.66527,8854,2017,https://understat.com/getLeagueData/Ligue_1/2017,2018-03-11,True
2018-03-14,Paris SG,Angers,1.9662,2.0685,8871,2017,https://understat.com/getLeagueData/Ligue_1/2017,2018-03-14,True
2018-03-16,Monaco,Lille,1.77406,0.915575,8860,2017,https://understat.com/getLeagueData/Ligue_1/2017,2018-03-16,True
2018-03-17,Amiens,Troyes,0.964633,1.63646,8855,2017,https://understat.com/getLeagueData/Ligue_1/2017,2018-03-17,True
2018-03-17,Angers,Caen,1.73862,0.569241,8859,2017,https://understat.com/getLeagueData/Ligue_1/2017,2018-03-17,True
2018-03-17,Bordeaux,Rennes,0.390596,0.917768,8858,2017,https://understat.com/getLeagueData/Ligue_1/2017,2018-03-17,True
2018-03-17,Montpellier,Dijon,2.30885,1.11133,8861,2017,https://understat.com/getLeagueData/Ligue_1/2017,2018-03-17,True
2018-03-17,Toulouse,Strasbourg,1.81322,0.938237,8864,2017,https://understat.com/getLeagueData/Ligue_1/2017,2018-03-17,True
2018-03-18,Marseille,Lyon,1.49394,1.31936,8857,2017,https://understat.com/getLeagueData/Ligue_1/2017,2018-03-18,True
2018-03-18,Metz,Nantes,0.792782,1.34255,8856,2017,https://understat.com/getLeagueData/Ligue_1/2017,2018-03-18,True
2018-03-18,Nice,Paris SG,1.0998,2.51648,8862,2017,https://understat.com/getLeagueData/Ligue_1/2017,2018-03-18,True
2018-03-18,St Etienne,Guingamp,1.21855,0.375541,8863,2017,https://understat.com/getLeagueData/Ligue_1/2017,2018-03-18,True
2018-03-31,Dijon,Marseille,0.455512,3.49126,8866,2017,https://understat.com/getLeagueData/Ligue_1/2017,2018-03-31,True
2018-04-01,Caen,Montpellier,1.19265,2.18236,8865,2017,https://understat.com/getLeagueData/Ligue_1/2017,2018-04-01,True
2018-04-01,Guingamp,Bordeaux,0.891401,2.62738,8867,2017,https://understat.com/getLeagueData/Ligue_1/2017,2018-04-01,True
2018-04-01,Lille,Amiens,0.747275,1.24154,8868,2017,https://understat.com/getLeagueData/Ligue_1/2017,2018-04-01,True
2018-04-01,Lyon,Toulouse,2.74669,0.362896,8869,2017,https://understat.com/getLeagueData/Ligue_1/2017,2018-04-01,True
2018-04-01,Nantes,St Etienne,1.77632,1.6647,8870,2017,https://understat.com/getLeagueData/Ligue_1/2017,2018-04-01,True
2018-04-01,Strasbourg,Metz,2.17501,1.6647,8873,2017,https://understat.com/getLeagueData/Ligue_1/2017,2018-04-01,True
2018-04-01,Troyes,Nice,0.45584,1.97826,8874,2017,https://understat.com/getLeagueData/Ligue_1/2017,2018-04-01,True
2018-04-04,Rennes,Monaco,1.9066,1.05881,8872,2017,https://understat.com/getLeagueData/Ligue_1/2017,2018-04-04,True
2018-04-06,St Etienne,Paris SG,2.9457,1.19571,8882,2017,https://understat.com/getLeagueData/Ligue_1/2017,2018-04-06,True
2018-04-07,Amiens,Caen,1.65174,1.46645,8875,2017,https://understat.com/getLeagueData/Ligue_1/2017,2018-04-07,True
2018-04-07,Angers,Strasbourg,0.907186,1.44922,8883,2017,https://understat.com/getLeagueData/Ligue_1/2017,2018-04-07,True
2018-04-07,Bordeaux,Lille,2.55054,0.674742,8876,2017,https://understat.com/getLeagueData/Ligue_1/2017,2018-04-07,True
2018-04-07,Guingamp,Troyes,2.7269,0.266909,8877,2017,https://understat.com/getLeagueData/Ligue_1/2017,2018-04-07,True
2018-04-07,Monaco,Nantes,0.335917,0.327814,8880,2017,https://understat.com/getLeagueData/Ligue_1/2017,2018-04-07,True
2018-04-07,Toulouse,Dijon,0.783084,0.860692,8884,2017,https://understat.com/getLeagueData/Ligue_1/2017,2018-04-07,True
2018-04-08,Marseille,Montpellier,1.1191,0.171655,8878,2017,https://understat.com/getLeagueData/Ligue_1/2017,2018-04-08,True
2018-04-08,Metz,Lyon,0.436583,2.75039,8879,2017,https://understat.com/getLeagueData/Ligue_1/2017,2018-04-08,True
2018-04-08,Nice,Rennes,0.439263,0.771423,8881,2017,https://understat.com/getLeagueData/Ligue_1/2017,2018-04-08,True
2018-04-13,Angers,Nice,1.24112,0.989557,8885,2017,https://understat.com/getLeagueData/Ligue_1/2017,2018-04-13,True
2018-04-14,Lille,Guingamp,1.55661,0.797181,8888,2017,https://understat.com/getLeagueData/Ligue_1/2017,2018-04-14,True
2018-04-14,Lyon,Amiens,2.55803,0.286494,8889,2017,https://understat.com/getLeagueData/Ligue_1/2017,2018-04-14,True
2018-04-14,Nantes,Dijon,1.14136,0.436986,8891,2017,https://understat.com/getLeagueData/Ligue_1/2017,2018-04-14,True
2018-04-14,Rennes,Metz,2.06388,1.27464,8893,2017,https://understat.com/getLeagueData/Ligue_1/2017,2018-04-14,True
2018-04-14,Strasbourg,St Etienne,1.49267,0.240852,8892,2017,https://understat.com/getLeagueData/Ligue_1/2017,2018-04-14,True
2018-04-15,Montpellier,Bordeaux,1.85119,1.53871,8890,2017,https://understat.com/getLeagueData/Ligue_1/2017,2018-04-15,True
2018-04-15,Paris SG,Monaco,3.21957,1.62801,8894,2017,https://understat.com/getLeagueData/Ligue_1/2017,2018-04-15,True
2018-04-15,Troyes,Marseille,2.14411,1.31021,8887,2017,https://understat.com/getLeagueData/Ligue_1/2017,2018-04-15,True
2018-04-20,Dijon,Lyon,0.708129,2.4588,8902,2017,https://understat.com/getLeagueData/Ligue_1/2017,2018-04-20,True
2018-04-20,Nantes,Rennes,1.63157,0.91184,8898,2017,https://understat.com/getLeagueData/Ligue_1/2017,2018-04-20,True
2018-04-21,Amiens,Strasbourg,0.787495,2.02481,8904,2017,https://understat.com/getLeagueData/Ligue_1/2017,2018-04-21,True
2018-04-21,Guingamp,Monaco,3.17759,0.197769,8901,2017,https://understat.com/getLeagueData/Ligue_1/2017,2018-04-21,True
2018-04-21,Marseille,Lille,3.22785,0.927416,8900,2017,https://understat.com/getLeagueData/Ligue_1/2017,2018-04-21,True
2018-04-21,Metz,Caen,0.892067,0.471832,8899,2017,https://understat.com/getLeagueData/Ligue_1/2017,2018-04-21,True
2018-04-21,Toulouse,Angers,2.81666,0.812711,8897,2017,https://understat.com/getLeagueData/Ligue_1/2017,2018-04-21,True
2018-04-22,Bordeaux,Paris SG,1.06375,0.63507,8903,2017,https://understat.com/getLeagueData/Ligue_1/2017,2018-04-22,True
2018-04-22,Nice,Montpellier,1.22263,0.240171,8895,2017,https://understat.com/getLeagueData/Ligue_1/2017,2018-04-22,True
2018-04-22,St Etienne,Troyes,2.87828,0.993049,8896,2017,https://understat.com/getLeagueData/Ligue_1/2017,2018-04-22,True
2018-04-25,Caen,Toulouse,0.259281,0.489412,8886,2017,https://understat.com/getLeagueData/Ligue_1/2017,2018-04-14,True
2018-04-27,Montpellier,St Etienne,1.32446,1.48327,8911,2017,https://understat.com/getLeagueData/Ligue_1/2017,2018-04-27,True
2018-04-28,Bordeaux,Dijon,2.00759,1.31611,8907,2017,https://understat.com/getLeagueData/Ligue_1/2017,2018-04-28,True
2018-04-28,Lille,Metz,2.1258,0.502454,8908,2017,https://understat.com/getLeagueData/Ligue_1/2017,2018-04-28,True
2018-04-28,Lyon,Nantes,3.0343,0.309371,8909,2017,https://understat.com/getLeagueData/Ligue_1/2017,2018-04-28,True
2018-04-28,Monaco,Amiens,0.52964,0.818096,8910,2017,https://understat.com/getLeagueData/Ligue_1/2017,2018-04-28,True
2018-04-28,Strasbourg,Nice,0.672952,1.13928,8914,2017,https://understat.com/getLeagueData/Ligue_1/2017,2018-04-28,True
2018-04-28,Troyes,Caen,1.16671,0.570932,8905,2017,https://understat.com/getLeagueData/Ligue_1/2017,2018-04-28,True
2018-04-29,Angers,Marseille,1.22645,2.01672,8906,2017,https://understat.com/getLeagueData/Ligue_1/2017,2018-04-29,True
2018-04-29,Paris SG,Guingamp,2.01264,2.20389,8912,2017,https://understat.com/getLeagueData/Ligue_1/2017,2018-04-29,True
2018-04-29,Rennes,Toulouse,1.74362,0.469531,8913,2017,https://understat.com/getLeagueData/Ligue_1/2017,2018-04-29,True
2018-05-04,Amiens,Paris SG,0.517774,2.05621,8915,2017,https://understat.com/getLeagueData/Ligue_1/2017,2018-05-04,True
2018-05-06,Caen,Monaco,1.05186,1.21667,8916,2017,https://understat.com/getLeagueData/Ligue_1/2017,2018-05-06,True
2018-05-06,Dijon,Guingamp,2.24715,0.199004,8917,2017,https://understat.com/getLeagueData/Ligue_1/2017,2018-05-06,True
2018-05-06,Lyon,Troyes,1.43351,0.827606,8918,2017,https://understat.com/getLeagueData/Ligue_1/2017,2018-05-06,True
2018-05-06,Marseille,Nice,1.73502,0.644282,8919,2017,https://understat.com/getLeagueData/Ligue_1/2017,2018-05-06,True
2018-05-06,Metz,Angers,1.1878,1.68205,8920,2017,https://understat.com/getLeagueData/Ligue_1/2017,2018-05-06,True
2018-05-06,Nantes,Montpellier,1.12369,0.4317,8921,2017,https://understat.com/getLeagueData/Ligue_1/2017,2018-05-06,True
2018-05-06,Rennes,Strasbourg,2.36718,1.01751,8922,2017,https://understat.com/getLeagueData/Ligue_1/2017,2018-05-06,True
2018-05-06,St Etienne,Bordeaux,2.29932,3.12861,8923,2017,https://understat.com/getLeagueData/Ligue_1/2017,2018-05-06,True
2018-05-06,Toulouse,Lille,1.05844,2.92354,8924,2017,https://understat.com/getLeagueData/Ligue_1/2017,2018-05-06,True
2018-05-11,Guingamp,Marseille,2.75524,1.97492,8928,2017,https://understat.com/getLeagueData/Ligue_1/2017,2018-05-12,True
2018-05-12,Amiens,Metz,1.52976,0.814485,8925,2017,https://understat.com/getLeagueData/Ligue_1/2017,2018-05-12,True
2018-05-12,Angers,Nantes,0.597455,0.916649,8926,2017,https://understat.com/getLeagueData/Ligue_1/2017,2018-05-12,True
2018-05-12,Bordeaux,Toulouse,2.61552,0.851127,8927,2017,https://understat.com/getLeagueData/Ligue_1/2017,2018-05-12,True
2018-05-12,Lille,Dijon,2.46607,1.83241,8929,2017,https://understat.com/getLeagueData/Ligue_1/2017,2018-05-12,True
2018-05-12,Monaco,St Etienne,2.3079,0.563497,8933,2017,https://understat.com/getLeagueData/Ligue_1/2017,2018-05-12,True
2018-05-12,Montpellier,Troyes,0.589778,1.18808,8934,2017,https://understat.com/getLeagueData/Ligue_1/2017,2018-05-12,True
2018-05-12,Nice,Caen,2.23423,0.703403,8932,2017,https://understat.com/getLeagueData/Ligue_1/2017,2018-05-12,True
2018-05-12,Paris SG,Rennes,0.619551,1.15359,8931,2017,https://understat.com/getLeagueData/Ligue_1/2017,2018-05-12,True
2018-05-12,Strasbourg,Lyon,0.820059,1.26374,8930,2017,https://understat.com/getLeagueData/Ligue_1/2017,2018-05-12,True
2018-05-19,Caen,Paris SG,0.442461,1.0188,8938,2017,https://understat.com/getLeagueData/Ligue_1/2017,2018-05-19,True
2018-05-19,Dijon,Angers,0.823287,1.80665,8937,2017,https://understat.com/getLeagueData/Ligue_1/2017,2018-05-19,True
2018-05-19,Lyon,Nice,2.16341,0.976783,8936,2017,https://understat.com/getLeagueData/Ligue_1/2017,2018-05-19,True
2018-05-19,Marseille,Amiens,2.63306,0.445794,8935,2017,https://understat.com/getLeagueData/Ligue_1/2017,2018-05-19,True
2018-05-19,Metz,Bordeaux,0.313811,1.97275,8944,2017,https://understat.com/getLeagueData/Ligue_1/2017,2018-05-19,True
2018-05-19,Nantes,Strasbourg,0.809802,0.342744,8943,2017,https://understat.com/getLeagueData/Ligue_1/2017,2018-05-19,True
2018-05-19,Rennes,Montpellier,0.459859,0.614694,8942,2017,https://understat.com/getLeagueData/Ligue_1/2017,2018-05-19,True
2018-05-19,St Etienne,Lille,1.71595,0.520927,8941,2017,https://understat.com/getLeagueData/Ligue_1/2017,2018-05-19,True
2018-05-19,Toulouse,Guingamp,1.92715,0.481472,8940,2017,https://understat.com/getLeagueData/Ligue_1/2017,2018-05-19,True
2018-05-19,Troyes,Monaco,0.713742,2.56714,8939,2017,https://understat.com/getLeagueData/Ligue_1/2017,2018-05-19,True
2018-08-10,Marseille,Toulouse,3.46292,0.234157,10643,2018,https://understat.com/getLeagueData/Ligue_1/2018,2018-08-10,True
2018-08-11,Angers,Nimes,2.62438,1.21376,10647,2018,https://understat.com/getLeagueData/Ligue_1/2018,2018-08-11,True
2018-08-11,Lille,Rennes,1.88164,0.447458,10648,2018,https://understat.com/getLeagueData/Ligue_1/2018,2018-08-11,True
2018-08-11,Montpellier,Dijon,1.34076,1.94817,10646,2018,https://understat.com/getLeagueData/Ligue_1/2018,2018-08-11,True
2018-08-11,Nantes,Monaco,1.22055,2.8413,10644,2018,https://understat.com/getLeagueData/Ligue_1/2018,2018-08-11,True
2018-08-11,Nice,Reims,1.03263,0.26742,10645,2018,https://understat.com/getLeagueData/Ligue_1/2018,2018-08-11,True
2018-08-11,St Etienne,Guingamp,0.934842,1.37217,10649,2018,https://understat.com/getLeagueData/Ligue_1/2018,2018-08-11,True
2018-08-12,Bordeaux,Strasbourg,0.0853905,1.32715,10651,2018,https://understat.com/getLeagueData/Ligue_1/2018,2018-08-12,True
2018-08-12,Lyon,Amiens,1.30809,0.286084,10650,2018,https://understat.com/getLeagueData/Ligue_1/2018,2018-08-12,True
2018-08-12,Paris SG,Caen,3.34692,0.189346,10652,2018,https://understat.com/getLeagueData/Ligue_1/2018,2018-08-12,True
2018-08-17,Reims,Lyon,0.677345,0.977973,10653,2018,https://understat.com/getLeagueData/Ligue_1/2018,2018-08-17,True
2018-08-18,Amiens,Montpellier,1.11001,0.308208,10657,2018,https://understat.com/getLeagueData/Ligue_1/2018,2018-08-18,True
2018-08-18,Caen,Nice,1.20052,0.568951,10658,2018,https://understat.com/getLeagueData/Ligue_1/2018,2018-08-18,True
2018-08-18,Dijon,Nantes,2.95975,0.228631,10659,2018,https://understat.com/getLeagueData/Ligue_1/2018,2018-08-18,True
2018-08-18,Guingamp,Paris SG,1.3524,2.62399,10654,2018,https://understat.com/getLeagueData/Ligue_1/2018,2018-08-18,True
2018-08-18,Monaco,Lille,1.62023,0.580405,10655,2018,https://understat.com/getLeagueData/Ligue_1/2018,2018-08-18,True
2018-08-18,Rennes,Angers,0.390542,0.349744,10656,2018,https://understat.com/getLeagueData/Ligue_1/2018,2018-08-18,True
2018-08-19,Nimes,Marseille,1.63136,0.967387,10662,2018,https://understat.com/getLeagueData/Ligue_1/2018,2018-08-19,True
2018-08-19,Strasbourg,St Etienne,0.626045,0.329551,10660,2018,https://understat.com/getLeagueData/Ligue_1/2018,2018-08-19,True
2018-08-19,Toulouse,Bordeaux,1.27761,0.784815,10661,2018,https://understat.com/getLeagueData/Ligue_1/2018,2018-08-19,True
2018-08-24,Lyon,Strasbourg,1.24291,0.393592,10663,2018,https://understat.com/getLeagueData/Ligue_1/2018,2018-08-24,True
2018-08-25,Amiens,Reims,2.18312,0.700141,10669,2018,https://understat.com/getLeagueData/Ligue_1/2018,2018-08-25,True
2018-08-25,Montpellier,St Etienne,0.417545,0.245117,10667,2018,https://understat.com/getLeagueData/Ligue_1/2018,2018-08-25,True
2018-08-25,Nantes,Caen,1.89955,0.635046,10668,2018,https://understat.com/getLeagueData/Ligue_1/2018,2018-08-25,True
2018-08-25,Nice,Dijon,1.7067,1.94227,10665,2018,https://understat.com/getLeagueData/Ligue_1/2018,2018-08-25,True
2018-08-25,Paris SG,Angers,2.03223,1.5059,10664,2018,https://understat.com/getLeagueData/Ligue_1/2018,2018-08-25,True
2018-08-25,Toulouse,Nimes,2.72202,0.486732,10666,2018,https://understat.com/getLeagueData/Ligue_1/2018,2018-08-25,True
2018-08-26,Bordeaux,Monaco,2.22891,0.557262,10671,2018,https://understat.com/getLeagueData/Ligue_1/2018,2018-08-26,True
2018-08-26,Lille,Guingamp,1.70571,0.563755,10670,2018,https://understat.com/getLeagueData/Ligue_1/2018,2018-08-26,True
2018-08-26,Marseille,Rennes,1.03242,1.67594,10672,2018,https://understat.com/getLeagueData/Ligue_1/2018,2018-08-26,True
2018-08-31,Lyon,Nice,1.93732,0.413102,10673,2018,https://understat.com/getLeagueData/Ligue_1/2018,2018-08-31,True
2018-09-01,Angers,Lille,0.762905,1.51191,10675,2018,https://understat.com/getLeagueData/Ligue_1/2018,2018-09-01,True
2018-09-01,Dijon,Caen,0.904946,1.24948,10676,2018,https://understat.com/getLeagueData/Ligue_1/2018,2018-09-01,True
2018-09-01,Guingamp,Toulouse,2.05332,1.02165,10677,2018,https://understat.com/getLeagueData/Ligue_1/2018,2018-09-01,True
2018-09-01,Nimes,Paris SG,1.1751,2.55182,10674,2018,https://understat.com/getLeagueData/Ligue_1/2018,2018-09-01,True
2018-09-01,Reims,Montpellier,1.01568,0.469098,10678,2018,https://understat.com/getLeagueData/Ligue_1/2018,2018-09-01,True
2018-09-01,Strasbourg,Nantes,1.42569,1.29618,10679,2018,https://understat.com/getLeagueData/Ligue_1/2018,2018-09-01,True
2018-09-02,Monaco,Marseille,1.85881,1.82074,10682,2018,https://understat.com/getLeagueData/Ligue_1/2018,2018-09-02,True
2018-09-02,Rennes,Bordeaux,2.64705,0.448128,10681,2018,https://understat.com/getLeagueData/Ligue_1/2018,2018-09-02,True
2018-09-02,St Etienne,Amiens,0.737428,0.325126,10680,2018,https://understat.com/getLeagueData/Ligue_1/2018,2018-09-02,True
2018-09-14,Nice,Rennes,1.43287,1.04178,10690,2018,https://understat.com/getLeagueData/Ligue_1/2018,2018-09-14,True
2018-09-14,Paris SG,St Etienne,2.6433,0.8923,10691,2018,https://understat.com/getLeagueData/Ligue_1/2018,2018-09-14,True
2018-09-15,Amiens,Lille,1.44867,2.81999,10683,2018,https://understat.com/getLeagueData/Ligue_1/2018,2018-09-15,True
2018-09-15,Caen,Lyon,1.82361,1.00941,10685,2018,https://understat.com/getLeagueData/Ligue_1/2018,2018-09-15,True
2018-09-15,Dijon,Angers,1.2955,1.54749,10686,2018,https://understat.com/getLeagueData/Ligue_1/2018,2018-09-15,True
2018-09-15,Montpellier,Strasbourg,0.344069,0.756661,10688,2018,https://understat.com/getLeagueData/Ligue_1/2018,2018-09-15,True
2018-09-15,Toulouse,Monaco,1.04734,0.411114,10692,2018,https://understat.com/getLeagueData/Ligue_1/2018,2018-09-15,True
2018-09-16,Bordeaux,Nimes,0.987408,1.4185,10684,2018,https://understat.com/getLeagueData/Ligue_1/2018,2018-09-16,True
2018-09-16,Marseille,Guingamp,2.10486,0.14654,10687,2018,https://understat.com/getLeagueData/Ligue_1/2018,2018-09-16,True
2018-09-16,Nantes,Reims,0.822305,0.426507,10689,2018,https://understat.com/getLeagueData/Ligue_1/2018,2018-09-16,True
2018-09-21,Monaco,Nimes,1.71296,0.776658,10696,2018,https://understat.com/getLeagueData/Ligue_1/2018,2018-09-21,True
2018-09-22,Angers,Toulouse,0.613569,0.419431,10693,2018,https://understat.com/getLeagueData/Ligue_1/2018,2018-09-22,True
2018-09-22,Lille,Nantes,0.703161,1.2322,10695,2018,https://understat.com/getLeagueData/Ligue_1/2018,2018-09-22,True
2018-09-22,Montpellier,Nice,1.67209,0.311974,10697,2018,https://understat.com/getLeagueData/Ligue_1/2018,2018-09-22,True
2018-09-22,Reims,Dijon,1.06301,0.154099,10698,2018,https://understat.com/getLeagueData/Ligue_1/2018,2018-09-22,True
2018-09-22,St Etienne,Caen,3.12231,0.307587,10700,2018,https://understat.com/getLeagueData/Ligue_1/2018,2018-09-22,True
2018-09-22,Strasbourg,Amiens,1.07472,0.672883,10701,2018,https://understat.com/getLeagueData/Ligue_1/2018,2018-09-22,True
2018-09-23,Guingamp,Bordeaux,2.05919,0.812676,10694,2018,https://understat.com/getLeagueData/Ligue_1/2018,2018-09-23,True
2018-09-23,Lyon,Marseille,2.17661,0.799911,10702,2018,https://understat.com/getLeagueData/Ligue_1/2018,2018-09-23,True
2018-09-23,Rennes,Paris SG,1.29214,1.57303,10699,2018,https://understat.com/getLeagueData/Ligue_1/2018,2018-09-23,True
2018-09-25,Monaco,Angers,0.64811,0.353164,10708,2018,https://understat.com/getLeagueData/Ligue_1/2018,2018-09-25,True
2018-09-25,Nantes,Nice,0.867099,1.50808,10709,2018,https://understat.com/getLeagueData/Ligue_1/2018,2018-09-25,True
2018-09-25,Toulouse,St Etienne,1.09674,2.23179,10712,2018,https://understat.com/getLeagueData/Ligue_1/2018,2018-09-25,True
2018-09-26,Amiens,Rennes,0.730869,1.83024,10703,2018,https://understat.com/getLeagueData/Ligue_1/2018,2018-09-26,True
2018-09-26,Bordeaux,Lille,0.891123,2.01084,10704,2018,https://understat.com/getLeagueData/Ligue_1/2018,2018-09-26,True
2018-09-26,Caen,Montpellier,0.8109,2.0286,10705,2018,https://understat.com/getLeagueData/Ligue_1/2018,2018-09-26,True
2018-09-26,Dijon,Lyon,1.93189,2.46562,10706,2018,https://understat.com/getLeagueData/Ligue_1/2018,2018-09-26,True
2018-09-26,Marseille,Strasbourg,1.27899,0.81086,10707,2018,https://understat.com/getLeagueData/Ligue_1/2018,2018-09-26,True
2018-09-26,Nimes,Guingamp,0.922377,0.355414,10710,2018,https://understat.com/getLeagueData/Ligue_1/2018,2018-09-26,True
2018-09-26,Paris SG,Reims,3.65268,0.326745,10711,2018,https://understat.com/getLeagueData/Ligue_1/2018,2018-09-26,True
2018-09-28,St Etienne,Monaco,2.03551,1.85855,10722,2018,https://understat.com/getLeagueData/Ligue_1/2018,2018-09-28,True
2018-09-29,Angers,Guingamp,0.366935,1.49767,10713,2018,https://understat.com/getLeagueData/Ligue_1/2018,2018-09-29,True
2018-09-29,Caen,Amiens,1.44696,0.247116,10714,2018,https://understat.com/getLeagueData/Ligue_1/2018,2018-09-29,True
2018-09-29,Lyon,Nantes,2.16048,1.00631,10716,2018,https://understat.com/getLeagueData/Ligue_1/2018,2018-09-29,True
2018-09-29,Nice,Paris SG,0.34909,3.19562,10717,2018,https://understat.com/getLeagueData/Ligue_1/2018,2018-09-29,True
2018-09-29,Reims,Bordeaux,0.63867,0.205687,10719,2018,https://understat.com/getLeagueData/Ligue_1/2018,2018-09-29,True
2018-09-29,Strasbourg,Dijon,0.748818,1.0504,10721,2018,https://understat.com/getLeagueData/Ligue_1/2018,2018-09-29,True
2018-09-30,Lille,Marseille,2.94559,0.424331,10715,2018,https://understat.com/getLeagueData/Ligue_1/2018,2018-09-30,True
2018-09-30,Montpellier,Nimes,2.65101,0.941051,10718,2018,https://understat.com/getLeagueData/Ligue_1/2018,2018-09-30,True
2018-09-30,Rennes,Toulouse,2.45218,0.278664,10720,2018,https://understat.com/getLeagueData/Ligue_1/2018,2018-09-30,True
2018-10-05,Toulouse,Nice,1.19251,0.732437,10731,2018,https://understat.com/getLeagueData/Ligue_1/2018,2018-10-05,True
2018-10-06,Amiens,Dijon,0.301024,0.371877,10723,2018,https://understat.com/getLeagueData/Ligue_1/2018,2018-10-06,True
2018-10-06,Angers,Strasbourg,2.15923,1.30474,10724,2018,https://understat.com/getLeagueData/Ligue_1/2018,2018-10-06,True
2018-10-06,Guingamp,Montpellier,0.757802,1.08337,10726,2018,https://understat.com/getLeagueData/Ligue_1/2018,2018-10-06,True
2018-10-06,Lille,St Etienne,0.792513,1.33367,10727,2018,https://understat.com/getLeagueData/Ligue_1/2018,2018-10-06,True
2018-10-06,Nimes,Reims,0.760306,1.4833,10730,2018,https://understat.com/getLeagueData/Ligue_1/2018,2018-10-06,True
2018-10-07,Bordeaux,Nantes,1.75432,0.701317,10725,2018,https://understat.com/getLeagueData/Ligue_1/2018,2018-10-07,True
2018-10-07,Marseille,Caen,1.4975,0.536643,10728,2018,https://understat.com/getLeagueData/Ligue_1/2018,2018-10-07,True
2018-10-07,Monaco,Rennes,0.390296,1.01659,10729,2018,https://understat.com/getLeagueData/Ligue_1/2018,2018-10-07,True
2018-10-07,Paris SG,Lyon,4.4359,1.63396,10732,2018,https://understat.com/getLeagueData/Ligue_1/2018,2018-10-07,True
2018-10-19,Lyon,Nimes,1.71752,1.39758,10735,2018,https://understat.com/getLeagueData/Ligue_1/2018,2018-10-19,True
2018-10-20,Caen,Guingamp,0.663293,0.420901,10733,2018,https://understat.com/getLeagueData/Ligue_1/2018,2018-10-20,True
2018-10-20,Dijon,Lille,1.51825,1.94079,10734,2018,https://understat.com/getLeagueData/Ligue_1/2018,2018-10-20,True
2018-10-20,Nantes,Toulouse,2.70942,0.540454,10737,2018,https://understat.com/getLeagueData/Ligue_1/2018,2018-10-20,True
2018-10-20,Paris SG,Amiens,2.50391,0.573532,10739,2018,https://understat.com/getLeagueData/Ligue_1/2018,2018-10-20,True
2018-10-20,Reims,Angers,1.03372,1.62653,10740,2018,https://understat.com/getLeagueData/Ligue_1/2018,2018-10-20,True
2018-10-20,Strasbourg,Monaco,0.819667,1.35931,10742,2018,https://understat.com/getLeagueData/Ligue_1/2018,2018-10-20,True
2018-10-21,Montpellier,Bordeaux,1.87946,0.824068,10736,2018,https://understat.com/getLeagueData/Ligue_1/2018,2018-10-21,True
2018-10-21,Nice,Marseille,0.664719,0.477268,10738,2018,https://understat.com/getLeagueData/Ligue_1/2018,2018-10-21,True
2018-10-21,St Etienne,Rennes,1.76728,2.01595,10741,2018,https://understat.com/getLeagueData/Ligue_1/2018,2018-10-21,True
2018-10-26,Nimes,St Etienne,1.32474,1.21742,10749,2018,https://understat.com/getLeagueData/Ligue_1/2018,2018-10-26,True
2018-10-27,Amiens,Nantes,1.03691,1.6779,10743,2018,https://understat.com/getLeagueData/Ligue_1/2018,2018-10-27,True
2018-10-27,Angers,Lyon,1.01309,1.73098,10744,2018,https://understat.com/getLeagueData/Ligue_1/2018,2018-10-27,True
2018-10-27,Guingamp,Strasbourg,1.20639,1.33564,10746,2018,https://understat.com/getLeagueData/Ligue_1/2018,2018-10-27,True
2018-10-27,Lille,Caen,0.613536,0.248162,10747,2018,https://understat.com/getLeagueData/Ligue_1/2018,2018-10-27,True
2018-10-27,Monaco,Dijon,1.31423,0.476065,10748,2018,https://understat.com/getLeagueData/Ligue_1/2018,2018-10-27,True
2018-10-27,Toulouse,Montpellier,1.13389,1.64491,10751,2018,https://understat.com/getLeagueData/Ligue_1/2018,2018-10-27,True
2018-10-28,Bordeaux,Nice,1.67819,1.16671,10745,2018,https://understat.com/getLeagueData/Ligue_1/2018,2018-10-28,True
2018-10-28,Marseille,Paris SG,0.480784,1.47049,10752,2018,https://understat.com/getLeagueData/Ligue_1/2018,2018-10-28,True
2018-10-28,Rennes,Reims,0.512686,0.225626,10750,2018,https://understat.com/getLeagueData/Ligue_1/2018,2018-10-28,True
2018-11-02,Paris SG,Lille,2.33789,0.926791,10759,2018,https://understat.com/getLeagueData/Ligue_1/2018,2018-11-02,True
2018-11-03,Caen,Rennes,1.3999,2.61648,10753,2018,https://understat.com/getLeagueData/Ligue_1/2018,2018-11-03,True
2018-11-03,Dijon,Nimes,1.27921,2.02604,10754,2018,https://understat.com/getLeagueData/Ligue_1/2018,2018-11-03,True
2018-11-03,Lyon,Bordeaux,0.287615,1.08818,10755,2018,https://understat.com/getLeagueData/Ligue_1/2018,2018-11-03,True
2018-11-03,Nice,Amiens,1.24182,0.702143,10758,2018,https://understat.com/getLeagueData/Ligue_1/2018,2018-11-03,True
2018-11-03,Reims,Monaco,1.10683,1.02637,10760,2018,https://understat.com/getLeagueData/Ligue_1/2018,2018-11-03,True
2018-11-03,Strasbourg,Toulouse,1.10891,1.10788,10762,2018,https://understat.com/getLeagueData/Ligue_1/2018,2018-11-03,True
2018-11-04,Montpellier,Marseille,1.20106,1.31501,10756,2018,https://understat.com/getLeagueData/Ligue_1/2018,2018-11-04,True
2018-11-04,Nantes,Guingamp,2.4544,0.16042,10757,2018,https://understat.com/getLeagueData/Ligue_1/2018,2018-11-04,True
2018-11-04,St Etienne,Angers,2.07401,1.65241,10761,2018,https://understat.com/getLeagueData/Ligue_1/2018,2018-11-04,True
2018-11-09,Lille,Strasbourg,1.30563,0.137134,10771,2018,https://understat.com/getLeagueData/Ligue_1/2018,2018-11-09,True
2018-11-10,Angers,Montpellier,1.16521,0.268513,10763,2018,https://understat.com/getLeagueData/Ligue_1/2018,2018-11-10,True
2018-11-10,Guingamp,Lyon,1.29165,1.50726,10765,2018,https://understat.com/getLeagueData/Ligue_1/2018,2018-11-10,True
2018-11-10,Nimes,Nice,1.00634,1.11076,10767,2018,https://understat.com/getLeagueData/Ligue_1/2018,2018-11-10,True
2018-11-10,St Etienne,Reims,1.30361,0.7083,10769,2018,https://understat.com/getLeagueData/Ligue_1/2018,2018-11-10,True
2018-11-10,Toulouse,Amiens,1.46625,0.703611,10770,2018,https://understat.com/getLeagueData/Ligue_1/2018,2018-11-10,True
2018-11-11,Bordeaux,Caen,1.50911,0.302412,10764,2018,https://understat.com/getLeagueData/Ligue_1/2018,2018-11-11,True
2018-11-11,Marseille,Dijon,2.89061,0.304655,10766,2018,https://understat.com/getLeagueData/Ligue_1/2018,2018-11-11,True
2018-11-11,Monaco,Paris SG,1.15132,3.96363,10772,2018,https://understat.com/getLeagueData/Ligue_1/2018,2018-11-11,True
2018-11-11,Rennes,Nantes,1.88164,0.184793,10768,2018,https://understat.com/getLeagueData/Ligue_1/2018,2018-11-11,True
2018-11-23,Lyon,St Etienne,0.649858,1.31216,10776,2018,https://understat.com/getLeagueData/Ligue_1/2018,2018-11-23,True
2018-11-24,Caen,Monaco,0.789079,0.845589,10774,2018,https://understat.com/getLeagueData/Ligue_1/2018,2018-11-24,True
2018-11-24,Dijon,Bordeaux,0.836819,0.356882,10775,2018,https://understat.com/getLeagueData/Ligue_1/2018,2018-11-24,True
2018-11-24,Nantes,Angers,1.63216,1.01835,10781,2018,https://understat.com/getLeagueData/Ligue_1/2018,2018-11-24,True
2018-11-24,Paris SG,Toulouse,1.71842,0.557678,10779,2018,https://understat.com/getLeagueData/Ligue_1/2018,2018-11-24,True
2018-11-24,Reims,Guingamp,1.07478,1.26231,10778,2018,https://understat.com/getLeagueData/Ligue_1/2018,2018-11-24,True
2018-11-24,Strasbourg,Nimes,0.726506,1.10329,10782,2018,https://understat.com/getLeagueData/Ligue_1/2018,2018-11-24,True
2018-11-25,Amiens,Marseille,0.994152,1.84765,10773,2018,https://understat.com/getLeagueData/Ligue_1/2018,2018-11-25,True
2018-11-25,Montpellier,Rennes,2.46441,1.48787,10777,2018,https://understat.com/getLeagueData/Ligue_1/2018,2018-11-25,True
2018-11-25,Nice,Lille,0.888644,0.297641,10780,2018,https://understat.com/getLeagueData/Ligue_1/2018,2018-11-25,True
2018-11-30,St Etienne,Nantes,2.78933,0.382165,10789,2018,https://understat.com/getLeagueData/Ligue_1/2018,2018-11-30,True
2018-12-01,Angers,Caen,1.84283,0.806956,10791,2018,https://understat.com/getLeagueData/Ligue_1/2018,2018-12-01,True
2018-12-01,Guingamp,Nice,1.0441,0.616059,10783,2018,https://understat.com/getLeagueData/Ligue_1/2018,2018-12-01,True
2018-12-01,Lille,Lyon,0.998116,2.54317,10784,2018,https://understat.com/getLeagueData/Ligue_1/2018,2018-12-01,True
2018-12-01,Monaco,Montpellier,0.730635,1.38205,10786,2018,https://understat.com/getLeagueData/Ligue_1/2018,2018-12-01,True
2018-12-01,Nimes,Amiens,2.01592,0.737512,10787,2018,https://understat.com/getLeagueData/Ligue_1/2018,2018-12-01,True
2018-12-02,Bordeaux,Paris SG,0.645329,1.54367,10792,2018,https://understat.com/getLeagueData/Ligue_1/2018,2018-12-02,True
2018-12-02,Marseille,Reims,0.682463,0.510439,10785,2018,https://understat.com/getLeagueData/Ligue_1/2018,2018-12-02,True
2018-12-02,Rennes,Strasbourg,0.579518,3.47771,10788,2018,https://understat.com/getLeagueData/Ligue_1/2018,2018-12-02,True
2018-12-02,Toulouse,Dijon,0.794616,2.01627,10790,2018,https://understat.com/getLeagueData/Ligue_1/2018,2018-12-02,True
2018-12-04,Amiens,Monaco,0.710707,1.77175,10795,2018,https://understat.com/getLeagueData/Ligue_1/2018,2018-12-04,True
2018-12-04,Montpellier,Lille,0.82747,2.01852,10793,2018,https://understat.com/getLeagueData/Ligue_1/2018,2018-12-04,True
2018-12-04,Nice,Angers,2.32239,0.25499,10800,2018,https://understat.com/getLeagueData/Ligue_1/2018,2018-12-04,True
2018-12-05,Bordeaux,St Etienne,2.49424,1.93225,10796,2018,https://understat.com/getLeagueData/Ligue_1/2018,2018-12-05,True
2018-12-05,Caen,Nimes,0.783167,2.56928,10797,2018,https://understat.com/getLeagueData/Ligue_1/2018,2018-12-05,True
2018-12-05,Dijon,Guingamp,0.258741,0.901172,10798,2018,https://understat.com/getLeagueData/Ligue_1/2018,2018-12-05,True
2018-12-05,Lyon,Rennes,1.40536,1.54472,10794,2018,https://understat.com/getLeagueData/Ligue_1/2018,2018-12-05,True
2018-12-05,Nantes,Marseille,1.47772,1.09463,10799,2018,https://understat.com/getLeagueData/Ligue_1/2018,2018-12-05,True
2018-12-05,Reims,Toulouse,1.55092,1.2521,10801,2018,https://understat.com/getLeagueData/Ligue_1/2018,2018-12-05,True
2018-12-05,Strasbourg,Paris SG,0.98684,2.3422,10802,2018,https://understat.com/getLeagueData/Ligue_1/2018,2018-12-05,True
2018-12-08,Guingamp,Amiens,1.12624,1.57965,10804,2018,https://understat.com/getLeagueData/Ligue_1/2018,2018-12-08,True
2018-12-08,Rennes,Dijon,2.99488,0.494817,10809,2018,https://understat.com/getLeagueData/Ligue_1/2018,2018-12-08,True
2018-12-09,Lille,Reims,1.68774,1.18633,10805,2018,https://understat.com/getLeagueData/Ligue_1/2018,2018-12-09,True
2018-12-09,Strasbourg,Caen,1.20496,0.272896,10811,2018,https://understat.com/getLeagueData/Ligue_1/2018,2018-12-09,True
2018-12-15,Reims,Strasbourg,0.766134,0.491204,10822,2018,https://understat.com/getLeagueData/Ligue_1/2018,2018-12-15,True
2018-12-16,Lyon,Monaco,2.3216,0.0994342,10817,2018,https://understat.com/getLeagueData/Ligue_1/2018,2018-12-16,True
2018-12-16,Nice,St Etienne,2.24971,1.54512,10820,2018,https://understat.com/getLeagueData/Ligue_1/2018,2018-12-16,True
2018-12-16,Nimes,Lille,1.21197,0.799215,10821,2018,https://understat.com/getLeagueData/Ligue_1/2018,2018-12-16,True
2018-12-18,Caen,Toulouse,1.44798,1.38531,10814,2018,https://understat.com/getLeagueData/Ligue_1/2018,2018-12-18,True
2018-12-22,Angers,Marseille,2.20776,1.6101,10823,2018,https://understat.com/getLeagueData/Ligue_1/2018,2018-12-22,True
2018-12-22,Lille,Toulouse,1.21833,1.66998,10825,2018,https://understat.com/getLeagueData/Ligue_1/2018,2018-12-22,True
2018-12-22,Monaco,Guingamp,0.516533,1.05145,10826,2018,https://understat.com/getLeagueData/Ligue_1/2018,2018-12-22,True
2018-12-22,Montpellier,Lyon,0.915284,0.406306,10827,2018,https://understat.com/getLeagueData/Ligue_1/2018,2018-12-22,True
2018-12-22,Paris SG,Nantes,2.39798,0.468203,10828,2018,https://understat.com/getLeagueData/Ligue_1/2018,2018-12-22,True
2018-12-22,Reims,Caen,1.74452,0.412006,10829,2018,https://understat.com/getLeagueData/Ligue_1/2018,2018-12-22,True
2018-12-22,Rennes,Nimes,3.07216,0.716404,10830,2018,https://understat.com/getLeagueData/Ligue_1/2018,2018-12-22,True
2018-12-22,St Etienne,Dijon,2.19805,0.759878,10831,2018,https://understat.com/getLeagueData/Ligue_1/2018,2018-12-22,True
2018-12-22,Strasbourg,Nice,2.16724,1.56494,10832,2018,https://understat.com/getLeagueData/Ligue_1/2018,2018-12-22,True
2018-12-23,Bordeaux,Amiens,0.477339,0.348658,10824,2018,https://understat.com/getLeagueData/Ligue_1/2018,2018-12-23,True
2019-01-08,Amiens,Angers,1.67735,0.225282,10813,2018,https://understat.com/getLeagueData/Ligue_1/2018,2019-01-08,True
2019-01-08,Nantes,Montpellier,1.65677,0.954317,10819,2018,https://understat.com/getLeagueData/Ligue_1/2018,2019-01-08,True
2019-01-11,Caen,Lille,1.25049,3.05098,10840,2018,https://understat.com/getLeagueData/Ligue_1/2018,2019-01-11,True
2019-01-11,Lyon,Reims,1.17326,1.01755,10834,2018,https://understat.com/getLeagueData/Ligue_1/2018,2019-01-11,True
2019-01-12,Amiens,Paris SG,0.280069,2.45409,10839,2018,https://understat.com/getLeagueData/Ligue_1/2018,2019-01-12,True
2019-01-12,Guingamp,St Etienne,0.562421,0.565001,10833,2018,https://understat.com/getLeagueData/Ligue_1/2018,2019-01-12,True
2019-01-12,Nice,Bordeaux,1.63508,1.62458,10836,2018,https://understat.com/getLeagueData/Ligue_1/2018,2019-01-12,True
2019-01-13,Dijon,Montpellier,0.676429,1.54415,10841,2018,https://understat.com/getLeagueData/Ligue_1/2018,2019-01-13,True
2019-01-13,Marseille,Monaco,1.56381,0.845128,10842,2018,https://understat.com/getLeagueData/Ligue_1/2018,2019-01-13,True
2019-01-13,Nantes,Rennes,1.38738,0.282378,10835,2018,https://understat.com/getLeagueData/Ligue_1/2018,2019-01-13,True
2019-01-13,Toulouse,Strasbourg,1.49547,1.59408,10838,2018,https://understat.com/getLeagueData/Ligue_1/2018,2019-01-13,True
2019-01-15,Angers,Bordeaux,2.30506,0.399046,10803,2018,https://understat.com/getLeagueData/Ligue_1/2018,2019-01-15,True
2019-01-16,Guingamp,Rennes,1.13952,1.41986,10816,2018,https://understat.com/getLeagueData/Ligue_1/2018,2019-01-16,True
2019-01-16,Monaco,Nice,0.989003,1.25386,10806,2018,https://understat.com/getLeagueData/Ligue_1/2018,2019-01-16,True
2019-01-16,Nimes,Nantes,0.79587,0.551147,10807,2018,https://understat.com/getLeagueData/Ligue_1/2018,2019-01-16,True
2019-01-16,St Etienne,Marseille,1.91237,1.15355,10810,2018,https://understat.com/getLeagueData/Ligue_1/2018,2019-01-16,True
2019-01-16,Toulouse,Lyon,0.912447,1.64178,10812,2018,https://understat.com/getLeagueData/Ligue_1/2018,2019-01-16,True
2019-01-18,Lille,Amiens,2.42512,0.372963,10851,2018,https://understat.com/getLeagueData/Ligue_1/2018,2019-01-18,True
2019-01-19,Monaco,Strasbourg,0.918151,1.61975,10846,2018,https://understat.com/getLeagueData/Ligue_1/2018,2019-01-19,True
2019-01-19,Nimes,Toulouse,0.847241,1.07431,10847,2018,https://understat.com/getLeagueData/Ligue_1/2018,2019-01-19,True
2019-01-19,Paris SG,Guingamp,5.85948,0.0286998,10844,2018,https://understat.com/getLeagueData/Ligue_1/2018,2019-01-19,True
2019-01-19,Reims,Nice,1.29292,1.0655,10845,2018,https://understat.com/getLeagueData/Ligue_1/2018,2019-01-19,True
2019-01-20,Angers,Nantes,0.198071,1.14784,10848,2018,https://understat.com/getLeagueData/Ligue_1/2018,2019-01-20,True
2019-01-20,Bordeaux,Dijon,1.56037,0.894868,10849,2018,https://understat.com/getLeagueData/Ligue_1/2018,2019-01-20,True
2019-01-20,Caen,Marseille,0.404407,1.08581,10850,2018,https://understat.com/getLeagueData/Ligue_1/2018,2019-01-20,True
2019-01-20,Rennes,Montpellier,0.768295,0.339628,10843,2018,https://understat.com/getLeagueData/Ligue_1/2018,2019-01-20,True
2019-01-20,St Etienne,Lyon,3.05035,2.23643,10852,2018,https://understat.com/getLeagueData/Ligue_1/2018,2019-01-20,True
2019-01-23,Nimes,Angers,1.76356,1.58031,10837,2018,https://understat.com/getLeagueData/Ligue_1/2018,2019-01-23,True
2019-01-25,Marseille,Lille,0.607173,2.01792,10855,2018,https://understat.com/getLeagueData/Ligue_1/2018,2019-01-25,True
2019-01-26,Dijon,Monaco,1.41651,1.36922,10857,2018,https://understat.com/getLeagueData/Ligue_1/2018,2019-01-26,True
2019-01-26,Guingamp,Reims,0.444499,0.658018,10856,2018,https://understat.com/getLeagueData/Ligue_1/2018,2019-01-26,True
2019-01-26,Nice,Nimes,1.72169,0.689154,10860,2018,https://understat.com/getLeagueData/Ligue_1/2018,2019-01-26,True
2019-01-26,Strasbourg,Bordeaux,0.540997,0.576044,10858,2018,https://understat.com/getLeagueData/Ligue_1/2018,2019-01-26,True
2019-01-27,Amiens,Lyon,0.667387,1.24157,10853,2018,https://understat.com/getLeagueData/Ligue_1/2018,2019-01-27,True
2019-01-27,Montpellier,Caen,1.19659,0.282962,10854,2018,https://understat.com/getLeagueData/Ligue_1/2018,2019-01-27,True
2019-01-27,Paris SG,Rennes,2.8581,0.997637,10859,2018,https://understat.com/getLeagueData/Ligue_1/2018,2019-01-27,True
2019-01-27,Toulouse,Angers,1.46217,1.33953,10862,2018,https://understat.com/getLeagueData/Ligue_1/2018,2019-01-27,True
2019-01-30,Nantes,St Etienne,1.65404,1.82915,10861,2018,https://understat.com/getLeagueData/Ligue_1/2018,2019-01-30,True
2019-02-01,Lille,Nice,2.38345,0.504972,10864,2018,https://understat.com/getLeagueData/Ligue_1/2018,2019-02-01,True
2019-02-02,Angers,Dijon,1.37192,0.359499,10871,2018,https://understat.com/getLeagueData/Ligue_1/2018,2019-02-02,True
2019-02-02,Monaco,Toulouse,1.25415,0.842206,10865,2018,https://understat.com/getLeagueData/Ligue_1/2018,2019-02-02,True
2019-02-02,Reims,Marseille,0.600538,1.03793,10867,2018,https://understat.com/getLeagueData/Ligue_1/2018,2019-02-02,True
2019-02-02,Rennes,Amiens,1.92834,0.681757,10868,2018,https://understat.com/getLeagueData/Ligue_1/2018,2019-02-02,True
2019-02-03,Lyon,Paris SG,3.40975,1.61516,10872,2018,https://understat.com/getLeagueData/Ligue_1/2018,2019-02-03,True
2019-02-03,Nimes,Montpellier,0.489402,0.733137,10866,2018,https://understat.com/getLeagueData/Ligue_1/2018,2019-02-03,True
2019-02-05,Marseille,Bordeaux,2.12989,0.186472,10818,2018,https://understat.com/getLeagueData/Ligue_1/2018,2019-02-05,True
2019-02-08,Dijon,Marseille,1.22126,1.26922,10874,2018,https://understat.com/getLeagueData/Ligue_1/2018,2019-02-08,True
2019-02-09,Amiens,Caen,0.830006,0.385482,10873,2018,https://understat.com/getLeagueData/Ligue_1/2018,2019-02-09,True
2019-02-09,Paris SG,Bordeaux,2.4199,0.862585,10879,2018,https://understat.com/getLeagueData/Ligue_1/2018,2019-02-09,True
2019-02-09,Strasbourg,Angers,1.12166,0.749397,10880,2018,https://understat.com/getLeagueData/Ligue_1/2018,2019-02-09,True
2019-02-10,Guingamp,Lille,0.590045,1.33904,10875,2018,https://understat.com/getLeagueData/Ligue_1/2018,2019-02-10,True
2019-02-10,Montpellier,Monaco,1.59524,1.60449,10876,2018,https://understat.com/getLeagueData/Ligue_1/2018,2019-02-10,True
2019-02-10,Nantes,Nimes,1.83127,1.85321,10877,2018,https://understat.com/getLeagueData/Ligue_1/2018,2019-02-10,True
2019-02-10,Nice,Lyon,1.5374,2.46454,10878,2018,https://understat.com/getLeagueData/Ligue_1/2018,2019-02-10,True
2019-02-10,Rennes,St Etienne,2.78276,1.45439,10881,2018,https://understat.com/getLeagueData/Ligue_1/2018,2019-02-10,True
2019-02-10,Toulouse,Reims,0.608776,1.41872,10882,2018,https://understat.com/getLeagueData/Ligue_1/2018,2019-02-10,True
2019-02-13,Caen,Nantes,0.460068,1.32567,10863,2018,https://understat.com/getLeagueData/Ligue_1/2018,2019-02-13,True
2019-02-13,St Etienne,Strasbourg,1.73664,0.83933,10869,2018,https://understat.com/getLeagueData/Ligue_1/2018,2019-02-13,True
2019-02-15,Lyon,Guingamp,1.57413,1.94709,10887,2018,https://understat.com/getLeagueData/Ligue_1/2018,2019-02-15,True
2019-02-15,Nimes,Dijon,0.947223,0.847362,10890,2018,https://understat.com/getLeagueData/Ligue_1/2018,2019-02-15,True
2019-02-16,Angers,Nice,2.26785,0.484624,10883,2018,https://understat.com/getLeagueData/Ligue_1/2018,2019-02-16,True
2019-02-16,Marseille,Amiens,1.28871,1.0545,10888,2018,https://understat.com/getLeagueData/Ligue_1/2018,2019-02-16,True
2019-02-16,Monaco,Nantes,1.20791,0.209983,10889,2018,https://understat.com/getLeagueData/Ligue_1/2018,2019-02-16,True
2019-02-17,Bordeaux,Toulouse,0.793463,1.86337,10884,2018,https://understat.com/getLeagueData/Ligue_1/2018,2019-02-17,True
2019-02-17,Caen,Strasbourg,0.52674,0.629274,10885,2018,https://understat.com/getLeagueData/Ligue_1/2018,2019-02-17,True
2019-02-17,Lille,Montpellier,1.04707,0.654043,10886,2018,https://understat.com/getLeagueData/Ligue_1/2018,2019-02-17,True
2019-02-17,Reims,Rennes,0.665264,0.395172,10891,2018,https://understat.com/getLeagueData/Ligue_1/2018,2019-02-17,True
2019-02-17,St Etienne,Paris SG,0.565414,1.25551,10892,2018,https://understat.com/getLeagueData/Ligue_1/2018,2019-02-17,True
2019-02-20,Bordeaux,Guingamp,1.3793,1.2912,10870,2018,https://understat.com/getLeagueData/Ligue_1/2018,2019-02-20,True
2019-02-20,Paris SG,Montpellier,3.81116,1.01559,10808,2018,https://understat.com/getLeagueData/Ligue_1/2018,2019-02-20,True
2019-02-22,Dijon,St Etienne,0.322809,0.990687,10894,2018,https://understat.com/getLeagueData/Ligue_1/2018,2019-02-22,True
2019-02-22,Strasbourg,Lille,0.390051,1.16066,10900,2018,https://understat.com/getLeagueData/Ligue_1/2018,2019-02-22,True
2019-02-23,Amiens,Nice,1.66901,0.204022,10893,2018,https://understat.com/getLeagueData/Ligue_1/2018,2019-02-23,True
2019-02-23,Guingamp,Angers,0.619943,0.331604,10895,2018,https://understat.com/getLeagueData/Ligue_1/2018,2019-02-23,True
2019-02-23,Paris SG,Nimes,3.96354,0.655467,10898,2018,https://understat.com/getLeagueData/Ligue_1/2018,2019-02-23,True
2019-02-24,Monaco,Lyon,0.828373,1.45564,10902,2018,https://understat.com/getLeagueData/Ligue_1/2018,2019-02-24,True
2019-02-24,Montpellier,Reims,1.48978,1.97606,10896,2018,https://understat.com/getLeagueData/Ligue_1/2018,2019-02-24,True
2019-02-24,Nantes,Bordeaux,2.03944,0.15625,10897,2018,https://understat.com/getLeagueData/Ligue_1/2018,2019-02-24,True
2019-02-24,Rennes,Marseille,1.06207,0.464577,10899,2018,https://understat.com/getLeagueData/Ligue_1/2018,2019-02-24,True
2019-02-24,Toulouse,Caen,1.37742,2.12374,10901,2018,https://understat.com/getLeagueData/Ligue_1/2018,2019-02-24,True
2019-03-02,Angers,Monaco,1.19865,1.48671,10904,2018,https://understat.com/getLeagueData/Ligue_1/2018,2019-03-02,True
2019-03-02,Caen,Paris SG,0.706972,4.04015,10906,2018,https://understat.com/getLeagueData/Ligue_1/2018,2019-03-02,True
2019-03-02,Reims,Amiens,1.21225,2.06668,10903,2018,https://understat.com/getLeagueData/Ligue_1/2018,2019-03-02,True
2019-03-03,Guingamp,Nantes,0.814976,0.925699,10907,2018,https://understat.com/getLeagueData/Ligue_1/2018,2019-03-03,True
2019-03-03,Lille,Dijon,0.755393,0.279519,10908,2018,https://understat.com/getLeagueData/Ligue_1/2018,2019-03-03,True
2019-03-03,Lyon,Toulouse,3.78139,0.44588,10909,2018,https://understat.com/getLeagueData/Ligue_1/2018,2019-03-03,True
2019-03-03,Marseille,St Etienne,2.5842,0.226702,10910,2018,https://understat.com/getLeagueData/Ligue_1/2018,2019-03-03,True
2019-03-03,Nice,Strasbourg,1.37605,0.387812,10911,2018,https://understat.com/getLeagueData/Ligue_1/2018,2019-03-03,True
2019-03-05,Bordeaux,Montpellier,1.2022,2.07677,10905,2018,https://understat.com/getLeagueData/Ligue_1/2018,2019-03-05,True
2019-03-09,Amiens,Nimes,2.30832,0.756547,10920,2018,https://understat.com/getLeagueData/Ligue_1/2018,2019-03-09,True
2019-03-09,Dijon,Reims,0.829466,2.87131,10921,2018,https://understat.com/getLeagueData/Ligue_1/2018,2019-03-09,True
2019-03-09,Monaco,Bordeaux,0.762295,1.56603,10918,2018,https://understat.com/getLeagueData/Ligue_1/2018,2019-03-09,True
2019-03-09,Strasbourg,Lyon,0.590414,3.36381,10913,2018,https://understat.com/getLeagueData/Ligue_1/2018,2019-03-09,True
2019-03-10,Marseille,Nice,0.667651,0.506387,10922,2018,https://understat.com/getLeagueData/Ligue_1/2018,2019-03-10,True
2019-03-10,Montpellier,Angers,1.13122,1.09374,10919,2018,https://understat.com/getLeagueData/Ligue_1/2018,2019-03-10,True
2019-03-10,Rennes,Caen,1.89298,0.179397,10915,2018,https://understat.com/getLeagueData/Ligue_1/2018,2019-03-10,True
2019-03-10,St Etienne,Lille,0.309982,1.56667,10916,2018,https://understat.com/getLeagueData/Ligue_1/2018,2019-03-10,True
2019-03-10,Toulouse,Guingamp,1.6201,0.508737,10914,2018,https://understat.com/getLeagueData/Ligue_1/2018,2019-03-10,True
2019-03-12,Dijon,Paris SG,0.337468,2.75884,10815,2018,https://understat.com/getLeagueData/Ligue_1/2018,2019-03-12,True
2019-03-15,Lille,Monaco,1.82457,2.02122,10929,2018,https://understat.com/getLeagueData/Ligue_1/2018,2019-03-15,True
2019-03-15,Nice,Toulouse,0.689083,1.05922,10925,2018,https://understat.com/getLeagueData/Ligue_1/2018,2019-03-15,True
2019-03-16,Angers,Amiens,1.41618,0.513682,10927,2018,https://understat.com/getLeagueData/Ligue_1/2018,2019-03-16,True
2019-03-16,Caen,St Etienne,0.0268116,2.3696,10930,2018,https://understat.com/getLeagueData/Ligue_1/2018,2019-03-16,True
2019-03-16,Guingamp,Dijon,1.20641,0.415835,10931,2018,https://understat.com/getLeagueData/Ligue_1/2018,2019-03-16,True
2019-03-16,Nimes,Strasbourg,2.35969,0.548576,10924,2018,https://understat.com/getLeagueData/Ligue_1/2018,2019-03-16,True
2019-03-17,Bordeaux,Rennes,1.52147,0.83608,10928,2018,https://understat.com/getLeagueData/Ligue_1/2018,2019-03-17,True
2019-03-17,Lyon,Montpellier,2.62389,0.739555,10926,2018,https://understat.com/getLeagueData/Ligue_1/2018,2019-03-17,True
2019-03-17,Paris SG,Marseille,1.23552,0.189011,10932,2018,https://understat.com/getLeagueData/Ligue_1/2018,2019-03-17,True
2019-03-17,Reims,Nantes,0.568493,0.290251,10923,2018,https://understat.com/getLeagueData/Ligue_1/2018,2019-03-17,True
2019-03-29,Rennes,Lyon,1.34197,1.9168,10937,2018,https://understat.com/getLeagueData/Ligue_1/2018,2019-03-29,True
2019-03-30,Marseille,Angers,0.969941,2.18504,10933,2018,https://understat.com/getLeagueData/Ligue_1/2018,2019-03-30,True
2019-03-31,Amiens,Bordeaux,0.663195,0.543639,10935,2018,https://understat.com/getLeagueData/Ligue_1/2018,2019-03-31,True
2019-03-31,Dijon,Nice,0.616458,0.762646,10934,2018,https://understat.com/getLeagueData/Ligue_1/2018,2019-03-31,True
2019-03-31,Monaco,Caen,1.58473,0.614797,10938,2018,https://understat.com/getLeagueData/Ligue_1/2018,2019-03-31,True
2019-03-31,Nantes,Lille,1.8751,2.62697,10939,2018,https://understat.com/getLeagueData/Ligue_1/2018,2019-03-31,True
2019-03-31,Toulouse,Paris SG,1.1462,1.21757,10941,2018,https://understat.com/getLeagueData/Ligue_1/2018,2019-03-31,True
2019-04-01,St Etienne,Nimes,2.20428,1.66277,10936,2018,https://understat.com/getLeagueData/Ligue_1/2018,2019-04-01,True
2019-04-03,Montpellier,Guingamp,2.21619,0.48982,10940,2018,https://understat.com/getLeagueData/Ligue_1/2018,2019-04-03,True
2019-04-03,Strasbourg,Reims,2.46941,0.996951,10942,2018,https://understat.com/getLeagueData/Ligue_1/2018,2019-04-03,True
2019-04-05,Bordeaux,Marseille,1.53461,1.52509,10949,2018,https://understat.com/getLeagueData/Ligue_1/2018,2019-04-05,True
2019-04-06,Amiens,St Etienne,1.16144,2.00231,10943,2018,https://understat.com/getLeagueData/Ligue_1/2018,2019-04-06,True
2019-04-06,Angers,Rennes,1.97361,2.1258,10948,2018,https://understat.com/getLeagueData/Ligue_1/2018,2019-04-06,True
2019-04-06,Guingamp,Monaco,0.507481,2.00597,10950,2018,https://understat.com/getLeagueData/Ligue_1/2018,2019-04-06,True
2019-04-06,Lyon,Dijon,3.78821,1.1788,10951,2018,https://understat.com/getLeagueData/Ligue_1/2018,2019-04-06,True
2019-04-06,Nimes,Caen,1.08376,0.18775,10947,2018,https://understat.com/getLeagueData/Ligue_1/2018,2019-04-06,True
2019-04-07,Nice,Montpellier,1.3882,0.585107,10952,2018,https://understat.com/getLeagueData/Ligue_1/2018,2019-04-07,True
2019-04-07,Paris SG,Strasbourg,2.68148,0.620221,10946,2018,https://understat.com/getLeagueData/Ligue_1/2018,2019-04-07,True
2019-04-07,Reims,Lille,1.25379,0.922252,10945,2018,https://understat.com/getLeagueData/Ligue_1/2018,2019-04-07,True
2019-04-07,Toulouse,Nantes,2.91718,0.749901,10944,2018,https://understat.com/getLeagueData/Ligue_1/2018,2019-04-07,True
2019-04-09,Nimes,Rennes,1.4484,0.816818,10912,2018,https://understat.com/getLeagueData/Ligue_1/2018,2019-04-09,True
2019-04-12,Dijon,Amiens,1.31762,0.205846,10953,2018,https://understat.com/getLeagueData/Ligue_1/2018,2019-04-12,True
2019-04-12,Nantes,Lyon,1.07257,1.16906,10959,2018,https://understat.com/getLeagueData/Ligue_1/2018,2019-04-12,True
2019-04-13,Caen,Angers,0.515272,1.20442,10954,2018,https://understat.com/getLeagueData/Ligue_1/2018,2019-04-13,True
2019-04-13,Marseille,Nimes,1.2573,0.998275,10955,2018,https://understat.com/getLeagueData/Ligue_1/2018,2019-04-13,True
2019-04-13,Monaco,Reims,1.62135,0.568613,10957,2018,https://understat.com/getLeagueData/Ligue_1/2018,2019-04-13,True
2019-04-13,Strasbourg,Guingamp,1.68016,2.27104,10962,2018,https://understat.com/getLeagueData/Ligue_1/2018,2019-04-13,True
2019-04-14,Lille,Paris SG,1.98648,1.27918,10956,2018,https://understat.com/getLeagueData/Ligue_1/2018,2019-04-14,True
2019-04-14,Montpellier,Toulouse,2.02444,0.214379,10958,2018,https://understat.com/getLeagueData/Ligue_1/2018,2019-04-14,True
2019-04-14,Rennes,Nice,1.06213,0.482453,10960,2018,https://understat.com/getLeagueData/Ligue_1/2018,2019-04-14,True
2019-04-14,St Etienne,Bordeaux,2.13067,0.639973,10961,2018,https://understat.com/getLeagueData/Ligue_1/2018,2019-04-14,True
2019-04-17,Nantes,Paris SG,1.98839,0.60586,10917,2018,https://understat.com/getLeagueData/Ligue_1/2018,2019-04-17,True
2019-04-19,Dijon,Rennes,1.07506,0.868226,10963,2018,https://understat.com/getLeagueData/Ligue_1/2018,2019-04-19,True
2019-04-19,Lyon,Angers,2.88984,0.447996,10965,2018,https://understat.com/getLeagueData/Ligue_1/2018,2019-04-19,True
2019-04-20,Guingamp,Marseille,0.992492,2.38873,10964,2018,https://understat.com/getLeagueData/Ligue_1/2018,2019-04-20,True
2019-04-20,Nice,Caen,2.43168,0.336975,10967,2018,https://understat.com/getLeagueData/Ligue_1/2018,2019-04-20,True
2019-04-20,Nimes,Bordeaux,1.2151,1.21334,10968,2018,https://understat.com/getLeagueData/Ligue_1/2018,2019-04-20,True
2019-04-20,Strasbourg,Montpellier,0.296585,2.32593,10970,2018,https://understat.com/getLeagueData/Ligue_1/2018,2019-04-20,True
2019-04-21,Nantes,Amiens,1.31106,0.49349,10966,2018,https://understat.com/getLeagueData/Ligue_1/2018,2019-04-21,True
2019-04-21,Paris SG,Monaco,2.54628,0.927023,10972,2018,https://understat.com/getLeagueData/Ligue_1/2018,2019-04-21,True
2019-04-21,Reims,St Etienne,0.598019,1.74243,10969,2018,https://understat.com/getLeagueData/Ligue_1/2018,2019-04-21,True
2019-04-21,Toulouse,Lille,0.509305,1.07885,10971,2018,https://understat.com/getLeagueData/Ligue_1/2018,2019-04-21,True
2019-04-26,Bordeaux,Lyon,0.919754,2.44073,10981,2018,https://understat.com/getLeagueData/Ligue_1/2018,2019-04-26,True
2019-04-28,Amiens,Strasbourg,0.495867,0.329978,10973,2018,https://understat.com/getLeagueData/Ligue_1/2018,2019-04-28,True
2019-04-28,Angers,Reims,0.69153,0.284685,10982,2018,https://understat.com/getLeagueData/Ligue_1/2018,2019-04-28,True
2019-04-28,Caen,Dijon,1.3218,0.563943,10980,2018,https://understat.com/getLeagueData/Ligue_1/2018,2019-04-28,True
2019-04-28,Lille,Nimes,2.44144,0.915687,10979,2018,https://understat.com/getLeagueData/Ligue_1/2018,2019-04-28,True
2019-04-28,Marseille,Nantes,1.4298,1.41006,10978,2018,https://understat.com/getLeagueData/Ligue_1/2018,2019-04-28,True
2019-04-28,Nice,Guingamp,2.47263,0.553315,10976,2018,https://understat.com/getLeagueData/Ligue_1/2018,2019-04-28,True
2019-04-28,St Etienne,Toulouse,1.98087,1.55702,10974,2018,https://understat.com/getLeagueData/Ligue_1/2018,2019-04-28,True
2019-04-30,Montpellier,Paris SG,2.01173,1.61712,10977,2018,https://understat.com/getLeagueData/Ligue_1/2018,2019-04-30,True
2019-05-01,Rennes,Monaco,1.79066,0.969653,10975,2018,https://understat.com/getLeagueData/Ligue_1/2018,2019-05-01,True
2019-05-03,Strasbourg,Marseille,1.29178,1.79589,10985,2018,https://understat.com/getLeagueData/Ligue_1/2018,2019-05-03,True
2019-05-04,Bordeaux,Angers,0.441838,0.736511,10987,2018,https://understat.com/getLeagueData/Ligue_1/2018,2019-05-04,True
2019-05-04,Guingamp,Caen,0.380624,0.0263437,10988,2018,https://understat.com/getLeagueData/Ligue_1/2018,2019-05-04,True
2019-05-04,Paris SG,Nice,2.56298,1.07144,10983,2018,https://understat.com/getLeagueData/Ligue_1/2018,2019-05-04,True
2019-05-04,Reims,Nimes,0.371217,1.83967,10984,2018,https://understat.com/getLeagueData/Ligue_1/2018,2019-05-04,True
2019-05-05,Lyon,Lille,1.67052,1.90984,10989,2018,https://understat.com/getLeagueData/Ligue_1/2018,2019-05-05,True
2019-05-05,Monaco,St Etienne,2.44244,0.724014,10990,2018,https://understat.com/getLeagueData/Ligue_1/2018,2019-05-05,True
2019-05-05,Montpellier,Amiens,0.557285,0.184865,10991,2018,https://understat.com/getLeagueData/Ligue_1/2018,2019-05-05,True
2019-05-05,Nantes,Dijon,1.74317,0.350505,10992,2018,https://understat.com/getLeagueData/Ligue_1/2018,2019-05-05,True
2019-05-05,Toulouse,Rennes,1.7182,1.93129,10986,2018,https://understat.com/getLeagueData/Ligue_1/2018,2019-05-05,True
2019-05-10,St Etienne,Montpellier,0.768847,1.54022,11001,2018,https://understat.com/getLeagueData/Ligue_1/2018,2019-05-10,True
2019-05-11,Amiens,Toulouse,0.735648,0.357155,10993,2018,https://understat.com/getLeagueData/Ligue_1/2018,2019-05-11,True
2019-05-11,Angers,Paris SG,2.02633,1.21061,10994,2018,https://understat.com/getLeagueData/Ligue_1/2018,2019-05-11,True
2019-05-11,Caen,Reims,1.06469,1.63278,10995,2018,https://understat.com/getLeagueData/Ligue_1/2018,2019-05-11,True
2019-05-11,Dijon,Strasbourg,1.29438,2.20981,10996,2018,https://understat.com/getLeagueData/Ligue_1/2018,2019-05-11,True
2019-05-11,Nice,Nantes,1.8569,2.47631,10998,2018,https://understat.com/getLeagueData/Ligue_1/2018,2019-05-11,True
2019-05-11,Nimes,Monaco,1.5884,0.618531,10999,2018,https://understat.com/getLeagueData/Ligue_1/2018,2019-05-11,True
2019-05-12,Lille,Bordeaux,0.978483,0.560038,10997,2018,https://understat.com/getLeagueData/Ligue_1/2018,2019-05-12,True
2019-05-12,Marseille,Lyon,1.21218,1.62093,11002,2018,https://understat.com/getLeagueData/Ligue_1/2018,2019-05-12,True
2019-05-12,Rennes,Guingamp,1.23657,3.01854,11000,2018,https://understat.com/getLeagueData/Ligue_1/2018,2019-05-12,True
2019-05-18,Bordeaux,Reims,0.599441,1.76216,11003,2018,https://understat.com/getLeagueData/Ligue_1/2018,2019-05-18,True
2019-05-18,Guingamp,Nimes,2.24663,2.28203,11004,2018,https://understat.com/getLeagueData/Ligue_1/2018,2019-05-18,True
2019-05-18,Lille,Angers,2.70697,1.4112,11005,2018,https://understat.com/getLeagueData/Ligue_1/2018,2019-05-18,True
2019-05-18,Lyon,Caen,3.31397,0.227017,11006,2018,https://understat.com/getLeagueData/Ligue_1/2018,2019-05-18,True
2019-05-18,Monaco,Amiens,0.853588,0.920134,11007,2018,https://understat.com/getLeagueData/Ligue_1/2018,2019-05-18,True
2019-05-18,Montpellier,Nantes,0.507096,0.730524,11008,2018,https://understat.com/getLeagueData/Ligue_1/2018,2019-05-18,True
2019-05-18,Paris SG,Dijon,3.6021,0.584704,11009,2018,https://understat.com/getLeagueData/Ligue_1/2018,2019-05-18,True
2019-05-18,St Etienne,Nice,2.08331,0.86802,11010,2018,https://understat.com/getLeagueData/Ligue_1/2018,2019-05-18,True
2019-05-18,Strasbourg,Rennes,1.61956,0.9134,11011,2018,https://understat.com/getLeagueData/Ligue_1/2018,2019-05-18,True
2019-05-18,Toulouse,Marseille,1.9512,2.31775,11012,2018,https://understat.com/getLeagueData/Ligue_1/2018,2019-05-18,True
2019-05-24,Amiens,Guingamp,2.9567,1.21866,11013,2018,https://understat.com/getLeagueData/Ligue_1/2018,2019-05-24,True
2019-05-24,Angers,St Etienne,1.67732,1.2003,11014,2018,https://understat.com/getLeagueData/Ligue_1/2018,2019-05-24,True
2019-05-24,Caen,Bordeaux,1.00444,1.71414,11015,2018,https://understat.com/getLeagueData/Ligue_1/2018,2019-05-24,True
2019-05-24,Dijon,Toulouse,1.04483,0.397508,11016,2018,https://understat.com/getLeagueData/Ligue_1/2018,2019-05-24,True
2019-05-24,Marseille,Montpellier,1.35474,0.484752,11017,2018,https://understat.com/getLeagueData/Ligue_1/2018,2019-05-24,True
2019-05-24,Nantes,Strasbourg,1.40096,0.885205,11018,2018,https://understat.com/getLeagueData/Ligue_1/2018,2019-05-24,True
2019-05-24,Nice,Monaco,1.25529,1.47108,11019,2018,https://understat.com/getLeagueData/Ligue_1/2018,2019-05-24,True
2019-05-24,Nimes,Lyon,1.61612,1.4558,11020,2018,https://understat.com/getLeagueData/Ligue_1/2018,2019-05-24,True
2019-05-24,Reims,Paris SG,0.863766,1.41575,11021,2018,https://understat.com/getLeagueData/Ligue_1/2018,2019-05-24,True
2019-05-24,Rennes,Lille,2.09891,1.02643,11022,2018,https://understat.com/getLeagueData/Ligue_1/2018,2019-05-24,True
2019-08-09,Monaco,Lyon,0.563183,0.833034,12709,2019,https://understat.com/getLeagueData/Ligue_1/2019,2019-08-09,True
2019-08-10,Angers,Bordeaux,1.52399,1.29511,12714,2019,https://understat.com/getLeagueData/Ligue_1/2019,2019-08-10,True
2019-08-10,Brest,Toulouse,2.32973,1.42777,12711,2019,https://understat.com/getLeagueData/Ligue_1/2019,2019-08-10,True
2019-08-10,Dijon,St Etienne,2.15127,0.916517,12715,2019,https://understat.com/getLeagueData/Ligue_1/2019,2019-08-10,True
2019-08-10,Marseille,Reims,0.874557,1.2983,12710,2019,https://understat.com/getLeagueData/Ligue_1/2019,2019-08-10,True
2019-08-10,Montpellier,Rennes,2.56158,1.17033,12712,2019,https://understat.com/getLeagueData/Ligue_1/2019,2019-08-10,True
2019-08-10,Nice,Amiens,1.86828,0.604143,12713,2019,https://understat.com/getLeagueData/Ligue_1/2019,2019-08-10,True
2019-08-11,Lille,Nantes,1.20625,0.5183,12716,2019,https://understat.com/getLeagueData/Ligue_1/2019,2019-08-11,True
2019-08-11,Paris SG,Nimes,3.61599,0.305387,12718,2019,https://understat.com/getLeagueData/Ligue_1/2019,2019-08-11,True
2019-08-11,Strasbourg,Metz,1.60857,0.252178,12717,2019,https://understat.com/getLeagueData/Ligue_1/2019,2019-08-11,True
2019-08-16,Lyon,Angers,1.49515,0.347737,12719,2019,https://understat.com/getLeagueData/Ligue_1/2019,2019-08-16,True
2019-08-17,Amiens,Lille,1.07254,0.293318,12721,2019,https://understat.com/getLeagueData/Ligue_1/2019,2019-08-17,True
2019-08-17,Bordeaux,Montpellier,0.785876,0.683431,12722,2019,https://understat.com/getLeagueData/Ligue_1/2019,2019-08-17,True
2019-08-17,Metz,Monaco,3.11223,0.759639,12724,2019,https://understat.com/getLeagueData/Ligue_1/2019,2019-08-17,True
2019-08-17,Nantes,Marseille,0.333103,1.34033,12720,2019,https://understat.com/getLeagueData/Ligue_1/2019,2019-08-17,True
2019-08-17,Nimes,Nice,1.26223,2.00012,12723,2019,https://understat.com/getLeagueData/Ligue_1/2019,2019-08-17,True
2019-08-17,Toulouse,Dijon,1.61998,1.20997,12725,2019,https://understat.com/getLeagueData/Ligue_1/2019,2019-08-17,True
2019-08-18,Reims,Strasbourg,0.337739,0.560077,12727,2019,https://understat.com/getLeagueData/Ligue_1/2019,2019-08-18,True
2019-08-18,Rennes,Paris SG,1.18588,0.844939,12728,2019,https://understat.com/getLeagueData/Ligue_1/2019,2019-08-18,True
2019-08-18,St Etienne,Brest,2.21564,0.501067,12726,2019,https://understat.com/getLeagueData/Ligue_1/2019,2019-08-18,True
2019-08-24,Amiens,Nantes,0.377125,2.0807,12730,2019,https://understat.com/getLeagueData/Ligue_1/2019,2019-08-24,True
2019-08-24,Angers,Metz,2.10383,0.147348,12732,2019,https://understat.com/getLeagueData/Ligue_1/2019,2019-08-24,True
2019-08-24,Brest,Reims,0.528162,0.792044,12738,2019,https://understat.com/getLeagueData/Ligue_1/2019,2019-08-24,True
2019-08-24,Dijon,Bordeaux,0.234901,0.626181,12731,2019,https://understat.com/getLeagueData/Ligue_1/2019,2019-08-24,True
2019-08-25,Monaco,Nimes,2.40125,2.24062,12733,2019,https://understat.com/getLeagueData/Ligue_1/2019,2019-08-25,True
2019-08-25,Paris SG,Toulouse,4.70776,0.699812,12729,2019,https://understat.com/getLeagueData/Ligue_1/2019,2019-08-25,True
2019-08-25,Strasbourg,Rennes,1.62131,0.496085,12737,2019,https://understat.com/getLeagueData/Ligue_1/2019,2019-08-25,True
2019-08-27,Montpellier,Lyon,1.89186,1.04285,12736,2019,https://understat.com/getLeagueData/Ligue_1/2019,2019-08-27,True
2019-08-28,Lille,St Etienne,2.66328,0.79996,12735,2019,https://understat.com/getLeagueData/Ligue_1/2019,2019-08-28,True
2019-08-28,Nice,Marseille,1.73926,1.647,12734,2019,https://understat.com/getLeagueData/Ligue_1/2019,2019-08-28,True
2019-08-30,Metz,Paris SG,0.360572,2.01186,12747,2019,https://understat.com/getLeagueData/Ligue_1/2019,2019-08-30,True
2019-08-31,Angers,Dijon,1.41921,0.736529,12739,2019,https://understat.com/getLeagueData/Ligue_1/2019,2019-08-31,True
2019-08-31,Lyon,Bordeaux,1.00508,0.962238,12744,2019,https://understat.com/getLeagueData/Ligue_1/2019,2019-08-31,True
2019-08-31,Nantes,Montpellier,0.825226,0.767321,12743,2019,https://understat.com/getLeagueData/Ligue_1/2019,2019-08-31,True
2019-08-31,Nimes,Brest,2.334,0.8598,12746,2019,https://understat.com/getLeagueData/Ligue_1/2019,2019-08-31,True
2019-08-31,Toulouse,Amiens,1.28893,0.27328,12740,2019,https://understat.com/getLeagueData/Ligue_1/2019,2019-08-31,True
2019-09-01,Marseille,St Etienne,0.845557,0.524356,12745,2019,https://understat.com/getLeagueData/Ligue_1/2019,2019-09-01,True
2019-09-01,Reims,Lille,2.00608,1.66021,12741,2019,https://understat.com/getLeagueData/Ligue_1/2019,2019-09-01,True
2019-09-01,Rennes,Nice,0.592177,1.68646,12742,2019,https://understat.com/getLeagueData/Ligue_1/2019,2019-09-01,True
2019-09-01,Strasbourg,Monaco,1.34345,2.87671,12748,2019,https://understat.com/getLeagueData/Ligue_1/2019,2019-09-01,True
2019-09-13,Amiens,Lyon,0.384927,1.79736,12757,2019,https://understat.com/getLeagueData/Ligue_1/2019,2019-09-13,True
2019-09-13,Lille,Angers,1.4409,0.663848,12755,2019,https://understat.com/getLeagueData/Ligue_1/2019,2019-09-13,True
2019-09-14,Bordeaux,Metz,1.51518,0.944742,12756,2019,https://understat.com/getLeagueData/Ligue_1/2019,2019-09-14,True
2019-09-14,Brest,Rennes,0.388148,0.424593,12752,2019,https://understat.com/getLeagueData/Ligue_1/2019,2019-09-14,True
2019-09-14,Dijon,Nimes,0.789744,0.342108,12749,2019,https://understat.com/getLeagueData/Ligue_1/2019,2019-09-14,True
2019-09-14,Montpellier,Nice,2.22081,1.05478,12751,2019,https://understat.com/getLeagueData/Ligue_1/2019,2019-09-14,True
2019-09-14,Paris SG,Strasbourg,0.839304,0.561424,12758,2019,https://understat.com/getLeagueData/Ligue_1/2019,2019-09-14,True
2019-09-15,Monaco,Marseille,2.47739,1.73874,12753,2019,https://understat.com/getLeagueData/Ligue_1/2019,2019-09-15,True
2019-09-15,Nantes,Reims,0.250307,0.693027,12750,2019,https://understat.com/getLeagueData/Ligue_1/2019,2019-09-15,True
2019-09-15,St Etienne,Toulouse,1.06769,1.93338,12754,2019,https://understat.com/getLeagueData/Ligue_1/2019,2019-09-15,True
2019-09-20,Strasbourg,Nantes,1.87224,0.553506,12763,2019,https://understat.com/getLeagueData/Ligue_1/2019,2019-09-20,True
2019-09-21,Bordeaux,Brest,1.56441,1.38448,12762,2019,https://understat.com/getLeagueData/Ligue_1/2019,2019-09-21,True
2019-09-21,Marseille,Montpellier,1.08408,0.10429,12764,2019,https://understat.com/getLeagueData/Ligue_1/2019,2019-09-21,True
2019-09-21,Metz,Amiens,1.47876,1.64495,12760,2019,https://understat.com/getLeagueData/Ligue_1/2019,2019-09-21,True
2019-09-21,Nice,Dijon,1.08457,1.10909,12768,2019,https://understat.com/getLeagueData/Ligue_1/2019,2019-09-21,True
2019-09-21,Nimes,Toulouse,1.62783,0.844257,12765,2019,https://understat.com/getLeagueData/Ligue_1/2019,2019-09-21,True
2019-09-21,Reims,Monaco,1.35162,0.718079,12759,2019,https://understat.com/getLeagueData/Ligue_1/2019,2019-09-21,True
2019-09-22,Angers,St Etienne,1.92745,0.794221,12766,2019,https://understat.com/getLeagueData/Ligue_1/2019,2019-09-22,True
2019-09-22,Lyon,Paris SG,0.373068,1.25713,12761,2019,https://understat.com/getLeagueData/Ligue_1/2019,2019-09-22,True
2019-09-22,Rennes,Lille,0.645681,1.10925,12767,2019,https://understat.com/getLeagueData/Ligue_1/2019,2019-09-22,True
2019-09-24,Dijon,Marseille,1.74443,1.31656,12775,2019,https://understat.com/getLeagueData/Ligue_1/2019,2019-09-24,True
2019-09-24,Monaco,Nice,2.39963,0.610006,12769,2019,https://understat.com/getLeagueData/Ligue_1/2019,2019-09-24,True
2019-09-25,Amiens,Bordeaux,1.33067,0.662691,12778,2019,https://understat.com/getLeagueData/Ligue_1/2019,2019-09-25,True
2019-09-25,Brest,Lyon,0.507427,1.12904,12770,2019,https://understat.com/getLeagueData/Ligue_1/2019,2019-09-25,True
2019-09-25,Lille,Strasbourg,3.02158,0.234977,12777,2019,https://understat.com/getLeagueData/Ligue_1/2019,2019-09-25,True
2019-09-25,Montpellier,Nimes,0.579923,0.719947,12774,2019,https://understat.com/getLeagueData/Ligue_1/2019,2019-09-25,True
2019-09-25,Nantes,Rennes,1.42973,1.05701,12771,2019,https://understat.com/getLeagueData/Ligue_1/2019,2019-09-25,True
2019-09-25,Paris SG,Reims,0.530839,1.17459,12772,2019,https://understat.com/getLeagueData/Ligue_1/2019,2019-09-25,True
2019-09-25,St Etienne,Metz,0.810489,0.532843,12773,2019,https://understat.com/getLeagueData/Ligue_1/2019,2019-09-25,True
2019-09-25,Toulouse,Angers,0.227476,1.35732,12776,2019,https://understat.com/getLeagueData/Ligue_1/2019,2019-09-25,True
2019-09-28,Angers,Amiens,0.903446,1.0426,12781,2019,https://understat.com/getLeagueData/Ligue_1/2019,2019-09-28,True
2019-09-28,Bordeaux,Paris SG,0.104666,2.83454,12780,2019,https://understat.com/getLeagueData/Ligue_1/2019,2019-09-28,True
2019-09-28,Lyon,Nantes,0.962876,0.515732,12784,2019,https://understat.com/getLeagueData/Ligue_1/2019,2019-09-28,True
2019-09-28,Metz,Toulouse,1.52646,0.82033,12783,2019,https://understat.com/getLeagueData/Ligue_1/2019,2019-09-28,True
2019-09-28,Monaco,Brest,3.77849,0.395322,12782,2019,https://understat.com/getLeagueData/Ligue_1/2019,2019-09-28,True
2019-09-28,Nice,Lille,1.07057,1.35573,12779,2019,https://understat.com/getLeagueData/Ligue_1/2019,2019-09-28,True
2019-09-28,Reims,Dijon,0.784118,1.41539,12788,2019,https://understat.com/getLeagueData/Ligue_1/2019,2019-09-28,True
2019-09-29,Marseille,Rennes,0.674547,0.682156,12786,2019,https://understat.com/getLeagueData/Ligue_1/2019,2019-09-29,True
2019-09-29,Nimes,St Etienne,1.71161,0.856429,12787,2019,https://understat.com/getLeagueData/Ligue_1/2019,2019-09-29,True
2019-09-29,Strasbourg,Montpellier,0.390945,1.28128,12785,2019,https://understat.com/getLeagueData/Ligue_1/2019,2019-09-29,True
2019-10-04,Amiens,Marseille,2.90722,0.437853,12791,2019,https://understat.com/getLeagueData/Ligue_1/2019,2019-10-04,True
2019-10-05,Brest,Metz,1.09035,0.537656,12796,2019,https://understat.com/getLeagueData/Ligue_1/2019,2019-10-05,True
2019-10-05,Dijon,Strasbourg,1.18723,0.780588,12790,2019,https://understat.com/getLeagueData/Ligue_1/2019,2019-10-05,True
2019-10-05,Montpellier,Monaco,2.74638,1.36346,12792,2019,https://understat.com/getLeagueData/Ligue_1/2019,2019-10-05,True
2019-10-05,Nantes,Nice,1.33771,0.269194,12798,2019,https://understat.com/getLeagueData/Ligue_1/2019,2019-10-05,True
2019-10-05,Paris SG,Angers,3.35081,0.488442,12794,2019,https://understat.com/getLeagueData/Ligue_1/2019,2019-10-05,True
2019-10-05,Toulouse,Bordeaux,0.846031,1.07992,12795,2019,https://understat.com/getLeagueData/Ligue_1/2019,2019-10-05,True
2019-10-06,Lille,Nimes,2.57207,1.76186,12793,2019,https://understat.com/getLeagueData/Ligue_1/2019,2019-10-06,True
2019-10-06,Rennes,Reims,1.01154,1.89057,12789,2019,https://understat.com/getLeagueData/Ligue_1/2019,2019-10-06,True
2019-10-06,St Etienne,Lyon,0.702101,0.362585,12797,2019,https://understat.com/getLeagueData/Ligue_1/2019,2019-10-06,True
2019-10-18,Nice,Paris SG,0.730506,3.38134,12803,2019,https://understat.com/getLeagueData/Ligue_1/2019,2019-10-18,True
2019-10-19,Angers,Brest,1.49766,0.240686,12800,2019,https://understat.com/getLeagueData/Ligue_1/2019,2019-10-19,True
2019-10-19,Lyon,Dijon,1.85901,0.357988,12807,2019,https://understat.com/getLeagueData/Ligue_1/2019,2019-10-19,True
2019-10-19,Metz,Nantes,0.766702,0.428008,12801,2019,https://understat.com/getLeagueData/Ligue_1/2019,2019-10-19,True
2019-10-19,Nimes,Amiens,0.317325,0.941379,12805,2019,https://understat.com/getLeagueData/Ligue_1/2019,2019-10-19,True
2019-10-19,Reims,Montpellier,0.925625,0.594823,12799,2019,https://understat.com/getLeagueData/Ligue_1/2019,2019-10-19,True
2019-10-19,Toulouse,Lille,2.6316,0.717652,12802,2019,https://understat.com/getLeagueData/Ligue_1/2019,2019-10-19,True
2019-10-20,Bordeaux,St Etienne,0.898813,0.869056,12804,2019,https://understat.com/getLeagueData/Ligue_1/2019,2019-10-20,True
2019-10-20,Marseille,Strasbourg,1.5975,0.32374,12806,2019,https://understat.com/getLeagueData/Ligue_1/2019,2019-10-20,True
2019-10-20,Monaco,Rennes,1.72675,1.32184,12808,2019,https://understat.com/getLeagueData/Ligue_1/2019,2019-10-20,True
2019-10-25,Nantes,Monaco,1.46548,0.904065,12815,2019,https://understat.com/getLeagueData/Ligue_1/2019,2019-10-25,True
2019-10-26,Brest,Dijon,2.10109,0.950504,12812,2019,https://understat.com/getLeagueData/Ligue_1/2019,2019-10-26,True
2019-10-26,Lille,Bordeaux,1.56674,0.294002,12818,2019,https://understat.com/getLeagueData/Ligue_1/2019,2019-10-26,True
2019-10-26,Lyon,Metz,1.93726,0.548122,12813,2019,https://understat.com/getLeagueData/Ligue_1/2019,2019-10-26,True
2019-10-26,Montpellier,Angers,0.854411,1.09487,12817,2019,https://understat.com/getLeagueData/Ligue_1/2019,2019-10-26,True
2019-10-26,Reims,Nimes,0.327724,0.409188,12816,2019,https://understat.com/getLeagueData/Ligue_1/2019,2019-10-26,True
2019-10-26,Strasbourg,Nice,2.00977,0.937597,12809,2019,https://understat.com/getLeagueData/Ligue_1/2019,2019-10-26,True
2019-10-27,Paris SG,Marseille,3.22926,0.544773,12814,2019,https://understat.com/getLeagueData/Ligue_1/2019,2019-10-27,True
2019-10-27,Rennes,Toulouse,2.20537,0.98473,12810,2019,https://understat.com/getLeagueData/Ligue_1/2019,2019-10-27,True
2019-10-27,St Etienne,Amiens,0.615946,2.00972,12811,2019,https://understat.com/getLeagueData/Ligue_1/2019,2019-10-27,True
2019-11-01,Dijon,Paris SG,0.822624,3.04569,12825,2019,https://understat.com/getLeagueData/Ligue_1/2019,2019-11-01,True
2019-11-02,Amiens,Brest,1.37004,0.734059,12827,2019,https://understat.com/getLeagueData/Ligue_1/2019,2019-11-02,True
2019-11-02,Angers,Strasbourg,0.985715,1.37295,12826,2019,https://understat.com/getLeagueData/Ligue_1/2019,2019-11-02,True
2019-11-02,Marseille,Lille,0.658517,0.699055,12821,2019,https://understat.com/getLeagueData/Ligue_1/2019,2019-11-02,True
2019-11-02,Metz,Montpellier,1.14215,0.657443,12823,2019,https://understat.com/getLeagueData/Ligue_1/2019,2019-11-02,True
2019-11-02,Toulouse,Lyon,1.36655,1.62692,12824,2019,https://understat.com/getLeagueData/Ligue_1/2019,2019-11-02,True
2019-11-03,Bordeaux,Nantes,0.828927,0.792992,12819,2019,https://understat.com/getLeagueData/Ligue_1/2019,2019-11-03,True
2019-11-03,Nice,Reims,0.694457,0.732323,12828,2019,https://understat.com/getLeagueData/Ligue_1/2019,2019-11-03,True
2019-11-03,St Etienne,Monaco,1.51447,1.15385,12822,2019,https://understat.com/getLeagueData/Ligue_1/2019,2019-11-03,True
2019-11-08,Nice,Bordeaux,1.55472,1.73733,12831,2019,https://understat.com/getLeagueData/Ligue_1/2019,2019-11-08,True
2019-11-09,Brest,Paris SG,1.13488,2.54466,12835,2019,https://understat.com/getLeagueData/Ligue_1/2019,2019-11-09,True
2019-11-09,Lille,Metz,1.65806,0.13875,12834,2019,https://understat.com/getLeagueData/Ligue_1/2019,2019-11-09,True
2019-11-09,Monaco,Dijon,2.01244,1.22663,12832,2019,https://understat.com/getLeagueData/Ligue_1/2019,2019-11-09,True
2019-11-09,Reims,Angers,0.450165,0.676515,12836,2019,https://understat.com/getLeagueData/Ligue_1/2019,2019-11-09,True
2019-11-09,Strasbourg,Nimes,3.34398,0.728859,12837,2019,https://understat.com/getLeagueData/Ligue_1/2019,2019-11-09,True
2019-11-10,Marseille,Lyon,1.16011,1.09866,12829,2019,https://understat.com/getLeagueData/Ligue_1/2019,2019-11-10,True
2019-11-10,Montpellier,Toulouse,1.42044,0.251798,12830,2019,https://understat.com/getLeagueData/Ligue_1/2019,2019-11-10,True
2019-11-10,Nantes,St Etienne,0.932768,0.853131,12838,2019,https://understat.com/getLeagueData/Ligue_1/2019,2019-11-10,True
2019-11-10,Rennes,Amiens,3.40531,0.473376,12833,2019,https://understat.com/getLeagueData/Ligue_1/2019,2019-11-10,True
2019-11-22,Paris SG,Lille,2.68119,0.747212,12840,2019,https://understat.com/getLeagueData/Ligue_1/2019,2019-11-22,True
2019-11-23,Amiens,Strasbourg,0.205703,2.67166,12846,2019,https://understat.com/getLeagueData/Ligue_1/2019,2019-11-23,True
2019-11-23,Angers,Nimes,1.13196,0.569399,12847,2019,https://understat.com/getLeagueData/Ligue_1/2019,2019-11-23,True
2019-11-23,Brest,Nantes,0.565279,1.50416,12842,2019,https://understat.com/getLeagueData/Ligue_1/2019,2019-11-23,True
2019-11-23,Dijon,Rennes,0.614922,0.672553,12848,2019,https://understat.com/getLeagueData/Ligue_1/2019,2019-11-23,True
2019-11-23,Lyon,Nice,1.17252,2.32432,12841,2019,https://understat.com/getLeagueData/Ligue_1/2019,2019-11-23,True
2019-11-23,Metz,Reims,0.904274,1.53329,12844,2019,https://understat.com/getLeagueData/Ligue_1/2019,2019-11-23,True
2019-11-24,Bordeaux,Monaco,1.4834,1.43367,12843,2019,https://understat.com/getLeagueData/Ligue_1/2019,2019-11-24,True
2019-11-24,St Etienne,Montpellier,0.482393,1.33816,12845,2019,https://understat.com/getLeagueData/Ligue_1/2019,2019-11-24,True
2019-11-24,Toulouse,Marseille,0.896004,1.96185,12839,2019,https://understat.com/getLeagueData/Ligue_1/2019,2019-11-24,True
2019-11-29,Marseille,Brest,4.52731,0.692625,12855,2019,https://understat.com/getLeagueData/Ligue_1/2019,2019-11-29,True
2019-11-30,Lille,Dijon,1.7125,0.640066,12857,2019,https://understat.com/getLeagueData/Ligue_1/2019,2019-11-30,True
2019-11-30,Montpellier,Amiens,1.35194,0.989696,12856,2019,https://understat.com/getLeagueData/Ligue_1/2019,2019-11-30,True
2019-11-30,Nice,Angers,1.11018,0.389705,12858,2019,https://understat.com/getLeagueData/Ligue_1/2019,2019-11-30,True
2019-11-30,Nimes,Metz,0.467733,0.605779,12852,2019,https://understat.com/getLeagueData/Ligue_1/2019,2019-11-30,True
2019-11-30,Reims,Bordeaux,1.16235,0.214619,12850,2019,https://understat.com/getLeagueData/Ligue_1/2019,2019-11-30,True
2019-11-30,Strasbourg,Lyon,0.422943,0.819941,12849,2019,https://understat.com/getLeagueData/Ligue_1/2019,2019-11-30,True
2019-12-01,Nantes,Toulouse,2.87667,1.01185,12853,2019,https://understat.com/getLeagueData/Ligue_1/2019,2019-12-01,True
2019-12-01,Rennes,St Etienne,1.48946,0.681836,12854,2019,https://understat.com/getLeagueData/Ligue_1/2019,2019-12-01,True
2019-12-03,Angers,Marseille,0.782831,2.09565,12865,2019,https://understat.com/getLeagueData/Ligue_1/2019,2019-12-03,True
2019-12-03,Bordeaux,Nimes,2.0996,0.192769,12860,2019,https://understat.com/getLeagueData/Ligue_1/2019,2019-12-03,True
2019-12-03,Brest,Strasbourg,2.23505,0.775747,12866,2019,https://understat.com/getLeagueData/Ligue_1/2019,2019-12-03,True
2019-12-03,Lyon,Lille,0.586122,0.965168,12864,2019,https://understat.com/getLeagueData/Ligue_1/2019,2019-12-03,True
2019-12-04,Dijon,Montpellier,1.29978,1.27691,12862,2019,https://understat.com/getLeagueData/Ligue_1/2019,2019-12-04,True
2019-12-04,Metz,Rennes,0.732116,1.13014,12868,2019,https://understat.com/getLeagueData/Ligue_1/2019,2019-12-04,True
2019-12-04,Paris SG,Nantes,2.04225,0.471802,12859,2019,https://understat.com/getLeagueData/Ligue_1/2019,2019-12-04,True
2019-12-04,St Etienne,Nice,3.1578,1.41787,12861,2019,https://understat.com/getLeagueData/Ligue_1/2019,2019-12-04,True
2019-12-04,Toulouse,Monaco,1.59548,3.56341,12867,2019,https://understat.com/getLeagueData/Ligue_1/2019,2019-12-04,True
2019-12-06,Lille,Brest,2.53737,0.261931,12878,2019,https://understat.com/getLeagueData/Ligue_1/2019,2019-12-06,True
2019-12-06,Nimes,Lyon,0.455948,2.68047,12869,2019,https://understat.com/getLeagueData/Ligue_1/2019,2019-12-06,True
2019-12-07,Monaco,Amiens,2.64526,0.501323,12877,2019,https://understat.com/getLeagueData/Ligue_1/2019,2019-12-07,True
2019-12-07,Montpellier,Paris SG,0.447142,0.782463,12871,2019,https://understat.com/getLeagueData/Ligue_1/2019,2019-12-07,True
2019-12-07,Nice,Metz,1.51971,0.938924,12870,2019,https://understat.com/getLeagueData/Ligue_1/2019,2019-12-07,True
2019-12-07,Rennes,Angers,1.28615,0.929726,12872,2019,https://understat.com/getLeagueData/Ligue_1/2019,2019-12-07,True
2019-12-07,Strasbourg,Toulouse,2.82508,2.12038,12875,2019,https://understat.com/getLeagueData/Ligue_1/2019,2019-12-07,True
2019-12-08,Marseille,Bordeaux,2.04801,0.15818,12876,2019,https://understat.com/getLeagueData/Ligue_1/2019,2019-12-08,True
2019-12-08,Nantes,Dijon,0.982949,0.641251,12874,2019,https://understat.com/getLeagueData/Ligue_1/2019,2019-12-08,True
2019-12-08,Reims,St Etienne,1.25893,0.511321,12873,2019,https://understat.com/getLeagueData/Ligue_1/2019,2019-12-08,True
2019-12-13,Lille,Montpellier,1.93087,1.53329,12885,2019,https://understat.com/getLeagueData/Ligue_1/2019,2019-12-13,True
2019-12-14,Amiens,Dijon,0.28916,0.640617,12887,2019,https://understat.com/getLeagueData/Ligue_1/2019,2019-12-14,True
2019-12-14,Angers,Monaco,0.870077,0.383769,12882,2019,https://understat.com/getLeagueData/Ligue_1/2019,2019-12-14,True
2019-12-14,Brest,Nice,2.53255,1.13522,12888,2019,https://understat.com/getLeagueData/Ligue_1/2019,2019-12-14,True
2019-12-14,Metz,Marseille,1.01835,1.69227,12886,2019,https://understat.com/getLeagueData/Ligue_1/2019,2019-12-14,True
2019-12-14,Nimes,Nantes,0.848701,1.31851,12879,2019,https://understat.com/getLeagueData/Ligue_1/2019,2019-12-14,True
2019-12-14,Toulouse,Reims,0.669088,1.44219,12884,2019,https://understat.com/getLeagueData/Ligue_1/2019,2019-12-14,True
2019-12-15,Bordeaux,Strasbourg,1.28592,0.527336,12883,2019,https://understat.com/getLeagueData/Ligue_1/2019,2019-12-15,True
2019-12-15,Lyon,Rennes,0.529236,0.939364,12881,2019,https://understat.com/getLeagueData/Ligue_1/2019,2019-12-15,True
2019-12-15,St Etienne,Paris SG,0.96128,3.60638,12880,2019,https://understat.com/getLeagueData/Ligue_1/2019,2019-12-15,True
2019-12-21,Dijon,Metz,1.08941,1.25101,12890,2019,https://understat.com/getLeagueData/Ligue_1/2019,2019-12-21,True
2019-12-21,Marseille,Nimes,1.97361,1.14972,12898,2019,https://understat.com/getLeagueData/Ligue_1/2019,2019-12-21,True
2019-12-21,Monaco,Lille,3.5594,0.64901,12893,2019,https://understat.com/getLeagueData/Ligue_1/2019,2019-12-21,True
2019-12-21,Montpellier,Brest,2.2249,0.751773,12889,2019,https://understat.com/getLeagueData/Ligue_1/2019,2019-12-21,True
2019-12-21,Nantes,Angers,0.280352,1.07283,12895,2019,https://understat.com/getLeagueData/Ligue_1/2019,2019-12-21,True
2019-12-21,Nice,Toulouse,1.91838,0.342703,12896,2019,https://understat.com/getLeagueData/Ligue_1/2019,2019-12-21,True
2019-12-21,Paris SG,Amiens,4.8635,0.350562,12897,2019,https://understat.com/getLeagueData/Ligue_1/2019,2019-12-21,True
2019-12-21,Reims,Lyon,1.22724,1.59355,12894,2019,https://understat.com/getLeagueData/Ligue_1/2019,2019-12-21,True
2019-12-21,Rennes,Bordeaux,1.07897,0.540713,12891,2019,https://understat.com/getLeagueData/Ligue_1/2019,2019-12-21,True
2019-12-21,Strasbourg,St Etienne,0.501404,1.46101,12892,2019,https://understat.com/getLeagueData/Ligue_1/2019,2019-12-21,True
2020-01-10,Rennes,Marseille,0.494628,0.831327,12903,2019,https://understat.com/getLeagueData/Ligue_1/2019,2020-01-10,True
2020-01-11,Amiens,Montpellier,1.02329,0.846418,12900,2019,https://understat.com/getLeagueData/Ligue_1/2019,2020-01-11,True
2020-01-11,Angers,Nice,1.12107,1.12107,12902,2019,https://understat.com/getLeagueData/Ligue_1/2019,2020-01-11,True
2020-01-11,Bordeaux,Lyon,0.71442,2.43061,12901,2019,https://understat.com/getLeagueData/Ligue_1/2019,2020-01-11,True
2020-01-11,Metz,Strasbourg,1.00705,1.16736,12905,2019,https://understat.com/getLeagueData/Ligue_1/2019,2020-01-11,True
2020-01-11,Nimes,Reims,1.63031,0.504333,12904,2019,https://understat.com/getLeagueData/Ligue_1/2019,2020-01-11,True
2020-01-11,Toulouse,Brest,1.45157,1.95386,12899,2019,https://understat.com/getLeagueData/Ligue_1/2019,2020-01-11,True
2020-01-12,Dijon,Lille,1.21606,0.586501,12906,2019,https://understat.com/getLeagueData/Ligue_1/2019,2020-01-12,True
2020-01-12,Paris SG,Monaco,2.76333,1.91876,12907,2019,https://understat.com/getLeagueData/Ligue_1/2019,2020-01-12,True
2020-01-12,St Etienne,Nantes,0.380112,1.21513,12908,2019,https://understat.com/getLeagueData/Ligue_1/2019,2020-01-12,True
2020-01-15,Amiens,Reims,0.988779,0.338768,12863,2019,https://understat.com/getLeagueData/Ligue_1/2019,2020-01-15,True
2020-01-15,Monaco,Paris SG,1.13704,3.55816,12851,2019,https://understat.com/getLeagueData/Ligue_1/2019,2020-01-15,True
2020-01-15,Nimes,Rennes,0.190223,0.666492,12820,2019,https://understat.com/getLeagueData/Ligue_1/2019,2020-01-15,True
2020-01-24,Nice,Rennes,2.04075,2.01285,12915,2019,https://understat.com/getLeagueData/Ligue_1/2019,2020-01-24,True
2020-01-25,Brest,Amiens,0.805902,1.00169,12909,2019,https://understat.com/getLeagueData/Ligue_1/2019,2020-01-25,True
2020-01-25,Marseille,Angers,0.342074,0.162533,12911,2019,https://understat.com/getLeagueData/Ligue_1/2019,2020-01-25,True
2020-01-25,Monaco,Strasbourg,1.06289,1.14162,12910,2019,https://understat.com/getLeagueData/Ligue_1/2019,2020-01-25,True
2020-01-25,Montpellier,Dijon,1.84221,0.43555,12912,2019,https://understat.com/getLeagueData/Ligue_1/2019,2020-01-25,True
2020-01-25,Reims,Metz,0.636235,0.949755,12913,2019,https://understat.com/getLeagueData/Ligue_1/2019,2020-01-25,True
2020-01-25,St Etienne,Nimes,2.13523,0.690494,12918,2019,https://understat.com/getLeagueData/Ligue_1/2019,2020-01-25,True
2020-01-26,Lille,Paris SG,0.384687,2.0343,12917,2019,https://understat.com/getLeagueData/Ligue_1/2019,2020-01-26,True
2020-01-26,Lyon,Toulouse,1.20096,0.327096,12916,2019,https://understat.com/getLeagueData/Ligue_1/2019,2020-01-26,True
2020-01-26,Nantes,Bordeaux,0.201093,0.750449,12914,2019,https://understat.com/getLeagueData/Ligue_1/2019,2020-01-26,True
2020-01-31,Rennes,Nantes,2.21888,0.876406,12919,2019,https://understat.com/getLeagueData/Ligue_1/2019,2020-01-31,True
2020-02-01,Amiens,Toulouse,0.803089,0.673436,12926,2019,https://understat.com/getLeagueData/Ligue_1/2019,2020-02-01,True
2020-02-01,Angers,Reims,1.26614,1.72995,12924,2019,https://understat.com/getLeagueData/Ligue_1/2019,2020-02-01,True
2020-02-01,Dijon,Brest,1.30207,1.31151,12921,2019,https://understat.com/getLeagueData/Ligue_1/2019,2020-02-01,True
2020-02-01,Nimes,Monaco,1.72671,0.732842,12922,2019,https://understat.com/getLeagueData/Ligue_1/2019,2020-02-01,True
2020-02-01,Paris SG,Montpellier,2.89333,0.163578,12923,2019,https://understat.com/getLeagueData/Ligue_1/2019,2020-02-01,True
2020-02-01,Strasbourg,Lille,1.05247,1.56981,12925,2019,https://understat.com/getLeagueData/Ligue_1/2019,2020-02-01,True
2020-02-02,Bordeaux,Marseille,1.15176,0.413632,12927,2019,https://understat.com/getLeagueData/Ligue_1/2019,2020-02-02,True
2020-02-02,Metz,St Etienne,0.882462,2.4587,12928,2019,https://understat.com/getLeagueData/Ligue_1/2019,2020-02-02,True
2020-02-02,Nice,Lyon,1.55091,1.55904,12920,2019,https://understat.com/getLeagueData/Ligue_1/2019,2020-02-02,True
2020-02-04,Lille,Rennes,0.948652,0.391231,12935,2019,https://understat.com/getLeagueData/Ligue_1/2019,2020-02-04,True
2020-02-04,Monaco,Angers,0.275273,1.07703,12936,2019,https://understat.com/getLeagueData/Ligue_1/2019,2020-02-04,True
2020-02-04,Nantes,Paris SG,2.78308,3.65633,12929,2019,https://understat.com/getLeagueData/Ligue_1/2019,2020-02-04,True
2020-02-05,Brest,Bordeaux,1.81834,1.09016,12938,2019,https://understat.com/getLeagueData/Ligue_1/2019,2020-02-05,True
2020-02-05,Lyon,Amiens,0.414472,0.244546,12937,2019,https://understat.com/getLeagueData/Ligue_1/2019,2020-02-05,True
2020-02-05,Montpellier,Metz,0.508142,1.50948,12934,2019,https://understat.com/getLeagueData/Ligue_1/2019,2020-02-05,True
2020-02-05,Nimes,Dijon,1.43959,0.500338,12933,2019,https://understat.com/getLeagueData/Ligue_1/2019,2020-02-05,True
2020-02-05,Reims,Nice,1.036,0.929255,12932,2019,https://understat.com/getLeagueData/Ligue_1/2019,2020-02-05,True
2020-02-05,St Etienne,Marseille,0.453576,0.531558,12931,2019,https://understat.com/getLeagueData/Ligue_1/2019,2020-02-05,True
2020-02-05,Toulouse,Strasbourg,0.991734,1.63603,12930,2019,https://understat.com/getLeagueData/Ligue_1/2019,2020-02-05,True
2020-02-07,Angers,Lille,0.50774,1.66344,12943,2019,https://understat.com/getLeagueData/Ligue_1/2019,2020-02-07,True
2020-02-08,Amiens,Monaco,0.436377,1.28092,12944,2019,https://understat.com/getLeagueData/Ligue_1/2019,2020-02-08,True
2020-02-08,Dijon,Nantes,1.33878,0.571797,12942,2019,https://understat.com/getLeagueData/Ligue_1/2019,2020-02-08,True
2020-02-08,Marseille,Toulouse,0.728803,1.78927,12946,2019,https://understat.com/getLeagueData/Ligue_1/2019,2020-02-08,True
2020-02-08,Metz,Bordeaux,0.672638,2.11814,12947,2019,https://understat.com/getLeagueData/Ligue_1/2019,2020-02-08,True
2020-02-08,Nice,Nimes,0.704132,1.71921,12945,2019,https://understat.com/getLeagueData/Ligue_1/2019,2020-02-08,True
2020-02-08,Rennes,Brest,0.829419,0.39852,12939,2019,https://understat.com/getLeagueData/Ligue_1/2019,2020-02-08,True
2020-02-09,Montpellier,St Etienne,0.552256,1.05882,12941,2019,https://understat.com/getLeagueData/Ligue_1/2019,2020-02-09,True
2020-02-09,Paris SG,Lyon,1.7391,0.874372,12940,2019,https://understat.com/getLeagueData/Ligue_1/2019,2020-02-09,True
2020-02-09,Strasbourg,Reims,2.94212,0.516785,12948,2019,https://understat.com/getLeagueData/Ligue_1/2019,2020-02-09,True
2020-02-14,Monaco,Montpellier,1.9344,0.982861,12955,2019,https://understat.com/getLeagueData/Ligue_1/2019,2020-02-14,True
2020-02-15,Amiens,Paris SG,1.51396,3.45174,12949,2019,https://understat.com/getLeagueData/Ligue_1/2019,2020-02-15,True
2020-02-15,Bordeaux,Dijon,1.66815,0.948329,12950,2019,https://understat.com/getLeagueData/Ligue_1/2019,2020-02-15,True
2020-02-15,Nantes,Metz,1.12669,0.296838,12952,2019,https://understat.com/getLeagueData/Ligue_1/2019,2020-02-15,True
2020-02-15,Nimes,Angers,0.977294,0.480458,12957,2019,https://understat.com/getLeagueData/Ligue_1/2019,2020-02-15,True
2020-02-15,Toulouse,Nice,2.36671,1.4771,12953,2019,https://understat.com/getLeagueData/Ligue_1/2019,2020-02-15,True
2020-02-16,Brest,St Etienne,1.77507,1.64068,12951,2019,https://understat.com/getLeagueData/Ligue_1/2019,2020-02-16,True
2020-02-16,Lille,Marseille,1.12417,1.51467,12956,2019,https://understat.com/getLeagueData/Ligue_1/2019,2020-02-16,True
2020-02-16,Lyon,Strasbourg,1.22494,1.37886,12954,2019,https://understat.com/getLeagueData/Ligue_1/2019,2020-02-16,True
2020-02-16,Reims,Rennes,1.29988,0.137662,12958,2019,https://understat.com/getLeagueData/Ligue_1/2019,2020-02-16,True
2020-02-21,Metz,Lyon,0.135117,1.5696,12959,2019,https://understat.com/getLeagueData/Ligue_1/2019,2020-02-21,True
2020-02-21,Nice,Brest,1.86279,0.626653,12961,2019,https://understat.com/getLeagueData/Ligue_1/2019,2020-02-21,True
2020-02-22,Angers,Montpellier,1.27958,0.774989,12968,2019,https://understat.com/getLeagueData/Ligue_1/2019,2020-02-22,True
2020-02-22,Dijon,Monaco,1.58624,2.2089,12963,2019,https://understat.com/getLeagueData/Ligue_1/2019,2020-02-22,True
2020-02-22,Lille,Toulouse,2.64354,0.291453,12962,2019,https://understat.com/getLeagueData/Ligue_1/2019,2020-02-22,True
2020-02-22,Marseille,Nantes,0.804027,0.72099,12965,2019,https://understat.com/getLeagueData/Ligue_1/2019,2020-02-22,True
2020-02-22,Strasbourg,Amiens,0.63802,0.0631697,12967,2019,https://understat.com/getLeagueData/Ligue_1/2019,2020-02-22,True
2020-02-23,Paris SG,Bordeaux,5.58145,1.89123,12966,2019,https://understat.com/getLeagueData/Ligue_1/2019,2020-02-23,True
2020-02-23,Rennes,Nimes,2.42942,0.3864,12960,2019,https://understat.com/getLeagueData/Ligue_1/2019,2020-02-23,True
2020-02-23,St Etienne,Reims,0.638616,0.995257,12964,2019,https://understat.com/getLeagueData/Ligue_1/2019,2020-02-23,True
2020-02-28,Nimes,Marseille,2.4154,1.97133,12976,2019,https://understat.com/getLeagueData/Ligue_1/2019,2020-02-28,True
2020-02-29,Amiens,Metz,0.901404,0.852598,12970,2019,https://understat.com/getLeagueData/Ligue_1/2019,2020-02-29,True
2020-02-29,Brest,Angers,0.929266,0.324731,12971,2019,https://understat.com/getLeagueData/Ligue_1/2019,2020-02-29,True
2020-02-29,Monaco,Reims,1.97379,1.14998,12975,2019,https://understat.com/getLeagueData/Ligue_1/2019,2020-02-29,True
2020-02-29,Montpellier,Strasbourg,3.80176,0.851456,12977,2019,https://understat.com/getLeagueData/Ligue_1/2019,2020-02-29,True
2020-02-29,Paris SG,Dijon,4.57141,0.303667,12973,2019,https://understat.com/getLeagueData/Ligue_1/2019,2020-02-29,True
2020-02-29,Toulouse,Rennes,0.81746,1.20906,12974,2019,https://understat.com/getLeagueData/Ligue_1/2019,2020-02-29,True
2020-03-01,Bordeaux,Nice,2.02221,0.407018,12972,2019,https://understat.com/getLeagueData/Ligue_1/2019,2020-03-01,True
2020-03-01,Lyon,St Etienne,2.92254,0.378435,12969,2019,https://understat.com/getLeagueData/Ligue_1/2019,2020-03-01,True
2020-03-01,Nantes,Lille,0.260158,2.01916,12978,2019,https://understat.com/getLeagueData/Ligue_1/2019,2020-03-01,True
2020-03-06,Marseille,Amiens,1.06698,1.87515,12985,2019,https://understat.com/getLeagueData/Ligue_1/2019,2020-03-06,True
2020-03-07,Angers,Nantes,0.717772,1.16092,12984,2019,https://understat.com/getLeagueData/Ligue_1/2019,2020-03-07,True
2020-03-07,Dijon,Toulouse,0.88467,1.00717,12981,2019,https://understat.com/getLeagueData/Ligue_1/2019,2020-03-07,True
2020-03-07,Metz,Nimes,1.40623,1.57289,12986,2019,https://understat.com/getLeagueData/Ligue_1/2019,2020-03-07,True
2020-03-07,Nice,Monaco,1.63512,1.30497,12979,2019,https://understat.com/getLeagueData/Ligue_1/2019,2020-03-07,True
2020-03-07,Reims,Brest,1.33174,1.19416,12988,2019,https://understat.com/getLeagueData/Ligue_1/2019,2020-03-07,True
2020-03-08,Lille,Lyon,1.35925,1.14245,12982,2019,https://understat.com/getLeagueData/Ligue_1/2019,2020-03-08,True
2020-03-08,Rennes,Montpellier,3.18379,0.940729,12987,2019,https://understat.com/getLeagueData/Ligue_1/2019,2020-03-08,True
2020-03-08,St Etienne,Bordeaux,0.711678,0.924479,12983,2019,https://understat.com/getLeagueData/Ligue_1/2019,2020-03-08,True
2020-08-21,Bordeaux,Nantes,0.600075,0.187821,13977,2020,https://understat.com/getLeagueData/Ligue_1/2020,2020-08-21,True
2020-08-22,Dijon,Angers,0.739709,2.02214,13978,2020,https://understat.com/getLeagueData/Ligue_1/2020,2020-08-22,True
2020-08-22,Lille,Rennes,0.400974,1.29518,13979,2020,https://understat.com/getLeagueData/Ligue_1/2020,2020-08-22,True
2020-08-23,Lorient,Strasbourg,3.07214,0.326826,13980,2020,https://understat.com/getLeagueData/Ligue_1/2020,2020-08-23,True
2020-08-23,Monaco,Reims,2.67622,1.83257,13982,2020,https://understat.com/getLeagueData/Ligue_1/2020,2020-08-23,True
2020-08-23,Nice,Lens,0.180464,3.03614,13984,2020,https://understat.com/getLeagueData/Ligue_1/2020,2020-08-23,True
2020-08-23,Nimes,Brest,2.14597,0.468011,13985,2020,https://understat.com/getLeagueData/Ligue_1/2020,2020-08-23,True
2020-08-28,Lyon,Dijon,3.97148,0.215658,13990,2020,https://understat.com/getLeagueData/Ligue_1/2020,2020-08-28,True
2020-08-29,Rennes,Montpellier,1.78715,0.491784,13994,2020,https://understat.com/getLeagueData/Ligue_1/2020,2020-08-29,True
2020-08-29,Strasbourg,Nice,0.227899,1.20894,13996,2020,https://understat.com/getLeagueData/Ligue_1/2020,2020-08-29,True
2020-08-30,Angers,Bordeaux,0.511549,2.28529,13987,2020,https://understat.com/getLeagueData/Ligue_1/2020,2020-08-30,True
2020-08-30,Brest,Marseille,2.12594,1.32391,13988,2020,https://understat.com/getLeagueData/Ligue_1/2020,2020-08-30,True
2020-08-30,Metz,Monaco,0.626118,0.189291,13991,2020,https://understat.com/getLeagueData/Ligue_1/2020,2020-08-30,True
2020-08-30,Nantes,Nimes,2.15547,0.874864,13992,2020,https://understat.com/getLeagueData/Ligue_1/2020,2020-08-30,True
2020-08-30,Reims,Lille,0.206627,0.906784,13993,2020,https://understat.com/getLeagueData/Ligue_1/2020,2020-08-30,True
2020-08-30,St Etienne,Lorient,1.39361,0.2149,13995,2020,https://understat.com/getLeagueData/Ligue_1/2020,2020-08-30,True
2020-09-10,Lens,Paris SG,1.71747,0.344198,13989,2020,https://understat.com/getLeagueData/Ligue_1/2020,2020-09-10,True
2020-09-11,Bordeaux,Lyon,0.231132,1.79726,14191,2020,https://understat.com/getLeagueData/Ligue_1/2020,2020-09-11,True
2020-09-12,Montpellier,Nice,1.69934,0.376694,14192,2020,https://understat.com/getLeagueData/Ligue_1/2020,2020-09-12,True
2020-09-12,St Etienne,Strasbourg,1.76107,1.30205,14193,2020,https://understat.com/getLeagueData/Ligue_1/2020,2020-09-12,True
2020-09-13,Angers,Reims,2.14867,0.324767,14197,2020,https://understat.com/getLeagueData/Ligue_1/2020,2020-09-13,True
2020-09-13,Dijon,Brest,0.296281,2.19687,14196,2020,https://understat.com/getLeagueData/Ligue_1/2020,2020-09-13,True
2020-09-13,Lille,Metz,0.814528,0.736721,14194,2020,https://understat.com/getLeagueData/Ligue_1/2020,2020-09-13,True
2020-09-13,Lorient,Lens,0.919743,1.98746,14195,2020,https://understat.com/getLeagueData/Ligue_1/2020,2020-09-13,True
2020-09-13,Monaco,Nantes,2.27042,1.10894,14199,2020,https://understat.com/getLeagueData/Ligue_1/2020,2020-09-13,True
2020-09-13,Nimes,Rennes,1.00844,2.0941,14198,2020,https://understat.com/getLeagueData/Ligue_1/2020,2020-09-13,True
2020-09-13,Paris SG,Marseille,2.22184,0.502817,14200,2020,https://understat.com/getLeagueData/Ligue_1/2020,2020-09-13,True
2020-09-15,Montpellier,Lyon,1.75168,2.17049,14201,2020,https://understat.com/getLeagueData/Ligue_1/2020,2020-09-15,True
2020-09-16,Paris SG,Metz,2.42357,0.980849,14202,2020,https://understat.com/getLeagueData/Ligue_1/2020,2020-09-16,True
2020-09-17,Marseille,St Etienne,2.65376,1.02937,14203,2020,https://understat.com/getLeagueData/Ligue_1/2020,2020-09-17,True
2020-09-18,Lyon,Nimes,1.62529,0.714832,14204,2020,https://understat.com/getLeagueData/Ligue_1/2020,2020-09-18,True
2020-09-19,Lens,Bordeaux,3.02331,0.359182,14205,2020,https://understat.com/getLeagueData/Ligue_1/2020,2020-09-19,True
2020-09-19,Rennes,Monaco,0.857476,0.816922,14206,2020,https://understat.com/getLeagueData/Ligue_1/2020,2020-09-19,True
2020-09-20,Brest,Lorient,1.21203,1.49951,14211,2020,https://understat.com/getLeagueData/Ligue_1/2020,2020-09-20,True
2020-09-20,Marseille,Lille,0.865098,1.49471,14213,2020,https://understat.com/getLeagueData/Ligue_1/2020,2020-09-20,True
2020-09-20,Metz,Reims,1.71276,1.18244,14209,2020,https://understat.com/getLeagueData/Ligue_1/2020,2020-09-20,True
2020-09-20,Montpellier,Angers,1.94396,0.772287,14210,2020,https://understat.com/getLeagueData/Ligue_1/2020,2020-09-20,True
2020-09-20,Nantes,St Etienne,1.33579,1.03738,14212,2020,https://understat.com/getLeagueData/Ligue_1/2020,2020-09-20,True
2020-09-20,Nice,Paris SG,0.930504,3.32755,14207,2020,https://understat.com/getLeagueData/Ligue_1/2020,2020-09-20,True
2020-09-20,Strasbourg,Dijon,2.38097,0.487834,14208,2020,https://understat.com/getLeagueData/Ligue_1/2020,2020-09-20,True
2020-09-25,Lille,Nantes,2.09387,0.660348,14214,2020,https://understat.com/getLeagueData/Ligue_1/2020,2020-09-25,True
2020-09-26,Marseille,Metz,0.864412,1.10713,14216,2020,https://understat.com/getLeagueData/Ligue_1/2020,2020-09-26,True
2020-09-26,St Etienne,Rennes,0.200419,1.37167,14215,2020,https://understat.com/getLeagueData/Ligue_1/2020,2020-09-26,True
2020-09-27,Angers,Brest,1.11753,2.36408,14219,2020,https://understat.com/getLeagueData/Ligue_1/2020,2020-09-27,True
2020-09-27,Bordeaux,Nice,1.17944,0.645309,14217,2020,https://understat.com/getLeagueData/Ligue_1/2020,2020-09-27,True
2020-09-27,Dijon,Montpellier,1.60909,2.31217,14218,2020,https://understat.com/getLeagueData/Ligue_1/2020,2020-09-27,True
2020-09-27,Lorient,Lyon,0.299841,0.818784,14222,2020,https://understat.com/getLeagueData/Ligue_1/2020,2020-09-27,True
2020-09-27,Monaco,Strasbourg,1.56306,1.40652,14220,2020,https://understat.com/getLeagueData/Ligue_1/2020,2020-09-27,True
2020-09-27,Nimes,Lens,0.370624,1.37195,14221,2020,https://understat.com/getLeagueData/Ligue_1/2020,2020-09-27,True
2020-09-27,Reims,Paris SG,0.208814,3.93633,14223,2020,https://understat.com/getLeagueData/Ligue_1/2020,2020-09-27,True
2020-10-02,Paris SG,Angers,2.9145,0.943753,15806,2020,https://understat.com/getLeagueData/Ligue_1/2020,2020-10-02,True
2020-10-03,Lens,St Etienne,2.13387,0.0932933,15807,2020,https://understat.com/getLeagueData/Ligue_1/2020,2020-10-03,True
2020-10-03,Nice,Nantes,1.9654,1.13528,15808,2020,https://understat.com/getLeagueData/Ligue_1/2020,2020-10-03,True
2020-10-04,Bordeaux,Dijon,1.50071,0.237758,15811,2020,https://understat.com/getLeagueData/Ligue_1/2020,2020-10-04,True
2020-10-04,Brest,Monaco,0.732353,1.53192,15812,2020,https://understat.com/getLeagueData/Ligue_1/2020,2020-10-04,True
2020-10-04,Lyon,Marseille,3.14327,0.376941,15815,2020,https://understat.com/getLeagueData/Ligue_1/2020,2020-10-04,True
2020-10-04,Metz,Lorient,1.60054,0.853711,15810,2020,https://understat.com/getLeagueData/Ligue_1/2020,2020-10-04,True
2020-10-04,Montpellier,Nimes,0.686408,0.588829,15809,2020,https://understat.com/getLeagueData/Ligue_1/2020,2020-10-04,True
2020-10-04,Rennes,Reims,2.09357,1.0506,15814,2020,https://understat.com/getLeagueData/Ligue_1/2020,2020-10-04,True
2020-10-04,Strasbourg,Lille,0.844783,1.95685,15813,2020,https://understat.com/getLeagueData/Ligue_1/2020,2020-10-04,True
2020-10-16,Dijon,Rennes,1.10593,0.769376,15817,2020,https://understat.com/getLeagueData/Ligue_1/2020,2020-10-16,True
2020-10-16,Nimes,Paris SG,0.138218,4.12316,15822,2020,https://understat.com/getLeagueData/Ligue_1/2020,2020-10-16,True
2020-10-17,Marseille,Bordeaux,0.977647,0.508148,15819,2020,https://understat.com/getLeagueData/Ligue_1/2020,2020-10-17,True
2020-10-17,Reims,Lorient,0.273331,2.81036,15823,2020,https://understat.com/getLeagueData/Ligue_1/2020,2020-10-17,True
2020-10-18,Angers,Metz,1.09118,1.16356,15816,2020,https://understat.com/getLeagueData/Ligue_1/2020,2020-10-18,True
2020-10-18,Lille,Lens,2.90262,0.254965,15818,2020,https://understat.com/getLeagueData/Ligue_1/2020,2020-10-18,True
2020-10-18,Monaco,Montpellier,1.80187,0.109095,15820,2020,https://understat.com/getLeagueData/Ligue_1/2020,2020-10-18,True
2020-10-18,Nantes,Brest,1.90561,0.839348,15821,2020,https://understat.com/getLeagueData/Ligue_1/2020,2020-10-18,True
2020-10-18,St Etienne,Nice,0.714171,2.52438,15824,2020,https://understat.com/getLeagueData/Ligue_1/2020,2020-10-18,True
2020-10-18,Strasbourg,Lyon,1.92587,4.16498,15825,2020,https://understat.com/getLeagueData/Ligue_1/2020,2020-10-18,True
2020-10-23,Rennes,Angers,1.21675,1.20512,15832,2020,https://understat.com/getLeagueData/Ligue_1/2020,2020-10-23,True
2020-10-24,Lorient,Marseille,0.846635,0.880426,15835,2020,https://understat.com/getLeagueData/Ligue_1/2020,2020-10-24,True
2020-10-24,Paris SG,Dijon,4.08894,1.49175,15831,2020,https://understat.com/getLeagueData/Ligue_1/2020,2020-10-24,True
2020-10-25,Bordeaux,Nimes,1.92729,0.712337,15826,2020,https://understat.com/getLeagueData/Ligue_1/2020,2020-10-25,True
2020-10-25,Brest,Strasbourg,0.732823,1.29304,15833,2020,https://understat.com/getLeagueData/Ligue_1/2020,2020-10-25,True
2020-10-25,Lyon,Monaco,3.43243,1.89348,15827,2020,https://understat.com/getLeagueData/Ligue_1/2020,2020-10-25,True
2020-10-25,Metz,St Etienne,0.330896,0.631401,15828,2020,https://understat.com/getLeagueData/Ligue_1/2020,2020-10-25,True
2020-10-25,Montpellier,Reims,0.13909,4.33321,15829,2020,https://understat.com/getLeagueData/Ligue_1/2020,2020-10-25,True
2020-10-25,Nice,Lille,0.866315,0.890546,15830,2020,https://understat.com/getLeagueData/Ligue_1/2020,2020-10-25,True
2020-10-31,Nantes,Paris SG,1.63127,2.72536,15839,2020,https://understat.com/getLeagueData/Ligue_1/2020,2020-10-31,True
2020-10-31,Rennes,Brest,1.40289,1.03943,15842,2020,https://understat.com/getLeagueData/Ligue_1/2020,2020-10-31,True
2020-11-01,Angers,Nice,0.395203,2.78036,15836,2020,https://understat.com/getLeagueData/Ligue_1/2020,2020-11-01,True
2020-11-01,Dijon,Lorient,0.377123,1.14876,15837,2020,https://understat.com/getLeagueData/Ligue_1/2020,2020-11-01,True
2020-11-01,Lille,Lyon,0.444747,0.421049,15844,2020,https://understat.com/getLeagueData/Ligue_1/2020,2020-11-01,True
2020-11-01,Monaco,Bordeaux,3.9375,0.204669,15838,2020,https://understat.com/getLeagueData/Ligue_1/2020,2020-11-01,True
2020-11-01,Nimes,Metz,0.78372,0.859238,15840,2020,https://understat.com/getLeagueData/Ligue_1/2020,2020-11-01,True
2020-11-01,Reims,Strasbourg,0.911301,1.42258,15841,2020,https://understat.com/getLeagueData/Ligue_1/2020,2020-11-01,True
2020-11-01,St Etienne,Montpellier,0.484542,0.937369,15843,2020,https://understat.com/getLeagueData/Ligue_1/2020,2020-11-01,True
2020-11-06,Strasbourg,Marseille,0.324201,0.0420124,15847,2020,https://understat.com/getLeagueData/Ligue_1/2020,2020-11-06,True
2020-11-07,Bordeaux,Montpellier,0.474622,1.59436,15848,2020,https://understat.com/getLeagueData/Ligue_1/2020,2020-11-07,True
2020-11-07,Paris SG,Rennes,1.02539,0.855589,15846,2020,https://understat.com/getLeagueData/Ligue_1/2020,2020-11-07,True
2020-11-08,Brest,Lille,1.47256,2.97059,15852,2020,https://understat.com/getLeagueData/Ligue_1/2020,2020-11-08,True
2020-11-08,Lens,Reims,2.04125,1.02999,15853,2020,https://understat.com/getLeagueData/Ligue_1/2020,2020-11-08,True
2020-11-08,Lorient,Nantes,1.77629,1.46578,15854,2020,https://understat.com/getLeagueData/Ligue_1/2020,2020-11-08,True
2020-11-08,Lyon,St Etienne,3.30537,1.46951,15855,2020,https://understat.com/getLeagueData/Ligue_1/2020,2020-11-08,True
2020-11-08,Metz,Dijon,2.52379,2.43299,15851,2020,https://understat.com/getLeagueData/Ligue_1/2020,2020-11-08,True
2020-11-08,Nice,Monaco,0.782745,1.87829,15849,2020,https://understat.com/getLeagueData/Ligue_1/2020,2020-11-08,True
2020-11-08,Nimes,Angers,1.66648,2.03947,15850,2020,https://understat.com/getLeagueData/Ligue_1/2020,2020-11-08,True
2020-11-20,Monaco,Paris SG,3.28236,2.01645,15861,2020,https://understat.com/getLeagueData/Ligue_1/2020,2020-11-20,True
2020-11-20,Rennes,Bordeaux,1.95047,0.312448,15856,2020,https://understat.com/getLeagueData/Ligue_1/2020,2020-11-20,True
2020-11-21,Brest,St Etienne,1.06599,1.08804,15857,2020,https://understat.com/getLeagueData/Ligue_1/2020,2020-11-21,True
2020-11-22,Angers,Lyon,0.948811,1.12013,15865,2020,https://understat.com/getLeagueData/Ligue_1/2020,2020-11-22,True
2020-11-22,Dijon,Lens,0.672083,1.28012,15858,2020,https://understat.com/getLeagueData/Ligue_1/2020,2020-11-22,True
2020-11-22,Lille,Lorient,3.37221,0.462287,15859,2020,https://understat.com/getLeagueData/Ligue_1/2020,2020-11-22,True
2020-11-22,Montpellier,Strasbourg,2.65546,3.39205,15862,2020,https://understat.com/getLeagueData/Ligue_1/2020,2020-11-22,True
2020-11-22,Nantes,Metz,1.48835,1.30332,15863,2020,https://understat.com/getLeagueData/Ligue_1/2020,2020-11-22,True
2020-11-22,Reims,Nimes,1.05404,0.955282,15864,2020,https://understat.com/getLeagueData/Ligue_1/2020,2020-11-22,True
2020-11-25,Lens,Nantes,0.875771,2.16695,15834,2020,https://understat.com/getLeagueData/Ligue_1/2020,2020-11-25,True
2020-11-27,Strasbourg,Rennes,0.802873,1.99479,15866,2020,https://understat.com/getLeagueData/Ligue_1/2020,2020-11-27,True
2020-11-28,Marseille,Nantes,2.7459,0.322283,15871,2020,https://understat.com/getLeagueData/Ligue_1/2020,2020-11-28,True
2020-11-28,Paris SG,Bordeaux,2.52961,1.13676,15874,2020,https://understat.com/getLeagueData/Ligue_1/2020,2020-11-28,True
2020-11-29,Lens,Angers,1.3761,2.62737,15867,2020,https://understat.com/getLeagueData/Ligue_1/2020,2020-11-29,True
2020-11-29,Lorient,Montpellier,0.343499,1.47115,15868,2020,https://understat.com/getLeagueData/Ligue_1/2020,2020-11-29,True
2020-11-29,Lyon,Reims,1.96635,0.334614,15872,2020,https://understat.com/getLeagueData/Ligue_1/2020,2020-11-29,True
2020-11-29,Metz,Brest,0.704986,1.32303,15870,2020,https://understat.com/getLeagueData/Ligue_1/2020,2020-11-29,True
2020-11-29,Monaco,Nimes,3.43581,0.208733,15869,2020,https://understat.com/getLeagueData/Ligue_1/2020,2020-11-29,True
2020-11-29,Nice,Dijon,2.40463,0.980084,15873,2020,https://understat.com/getLeagueData/Ligue_1/2020,2020-11-29,True
2020-11-29,St Etienne,Lille,0.982356,0.391883,15875,2020,https://understat.com/getLeagueData/Ligue_1/2020,2020-11-29,True
2020-12-04,Nimes,Marseille,0.384633,2.16881,15883,2020,https://understat.com/getLeagueData/Ligue_1/2020,2020-12-04,True
2020-12-05,Montpellier,Paris SG,1.98123,2.12699,15881,2020,https://understat.com/getLeagueData/Ligue_1/2020,2020-12-05,True
2020-12-05,Rennes,Lens,0.503822,0.927878,15885,2020,https://understat.com/getLeagueData/Ligue_1/2020,2020-12-05,True
2020-12-06,Angers,Lorient,1.91353,0.33512,15876,2020,https://understat.com/getLeagueData/Ligue_1/2020,2020-12-06,True
2020-12-06,Bordeaux,Brest,2.36548,0.170892,15877,2020,https://understat.com/getLeagueData/Ligue_1/2020,2020-12-06,True
2020-12-06,Dijon,St Etienne,0.235832,0.675017,15878,2020,https://understat.com/getLeagueData/Ligue_1/2020,2020-12-06,True
2020-12-06,Lille,Monaco,1.38745,0.669039,15879,2020,https://understat.com/getLeagueData/Ligue_1/2020,2020-12-06,True
2020-12-06,Metz,Lyon,1.2421,1.81122,15880,2020,https://understat.com/getLeagueData/Ligue_1/2020,2020-12-06,True
2020-12-06,Nantes,Strasbourg,0.633507,3.19753,15882,2020,https://understat.com/getLeagueData/Ligue_1/2020,2020-12-06,True
2020-12-06,Reims,Nice,0.511453,0.570809,15884,2020,https://understat.com/getLeagueData/Ligue_1/2020,2020-12-06,True
2020-12-11,St Etienne,Angers,1.15801,0.751779,15893,2020,https://understat.com/getLeagueData/Ligue_1/2020,2020-12-11,True
2020-12-12,Lens,Montpellier,1.38862,1.61719,15887,2020,https://understat.com/getLeagueData/Ligue_1/2020,2020-12-12,True
2020-12-12,Marseille,Monaco,1.52748,1.70771,15890,2020,https://understat.com/getLeagueData/Ligue_1/2020,2020-12-12,True
2020-12-13,Brest,Reims,2.97358,0.555087,15886,2020,https://understat.com/getLeagueData/Ligue_1/2020,2020-12-13,True
2020-12-13,Lille,Bordeaux,1.34583,0.804147,15888,2020,https://understat.com/getLeagueData/Ligue_1/2020,2020-12-13,True
2020-12-13,Lorient,Nimes,2.82061,0.562896,15889,2020,https://understat.com/getLeagueData/Ligue_1/2020,2020-12-13,True
2020-12-13,Nantes,Dijon,1.88182,1.02506,15891,2020,https://understat.com/getLeagueData/Ligue_1/2020,2020-12-13,True
2020-12-13,Nice,Rennes,0.791546,1.2598,15892,2020,https://understat.com/getLeagueData/Ligue_1/2020,2020-12-13,True
2020-12-13,Paris SG,Lyon,0.310118,0.833608,15895,2020,https://understat.com/getLeagueData/Ligue_1/2020,2020-12-13,True
2020-12-13,Strasbourg,Metz,0.788845,1.71894,15894,2020,https://understat.com/getLeagueData/Ligue_1/2020,2020-12-13,True
2020-12-16,Angers,Strasbourg,0.215122,0.510882,15896,2020,https://understat.com/getLeagueData/Ligue_1/2020,2020-12-16,True
2020-12-16,Bordeaux,St Etienne,0.552558,2.18745,15898,2020,https://understat.com/getLeagueData/Ligue_1/2020,2020-12-16,True
2020-12-16,Dijon,Lille,0.171789,1.10314,15899,2020,https://understat.com/getLeagueData/Ligue_1/2020,2020-12-16,True
2020-12-16,Lyon,Brest,3.29974,1.28136,15900,2020,https://understat.com/getLeagueData/Ligue_1/2020,2020-12-16,True
2020-12-16,Monaco,Lens,0.928491,0.963125,15901,2020,https://understat.com/getLeagueData/Ligue_1/2020,2020-12-16,True
2020-12-16,Montpellier,Metz,0.892487,1.63826,15902,2020,https://understat.com/getLeagueData/Ligue_1/2020,2020-12-16,True
2020-12-16,Nimes,Nice,0.994031,1.97897,15903,2020,https://understat.com/getLeagueData/Ligue_1/2020,2020-12-16,True
2020-12-16,Paris SG,Lorient,2.80047,1.30249,15904,2020,https://understat.com/getLeagueData/Ligue_1/2020,2020-12-16,True
2020-12-16,Reims,Nantes,1.74124,2.08259,15905,2020,https://understat.com/getLeagueData/Ligue_1/2020,2020-12-16,True
2020-12-16,Rennes,Marseille,1.16849,1.24235,15897,2020,https://understat.com/getLeagueData/Ligue_1/2020,2020-12-16,True
2020-12-19,Marseille,Reims,1.50569,0.363146,15909,2020,https://understat.com/getLeagueData/Ligue_1/2020,2020-12-19,True
2020-12-19,Metz,Lens,1.16038,1.14532,15910,2020,https://understat.com/getLeagueData/Ligue_1/2020,2020-12-19,True
2020-12-19,Nice,Lyon,0.761993,3.1134,15912,2020,https://understat.com/getLeagueData/Ligue_1/2020,2020-12-19,True
2020-12-20,Brest,Montpellier,2.16892,0.522177,15906,2020,https://understat.com/getLeagueData/Ligue_1/2020,2020-12-20,True
2020-12-20,Dijon,Monaco,1.17666,1.12699,15907,2020,https://understat.com/getLeagueData/Ligue_1/2020,2020-12-20,True
2020-12-20,Lille,Paris SG,0.394389,0.552443,15915,2020,https://understat.com/getLeagueData/Ligue_1/2020,2020-12-20,True
2020-12-20,Lorient,Rennes,1.0355,1.00048,15908,2020,https://understat.com/getLeagueData/Ligue_1/2020,2020-12-20,True
2020-12-20,Nantes,Angers,0.573136,0.942065,15911,2020,https://understat.com/getLeagueData/Ligue_1/2020,2020-12-20,True
2020-12-20,St Etienne,Nimes,2.94469,1.50557,15914,2020,https://understat.com/getLeagueData/Ligue_1/2020,2020-12-20,True
2020-12-20,Strasbourg,Bordeaux,1.0111,1.30968,15913,2020,https://understat.com/getLeagueData/Ligue_1/2020,2020-12-20,True
2020-12-23,Angers,Marseille,0.780388,1.49756,15918,2020,https://understat.com/getLeagueData/Ligue_1/2020,2020-12-23,True
2020-12-23,Bordeaux,Reims,1.2121,1.30331,15919,2020,https://understat.com/getLeagueData/Ligue_1/2020,2020-12-23,True
2020-12-23,Lens,Brest,2.02607,1.17648,15920,2020,https://understat.com/getLeagueData/Ligue_1/2020,2020-12-23,True
2020-12-23,Lyon,Nantes,3.9821,1.10394,15921,2020,https://understat.com/getLeagueData/Ligue_1/2020,2020-12-23,True
2020-12-23,Monaco,St Etienne,0.680448,1.97218,15922,2020,https://understat.com/getLeagueData/Ligue_1/2020,2020-12-23,True
2020-12-23,Montpellier,Lille,1.19046,1.70435,15917,2020,https://understat.com/getLeagueData/Ligue_1/2020,2020-12-23,True
2020-12-23,Nice,Lorient,0.656687,2.13449,15916,2020,https://understat.com/getLeagueData/Ligue_1/2020,2020-12-23,True
2020-12-23,Nimes,Dijon,0.958657,1.60068,15925,2020,https://understat.com/getLeagueData/Ligue_1/2020,2020-12-23,True
2020-12-23,Paris SG,Strasbourg,3.11615,0.417249,15924,2020,https://understat.com/getLeagueData/Ligue_1/2020,2020-12-23,True
2020-12-23,Rennes,Metz,0.66303,0.83489,15923,2020,https://understat.com/getLeagueData/Ligue_1/2020,2020-12-23,True
2021-01-06,Brest,Nice,1.13297,1.37393,15935,2020,https://understat.com/getLeagueData/Ligue_1/2020,2021-01-06,True
2021-01-06,Lille,Angers,0.285307,0.413017,15926,2020,https://understat.com/getLeagueData/Ligue_1/2020,2021-01-06,True
2021-01-06,Lorient,Monaco,0.61232,2.81772,15927,2020,https://understat.com/getLeagueData/Ligue_1/2020,2021-01-06,True
2021-01-06,Lyon,Lens,1.82314,0.947234,15928,2020,https://understat.com/getLeagueData/Ligue_1/2020,2021-01-06,True
2021-01-06,Marseille,Montpellier,2.52375,1.17896,15929,2020,https://understat.com/getLeagueData/Ligue_1/2020,2021-01-06,True
2021-01-06,Metz,Bordeaux,0.71749,0.667484,15930,2020,https://understat.com/getLeagueData/Ligue_1/2020,2021-01-06,True
2021-01-06,Nantes,Rennes,0.600663,0.490669,15931,2020,https://understat.com/getLeagueData/Ligue_1/2020,2021-01-06,True
2021-01-06,Reims,Dijon,0.878332,0.125669,15932,2020,https://understat.com/getLeagueData/Ligue_1/2020,2021-01-06,True
2021-01-06,St Etienne,Paris SG,1.29987,1.39496,15933,2020,https://understat.com/getLeagueData/Ligue_1/2020,2021-01-06,True
2021-01-06,Strasbourg,Nimes,4.64764,0.826798,15934,2020,https://understat.com/getLeagueData/Ligue_1/2020,2021-01-06,True
2021-01-09,Bordeaux,Lorient,1.61234,1.06734,15936,2020,https://understat.com/getLeagueData/Ligue_1/2020,2021-01-09,True
2021-01-09,Dijon,Marseille,0.48883,1.80202,15937,2020,https://understat.com/getLeagueData/Ligue_1/2020,2021-01-09,True
2021-01-09,Lens,Strasbourg,0.57533,1.57769,15938,2020,https://understat.com/getLeagueData/Ligue_1/2020,2021-01-09,True
2021-01-09,Metz,Nice,1.25558,1.48081,15939,2020,https://understat.com/getLeagueData/Ligue_1/2020,2021-01-09,True
2021-01-09,Monaco,Angers,2.30803,0.689403,15940,2020,https://understat.com/getLeagueData/Ligue_1/2020,2021-01-09,True
2021-01-09,Montpellier,Nantes,0.905512,1.31067,15941,2020,https://understat.com/getLeagueData/Ligue_1/2020,2021-01-09,True
2021-01-09,Nimes,Lille,0.34513,1.01419,15942,2020,https://understat.com/getLeagueData/Ligue_1/2020,2021-01-09,True
2021-01-09,Paris SG,Brest,2.91378,0.546939,15943,2020,https://understat.com/getLeagueData/Ligue_1/2020,2021-01-09,True
2021-01-09,Reims,St Etienne,1.70535,1.28905,15944,2020,https://understat.com/getLeagueData/Ligue_1/2020,2021-01-09,True
2021-01-09,Rennes,Lyon,1.14894,1.11618,15945,2020,https://understat.com/getLeagueData/Ligue_1/2020,2021-01-09,True
2021-01-15,Montpellier,Monaco,0.55197,2.88799,15952,2020,https://understat.com/getLeagueData/Ligue_1/2020,2021-01-15,True
2021-01-16,Angers,Paris SG,0.937183,1.48664,15946,2020,https://understat.com/getLeagueData/Ligue_1/2020,2021-01-16,True
2021-01-16,Marseille,Nimes,2.16279,1.58781,15951,2020,https://understat.com/getLeagueData/Ligue_1/2020,2021-01-16,True
2021-01-17,Brest,Rennes,1.94951,1.4995,15947,2020,https://understat.com/getLeagueData/Ligue_1/2020,2021-01-17,True
2021-01-17,Lille,Reims,1.37991,0.265034,15948,2020,https://understat.com/getLeagueData/Ligue_1/2020,2021-01-17,True
2021-01-17,Lyon,Metz,1.6386,1.4255,15950,2020,https://understat.com/getLeagueData/Ligue_1/2020,2021-01-17,True
2021-01-17,Nantes,Lens,1.15976,1.35642,15953,2020,https://understat.com/getLeagueData/Ligue_1/2020,2021-01-17,True
2021-01-17,Nice,Bordeaux,0.469882,3.61303,15954,2020,https://understat.com/getLeagueData/Ligue_1/2020,2021-01-17,True
2021-01-17,Strasbourg,St Etienne,2.60986,1.25152,15955,2020,https://understat.com/getLeagueData/Ligue_1/2020,2021-01-17,True
2021-01-20,Marseille,Lens,0.118724,1.55004,15845,2020,https://understat.com/getLeagueData/Ligue_1/2020,2021-01-20,True
2021-01-22,Paris SG,Montpellier,4.90921,0.15807,15962,2020,https://understat.com/getLeagueData/Ligue_1/2020,2021-01-22,True
2021-01-23,Lens,Nice,1.18896,0.547266,15958,2020,https://understat.com/getLeagueData/Ligue_1/2020,2021-01-23,True
2021-01-23,Monaco,Marseille,1.87551,0.462549,15960,2020,https://understat.com/getLeagueData/Ligue_1/2020,2021-01-23,True
2021-01-24,Bordeaux,Angers,1.1096,1.71363,15956,2020,https://understat.com/getLeagueData/Ligue_1/2020,2021-01-24,True
2021-01-24,Dijon,Strasbourg,0.802784,2.7928,15957,2020,https://understat.com/getLeagueData/Ligue_1/2020,2021-01-24,True
2021-01-24,Metz,Nantes,0.833905,0.239963,15959,2020,https://understat.com/getLeagueData/Ligue_1/2020,2021-01-24,True
2021-01-24,Reims,Brest,1.18806,1.01943,15963,2020,https://understat.com/getLeagueData/Ligue_1/2020,2021-01-24,True
2021-01-24,Rennes,Lille,0.550276,0.796039,15964,2020,https://understat.com/getLeagueData/Ligue_1/2020,2021-01-24,True
2021-01-24,St Etienne,Lyon,0.22255,2.19868,15965,2020,https://understat.com/getLeagueData/Ligue_1/2020,2021-01-24,True
2021-01-27,Lorient,Dijon,0.895978,1.6704,15949,2020,https://understat.com/getLeagueData/Ligue_1/2020,2021-01-27,True
2021-01-29,Lyon,Bordeaux,1.30049,0.73143,15970,2020,https://understat.com/getLeagueData/Ligue_1/2020,2021-01-29,True
2021-01-30,Montpellier,Lens,1.03811,1.07049,15972,2020,https://understat.com/getLeagueData/Ligue_1/2020,2021-01-30,True
2021-01-31,Angers,Nimes,1.59464,0.9424,15966,2020,https://understat.com/getLeagueData/Ligue_1/2020,2021-01-31,True
2021-01-31,Brest,Metz,1.8688,1.50555,15968,2020,https://understat.com/getLeagueData/Ligue_1/2020,2021-01-31,True
2021-01-31,Lille,Dijon,1.90817,0.370938,15967,2020,https://understat.com/getLeagueData/Ligue_1/2020,2021-01-31,True
2021-01-31,Lorient,Paris SG,1.56057,2.64181,15969,2020,https://understat.com/getLeagueData/Ligue_1/2020,2021-01-31,True
2021-01-31,Nantes,Monaco,1.23932,1.52441,15973,2020,https://understat.com/getLeagueData/Ligue_1/2020,2021-01-31,True
2021-01-31,Nice,St Etienne,0.435831,1.58746,15974,2020,https://understat.com/getLeagueData/Ligue_1/2020,2021-01-31,True
2021-01-31,Strasbourg,Reims,0.995057,1.31697,15975,2020,https://understat.com/getLeagueData/Ligue_1/2020,2021-01-31,True
2021-02-03,Bordeaux,Lille,0.746258,1.99926,15976,2020,https://understat.com/getLeagueData/Ligue_1/2020,2021-02-03,True
2021-02-03,Dijon,Lyon,0.998017,2.26364,15977,2020,https://understat.com/getLeagueData/Ligue_1/2020,2021-02-03,True
2021-02-03,Lens,Marseille,1.53188,1.3201,15978,2020,https://understat.com/getLeagueData/Ligue_1/2020,2021-02-03,True
2021-02-03,Metz,Montpellier,0.902049,1.02749,15979,2020,https://understat.com/getLeagueData/Ligue_1/2020,2021-02-03,True
2021-02-03,Monaco,Nice,2.7347,0.426701,15980,2020,https://understat.com/getLeagueData/Ligue_1/2020,2021-02-03,True
2021-02-03,Paris SG,Nimes,1.69188,1.73501,15981,2020,https://understat.com/getLeagueData/Ligue_1/2020,2021-02-03,True
2021-02-03,Reims,Angers,0.556903,0.251964,15982,2020,https://understat.com/getLeagueData/Ligue_1/2020,2021-02-03,True
2021-02-03,Rennes,Lorient,1.03454,0.620552,15983,2020,https://understat.com/getLeagueData/Ligue_1/2020,2021-02-03,True
2021-02-03,St Etienne,Nantes,1.50363,1.25487,15984,2020,https://understat.com/getLeagueData/Ligue_1/2020,2021-02-03,True
2021-02-03,Strasbourg,Brest,0.610074,0.710748,15985,2020,https://understat.com/getLeagueData/Ligue_1/2020,2021-02-03,True
2021-02-06,Lens,Rennes,1.09008,0.549443,15992,2020,https://understat.com/getLeagueData/Ligue_1/2020,2021-02-06,True
2021-02-06,Lorient,Reims,1.11747,0.779858,15993,2020,https://understat.com/getLeagueData/Ligue_1/2020,2021-02-06,True
2021-02-06,Lyon,Strasbourg,1.59649,0.242033,15994,2020,https://understat.com/getLeagueData/Ligue_1/2020,2021-02-06,True
2021-02-07,Brest,Bordeaux,2.03597,0.635508,15991,2020,https://understat.com/getLeagueData/Ligue_1/2020,2021-02-07,True
2021-02-07,Marseille,Paris SG,0.426125,1.23049,15995,2020,https://understat.com/getLeagueData/Ligue_1/2020,2021-02-07,True
2021-02-07,Montpellier,Dijon,5.60551,1.31726,15986,2020,https://understat.com/getLeagueData/Ligue_1/2020,2021-02-07,True
2021-02-07,Nantes,Lille,0.400333,1.7948,15987,2020,https://understat.com/getLeagueData/Ligue_1/2020,2021-02-07,True
2021-02-07,Nice,Angers,1.30901,0.620413,15988,2020,https://understat.com/getLeagueData/Ligue_1/2020,2021-02-07,True
2021-02-07,Nimes,Monaco,1.54024,1.24576,15989,2020,https://understat.com/getLeagueData/Ligue_1/2020,2021-02-07,True
2021-02-07,St Etienne,Metz,0.560201,0.327429,15990,2020,https://understat.com/getLeagueData/Ligue_1/2020,2021-02-07,True
2021-02-13,Lyon,Montpellier,3.94358,1.75721,16000,2020,https://understat.com/getLeagueData/Ligue_1/2020,2021-02-13,True
2021-02-13,Paris SG,Nice,2.47313,1.0503,16003,2020,https://understat.com/getLeagueData/Ligue_1/2020,2021-02-13,True
2021-02-13,Reims,Lens,0.679141,3.15679,16004,2020,https://understat.com/getLeagueData/Ligue_1/2020,2021-02-13,True
2021-02-14,Angers,Nantes,1.72075,1.75357,15996,2020,https://understat.com/getLeagueData/Ligue_1/2020,2021-02-14,True
2021-02-14,Bordeaux,Marseille,1.90455,0.41792,15997,2020,https://understat.com/getLeagueData/Ligue_1/2020,2021-02-14,True
2021-02-14,Dijon,Nimes,0.466986,1.90774,15998,2020,https://understat.com/getLeagueData/Ligue_1/2020,2021-02-14,True
2021-02-14,Lille,Brest,0.62514,0.0883755,15999,2020,https://understat.com/getLeagueData/Ligue_1/2020,2021-02-14,True
2021-02-14,Metz,Strasbourg,1.46606,1.39672,16001,2020,https://understat.com/getLeagueData/Ligue_1/2020,2021-02-14,True
2021-02-14,Monaco,Lorient,1.93864,1.43939,16002,2020,https://understat.com/getLeagueData/Ligue_1/2020,2021-02-14,True
2021-02-14,Rennes,St Etienne,0.797238,0.347155,16005,2020,https://understat.com/getLeagueData/Ligue_1/2020,2021-02-14,True
2021-02-17,Marseille,Nice,0.648327,1.2083,15860,2020,https://understat.com/getLeagueData/Ligue_1/2020,2021-02-17,True
2021-02-19,Brest,Lyon,1.46003,3.47483,16006,2020,https://understat.com/getLeagueData/Ligue_1/2020,2021-02-19,True
2021-02-20,Nantes,Marseille,0.779308,0.564279,16010,2020,https://understat.com/getLeagueData/Ligue_1/2020,2021-02-20,True
2021-02-20,St Etienne,Reims,1.97702,0.35467,16014,2020,https://understat.com/getLeagueData/Ligue_1/2020,2021-02-20,True
2021-02-21,Lens,Dijon,1.29752,0.88646,16007,2020,https://understat.com/getLeagueData/Ligue_1/2020,2021-02-21,True
2021-02-21,Lorient,Lille,0.231568,1.04668,16008,2020,https://understat.com/getLeagueData/Ligue_1/2020,2021-02-21,True
2021-02-21,Montpellier,Rennes,2.86812,1.42102,16009,2020,https://understat.com/getLeagueData/Ligue_1/2020,2021-02-21,True
2021-02-21,Nice,Metz,1.04755,1.43338,16011,2020,https://understat.com/getLeagueData/Ligue_1/2020,2021-02-21,True
2021-02-21,Nimes,Bordeaux,0.364183,0.791842,16012,2020,https://understat.com/getLeagueData/Ligue_1/2020,2021-02-21,True
2021-02-21,Paris SG,Monaco,0.953831,1.05657,16013,2020,https://understat.com/getLeagueData/Ligue_1/2020,2021-02-21,True
2021-02-21,Strasbourg,Angers,1.41894,0.325105,16015,2020,https://understat.com/getLeagueData/Ligue_1/2020,2021-02-21,True
2021-02-24,Nimes,Lorient,0.914735,0.3945,15961,2020,https://understat.com/getLeagueData/Ligue_1/2020,2021-02-24,True
2021-02-26,Rennes,Nice,0.752041,1.6621,16024,2020,https://understat.com/getLeagueData/Ligue_1/2020,2021-02-26,True
2021-02-27,Bordeaux,Metz,0.978537,1.84068,16017,2020,https://understat.com/getLeagueData/Ligue_1/2020,2021-02-27,True
2021-02-27,Dijon,Paris SG,0.249652,2.12179,16018,2020,https://understat.com/getLeagueData/Ligue_1/2020,2021-02-27,True
2021-02-28,Angers,Lens,1.71598,1.0798,16016,2020,https://understat.com/getLeagueData/Ligue_1/2020,2021-02-28,True
2021-02-28,Lille,Strasbourg,0.866257,0.965368,16019,2020,https://understat.com/getLeagueData/Ligue_1/2020,2021-02-28,True
2021-02-28,Lorient,St Etienne,0.858628,1.01869,16020,2020,https://understat.com/getLeagueData/Ligue_1/2020,2021-02-28,True
2021-02-28,Marseille,Lyon,1.35641,0.581809,16025,2020,https://understat.com/getLeagueData/Ligue_1/2020,2021-02-28,True
2021-02-28,Monaco,Brest,2.19231,0.429681,16021,2020,https://understat.com/getLeagueData/Ligue_1/2020,2021-02-28,True
2021-02-28,Nimes,Nantes,0.474343,1.48858,16022,2020,https://understat.com/getLeagueData/Ligue_1/2020,2021-02-28,True
2021-02-28,Reims,Montpellier,0.338427,0.322556,16023,2020,https://understat.com/getLeagueData/Ligue_1/2020,2021-02-28,True
2021-03-03,Bordeaux,Paris SG,0.80867,1.27822,16026,2020,https://understat.com/getLeagueData/Ligue_1/2020,2021-03-03,True
2021-03-03,Brest,Dijon,1.56287,0.716104,16027,2020,https://understat.com/getLeagueData/Ligue_1/2020,2021-03-03,True
2021-03-03,Lille,Marseille,2.22985,0.0997889,16028,2020,https://understat.com/getLeagueData/Ligue_1/2020,2021-03-03,True
2021-03-03,Lyon,Rennes,1.94262,0.591174,16029,2020,https://understat.com/getLeagueData/Ligue_1/2020,2021-03-03,True
2021-03-03,Metz,Angers,0.688591,1.0704,16030,2020,https://understat.com/getLeagueData/Ligue_1/2020,2021-03-03,True
2021-03-03,Montpellier,Lorient,0.6465,2.0525,16031,2020,https://understat.com/getLeagueData/Ligue_1/2020,2021-03-03,True
2021-03-03,Nantes,Reims,1.42636,0.618533,16032,2020,https://understat.com/getLeagueData/Ligue_1/2020,2021-03-03,True
2021-03-03,Nice,Nimes,1.50673,2.37864,16033,2020,https://understat.com/getLeagueData/Ligue_1/2020,2021-03-03,True
2021-03-03,St Etienne,Lens,1.73128,1.97268,16034,2020,https://understat.com/getLeagueData/Ligue_1/2020,2021-03-03,True
2021-03-03,Strasbourg,Monaco,0.75132,0.729752,16035,2020,https://understat.com/getLeagueData/Ligue_1/2020,2021-03-03,True
2021-03-10,Marseille,Rennes,0.751259,0.596112,15971,2020,https://understat.com/getLeagueData/Ligue_1/2020,2021-03-10,True
2021-03-12,Reims,Lyon,0.734344,1.53476,16043,2020,https://understat.com/getLeagueData/Ligue_1/2020,2021-03-12,True
2021-03-13,Angers,St Etienne,0.226499,0.872327,16036,2020,https://understat.com/getLeagueData/Ligue_1/2020,2021-03-13,True
2021-03-13,Marseille,Brest,1.72148,0.409173,16040,2020,https://understat.com/getLeagueData/Ligue_1/2020,2021-03-13,True
2021-03-14,Dijon,Bordeaux,0.969288,1.5005,16037,2020,https://understat.com/getLeagueData/Ligue_1/2020,2021-03-14,True
2021-03-14,Lens,Metz,2.37531,1.46077,16038,2020,https://understat.com/getLeagueData/Ligue_1/2020,2021-03-14,True
2021-03-14,Lorient,Nice,2.3105,0.511554,16041,2020,https://understat.com/getLeagueData/Ligue_1/2020,2021-03-14,True
2021-03-14,Monaco,Lille,0.614925,0.163714,16039,2020,https://understat.com/getLeagueData/Ligue_1/2020,2021-03-14,True
2021-03-14,Nimes,Montpellier,1.83162,1.56372,16045,2020,https://understat.com/getLeagueData/Ligue_1/2020,2021-03-14,True
2021-03-14,Paris SG,Nantes,0.882924,1.15766,16044,2020,https://understat.com/getLeagueData/Ligue_1/2020,2021-03-14,True
2021-03-14,Rennes,Strasbourg,1.03121,0.58962,16042,2020,https://understat.com/getLeagueData/Ligue_1/2020,2021-03-14,True
2021-03-19,St Etienne,Monaco,0.4503,2.43305,16054,2020,https://understat.com/getLeagueData/Ligue_1/2020,2021-03-19,True
2021-03-20,Metz,Rennes,0.685567,2.26743,16049,2020,https://understat.com/getLeagueData/Ligue_1/2020,2021-03-20,True
2021-03-20,Nice,Marseille,2.7496,0.30434,16046,2020,https://understat.com/getLeagueData/Ligue_1/2020,2021-03-20,True
2021-03-21,Brest,Angers,0.480151,0.757882,16052,2020,https://understat.com/getLeagueData/Ligue_1/2020,2021-03-21,True
2021-03-21,Dijon,Reims,0.792069,1.34244,16051,2020,https://understat.com/getLeagueData/Ligue_1/2020,2021-03-21,True
2021-03-21,Lille,Nimes,0.787438,0.80422,16050,2020,https://understat.com/getLeagueData/Ligue_1/2020,2021-03-21,True
2021-03-21,Lyon,Paris SG,0.613014,1.6505,16055,2020,https://understat.com/getLeagueData/Ligue_1/2020,2021-03-21,True
2021-03-21,Montpellier,Bordeaux,2.24117,1.39846,16048,2020,https://understat.com/getLeagueData/Ligue_1/2020,2021-03-21,True
2021-03-21,Nantes,Lorient,1.39056,0.85463,16047,2020,https://understat.com/getLeagueData/Ligue_1/2020,2021-03-21,True
2021-03-21,Strasbourg,Lens,2.11369,1.55355,16053,2020,https://understat.com/getLeagueData/Ligue_1/2020,2021-03-21,True
2021-04-03,Lens,Lyon,0.672298,2.10812,16060,2020,https://understat.com/getLeagueData/Ligue_1/2020,2021-04-03,True
2021-04-03,Monaco,Metz,2.50003,0.356458,16063,2020,https://understat.com/getLeagueData/Ligue_1/2020,2021-04-03,True
2021-04-03,Paris SG,Lille,1.05668,0.552797,16056,2020,https://understat.com/getLeagueData/Ligue_1/2020,2021-04-03,True
2021-04-04,Angers,Montpellier,0.995445,1.75167,16058,2020,https://understat.com/getLeagueData/Ligue_1/2020,2021-04-04,True
2021-04-04,Bordeaux,Strasbourg,1.59289,2.28415,16059,2020,https://understat.com/getLeagueData/Ligue_1/2020,2021-04-04,True
2021-04-04,Lorient,Brest,1.76108,0.231613,16061,2020,https://understat.com/getLeagueData/Ligue_1/2020,2021-04-04,True
2021-04-04,Marseille,Dijon,1.53499,0.124818,16062,2020,https://understat.com/getLeagueData/Ligue_1/2020,2021-04-04,True
2021-04-04,Nantes,Nice,1.36882,2.37312,16064,2020,https://understat.com/getLeagueData/Ligue_1/2020,2021-04-04,True
2021-04-04,Nimes,St Etienne,1.56114,2.21045,16065,2020,https://understat.com/getLeagueData/Ligue_1/2020,2021-04-04,True
2021-04-04,Reims,Rennes,1.03401,2.06496,16057,2020,https://understat.com/getLeagueData/Ligue_1/2020,2021-04-04,True
2021-04-09,Metz,Lille,1.96214,0.555794,16069,2020,https://understat.com/getLeagueData/Ligue_1/2020,2021-04-09,True
2021-04-10,Montpellier,Marseille,2.15762,1.94159,16071,2020,https://understat.com/getLeagueData/Ligue_1/2020,2021-04-10,True
2021-04-10,Strasbourg,Paris SG,0.945852,2.1849,16075,2020,https://understat.com/getLeagueData/Ligue_1/2020,2021-04-10,True
2021-04-11,Brest,Nimes,1.98561,0.804029,16066,2020,https://understat.com/getLeagueData/Ligue_1/2020,2021-04-11,True
2021-04-11,Lens,Lorient,3.35961,1.94788,16067,2020,https://understat.com/getLeagueData/Ligue_1/2020,2021-04-11,True
2021-04-11,Lyon,Angers,2.84942,1.02157,16068,2020,https://understat.com/getLeagueData/Ligue_1/2020,2021-04-11,True
2021-04-11,Monaco,Dijon,3.88289,0.683971,16070,2020,https://understat.com/getLeagueData/Ligue_1/2020,2021-04-11,True
2021-04-11,Nice,Reims,0.515644,0.451514,16072,2020,https://understat.com/getLeagueData/Ligue_1/2020,2021-04-11,True
2021-04-11,Rennes,Nantes,0.733422,0.224608,16073,2020,https://understat.com/getLeagueData/Ligue_1/2020,2021-04-11,True
2021-04-11,St Etienne,Bordeaux,3.28299,1.52246,16074,2020,https://understat.com/getLeagueData/Ligue_1/2020,2021-04-11,True
2021-04-16,Lille,Montpellier,1.22671,0.914792,16082,2020,https://understat.com/getLeagueData/Ligue_1/2020,2021-04-16,True
2021-04-17,Angers,Rennes,0.453458,1.4232,16080,2020,https://understat.com/getLeagueData/Ligue_1/2020,2021-04-17,True
2021-04-17,Marseille,Lorient,2.44334,1.47384,16081,2020,https://understat.com/getLeagueData/Ligue_1/2020,2021-04-17,True
2021-04-18,Bordeaux,Monaco,0.927302,1.87096,16085,2020,https://understat.com/getLeagueData/Ligue_1/2020,2021-04-18,True
2021-04-18,Brest,Lens,0.391745,1.06491,16084,2020,https://understat.com/getLeagueData/Ligue_1/2020,2021-04-18,True
2021-04-18,Dijon,Nice,1.41735,0.718471,16083,2020,https://understat.com/getLeagueData/Ligue_1/2020,2021-04-18,True
2021-04-18,Nantes,Lyon,1.21944,1.81278,16079,2020,https://understat.com/getLeagueData/Ligue_1/2020,2021-04-18,True
2021-04-18,Nimes,Strasbourg,1.63156,1.0454,16078,2020,https://understat.com/getLeagueData/Ligue_1/2020,2021-04-18,True
2021-04-18,Paris SG,St Etienne,2.04974,1.26569,16077,2020,https://understat.com/getLeagueData/Ligue_1/2020,2021-04-18,True
2021-04-18,Reims,Metz,0.731927,0.838419,16076,2020,https://understat.com/getLeagueData/Ligue_1/2020,2021-04-18,True
2021-04-23,Reims,Marseille,0.704618,2.37375,16090,2020,https://understat.com/getLeagueData/Ligue_1/2020,2021-04-23,True
2021-04-24,Metz,Paris SG,0.649808,2.70678,16088,2020,https://understat.com/getLeagueData/Ligue_1/2020,2021-04-24,True
2021-04-24,St Etienne,Brest,1.12226,0.920463,16092,2020,https://understat.com/getLeagueData/Ligue_1/2020,2021-04-24,True
2021-04-25,Angers,Monaco,0.100339,1.35311,16095,2020,https://understat.com/getLeagueData/Ligue_1/2020,2021-04-25,True
2021-04-25,Lens,Nimes,0.712516,1.45501,16094,2020,https://understat.com/getLeagueData/Ligue_1/2020,2021-04-25,True
2021-04-25,Lorient,Bordeaux,2.10336,0.690014,16086,2020,https://understat.com/getLeagueData/Ligue_1/2020,2021-04-25,True
2021-04-25,Lyon,Lille,0.945519,1.87462,16087,2020,https://understat.com/getLeagueData/Ligue_1/2020,2021-04-25,True
2021-04-25,Nice,Montpellier,2.37673,1.73033,16089,2020,https://understat.com/getLeagueData/Ligue_1/2020,2021-04-25,True
2021-04-25,Rennes,Dijon,4.16691,1.03041,16091,2020,https://understat.com/getLeagueData/Ligue_1/2020,2021-04-25,True
2021-04-25,Strasbourg,Nantes,1.39872,1.09277,16093,2020,https://understat.com/getLeagueData/Ligue_1/2020,2021-04-25,True
2021-04-30,Marseille,Strasbourg,1.13215,0.256318,16100,2020,https://understat.com/getLeagueData/Ligue_1/2020,2021-04-30,True
2021-05-01,Lille,Nice,0.684625,0.0,16098,2020,https://understat.com/getLeagueData/Ligue_1/2020,2021-05-01,True
2021-05-01,Paris SG,Lens,1.37764,1.51498,16104,2020,https://understat.com/getLeagueData/Ligue_1/2020,2021-05-01,True
2021-05-02,Bordeaux,Rennes,0.58893,0.752351,16105,2020,https://understat.com/getLeagueData/Ligue_1/2020,2021-05-02,True
2021-05-02,Brest,Nantes,1.63517,2.61836,16096,2020,https://understat.com/getLeagueData/Ligue_1/2020,2021-05-02,True
2021-05-02,Dijon,Metz,1.2483,1.83354,16097,2020,https://understat.com/getLeagueData/Ligue_1/2020,2021-05-02,True
2021-05-02,Lorient,Angers,2.41491,0.584175,16099,2020,https://understat.com/getLeagueData/Ligue_1/2020,2021-05-02,True
2021-05-02,Monaco,Lyon,2.11913,0.840692,16101,2020,https://understat.com/getLeagueData/Ligue_1/2020,2021-05-02,True
2021-05-02,Montpellier,St Etienne,1.01968,2.26191,16102,2020,https://understat.com/getLeagueData/Ligue_1/2020,2021-05-02,True
2021-05-02,Nimes,Reims,2.42284,0.651471,16103,2020,https://understat.com/getLeagueData/Ligue_1/2020,2021-05-02,True
2021-05-07,Lens,Lille,1.38117,1.24486,16107,2020,https://understat.com/getLeagueData/Ligue_1/2020,2021-05-07,True
2021-05-08,Lyon,Lorient,4.64266,0.61204,16108,2020,https://understat.com/getLeagueData/Ligue_1/2020,2021-05-08,True
2021-05-08,Nantes,Bordeaux,1.7162,0.721345,16110,2020,https://understat.com/getLeagueData/Ligue_1/2020,2021-05-08,True
2021-05-09,Angers,Dijon,1.71976,0.2674,16106,2020,https://understat.com/getLeagueData/Ligue_1/2020,2021-05-09,True
2021-05-09,Metz,Nimes,0.680563,2.07976,16109,2020,https://understat.com/getLeagueData/Ligue_1/2020,2021-05-09,True
2021-05-09,Nice,Brest,2.95697,1.02622,16111,2020,https://understat.com/getLeagueData/Ligue_1/2020,2021-05-09,True
2021-05-09,Reims,Monaco,0.432365,1.05896,16112,2020,https://understat.com/getLeagueData/Ligue_1/2020,2021-05-09,True
2021-05-09,Rennes,Paris SG,0.946689,1.54538,16113,2020,https://understat.com/getLeagueData/Ligue_1/2020,2021-05-09,True
2021-05-09,St Etienne,Marseille,1.41067,1.92834,16114,2020,https://understat.com/getLeagueData/Ligue_1/2020,2021-05-09,True
2021-05-09,Strasbourg,Montpellier,1.9728,0.716886,16115,2020,https://understat.com/getLeagueData/Ligue_1/2020,2021-05-09,True
2021-05-16,Bordeaux,Lens,2.80699,1.12553,16116,2020,https://understat.com/getLeagueData/Ligue_1/2020,2021-05-16,True
2021-05-16,Dijon,Nantes,0.988436,2.57999,16117,2020,https://understat.com/getLeagueData/Ligue_1/2020,2021-05-16,True
2021-05-16,Lille,St Etienne,0.900703,0.332146,16118,2020,https://understat.com/getLeagueData/Ligue_1/2020,2021-05-16,True
2021-05-16,Lorient,Metz,1.42765,0.0661912,16119,2020,https://understat.com/getLeagueData/Ligue_1/2020,2021-05-16,True
2021-05-16,Marseille,Angers,2.93056,1.84288,16120,2020,https://understat.com/getLeagueData/Ligue_1/2020,2021-05-16,True
2021-05-16,Monaco,Rennes,1.51214,0.318374,16121,2020,https://understat.com/getLeagueData/Ligue_1/2020,2021-05-16,True
2021-05-16,Montpellier,Brest,0.408081,1.96696,16122,2020,https://understat.com/getLeagueData/Ligue_1/2020,2021-05-16,True
2021-05-16,Nice,Strasbourg,0.74817,2.26561,16123,2020,https://understat.com/getLeagueData/Ligue_1/2020,2021-05-16,True
2021-05-16,Nimes,Lyon,0.854315,2.84141,16124,2020,https://understat.com/getLeagueData/Ligue_1/2020,2021-05-16,True
2021-05-16,Paris SG,Reims,4.73633,0.051654,16125,2020,https://understat.com/getLeagueData/Ligue_1/2020,2021-05-16,True
2021-05-23,Angers,Lille,0.736956,1.56192,16126,2020,https://understat.com/getLeagueData/Ligue_1/2020,2021-05-23,True
2021-05-23,Brest,Paris SG,0.574713,2.0167,16127,2020,https://understat.com/getLeagueData/Ligue_1/2020,2021-05-23,True
2021-05-23,Lens,Monaco,0.23839,1.308,16128,2020,https://understat.com/getLeagueData/Ligue_1/2020,2021-05-23,True
2021-05-23,Lyon,Nice,1.32809,1.47366,16129,2020,https://understat.com/getLeagueData/Ligue_1/2020,2021-05-23,True
2021-05-23,Metz,Marseille,1.08944,1.15022,16130,2020,https://understat.com/getLeagueData/Ligue_1/2020,2021-05-23,True
2021-05-23,Nantes,Montpellier,1.41119,1.70751,16131,2020,https://understat.com/getLeagueData/Ligue_1/2020,2021-05-23,True
2021-05-23,Reims,Bordeaux,1.19819,1.23805,16132,2020,https://understat.com/getLeagueData/Ligue_1/2020,2021-05-23,True
2021-05-23,Rennes,Nimes,1.33269,0.357583,16133,2020,https://understat.com/getLeagueData/Ligue_1/2020,2021-05-23,True
2021-05-23,St Etienne,Dijon,1.4605,1.38029,16134,2020,https://understat.com/getLeagueData/Ligue_1/2020,2021-05-23,True
2021-05-23,Strasbourg,Lorient,0.32396,0.521913,16135,2020,https://understat.com/getLeagueData/Ligue_1/2020,2021-05-23,True
2021-08-06,Monaco,Nantes,1.76899,0.239715,17822,2021,https://understat.com/getLeagueData/Ligue_1/2021,2021-08-06,True
2021-08-07,Lyon,Brest,1.17521,1.01966,17823,2021,https://understat.com/getLeagueData/Ligue_1/2021,2021-08-07,True
2021-08-07,Troyes,Paris SG,0.618173,1.48651,17824,2021,https://understat.com/getLeagueData/Ligue_1/2021,2021-08-07,True
2021-08-08,Bordeaux,Clermont,0.510543,2.95652,17828,2021,https://understat.com/getLeagueData/Ligue_1/2021,2021-08-08,True
2021-08-08,Metz,Lille,1.02062,1.62245,17830,2021,https://understat.com/getLeagueData/Ligue_1/2021,2021-08-08,True
2021-08-08,Montpellier,Marseille,0.764726,2.15797,17831,2021,https://understat.com/getLeagueData/Ligue_1/2021,2021-08-08,True
2021-08-08,Nice,Reims,1.09947,0.158446,17829,2021,https://understat.com/getLeagueData/Ligue_1/2021,2021-08-08,True
2021-08-08,Rennes,Lens,0.598423,2.13637,17825,2021,https://understat.com/getLeagueData/Ligue_1/2021,2021-08-08,True
2021-08-08,St Etienne,Lorient,1.85797,0.835981,17826,2021,https://understat.com/getLeagueData/Ligue_1/2021,2021-08-08,True
2021-08-08,Strasbourg,Angers,0.267011,1.41617,17827,2021,https://understat.com/getLeagueData/Ligue_1/2021,2021-08-08,True
2021-08-13,Lorient,Monaco,0.779459,0.86536,17832,2021,https://understat.com/getLeagueData/Ligue_1/2021,2021-08-13,True
2021-08-14,Lille,Nice,0.768573,2.33694,17833,2021,https://understat.com/getLeagueData/Ligue_1/2021,2021-08-14,True
2021-08-14,Paris SG,Strasbourg,2.90032,0.570058,17834,2021,https://understat.com/getLeagueData/Ligue_1/2021,2021-08-14,True
2021-08-15,Angers,Lyon,1.6418,0.977124,17835,2021,https://understat.com/getLeagueData/Ligue_1/2021,2021-08-15,True
2021-08-15,Brest,Rennes,2.2991,1.32152,17836,2021,https://understat.com/getLeagueData/Ligue_1/2021,2021-08-15,True
2021-08-15,Clermont,Troyes,1.44309,0.696005,17837,2021,https://understat.com/getLeagueData/Ligue_1/2021,2021-08-15,True
2021-08-15,Lens,St Etienne,1.1447,0.85171,17840,2021,https://understat.com/getLeagueData/Ligue_1/2021,2021-08-15,True
2021-08-15,Marseille,Bordeaux,1.05273,0.318288,17841,2021,https://understat.com/getLeagueData/Ligue_1/2021,2021-08-15,True
2021-08-15,Nantes,Metz,1.7221,0.885265,17838,2021,https://understat.com/getLeagueData/Ligue_1/2021,2021-08-15,True
2021-08-15,Reims,Montpellier,1.30758,1.9999,17839,2021,https://understat.com/getLeagueData/Ligue_1/2021,2021-08-15,True
2021-08-20,Brest,Paris SG,1.24868,1.51499,17842,2021,https://understat.com/getLeagueData/Ligue_1/2021,2021-08-20,True
2021-08-21,Monaco,Lens,0.241985,0.598613,17843,2021,https://understat.com/getLeagueData/Ligue_1/2021,2021-08-21,True
2021-08-21,St Etienne,Lille,0.476794,1.1966,17844,2021,https://understat.com/getLeagueData/Ligue_1/2021,2021-08-21,True
2021-08-22,Bordeaux,Angers,0.603119,1.01295,17847,2021,https://understat.com/getLeagueData/Ligue_1/2021,2021-08-22,True
2021-08-22,Lyon,Clermont,3.31864,1.82093,17845,2021,https://understat.com/getLeagueData/Ligue_1/2021,2021-08-22,True
2021-08-22,Metz,Reims,0.670048,1.18358,17846,2021,https://understat.com/getLeagueData/Ligue_1/2021,2021-08-22,True
2021-08-22,Montpellier,Lorient,3.64876,0.462326,17849,2021,https://understat.com/getLeagueData/Ligue_1/2021,2021-08-22,True
2021-08-22,Rennes,Nantes,0.869605,0.264197,17850,2021,https://understat.com/getLeagueData/Ligue_1/2021,2021-08-22,True
2021-08-22,Strasbourg,Troyes,2.95463,1.14502,17848,2021,https://understat.com/getLeagueData/Ligue_1/2021,2021-08-22,True
2021-08-27,Nantes,Lyon,1.35394,1.44128,17852,2021,https://understat.com/getLeagueData/Ligue_1/2021,2021-08-27,True
2021-08-28,Marseille,St Etienne,2.73701,1.22779,17854,2021,https://understat.com/getLeagueData/Ligue_1/2021,2021-08-28,True
2021-08-28,Nice,Bordeaux,2.52768,0.867457,17853,2021,https://understat.com/getLeagueData/Ligue_1/2021,2021-08-28,True
2021-08-29,Angers,Rennes,2.63179,1.28738,17857,2021,https://understat.com/getLeagueData/Ligue_1/2021,2021-08-29,True
2021-08-29,Clermont,Metz,1.64521,1.90265,17858,2021,https://understat.com/getLeagueData/Ligue_1/2021,2021-08-29,True
2021-08-29,Lens,Lorient,1.13941,1.2163,17859,2021,https://understat.com/getLeagueData/Ligue_1/2021,2021-08-29,True
2021-08-29,Lille,Montpellier,2.46405,0.719288,17860,2021,https://understat.com/getLeagueData/Ligue_1/2021,2021-08-29,True
2021-08-29,Reims,Paris SG,0.826608,1.82461,17861,2021,https://understat.com/getLeagueData/Ligue_1/2021,2021-08-29,True
2021-08-29,Strasbourg,Brest,1.22705,0.592574,17856,2021,https://understat.com/getLeagueData/Ligue_1/2021,2021-08-29,True
2021-08-29,Troyes,Monaco,0.589287,1.74073,17855,2021,https://understat.com/getLeagueData/Ligue_1/2021,2021-08-29,True
2021-09-10,Lorient,Lille,1.08464,1.51807,17867,2021,https://understat.com/getLeagueData/Ligue_1/2021,2021-09-10,True
2021-09-11,Monaco,Marseille,0.890728,1.36062,17871,2021,https://understat.com/getLeagueData/Ligue_1/2021,2021-09-11,True
2021-09-11,Paris SG,Clermont,2.50575,1.0353,17863,2021,https://understat.com/getLeagueData/Ligue_1/2021,2021-09-11,True
2021-09-12,Bordeaux,Lens,1.00806,3.12454,17865,2021,https://understat.com/getLeagueData/Ligue_1/2021,2021-09-12,True
2021-09-12,Brest,Angers,1.47981,0.998328,17866,2021,https://understat.com/getLeagueData/Ligue_1/2021,2021-09-12,True
2021-09-12,Lyon,Strasbourg,1.69926,2.0448,17868,2021,https://understat.com/getLeagueData/Ligue_1/2021,2021-09-12,True
2021-09-12,Metz,Troyes,0.781252,0.86724,17870,2021,https://understat.com/getLeagueData/Ligue_1/2021,2021-09-12,True
2021-09-12,Montpellier,St Etienne,1.08969,0.861648,17869,2021,https://understat.com/getLeagueData/Ligue_1/2021,2021-09-12,True
2021-09-12,Nantes,Nice,2.1566,2.45276,17862,2021,https://understat.com/getLeagueData/Ligue_1/2021,2021-09-12,True
2021-09-12,Rennes,Reims,0.805521,0.871123,17864,2021,https://understat.com/getLeagueData/Ligue_1/2021,2021-09-12,True
2021-09-17,Strasbourg,Metz,2.04719,0.612439,17873,2021,https://understat.com/getLeagueData/Ligue_1/2021,2021-09-17,True
2021-09-18,Lens,Lille,0.486611,1.20992,17876,2021,https://understat.com/getLeagueData/Ligue_1/2021,2021-09-18,True
2021-09-18,St Etienne,Bordeaux,1.75367,2.36783,17881,2021,https://understat.com/getLeagueData/Ligue_1/2021,2021-09-18,True
2021-09-19,Angers,Nantes,0.609027,2.59886,17874,2021,https://understat.com/getLeagueData/Ligue_1/2021,2021-09-19,True
2021-09-19,Clermont,Brest,0.792314,0.657165,17875,2021,https://understat.com/getLeagueData/Ligue_1/2021,2021-09-19,True
2021-09-19,Marseille,Rennes,2.21352,1.06105,17877,2021,https://understat.com/getLeagueData/Ligue_1/2021,2021-09-19,True
2021-09-19,Nice,Monaco,1.94463,2.59113,17878,2021,https://understat.com/getLeagueData/Ligue_1/2021,2021-09-19,True
2021-09-19,Paris SG,Lyon,2.22972,0.822779,17879,2021,https://understat.com/getLeagueData/Ligue_1/2021,2021-09-19,True
2021-09-19,Reims,Lorient,0.977907,0.174553,17880,2021,https://understat.com/getLeagueData/Ligue_1/2021,2021-09-19,True
2021-09-19,Troyes,Montpellier,0.489047,0.249763,17872,2021,https://understat.com/getLeagueData/Ligue_1/2021,2021-09-19,True
2021-09-22,Angers,Marseille,0.470168,0.494217,17883,2021,https://understat.com/getLeagueData/Ligue_1/2021,2021-09-22,True
2021-09-22,Lens,Strasbourg,2.68397,1.09537,17882,2021,https://understat.com/getLeagueData/Ligue_1/2021,2021-09-22,True
2021-09-22,Lille,Reims,1.18526,1.1754,17891,2021,https://understat.com/getLeagueData/Ligue_1/2021,2021-09-22,True
2021-09-22,Lorient,Nice,0.619405,2.16916,17890,2021,https://understat.com/getLeagueData/Ligue_1/2021,2021-09-22,True
2021-09-22,Lyon,Troyes,2.47231,0.943884,17884,2021,https://understat.com/getLeagueData/Ligue_1/2021,2021-09-22,True
2021-09-22,Metz,Paris SG,0.761431,1.14719,17885,2021,https://understat.com/getLeagueData/Ligue_1/2021,2021-09-22,True
2021-09-22,Monaco,St Etienne,1.73834,0.325508,17886,2021,https://understat.com/getLeagueData/Ligue_1/2021,2021-09-22,True
2021-09-22,Montpellier,Bordeaux,1.68484,1.269,17887,2021,https://understat.com/getLeagueData/Ligue_1/2021,2021-09-22,True
2021-09-22,Nantes,Brest,1.66414,0.563562,17888,2021,https://understat.com/getLeagueData/Ligue_1/2021,2021-09-22,True
2021-09-22,Rennes,Clermont,3.15024,0.379902,17889,2021,https://understat.com/getLeagueData/Ligue_1/2021,2021-09-22,True
2021-09-25,Lyon,Lorient,0.843214,0.53504,17895,2021,https://understat.com/getLeagueData/Ligue_1/2021,2021-09-25,True
2021-09-25,Paris SG,Montpellier,2.58386,0.274573,17897,2021,https://understat.com/getLeagueData/Ligue_1/2021,2021-09-25,True
2021-09-25,St Etienne,Nice,0.663428,3.17651,17899,2021,https://understat.com/getLeagueData/Ligue_1/2021,2021-09-25,True
2021-09-25,Strasbourg,Lille,0.495724,2.58598,17900,2021,https://understat.com/getLeagueData/Ligue_1/2021,2021-09-25,True
2021-09-26,Bordeaux,Rennes,0.601971,1.78121,17892,2021,https://understat.com/getLeagueData/Ligue_1/2021,2021-09-26,True
2021-09-26,Brest,Metz,1.66801,0.668594,17893,2021,https://understat.com/getLeagueData/Ligue_1/2021,2021-09-26,True
2021-09-26,Clermont,Monaco,1.30935,1.79185,17894,2021,https://understat.com/getLeagueData/Ligue_1/2021,2021-09-26,True
2021-09-26,Marseille,Lens,2.01958,2.4899,17896,2021,https://understat.com/getLeagueData/Ligue_1/2021,2021-09-26,True
2021-09-26,Reims,Nantes,1.23068,0.768528,17898,2021,https://understat.com/getLeagueData/Ligue_1/2021,2021-09-26,True
2021-09-26,Troyes,Angers,1.25966,1.28496,17901,2021,https://understat.com/getLeagueData/Ligue_1/2021,2021-09-26,True
2021-10-01,Lens,Reims,2.36403,0.086376,17903,2021,https://understat.com/getLeagueData/Ligue_1/2021,2021-10-01,True
2021-10-02,Montpellier,Strasbourg,1.05711,0.293859,17907,2021,https://understat.com/getLeagueData/Ligue_1/2021,2021-10-02,True
2021-10-02,Nice,Brest,4.36782,0.31524,17909,2021,https://understat.com/getLeagueData/Ligue_1/2021,2021-10-02,True
2021-10-03,Angers,Metz,2.81377,0.895212,17902,2021,https://understat.com/getLeagueData/Ligue_1/2021,2021-10-03,True
2021-10-03,Lille,Marseille,3.52308,0.563626,17904,2021,https://understat.com/getLeagueData/Ligue_1/2021,2021-10-03,True
2021-10-03,Lorient,Clermont,0.585194,0.774714,17905,2021,https://understat.com/getLeagueData/Ligue_1/2021,2021-10-03,True
2021-10-03,Monaco,Bordeaux,1.7267,0.574838,17906,2021,https://understat.com/getLeagueData/Ligue_1/2021,2021-10-03,True
2021-10-03,Nantes,Troyes,1.71042,1.64687,17908,2021,https://understat.com/getLeagueData/Ligue_1/2021,2021-10-03,True
2021-10-03,Rennes,Paris SG,0.878199,1.39782,17910,2021,https://understat.com/getLeagueData/Ligue_1/2021,2021-10-03,True
2021-10-03,St Etienne,Lyon,2.47827,1.34812,17911,2021,https://understat.com/getLeagueData/Ligue_1/2021,2021-10-03,True
2021-10-15,Paris SG,Angers,2.48997,1.15895,17919,2021,https://understat.com/getLeagueData/Ligue_1/2021,2021-10-15,True
2021-10-16,Clermont,Lille,0.403245,0.607051,17914,2021,https://understat.com/getLeagueData/Ligue_1/2021,2021-10-16,True
2021-10-16,Lyon,Monaco,2.81711,0.514906,17915,2021,https://understat.com/getLeagueData/Ligue_1/2021,2021-10-16,True
2021-10-17,Bordeaux,Nantes,0.673783,1.27892,17912,2021,https://understat.com/getLeagueData/Ligue_1/2021,2021-10-17,True
2021-10-17,Brest,Reims,0.508125,1.03949,17913,2021,https://understat.com/getLeagueData/Ligue_1/2021,2021-10-17,True
2021-10-17,Marseille,Lorient,1.70821,2.09245,17916,2021,https://understat.com/getLeagueData/Ligue_1/2021,2021-10-17,True
2021-10-17,Metz,Rennes,0.97348,3.36021,17917,2021,https://understat.com/getLeagueData/Ligue_1/2021,2021-10-17,True
2021-10-17,Montpellier,Lens,1.62492,1.19027,17918,2021,https://understat.com/getLeagueData/Ligue_1/2021,2021-10-17,True
2021-10-17,Strasbourg,St Etienne,2.71053,0.931047,17920,2021,https://understat.com/getLeagueData/Ligue_1/2021,2021-10-17,True
2021-10-17,Troyes,Nice,1.42208,0.513333,17921,2021,https://understat.com/getLeagueData/Ligue_1/2021,2021-10-17,True
2021-10-22,St Etienne,Angers,1.50388,0.675033,17931,2021,https://understat.com/getLeagueData/Ligue_1/2021,2021-10-22,True
2021-10-23,Lille,Brest,1.6786,1.14162,17923,2021,https://understat.com/getLeagueData/Ligue_1/2021,2021-10-23,True
2021-10-23,Nantes,Clermont,1.07124,0.735892,17927,2021,https://understat.com/getLeagueData/Ligue_1/2021,2021-10-23,True
2021-10-24,Lens,Metz,2.37156,0.790081,17922,2021,https://understat.com/getLeagueData/Ligue_1/2021,2021-10-24,True
2021-10-24,Lorient,Bordeaux,1.78373,1.06479,17924,2021,https://understat.com/getLeagueData/Ligue_1/2021,2021-10-24,True
2021-10-24,Marseille,Paris SG,1.29195,2.0521,17925,2021,https://understat.com/getLeagueData/Ligue_1/2021,2021-10-24,True
2021-10-24,Monaco,Montpellier,2.11858,1.16841,17926,2021,https://understat.com/getLeagueData/Ligue_1/2021,2021-10-24,True
2021-10-24,Nice,Lyon,1.99644,1.41733,17928,2021,https://understat.com/getLeagueData/Ligue_1/2021,2021-10-24,True
2021-10-24,Reims,Troyes,1.02175,0.675059,17929,2021,https://understat.com/getLeagueData/Ligue_1/2021,2021-10-24,True
2021-10-24,Rennes,Strasbourg,1.35771,1.02588,17930,2021,https://understat.com/getLeagueData/Ligue_1/2021,2021-10-24,True
2021-10-27,Nice,Marseille,1.50504,0.341475,17851,2021,https://understat.com/getLeagueData/Ligue_1/2021,2021-10-27,True
2021-10-29,Paris SG,Lille,2.30974,1.83335,17939,2021,https://understat.com/getLeagueData/Ligue_1/2021,2021-10-29,True
2021-10-30,Lyon,Lens,2.02936,2.12966,17936,2021,https://understat.com/getLeagueData/Ligue_1/2021,2021-10-30,True
2021-10-30,Metz,St Etienne,0.382626,0.281781,17937,2021,https://understat.com/getLeagueData/Ligue_1/2021,2021-10-30,True
2021-10-31,Angers,Nice,1.21195,0.897424,17932,2021,https://understat.com/getLeagueData/Ligue_1/2021,2021-10-31,True
2021-10-31,Bordeaux,Reims,1.94845,1.81401,17933,2021,https://understat.com/getLeagueData/Ligue_1/2021,2021-10-31,True
2021-10-31,Brest,Monaco,1.77116,0.507286,17934,2021,https://understat.com/getLeagueData/Ligue_1/2021,2021-10-31,True
2021-10-31,Clermont,Marseille,0.743883,1.24579,17935,2021,https://understat.com/getLeagueData/Ligue_1/2021,2021-10-31,True
2021-10-31,Montpellier,Nantes,1.47174,0.856557,17938,2021,https://understat.com/getLeagueData/Ligue_1/2021,2021-10-31,True
2021-10-31,Strasbourg,Lorient,3.09428,0.666205,17940,2021,https://understat.com/getLeagueData/Ligue_1/2021,2021-10-31,True
2021-10-31,Troyes,Rennes,1.80006,1.51345,17941,2021,https://understat.com/getLeagueData/Ligue_1/2021,2021-10-31,True
2021-11-05,Lens,Troyes,3.16809,0.537488,17943,2021,https://understat.com/getLeagueData/Ligue_1/2021,2021-11-05,True
2021-11-06,Bordeaux,Paris SG,1.57566,1.23993,17942,2021,https://understat.com/getLeagueData/Ligue_1/2021,2021-11-06,True
2021-11-06,Lille,Angers,1.74491,1.15058,17944,2021,https://understat.com/getLeagueData/Ligue_1/2021,2021-11-06,True
2021-11-07,Lorient,Brest,1.16964,2.34992,17945,2021,https://understat.com/getLeagueData/Ligue_1/2021,2021-11-07,True
2021-11-07,Marseille,Metz,1.66928,1.36054,17946,2021,https://understat.com/getLeagueData/Ligue_1/2021,2021-11-07,True
2021-11-07,Nantes,Strasbourg,2.26281,1.92452,17947,2021,https://understat.com/getLeagueData/Ligue_1/2021,2021-11-07,True
2021-11-07,Nice,Montpellier,1.63624,0.641977,17948,2021,https://understat.com/getLeagueData/Ligue_1/2021,2021-11-07,True
2021-11-07,Reims,Monaco,0.33707,0.973878,17949,2021,https://understat.com/getLeagueData/Ligue_1/2021,2021-11-07,True
2021-11-07,Rennes,Lyon,3.97971,0.953137,17950,2021,https://understat.com/getLeagueData/Ligue_1/2021,2021-11-07,True
2021-11-07,St Etienne,Clermont,2.0562,1.30338,17951,2021,https://understat.com/getLeagueData/Ligue_1/2021,2021-11-07,True
2021-11-19,Monaco,Lille,0.938265,2.16486,17961,2021,https://understat.com/getLeagueData/Ligue_1/2021,2021-11-19,True
2021-11-20,Paris SG,Nantes,1.26725,0.998765,17956,2021,https://understat.com/getLeagueData/Ligue_1/2021,2021-11-20,True
2021-11-20,Rennes,Montpellier,3.99657,0.298729,17957,2021,https://understat.com/getLeagueData/Ligue_1/2021,2021-11-20,True
2021-11-21,Angers,Lorient,1.46206,0.420713,17952,2021,https://understat.com/getLeagueData/Ligue_1/2021,2021-11-21,True
2021-11-21,Brest,Lens,1.44486,1.7144,17953,2021,https://understat.com/getLeagueData/Ligue_1/2021,2021-11-21,True
2021-11-21,Clermont,Nice,0.779709,0.617574,17954,2021,https://understat.com/getLeagueData/Ligue_1/2021,2021-11-21,True
2021-11-21,Metz,Bordeaux,1.32669,2.68178,17960,2021,https://understat.com/getLeagueData/Ligue_1/2021,2021-11-21,True
2021-11-21,Strasbourg,Reims,2.02517,1.25894,17958,2021,https://understat.com/getLeagueData/Ligue_1/2021,2021-11-21,True
2021-11-21,Troyes,St Etienne,1.19094,1.24032,17959,2021,https://understat.com/getLeagueData/Ligue_1/2021,2021-11-21,True
2021-11-26,Lens,Angers,1.60255,2.00176,17965,2021,https://understat.com/getLeagueData/Ligue_1/2021,2021-11-26,True
2021-11-27,Lille,Nantes,1.46803,0.358991,17966,2021,https://understat.com/getLeagueData/Ligue_1/2021,2021-11-27,True
2021-11-27,Nice,Metz,1.3496,0.526632,17971,2021,https://understat.com/getLeagueData/Ligue_1/2021,2021-11-27,True
2021-11-28,Bordeaux,Brest,1.4572,2.26589,17964,2021,https://understat.com/getLeagueData/Ligue_1/2021,2021-11-28,True
2021-11-28,Lorient,Rennes,0.633986,0.989174,17967,2021,https://understat.com/getLeagueData/Ligue_1/2021,2021-11-28,True
2021-11-28,Marseille,Troyes,1.15323,0.145868,17968,2021,https://understat.com/getLeagueData/Ligue_1/2021,2021-11-28,True
2021-11-28,Monaco,Strasbourg,1.58216,0.945132,17969,2021,https://understat.com/getLeagueData/Ligue_1/2021,2021-11-28,True
2021-11-28,Montpellier,Lyon,1.02178,1.17882,17970,2021,https://understat.com/getLeagueData/Ligue_1/2021,2021-11-28,True
2021-11-28,Reims,Clermont,0.707634,0.270002,17963,2021,https://understat.com/getLeagueData/Ligue_1/2021,2021-11-28,True
2021-11-28,St Etienne,Paris SG,0.969955,3.43495,17962,2021,https://understat.com/getLeagueData/Ligue_1/2021,2021-11-28,True
2021-12-01,Angers,Monaco,1.03304,3.50553,17972,2021,https://understat.com/getLeagueData/Ligue_1/2021,2021-12-01,True
2021-12-01,Brest,St Etienne,1.89197,0.456836,17973,2021,https://understat.com/getLeagueData/Ligue_1/2021,2021-12-01,True
2021-12-01,Clermont,Lens,1.80535,0.568409,17974,2021,https://understat.com/getLeagueData/Ligue_1/2021,2021-12-01,True
2021-12-01,Lyon,Reims,2.85052,1.05349,17975,2021,https://understat.com/getLeagueData/Ligue_1/2021,2021-12-01,True
2021-12-01,Metz,Montpellier,1.47536,1.41193,17976,2021,https://understat.com/getLeagueData/Ligue_1/2021,2021-12-01,True
2021-12-01,Nantes,Marseille,0.174142,1.63717,17977,2021,https://understat.com/getLeagueData/Ligue_1/2021,2021-12-01,True
2021-12-01,Paris SG,Nice,1.61794,0.957516,17978,2021,https://understat.com/getLeagueData/Ligue_1/2021,2021-12-01,True
2021-12-01,Rennes,Lille,0.799539,0.708091,17979,2021,https://understat.com/getLeagueData/Ligue_1/2021,2021-12-01,True
2021-12-01,Strasbourg,Bordeaux,3.43125,1.48801,17980,2021,https://understat.com/getLeagueData/Ligue_1/2021,2021-12-01,True
2021-12-01,Troyes,Lorient,1.12178,0.433668,17981,2021,https://understat.com/getLeagueData/Ligue_1/2021,2021-12-01,True
2021-12-04,Lens,Paris SG,0.824432,2.29134,17991,2021,https://understat.com/getLeagueData/Ligue_1/2021,2021-12-04,True
2021-12-04,Lille,Troyes,1.79406,0.28995,17982,2021,https://understat.com/getLeagueData/Ligue_1/2021,2021-12-04,True
2021-12-04,Marseille,Brest,1.92281,1.55388,17987,2021,https://understat.com/getLeagueData/Ligue_1/2021,2021-12-04,True
2021-12-05,Bordeaux,Lyon,2.60089,1.84671,17990,2021,https://understat.com/getLeagueData/Ligue_1/2021,2021-12-05,True
2021-12-05,Lorient,Nantes,0.619711,0.268938,17986,2021,https://understat.com/getLeagueData/Ligue_1/2021,2021-12-05,True
2021-12-05,Monaco,Metz,1.91421,0.547708,17988,2021,https://understat.com/getLeagueData/Ligue_1/2021,2021-12-05,True
2021-12-05,Montpellier,Clermont,0.855855,0.394172,17989,2021,https://understat.com/getLeagueData/Ligue_1/2021,2021-12-05,True
2021-12-05,Nice,Strasbourg,1.36817,2.7263,17985,2021,https://understat.com/getLeagueData/Ligue_1/2021,2021-12-05,True
2021-12-05,Reims,Angers,1.34274,1.7715,17984,2021,https://understat.com/getLeagueData/Ligue_1/2021,2021-12-05,True
2021-12-05,St Etienne,Rennes,0.357851,3.1151,17983,2021,https://understat.com/getLeagueData/Ligue_1/2021,2021-12-05,True
2021-12-10,Nantes,Lens,1.43665,0.840732,18000,2021,https://understat.com/getLeagueData/Ligue_1/2021,2021-12-10,True
2021-12-11,Brest,Montpellier,0.691352,1.67645,17996,2021,https://understat.com/getLeagueData/Ligue_1/2021,2021-12-11,True
2021-12-11,Reims,St Etienne,2.71752,0.119419,17998,2021,https://understat.com/getLeagueData/Ligue_1/2021,2021-12-11,True
2021-12-12,Angers,Clermont,1.52675,1.7067,17994,2021,https://understat.com/getLeagueData/Ligue_1/2021,2021-12-12,True
2021-12-12,Lille,Lyon,2.15596,0.422128,17995,2021,https://understat.com/getLeagueData/Ligue_1/2021,2021-12-12,True
2021-12-12,Metz,Lorient,1.14227,1.70684,18001,2021,https://understat.com/getLeagueData/Ligue_1/2021,2021-12-12,True
2021-12-12,Paris SG,Monaco,1.90289,0.815473,17999,2021,https://understat.com/getLeagueData/Ligue_1/2021,2021-12-12,True
2021-12-12,Rennes,Nice,1.60766,1.8035,17993,2021,https://understat.com/getLeagueData/Ligue_1/2021,2021-12-12,True
2021-12-12,Strasbourg,Marseille,1.7897,0.708922,17992,2021,https://understat.com/getLeagueData/Ligue_1/2021,2021-12-12,True
2021-12-12,Troyes,Bordeaux,1.26919,1.13993,17997,2021,https://understat.com/getLeagueData/Ligue_1/2021,2021-12-12,True
2021-12-22,Bordeaux,Lille,1.00922,1.23123,18002,2021,https://understat.com/getLeagueData/Ligue_1/2021,2021-12-22,True
2021-12-22,Lorient,Paris SG,1.47671,2.19929,18004,2021,https://understat.com/getLeagueData/Ligue_1/2021,2021-12-22,True
2021-12-22,Lyon,Metz,2.79025,0.353946,18005,2021,https://understat.com/getLeagueData/Ligue_1/2021,2021-12-22,True
2021-12-22,Marseille,Reims,1.70528,1.05686,18006,2021,https://understat.com/getLeagueData/Ligue_1/2021,2021-12-22,True
2021-12-22,Monaco,Rennes,1.62819,1.29487,18007,2021,https://understat.com/getLeagueData/Ligue_1/2021,2021-12-22,True
2021-12-22,Montpellier,Angers,0.998835,0.747023,18008,2021,https://understat.com/getLeagueData/Ligue_1/2021,2021-12-22,True
2021-12-22,Nice,Lens,0.866194,1.72232,18009,2021,https://understat.com/getLeagueData/Ligue_1/2021,2021-12-22,True
2021-12-22,St Etienne,Nantes,1.00748,0.791261,18010,2021,https://understat.com/getLeagueData/Ligue_1/2021,2021-12-22,True
2021-12-22,Troyes,Brest,1.05921,0.661085,18011,2021,https://understat.com/getLeagueData/Ligue_1/2021,2021-12-22,True
2022-01-07,Bordeaux,Marseille,0.413069,2.1562,18016,2021,https://understat.com/getLeagueData/Ligue_1/2021,2022-01-07,True
2022-01-08,Lens,Rennes,0.579974,0.32823,18019,2021,https://understat.com/getLeagueData/Ligue_1/2021,2022-01-08,True
2022-01-09,Brest,Nice,1.61742,1.44947,18017,2021,https://understat.com/getLeagueData/Ligue_1/2021,2022-01-09,True
2022-01-09,Clermont,Reims,0.762901,0.808538,18018,2021,https://understat.com/getLeagueData/Ligue_1/2021,2022-01-09,True
2022-01-09,Lyon,Paris SG,1.03597,1.12874,18021,2021,https://understat.com/getLeagueData/Ligue_1/2021,2022-01-09,True
2022-01-09,Metz,Strasbourg,0.2706,3.70382,18012,2021,https://understat.com/getLeagueData/Ligue_1/2021,2022-01-09,True
2022-01-09,Nantes,Monaco,0.364991,0.69482,18014,2021,https://understat.com/getLeagueData/Ligue_1/2021,2022-01-09,True
2022-01-14,Nice,Nantes,2.27691,0.396645,18025,2021,https://understat.com/getLeagueData/Ligue_1/2021,2022-01-14,True
2022-01-15,Paris SG,Brest,2.70951,0.724633,18026,2021,https://understat.com/getLeagueData/Ligue_1/2021,2022-01-15,True
2022-01-15,St Etienne,Lens,0.950864,0.746899,18029,2021,https://understat.com/getLeagueData/Ligue_1/2021,2022-01-15,True
2022-01-16,Lorient,Angers,0.480599,0.554657,18022,2021,https://understat.com/getLeagueData/Ligue_1/2021,2022-01-16,True
2022-01-16,Marseille,Lille,1.62744,0.966892,18023,2021,https://understat.com/getLeagueData/Ligue_1/2021,2022-01-16,True
2022-01-16,Monaco,Clermont,4.25883,0.248903,18024,2021,https://understat.com/getLeagueData/Ligue_1/2021,2022-01-16,True
2022-01-16,Reims,Metz,0.651857,0.713423,18027,2021,https://understat.com/getLeagueData/Ligue_1/2021,2022-01-16,True
2022-01-16,Rennes,Bordeaux,4.07838,0.412647,18028,2021,https://understat.com/getLeagueData/Ligue_1/2021,2022-01-16,True
2022-01-16,Strasbourg,Montpellier,1.4597,1.02915,18030,2021,https://understat.com/getLeagueData/Ligue_1/2021,2022-01-16,True
2022-01-16,Troyes,Lyon,0.485256,3.02674,18031,2021,https://understat.com/getLeagueData/Ligue_1/2021,2022-01-16,True
2022-01-19,Clermont,Strasbourg,0.348448,1.74904,18003,2021,https://understat.com/getLeagueData/Ligue_1/2021,2022-01-19,True
2022-01-19,Lille,Lorient,1.58626,1.21798,18020,2021,https://understat.com/getLeagueData/Ligue_1/2021,2022-01-19,True
2022-01-19,Montpellier,Troyes,0.575051,0.548481,18013,2021,https://understat.com/getLeagueData/Ligue_1/2021,2022-01-19,True
2022-01-21,Lyon,St Etienne,2.19008,0.242989,18037,2021,https://understat.com/getLeagueData/Ligue_1/2021,2022-01-21,True
2022-01-22,Brest,Lille,1.29391,1.37501,18034,2021,https://understat.com/getLeagueData/Ligue_1/2021,2022-01-22,True
2022-01-22,Lens,Marseille,0.618083,1.35491,18036,2021,https://understat.com/getLeagueData/Ligue_1/2021,2022-01-22,True
2022-01-23,Angers,Troyes,2.29724,1.63676,18032,2021,https://understat.com/getLeagueData/Ligue_1/2021,2022-01-23,True
2022-01-23,Bordeaux,Strasbourg,1.65394,1.49036,18033,2021,https://understat.com/getLeagueData/Ligue_1/2021,2022-01-23,True
2022-01-23,Clermont,Rennes,1.09838,2.49108,18035,2021,https://understat.com/getLeagueData/Ligue_1/2021,2022-01-23,True
2022-01-23,Metz,Nice,0.233858,1.94674,18038,2021,https://understat.com/getLeagueData/Ligue_1/2021,2022-01-23,True
2022-01-23,Montpellier,Monaco,2.2292,1.24246,18039,2021,https://understat.com/getLeagueData/Ligue_1/2021,2022-01-23,True
2022-01-23,Nantes,Lorient,1.40263,2.03139,18040,2021,https://understat.com/getLeagueData/Ligue_1/2021,2022-01-23,True
2022-01-23,Paris SG,Reims,2.95339,0.344474,18041,2021,https://understat.com/getLeagueData/Ligue_1/2021,2022-01-23,True
2022-01-26,Angers,St Etienne,0.354099,0.352428,18015,2021,https://understat.com/getLeagueData/Ligue_1/2021,2022-01-26,True
2022-02-01,Lyon,Marseille,1.5519,1.12202,17955,2021,https://understat.com/getLeagueData/Ligue_1/2021,2022-02-02,True
2022-02-04,Marseille,Angers,2.34718,0.686866,18046,2021,https://understat.com/getLeagueData/Ligue_1/2021,2022-02-04,True
2022-02-05,Monaco,Lyon,2.28974,1.30679,18047,2021,https://understat.com/getLeagueData/Ligue_1/2021,2022-02-05,True
2022-02-05,St Etienne,Montpellier,2.12286,0.698377,18051,2021,https://understat.com/getLeagueData/Ligue_1/2021,2022-02-05,True
2022-02-06,Lille,Paris SG,0.863815,3.0381,18044,2021,https://understat.com/getLeagueData/Ligue_1/2021,2022-02-06,True
2022-02-06,Lorient,Lens,1.57013,0.392243,18045,2021,https://understat.com/getLeagueData/Ligue_1/2021,2022-02-06,True
2022-02-06,Nice,Clermont,0.698505,1.29927,18048,2021,https://understat.com/getLeagueData/Ligue_1/2021,2022-02-06,True
2022-02-06,Reims,Bordeaux,2.05989,0.120599,18049,2021,https://understat.com/getLeagueData/Ligue_1/2021,2022-02-06,True
2022-02-06,Rennes,Brest,2.77542,0.220673,18050,2021,https://understat.com/getLeagueData/Ligue_1/2021,2022-02-06,True
2022-02-06,Strasbourg,Nantes,1.32815,0.261773,18042,2021,https://understat.com/getLeagueData/Ligue_1/2021,2022-02-06,True
2022-02-06,Troyes,Metz,0.435111,0.566752,18043,2021,https://understat.com/getLeagueData/Ligue_1/2021,2022-02-06,True
2022-02-11,Paris SG,Rennes,0.797795,0.589669,18052,2021,https://understat.com/getLeagueData/Ligue_1/2021,2022-02-11,True
2022-02-12,Lyon,Nice,2.75209,0.0804562,18060,2021,https://understat.com/getLeagueData/Ligue_1/2021,2022-02-12,True
2022-02-12,Montpellier,Lille,0.740905,1.51288,18055,2021,https://understat.com/getLeagueData/Ligue_1/2021,2022-02-12,True
2022-02-13,Angers,Strasbourg,0.258677,0.335367,18056,2021,https://understat.com/getLeagueData/Ligue_1/2021,2022-02-13,True
2022-02-13,Brest,Troyes,2.76844,0.79069,18057,2021,https://understat.com/getLeagueData/Ligue_1/2021,2022-02-13,True
2022-02-13,Clermont,St Etienne,0.834271,1.1863,18058,2021,https://understat.com/getLeagueData/Ligue_1/2021,2022-02-13,True
2022-02-13,Lens,Bordeaux,2.18631,0.758048,18059,2021,https://understat.com/getLeagueData/Ligue_1/2021,2022-02-13,True
2022-02-13,Metz,Marseille,0.792396,2.31854,18061,2021,https://understat.com/getLeagueData/Ligue_1/2021,2022-02-13,True
2022-02-13,Monaco,Lorient,1.31384,0.132654,18054,2021,https://understat.com/getLeagueData/Ligue_1/2021,2022-02-13,True
2022-02-13,Nantes,Reims,0.660721,0.613315,18053,2021,https://understat.com/getLeagueData/Ligue_1/2021,2022-02-13,True
2022-02-18,Lille,Metz,1.18868,0.279242,18067,2021,https://understat.com/getLeagueData/Ligue_1/2021,2022-02-18,True
2022-02-19,Lens,Lyon,0.655911,1.18398,18068,2021,https://understat.com/getLeagueData/Ligue_1/2021,2022-02-19,True
2022-02-19,Nantes,Paris SG,2.59589,3.65345,18070,2021,https://understat.com/getLeagueData/Ligue_1/2021,2022-02-19,True
2022-02-20,Bordeaux,Monaco,0.85473,0.951923,18065,2021,https://understat.com/getLeagueData/Ligue_1/2021,2022-02-20,True
2022-02-20,Lorient,Montpellier,0.623848,0.376147,18066,2021,https://understat.com/getLeagueData/Ligue_1/2021,2022-02-20,True
2022-02-20,Marseille,Clermont,1.02368,0.769815,18071,2021,https://understat.com/getLeagueData/Ligue_1/2021,2022-02-20,True
2022-02-20,Nice,Angers,1.29968,0.98327,18069,2021,https://understat.com/getLeagueData/Ligue_1/2021,2022-02-20,True
2022-02-20,Reims,Brest,0.540071,1.69455,18064,2021,https://understat.com/getLeagueData/Ligue_1/2021,2022-02-20,True
2022-02-20,Rennes,Troyes,3.26228,0.762222,18063,2021,https://understat.com/getLeagueData/Ligue_1/2021,2022-02-20,True
2022-02-20,St Etienne,Strasbourg,1.28968,1.51652,18062,2021,https://understat.com/getLeagueData/Ligue_1/2021,2022-02-20,True
2022-02-25,Montpellier,Rennes,1.16985,1.81992,18073,2021,https://understat.com/getLeagueData/Ligue_1/2021,2022-02-25,True
2022-02-26,Paris SG,St Etienne,2.81988,0.641957,18075,2021,https://understat.com/getLeagueData/Ligue_1/2021,2022-02-26,True
2022-02-26,Strasbourg,Nice,1.03088,0.148653,18076,2021,https://understat.com/getLeagueData/Ligue_1/2021,2022-02-26,True
2022-02-27,Angers,Lens,0.601212,0.688779,18077,2021,https://understat.com/getLeagueData/Ligue_1/2021,2022-02-27,True
2022-02-27,Brest,Lorient,0.210366,2.16888,18081,2021,https://understat.com/getLeagueData/Ligue_1/2021,2022-02-27,True
2022-02-27,Clermont,Bordeaux,0.55263,0.894218,18080,2021,https://understat.com/getLeagueData/Ligue_1/2021,2022-02-27,True
2022-02-27,Lyon,Lille,1.48658,0.735102,18079,2021,https://understat.com/getLeagueData/Ligue_1/2021,2022-02-27,True
2022-02-27,Metz,Nantes,0.263909,0.61206,18078,2021,https://understat.com/getLeagueData/Ligue_1/2021,2022-02-27,True
2022-02-27,Monaco,Reims,1.7487,1.66986,18074,2021,https://understat.com/getLeagueData/Ligue_1/2021,2022-02-27,True
2022-02-27,Troyes,Marseille,2.00647,1.01636,18072,2021,https://understat.com/getLeagueData/Ligue_1/2021,2022-02-27,True
2022-03-04,Lorient,Lyon,1.26241,2.61126,18088,2021,https://understat.com/getLeagueData/Ligue_1/2021,2022-03-04,True
2022-03-05,Lens,Brest,1.83072,0.372083,18086,2021,https://understat.com/getLeagueData/Ligue_1/2021,2022-03-05,True
2022-03-05,Nice,Paris SG,1.20526,0.652664,18091,2021,https://understat.com/getLeagueData/Ligue_1/2021,2022-03-05,True
2022-03-06,Bordeaux,Troyes,0.884355,2.3042,18085,2021,https://understat.com/getLeagueData/Ligue_1/2021,2022-03-06,True
2022-03-06,Lille,Clermont,2.04079,0.477886,18087,2021,https://understat.com/getLeagueData/Ligue_1/2021,2022-03-06,True
2022-03-06,Marseille,Monaco,0.865388,0.69435,18089,2021,https://understat.com/getLeagueData/Ligue_1/2021,2022-03-06,True
2022-03-06,Nantes,Montpellier,1.55928,0.200382,18090,2021,https://understat.com/getLeagueData/Ligue_1/2021,2022-03-06,True
2022-03-06,Reims,Strasbourg,0.909924,0.744534,18082,2021,https://understat.com/getLeagueData/Ligue_1/2021,2022-03-06,True
2022-03-06,Rennes,Angers,2.39062,0.316774,18083,2021,https://understat.com/getLeagueData/Ligue_1/2021,2022-03-06,True
2022-03-06,St Etienne,Metz,1.32057,0.313165,18084,2021,https://understat.com/getLeagueData/Ligue_1/2021,2022-03-06,True
2022-03-11,Lille,St Etienne,1.24797,0.48678,18095,2021,https://understat.com/getLeagueData/Ligue_1/2021,2022-03-11,True
2022-03-12,Montpellier,Nice,2.49092,0.757229,18098,2021,https://understat.com/getLeagueData/Ligue_1/2021,2022-03-12,True
2022-03-12,Troyes,Nantes,1.18612,0.490874,18101,2021,https://understat.com/getLeagueData/Ligue_1/2021,2022-03-12,True
2022-03-13,Angers,Reims,1.88223,1.52385,18092,2021,https://understat.com/getLeagueData/Ligue_1/2021,2022-03-13,True
2022-03-13,Brest,Marseille,0.424923,1.94529,18093,2021,https://understat.com/getLeagueData/Ligue_1/2021,2022-03-13,True
2022-03-13,Clermont,Lorient,1.27083,1.39672,18094,2021,https://understat.com/getLeagueData/Ligue_1/2021,2022-03-13,True
2022-03-13,Lyon,Rennes,1.18519,1.27931,18096,2021,https://understat.com/getLeagueData/Ligue_1/2021,2022-03-13,True
2022-03-13,Metz,Lens,0.696431,0.82202,18097,2021,https://understat.com/getLeagueData/Ligue_1/2021,2022-03-13,True
2022-03-13,Paris SG,Bordeaux,2.05393,0.756536,18099,2021,https://understat.com/getLeagueData/Ligue_1/2021,2022-03-13,True
2022-03-13,Strasbourg,Monaco,0.834621,0.695519,18100,2021,https://understat.com/getLeagueData/Ligue_1/2021,2022-03-13,True
2022-03-18,St Etienne,Troyes,1.21267,1.06117,18108,2021,https://understat.com/getLeagueData/Ligue_1/2021,2022-03-18,True
2022-03-19,Lens,Clermont,1.06718,1.75053,18104,2021,https://understat.com/getLeagueData/Ligue_1/2021,2022-03-19,True
2022-03-19,Nantes,Lille,0.53106,1.58475,18111,2021,https://understat.com/getLeagueData/Ligue_1/2021,2022-03-19,True
2022-03-20,Angers,Brest,1.2018,0.562622,18102,2021,https://understat.com/getLeagueData/Ligue_1/2021,2022-03-20,True
2022-03-20,Bordeaux,Montpellier,2.60974,0.70843,18103,2021,https://understat.com/getLeagueData/Ligue_1/2021,2022-03-20,True
2022-03-20,Lorient,Strasbourg,0.410107,1.33873,18105,2021,https://understat.com/getLeagueData/Ligue_1/2021,2022-03-20,True
2022-03-20,Marseille,Nice,1.58806,1.69113,18106,2021,https://understat.com/getLeagueData/Ligue_1/2021,2022-03-20,True
2022-03-20,Monaco,Paris SG,2.4996,1.50615,18107,2021,https://understat.com/getLeagueData/Ligue_1/2021,2022-03-20,True
2022-03-20,Reims,Lyon,0.546254,1.59498,18110,2021,https://understat.com/getLeagueData/Ligue_1/2021,2022-03-20,True
2022-03-20,Rennes,Metz,3.3969,0.68535,18109,2021,https://understat.com/getLeagueData/Ligue_1/2021,2022-03-20,True
2022-04-02,Lille,Bordeaux,3.17511,0.113867,18113,2021,https://understat.com/getLeagueData/Ligue_1/2021,2022-04-02,True
2022-04-02,Nice,Rennes,1.06234,0.896308,18117,2021,https://understat.com/getLeagueData/Ligue_1/2021,2022-04-02,True
2022-04-03,Clermont,Nantes,0.918981,1.95586,18112,2021,https://understat.com/getLeagueData/Ligue_1/2021,2022-04-03,True
2022-04-03,Lyon,Angers,1.58017,1.67709,18114,2021,https://understat.com/getLeagueData/Ligue_1/2021,2022-04-03,True
2022-04-03,Metz,Monaco,0.704436,2.15545,18115,2021,https://understat.com/getLeagueData/Ligue_1/2021,2022-04-03,True
2022-04-03,Montpellier,Brest,1.26492,0.703265,18116,2021,https://understat.com/getLeagueData/Ligue_1/2021,2022-04-03,True
2022-04-03,Paris SG,Lorient,1.96317,0.841873,18118,2021,https://understat.com/getLeagueData/Ligue_1/2021,2022-04-03,True
2022-04-03,St Etienne,Marseille,0.208011,3.73912,18119,2021,https://understat.com/getLeagueData/Ligue_1/2021,2022-04-03,True
2022-04-03,Strasbourg,Lens,2.66149,1.22404,18120,2021,https://understat.com/getLeagueData/Ligue_1/2021,2022-04-03,True
2022-04-03,Troyes,Reims,1.17209,0.480462,18121,2021,https://understat.com/getLeagueData/Ligue_1/2021,2022-04-03,True
2022-04-08,Lorient,St Etienne,4.1419,1.17408,18127,2021,https://understat.com/getLeagueData/Ligue_1/2021,2022-04-08,True
2022-04-09,Clermont,Paris SG,1.02858,3.57375,18125,2021,https://understat.com/getLeagueData/Ligue_1/2021,2022-04-09,True
2022-04-09,Reims,Rennes,2.56613,1.12659,18130,2021,https://understat.com/getLeagueData/Ligue_1/2021,2022-04-09,True
2022-04-10,Angers,Lille,0.679878,0.898909,18122,2021,https://understat.com/getLeagueData/Ligue_1/2021,2022-04-10,True
2022-04-10,Bordeaux,Metz,2.28971,0.335155,18123,2021,https://understat.com/getLeagueData/Ligue_1/2021,2022-04-10,True
2022-04-10,Brest,Nantes,1.25604,0.778552,18124,2021,https://understat.com/getLeagueData/Ligue_1/2021,2022-04-10,True
2022-04-10,Lens,Nice,0.790168,1.3837,18126,2021,https://understat.com/getLeagueData/Ligue_1/2021,2022-04-10,True
2022-04-10,Marseille,Montpellier,2.81079,0.477841,18128,2021,https://understat.com/getLeagueData/Ligue_1/2021,2022-04-10,True
2022-04-10,Monaco,Troyes,0.441913,0.96754,18129,2021,https://understat.com/getLeagueData/Ligue_1/2021,2022-04-10,True
2022-04-10,Strasbourg,Lyon,1.45377,2.10099,18131,2021,https://understat.com/getLeagueData/Ligue_1/2021,2022-04-10,True
2022-04-15,Rennes,Monaco,2.27865,2.95816,18139,2021,https://understat.com/getLeagueData/Ligue_1/2021,2022-04-15,True
2022-04-16,Lille,Lens,0.662879,1.15118,18132,2021,https://understat.com/getLeagueData/Ligue_1/2021,2022-04-16,True
2022-04-16,St Etienne,Brest,1.84462,0.488405,18140,2021,https://understat.com/getLeagueData/Ligue_1/2021,2022-04-16,True
2022-04-17,Lyon,Bordeaux,2.49379,1.86392,18133,2021,https://understat.com/getLeagueData/Ligue_1/2021,2022-04-17,True
2022-04-17,Metz,Clermont,0.404435,2.74048,18134,2021,https://understat.com/getLeagueData/Ligue_1/2021,2022-04-17,True
2022-04-17,Montpellier,Reims,0.909367,1.19445,18135,2021,https://understat.com/getLeagueData/Ligue_1/2021,2022-04-17,True
2022-04-17,Nantes,Angers,3.40116,0.417241,18136,2021,https://understat.com/getLeagueData/Ligue_1/2021,2022-04-17,True
2022-04-17,Nice,Lorient,2.19937,0.250443,18137,2021,https://understat.com/getLeagueData/Ligue_1/2021,2022-04-17,True
2022-04-17,Paris SG,Marseille,1.39018,0.304776,18138,2021,https://understat.com/getLeagueData/Ligue_1/2021,2022-04-17,True
2022-04-17,Troyes,Strasbourg,1.3267,1.83132,18141,2021,https://understat.com/getLeagueData/Ligue_1/2021,2022-04-17,True
2022-04-20,Angers,Paris SG,0.395666,1.41841,18142,2021,https://understat.com/getLeagueData/Ligue_1/2021,2022-04-20,True
2022-04-20,Bordeaux,St Etienne,0.927753,0.858193,18143,2021,https://understat.com/getLeagueData/Ligue_1/2021,2022-04-20,True
2022-04-20,Brest,Lyon,1.15279,2.63063,18144,2021,https://understat.com/getLeagueData/Ligue_1/2021,2022-04-20,True
2022-04-20,Lens,Montpellier,0.98883,0.216737,18145,2021,https://understat.com/getLeagueData/Ligue_1/2021,2022-04-20,True
2022-04-20,Lorient,Metz,1.2504,1.69979,18146,2021,https://understat.com/getLeagueData/Ligue_1/2021,2022-04-20,True
2022-04-20,Marseille,Nantes,3.11851,0.607116,18147,2021,https://understat.com/getLeagueData/Ligue_1/2021,2022-04-20,True
2022-04-20,Monaco,Nice,2.06975,0.762416,18148,2021,https://understat.com/getLeagueData/Ligue_1/2021,2022-04-20,True
2022-04-20,Reims,Lille,0.727134,0.944946,18149,2021,https://understat.com/getLeagueData/Ligue_1/2021,2022-04-20,True
2022-04-20,Strasbourg,Rennes,2.62063,0.851224,18150,2021,https://understat.com/getLeagueData/Ligue_1/2021,2022-04-20,True
2022-04-20,Troyes,Clermont,0.996134,0.411065,18151,2021,https://understat.com/getLeagueData/Ligue_1/2021,2022-04-20,True
2022-04-23,Lyon,Montpellier,3.38895,2.02417,18154,2021,https://understat.com/getLeagueData/Ligue_1/2021,2022-04-23,True
2022-04-23,Paris SG,Lens,2.18256,0.666328,18158,2021,https://understat.com/getLeagueData/Ligue_1/2021,2022-04-23,True
2022-04-23,St Etienne,Monaco,0.971737,3.28491,18161,2021,https://understat.com/getLeagueData/Ligue_1/2021,2022-04-23,True
2022-04-24,Clermont,Angers,1.74002,1.3986,18152,2021,https://understat.com/getLeagueData/Ligue_1/2021,2022-04-24,True
2022-04-24,Lille,Strasbourg,0.354075,0.519111,18153,2021,https://understat.com/getLeagueData/Ligue_1/2021,2022-04-24,True
2022-04-24,Metz,Brest,0.387087,1.93279,18155,2021,https://understat.com/getLeagueData/Ligue_1/2021,2022-04-24,True
2022-04-24,Nantes,Bordeaux,2.54491,2.61153,18156,2021,https://understat.com/getLeagueData/Ligue_1/2021,2022-04-24,True
2022-04-24,Nice,Troyes,2.36176,0.465645,18157,2021,https://understat.com/getLeagueData/Ligue_1/2021,2022-04-24,True
2022-04-24,Reims,Marseille,0.661794,0.458087,18159,2021,https://understat.com/getLeagueData/Ligue_1/2021,2022-04-24,True
2022-04-24,Rennes,Lorient,1.74528,0.533869,18160,2021,https://understat.com/getLeagueData/Ligue_1/2021,2022-04-24,True
2022-04-29,Strasbourg,Paris SG,1.62601,1.94951,18168,2021,https://understat.com/getLeagueData/Ligue_1/2021,2022-04-29,True
2022-04-30,Lens,Nantes,1.80901,1.25803,18162,2021,https://understat.com/getLeagueData/Ligue_1/2021,2022-04-30,True
2022-04-30,Rennes,St Etienne,1.29378,0.568645,18167,2021,https://understat.com/getLeagueData/Ligue_1/2021,2022-04-30,True
2022-05-01,Bordeaux,Nice,0.181557,2.5433,18170,2021,https://understat.com/getLeagueData/Ligue_1/2021,2022-05-01,True
2022-05-01,Brest,Clermont,1.31508,0.993885,18171,2021,https://understat.com/getLeagueData/Ligue_1/2021,2022-05-01,True
2022-05-01,Lorient,Reims,1.73735,1.40084,18163,2021,https://understat.com/getLeagueData/Ligue_1/2021,2022-05-01,True
2022-05-01,Marseille,Lyon,1.25703,2.73856,18164,2021,https://understat.com/getLeagueData/Ligue_1/2021,2022-05-01,True
2022-05-01,Monaco,Angers,2.21937,0.614369,18165,2021,https://understat.com/getLeagueData/Ligue_1/2021,2022-05-01,True
2022-05-01,Montpellier,Metz,1.99602,1.33111,18166,2021,https://understat.com/getLeagueData/Ligue_1/2021,2022-05-01,True
2022-05-01,Troyes,Lille,2.99625,0.598432,18169,2021,https://understat.com/getLeagueData/Ligue_1/2021,2022-05-01,True
2022-05-06,Lille,Monaco,0.955562,0.297053,18179,2021,https://understat.com/getLeagueData/Ligue_1/2021,2022-05-06,True
2022-05-07,Brest,Strasbourg,0.774117,2.19446,18181,2021,https://understat.com/getLeagueData/Ligue_1/2021,2022-05-07,True
2022-05-08,Angers,Bordeaux,2.39669,0.701993,18180,2021,https://understat.com/getLeagueData/Ligue_1/2021,2022-05-08,True
2022-05-08,Clermont,Montpellier,1.81186,1.11037,18178,2021,https://understat.com/getLeagueData/Ligue_1/2021,2022-05-08,True
2022-05-08,Lorient,Marseille,0.218659,2.43064,18177,2021,https://understat.com/getLeagueData/Ligue_1/2021,2022-05-08,True
2022-05-08,Metz,Lyon,1.95684,2.45822,18176,2021,https://understat.com/getLeagueData/Ligue_1/2021,2022-05-08,True
2022-05-08,Paris SG,Troyes,2.00221,1.95545,18174,2021,https://understat.com/getLeagueData/Ligue_1/2021,2022-05-08,True
2022-05-08,Reims,Lens,0.345633,1.31364,18175,2021,https://understat.com/getLeagueData/Ligue_1/2021,2022-05-08,True
2022-05-11,Nantes,Rennes,1.23789,1.53731,18172,2021,https://understat.com/getLeagueData/Ligue_1/2021,2022-05-11,True
2022-05-11,Nice,St Etienne,1.27732,1.90776,18173,2021,https://understat.com/getLeagueData/Ligue_1/2021,2022-05-11,True
2022-05-14,Bordeaux,Lorient,1.0391,0.605152,18185,2021,https://understat.com/getLeagueData/Ligue_1/2021,2022-05-14,True
2022-05-14,Lyon,Nantes,3.12892,1.28359,18191,2021,https://understat.com/getLeagueData/Ligue_1/2021,2022-05-14,True
2022-05-14,Metz,Angers,0.742006,0.609469,18190,2021,https://understat.com/getLeagueData/Ligue_1/2021,2022-05-14,True
2022-05-14,Monaco,Brest,3.84541,1.99445,18189,2021,https://understat.com/getLeagueData/Ligue_1/2021,2022-05-14,True
2022-05-14,Montpellier,Paris SG,0.292577,2.57935,18188,2021,https://understat.com/getLeagueData/Ligue_1/2021,2022-05-14,True
2022-05-14,Nice,Lille,0.985813,2.52062,18187,2021,https://understat.com/getLeagueData/Ligue_1/2021,2022-05-14,True
2022-05-14,Rennes,Marseille,1.19637,0.298071,18186,2021,https://understat.com/getLeagueData/Ligue_1/2021,2022-05-14,True
2022-05-14,St Etienne,Reims,1.63375,2.1296,18184,2021,https://understat.com/getLeagueData/Ligue_1/2021,2022-05-14,True
2022-05-14,Strasbourg,Clermont,0.635695,0.4006,18183,2021,https://understat.com/getLeagueData/Ligue_1/2021,2022-05-14,True
2022-05-14,Troyes,Lens,0.198308,0.85636,18182,2021,https://understat.com/getLeagueData/Ligue_1/2021,2022-05-14,True
2022-05-21,Angers,Montpellier,2.26485,1.29748,18201,2021,https://understat.com/getLeagueData/Ligue_1/2021,2022-05-21,True
2022-05-21,Brest,Bordeaux,1.21971,3.43304,18200,2021,https://understat.com/getLeagueData/Ligue_1/2021,2022-05-21,True
2022-05-21,Clermont,Lyon,2.31455,2.47046,18199,2021,https://understat.com/getLeagueData/Ligue_1/2021,2022-05-21,True
2022-05-21,Lens,Monaco,1.54786,2.06385,18192,2021,https://understat.com/getLeagueData/Ligue_1/2021,2022-05-21,True
2022-05-21,Lille,Rennes,1.7131,1.13675,18193,2021,https://understat.com/getLeagueData/Ligue_1/2021,2022-05-21,True
2022-05-21,Lorient,Troyes,1.14699,0.597609,18194,2021,https://understat.com/getLeagueData/Ligue_1/2021,2022-05-21,True
2022-05-21,Marseille,Strasbourg,2.10355,1.45881,18195,2021,https://understat.com/getLeagueData/Ligue_1/2021,2022-05-21,True
2022-05-21,Nantes,St Etienne,1.84905,1.78716,18196,2021,https://understat.com/getLeagueData/Ligue_1/2021,2022-05-21,True
2022-05-21,Paris SG,Metz,5.5667,0.693173,18197,2021,https://understat.com/getLeagueData/Ligue_1/2021,2022-05-21,True
2022-05-21,Reims,Nice,0.665065,1.88275,18198,2021,https://understat.com/getLeagueData/Ligue_1/2021,2022-05-21,True
2022-08-05,Lyon,Ajaccio,1.85675,1.13852,19648,2022,https://understat.com/getLeagueData/Ligue_1/2022,2022-08-05,True
2022-08-06,Clermont,Paris SG,0.194932,4.11887,19650,2022,https://understat.com/getLeagueData/Ligue_1/2022,2022-08-06,True
2022-08-06,Strasbourg,Monaco,1.39118,2.47965,19649,2022,https://understat.com/getLeagueData/Ligue_1/2022,2022-08-06,True
2022-08-07,Angers,Nantes,1.91609,1.14718,19654,2022,https://understat.com/getLeagueData/Ligue_1/2022,2022-08-07,True
2022-08-07,Lens,Brest,3.31681,1.04228,19655,2022,https://understat.com/getLeagueData/Ligue_1/2022,2022-08-07,True
2022-08-07,Lille,Auxerre,1.29993,0.769926,19652,2022,https://understat.com/getLeagueData/Ligue_1/2022,2022-08-07,True
2022-08-07,Marseille,Reims,2.77019,0.676094,19657,2022,https://understat.com/getLeagueData/Ligue_1/2022,2022-08-07,True
2022-08-07,Montpellier,Troyes,1.57764,1.84274,19653,2022,https://understat.com/getLeagueData/Ligue_1/2022,2022-08-07,True
2022-08-07,Rennes,Lorient,1.40484,0.70567,19656,2022,https://understat.com/getLeagueData/Ligue_1/2022,2022-08-07,True
2022-08-07,Toulouse,Nice,1.85439,0.69938,19651,2022,https://understat.com/getLeagueData/Ligue_1/2022,2022-08-07,True
2022-08-12,Nantes,Lille,2.07994,2.53444,19658,2022,https://understat.com/getLeagueData/Ligue_1/2022,2022-08-12,True
2022-08-13,Monaco,Rennes,2.39524,2.02488,19659,2022,https://understat.com/getLeagueData/Ligue_1/2022,2022-08-13,True
2022-08-13,Paris SG,Montpellier,3.3388,0.778496,19660,2022,https://understat.com/getLeagueData/Ligue_1/2022,2022-08-13,True
2022-08-14,Ajaccio,Lens,0.707316,1.02754,19662,2022,https://understat.com/getLeagueData/Ligue_1/2022,2022-08-14,True
2022-08-14,Auxerre,Angers,0.898665,1.65524,19663,2022,https://understat.com/getLeagueData/Ligue_1/2022,2022-08-14,True
2022-08-14,Brest,Marseille,1.64132,1.30958,19667,2022,https://understat.com/getLeagueData/Ligue_1/2022,2022-08-14,True
2022-08-14,Nice,Strasbourg,1.51022,1.57207,19666,2022,https://understat.com/getLeagueData/Ligue_1/2022,2022-08-14,True
2022-08-14,Reims,Clermont,2.65438,1.56704,19664,2022,https://understat.com/getLeagueData/Ligue_1/2022,2022-08-14,True
2022-08-14,Troyes,Toulouse,0.925402,2.07677,19665,2022,https://understat.com/getLeagueData/Ligue_1/2022,2022-08-14,True
2022-08-19,Lyon,Troyes,3.54595,0.948279,19673,2022,https://understat.com/getLeagueData/Ligue_1/2022,2022-08-19,True
2022-08-20,Marseille,Nantes,1.71654,2.35832,19674,2022,https://understat.com/getLeagueData/Ligue_1/2022,2022-08-20,True
2022-08-20,Monaco,Lens,2.27892,2.45812,19668,2022,https://understat.com/getLeagueData/Ligue_1/2022,2022-08-20,True
2022-08-21,Angers,Brest,1.05295,2.2269,19669,2022,https://understat.com/getLeagueData/Ligue_1/2022,2022-08-21,True
2022-08-21,Clermont,Nice,0.712338,1.63135,19670,2022,https://understat.com/getLeagueData/Ligue_1/2022,2022-08-21,True
2022-08-21,Lille,Paris SG,1.50337,4.37042,19671,2022,https://understat.com/getLeagueData/Ligue_1/2022,2022-08-21,True
2022-08-21,Montpellier,Auxerre,0.602982,1.29185,19672,2022,https://understat.com/getLeagueData/Ligue_1/2022,2022-08-21,True
2022-08-21,Rennes,Ajaccio,0.979786,1.44269,19676,2022,https://understat.com/getLeagueData/Ligue_1/2022,2022-08-21,True
2022-08-21,Strasbourg,Reims,1.44615,2.03506,19675,2022,https://understat.com/getLeagueData/Ligue_1/2022,2022-08-21,True
2022-08-21,Toulouse,Lorient,2.48022,2.96569,19677,2022,https://understat.com/getLeagueData/Ligue_1/2022,2022-08-21,True
2022-08-26,Ajaccio,Lille,0.513092,1.80552,19678,2022,https://understat.com/getLeagueData/Ligue_1/2022,2022-08-26,True
2022-08-27,Auxerre,Strasbourg,0.770114,1.65529,19679,2022,https://understat.com/getLeagueData/Ligue_1/2022,2022-08-27,True
2022-08-27,Lens,Rennes,1.15835,0.88822,19684,2022,https://understat.com/getLeagueData/Ligue_1/2022,2022-08-27,True
2022-08-28,Brest,Montpellier,0.163077,2.2067,19685,2022,https://understat.com/getLeagueData/Ligue_1/2022,2022-08-28,True
2022-08-28,Lorient,Clermont,3.46625,0.432527,19680,2022,https://understat.com/getLeagueData/Ligue_1/2022,2022-08-28,True
2022-08-28,Nantes,Toulouse,1.80364,0.531418,19681,2022,https://understat.com/getLeagueData/Ligue_1/2022,2022-08-28,True
2022-08-28,Nice,Marseille,0.797222,1.41427,19682,2022,https://understat.com/getLeagueData/Ligue_1/2022,2022-08-28,True
2022-08-28,Paris SG,Monaco,2.71556,0.237794,19683,2022,https://understat.com/getLeagueData/Ligue_1/2022,2022-08-28,True
2022-08-28,Reims,Lyon,0.889087,1.37054,19686,2022,https://understat.com/getLeagueData/Ligue_1/2022,2022-08-28,True
2022-08-28,Troyes,Angers,2.23192,1.00107,19687,2022,https://understat.com/getLeagueData/Ligue_1/2022,2022-08-28,True
2022-08-31,Angers,Reims,1.43417,2.35235,19689,2022,https://understat.com/getLeagueData/Ligue_1/2022,2022-08-31,True
2022-08-31,Lens,Lorient,3.01117,1.4489,19694,2022,https://understat.com/getLeagueData/Ligue_1/2022,2022-08-31,True
2022-08-31,Lille,Nice,0.936389,1.54373,19690,2022,https://understat.com/getLeagueData/Ligue_1/2022,2022-08-31,True
2022-08-31,Lyon,Auxerre,3.33913,0.411365,19692,2022,https://understat.com/getLeagueData/Ligue_1/2022,2022-08-31,True
2022-08-31,Marseille,Clermont,2.50885,0.164123,19693,2022,https://understat.com/getLeagueData/Ligue_1/2022,2022-08-31,True
2022-08-31,Monaco,Troyes,1.69464,2.68434,19688,2022,https://understat.com/getLeagueData/Ligue_1/2022,2022-08-31,True
2022-08-31,Montpellier,Ajaccio,1.82411,0.894201,19691,2022,https://understat.com/getLeagueData/Ligue_1/2022,2022-08-31,True
2022-08-31,Rennes,Brest,1.44252,0.265991,19696,2022,https://understat.com/getLeagueData/Ligue_1/2022,2022-08-31,True
2022-08-31,Strasbourg,Nantes,0.260394,0.582194,19695,2022,https://understat.com/getLeagueData/Ligue_1/2022,2022-08-31,True
2022-08-31,Toulouse,Paris SG,0.582625,3.93565,19697,2022,https://understat.com/getLeagueData/Ligue_1/2022,2022-08-31,True
2022-09-03,Auxerre,Marseille,0.623034,1.54448,19699,2022,https://understat.com/getLeagueData/Ligue_1/2022,2022-09-03,True
2022-09-03,Lyon,Angers,1.40939,0.685045,19704,2022,https://understat.com/getLeagueData/Ligue_1/2022,2022-09-03,True
2022-09-03,Nantes,Paris SG,0.414108,3.49883,19701,2022,https://understat.com/getLeagueData/Ligue_1/2022,2022-09-03,True
2022-09-04,Ajaccio,Lorient,0.520351,0.509049,19698,2022,https://understat.com/getLeagueData/Ligue_1/2022,2022-09-04,True
2022-09-04,Brest,Strasbourg,0.726914,2.65304,19705,2022,https://understat.com/getLeagueData/Ligue_1/2022,2022-09-04,True
2022-09-04,Clermont,Toulouse,1.50732,1.44839,19700,2022,https://understat.com/getLeagueData/Ligue_1/2022,2022-09-04,True
2022-09-04,Montpellier,Lille,0.460323,1.28228,19702,2022,https://understat.com/getLeagueData/Ligue_1/2022,2022-09-04,True
2022-09-04,Nice,Monaco,1.12895,1.16635,19703,2022,https://understat.com/getLeagueData/Ligue_1/2022,2022-09-04,True
2022-09-04,Reims,Lens,1.75851,2.234,19706,2022,https://understat.com/getLeagueData/Ligue_1/2022,2022-09-04,True
2022-09-04,Troyes,Rennes,0.564802,2.61037,19707,2022,https://understat.com/getLeagueData/Ligue_1/2022,2022-09-04,True
2022-09-07,Lorient,Lyon,1.48762,2.29822,19661,2022,https://understat.com/getLeagueData/Ligue_1/2022,2022-09-07,True
2022-09-09,Lens,Troyes,1.44803,0.674373,19714,2022,https://understat.com/getLeagueData/Ligue_1/2022,2022-09-09,True
2022-09-10,Marseille,Lille,2.25737,0.774912,19712,2022,https://understat.com/getLeagueData/Ligue_1/2022,2022-09-10,True
2022-09-10,Paris SG,Brest,2.01269,1.34439,19713,2022,https://understat.com/getLeagueData/Ligue_1/2022,2022-09-10,True
2022-09-11,Ajaccio,Nice,0.427838,1.0495,19708,2022,https://understat.com/getLeagueData/Ligue_1/2022,2022-09-11,True
2022-09-11,Angers,Montpellier,2.91339,1.02641,19710,2022,https://understat.com/getLeagueData/Ligue_1/2022,2022-09-11,True
2022-09-11,Lorient,Nantes,1.30306,0.586565,19711,2022,https://understat.com/getLeagueData/Ligue_1/2022,2022-09-11,True
2022-09-11,Monaco,Lyon,1.64905,2.28122,19709,2022,https://understat.com/getLeagueData/Ligue_1/2022,2022-09-11,True
2022-09-11,Rennes,Auxerre,3.73421,0.438753,19716,2022,https://understat.com/getLeagueData/Ligue_1/2022,2022-09-11,True
2022-09-11,Strasbourg,Clermont,2.60466,0.959426,19715,2022,https://understat.com/getLeagueData/Ligue_1/2022,2022-09-11,True
2022-09-11,Toulouse,Reims,2.111,0.461404,19717,2022,https://understat.com/getLeagueData/Ligue_1/2022,2022-09-11,True
2022-09-16,Auxerre,Lorient,2.27316,3.48948,19718,2022,https://understat.com/getLeagueData/Ligue_1/2022,2022-09-16,True
2022-09-17,Lille,Toulouse,1.16749,0.882322,19721,2022,https://understat.com/getLeagueData/Ligue_1/2022,2022-09-17,True
2022-09-17,Montpellier,Strasbourg,1.8232,0.617378,19722,2022,https://understat.com/getLeagueData/Ligue_1/2022,2022-09-17,True
2022-09-18,Brest,Ajaccio,0.721312,0.511909,19726,2022,https://understat.com/getLeagueData/Ligue_1/2022,2022-09-18,True
2022-09-18,Clermont,Troyes,1.25973,1.3715,19719,2022,https://understat.com/getLeagueData/Ligue_1/2022,2022-09-18,True
2022-09-18,Lyon,Paris SG,0.892759,1.52633,19724,2022,https://understat.com/getLeagueData/Ligue_1/2022,2022-09-18,True
2022-09-18,Marseille,Rennes,1.05864,0.858108,19725,2022,https://understat.com/getLeagueData/Ligue_1/2022,2022-09-18,True
2022-09-18,Nantes,Lens,0.777656,0.967277,19720,2022,https://understat.com/getLeagueData/Ligue_1/2022,2022-09-18,True
2022-09-18,Nice,Angers,0.969061,2.07917,19723,2022,https://understat.com/getLeagueData/Ligue_1/2022,2022-09-18,True
2022-09-18,Reims,Monaco,0.302274,2.06526,19727,2022,https://understat.com/getLeagueData/Ligue_1/2022,2022-09-18,True
2022-09-30,Angers,Marseille,1.29217,2.3782,19731,2022,https://understat.com/getLeagueData/Ligue_1/2022,2022-09-30,True
2022-10-01,Paris SG,Nice,0.753307,0.685057,19733,2022,https://understat.com/getLeagueData/Ligue_1/2022,2022-10-01,True
2022-10-01,Strasbourg,Rennes,1.15088,2.24201,19735,2022,https://understat.com/getLeagueData/Ligue_1/2022,2022-10-01,True
2022-10-02,Ajaccio,Clermont,1.28297,1.29246,19728,2022,https://understat.com/getLeagueData/Ligue_1/2022,2022-10-02,True
2022-10-02,Auxerre,Brest,1.21122,0.687048,19729,2022,https://understat.com/getLeagueData/Ligue_1/2022,2022-10-02,True
2022-10-02,Lens,Lyon,2.993,0.0812146,19734,2022,https://understat.com/getLeagueData/Ligue_1/2022,2022-10-02,True
2022-10-02,Lorient,Lille,0.51274,1.83189,19732,2022,https://understat.com/getLeagueData/Ligue_1/2022,2022-10-02,True
2022-10-02,Monaco,Nantes,2.18299,0.406108,19730,2022,https://understat.com/getLeagueData/Ligue_1/2022,2022-10-02,True
2022-10-02,Toulouse,Montpellier,1.92662,1.73475,19736,2022,https://understat.com/getLeagueData/Ligue_1/2022,2022-10-02,True
2022-10-02,Troyes,Reims,1.74344,1.49046,19737,2022,https://understat.com/getLeagueData/Ligue_1/2022,2022-10-02,True
2022-10-07,Lyon,Toulouse,1.74178,0.582894,19743,2022,https://understat.com/getLeagueData/Ligue_1/2022,2022-10-07,True
2022-10-08,Marseille,Ajaccio,1.66314,0.16416,19744,2022,https://understat.com/getLeagueData/Ligue_1/2022,2022-10-08,True
2022-10-08,Reims,Paris SG,1.91846,1.06607,19747,2022,https://understat.com/getLeagueData/Ligue_1/2022,2022-10-08,True
2022-10-09,Angers,Strasbourg,2.08828,2.88307,19738,2022,https://understat.com/getLeagueData/Ligue_1/2022,2022-10-09,True
2022-10-09,Brest,Lorient,0.997609,1.14106,19745,2022,https://understat.com/getLeagueData/Ligue_1/2022,2022-10-09,True
2022-10-09,Clermont,Auxerre,1.41698,1.00824,19739,2022,https://understat.com/getLeagueData/Ligue_1/2022,2022-10-09,True
2022-10-09,Lille,Lens,2.37665,1.04543,19740,2022,https://understat.com/getLeagueData/Ligue_1/2022,2022-10-09,True
2022-10-09,Montpellier,Monaco,0.564764,1.43544,19741,2022,https://understat.com/getLeagueData/Ligue_1/2022,2022-10-09,True
2022-10-09,Nice,Troyes,2.69698,1.64575,19742,2022,https://understat.com/getLeagueData/Ligue_1/2022,2022-10-09,True
2022-10-09,Rennes,Nantes,2.85806,0.439769,19746,2022,https://understat.com/getLeagueData/Ligue_1/2022,2022-10-09,True
2022-10-14,Strasbourg,Lille,0.366401,2.59097,19754,2022,https://understat.com/getLeagueData/Ligue_1/2022,2022-10-14,True
2022-10-15,Lens,Montpellier,2.31045,0.305429,19753,2022,https://understat.com/getLeagueData/Ligue_1/2022,2022-10-15,True
2022-10-15,Lorient,Reims,1.05131,0.366478,19750,2022,https://understat.com/getLeagueData/Ligue_1/2022,2022-10-15,True
2022-10-16,Auxerre,Nice,0.527675,1.67165,19748,2022,https://understat.com/getLeagueData/Ligue_1/2022,2022-10-16,True
2022-10-16,Monaco,Clermont,1.00523,2.49917,19749,2022,https://understat.com/getLeagueData/Ligue_1/2022,2022-10-16,True
2022-10-16,Nantes,Brest,3.45666,0.596967,19751,2022,https://understat.com/getLeagueData/Ligue_1/2022,2022-10-16,True
2022-10-16,Paris SG,Marseille,2.99871,0.78459,19752,2022,https://understat.com/getLeagueData/Ligue_1/2022,2022-10-16,True
2022-10-16,Rennes,Lyon,1.70448,1.54104,19755,2022,https://understat.com/getLeagueData/Ligue_1/2022,2022-10-16,True
2022-10-16,Toulouse,Angers,2.46525,1.50535,19756,2022,https://understat.com/getLeagueData/Ligue_1/2022,2022-10-16,True
2022-10-16,Troyes,Ajaccio,0.434355,1.83625,19757,2022,https://understat.com/getLeagueData/Ligue_1/2022,2022-10-16,True
2022-10-21,Ajaccio,Paris SG,0.301593,2.90657,19758,2022,https://understat.com/getLeagueData/Ligue_1/2022,2022-10-21,True
2022-10-22,Marseille,Lens,1.99963,0.612715,19764,2022,https://understat.com/getLeagueData/Ligue_1/2022,2022-10-22,True
2022-10-22,Montpellier,Lyon,0.807149,2.78494,19762,2022,https://understat.com/getLeagueData/Ligue_1/2022,2022-10-22,True
2022-10-23,Angers,Rennes,0.938402,2.44504,19759,2022,https://understat.com/getLeagueData/Ligue_1/2022,2022-10-23,True
2022-10-23,Clermont,Brest,0.70294,2.73014,19760,2022,https://understat.com/getLeagueData/Ligue_1/2022,2022-10-23,True
2022-10-23,Lille,Monaco,2.49712,1.76468,19761,2022,https://understat.com/getLeagueData/Ligue_1/2022,2022-10-23,True
2022-10-23,Nice,Nantes,1.34146,1.27743,19763,2022,https://understat.com/getLeagueData/Ligue_1/2022,2022-10-23,True
2022-10-23,Reims,Auxerre,2.48368,0.472065,19765,2022,https://understat.com/getLeagueData/Ligue_1/2022,2022-10-23,True
2022-10-23,Toulouse,Strasbourg,1.86579,1.63235,19766,2022,https://understat.com/getLeagueData/Ligue_1/2022,2022-10-23,True
2022-10-23,Troyes,Lorient,1.13911,1.538,19767,2022,https://understat.com/getLeagueData/Ligue_1/2022,2022-10-23,True
2022-10-28,Lens,Toulouse,2.64413,0.845923,19774,2022,https://understat.com/getLeagueData/Ligue_1/2022,2022-10-28,True
2022-10-29,Paris SG,Troyes,2.67967,1.60184,19773,2022,https://understat.com/getLeagueData/Ligue_1/2022,2022-10-29,True
2022-10-29,Strasbourg,Marseille,0.890654,1.93874,19775,2022,https://understat.com/getLeagueData/Ligue_1/2022,2022-10-29,True
2022-10-30,Auxerre,Ajaccio,0.92577,0.500233,19768,2022,https://understat.com/getLeagueData/Ligue_1/2022,2022-10-30,True
2022-10-30,Brest,Reims,1.54791,0.982999,19776,2022,https://understat.com/getLeagueData/Ligue_1/2022,2022-10-30,True
2022-10-30,Lorient,Nice,1.28783,2.19849,19770,2022,https://understat.com/getLeagueData/Ligue_1/2022,2022-10-30,True
2022-10-30,Lyon,Lille,1.19346,1.62118,19772,2022,https://understat.com/getLeagueData/Ligue_1/2022,2022-10-30,True
2022-10-30,Monaco,Angers,1.93991,0.437042,19769,2022,https://understat.com/getLeagueData/Ligue_1/2022,2022-10-30,True
2022-10-30,Nantes,Clermont,1.95172,0.713991,19771,2022,https://understat.com/getLeagueData/Ligue_1/2022,2022-10-30,True
2022-10-30,Rennes,Montpellier,1.53875,0.975256,19777,2022,https://understat.com/getLeagueData/Ligue_1/2022,2022-10-30,True
2022-11-04,Troyes,Auxerre,1.93768,1.45801,19787,2022,https://understat.com/getLeagueData/Ligue_1/2022,2022-11-04,True
2022-11-05,Ajaccio,Strasbourg,3.68734,0.670138,19778,2022,https://understat.com/getLeagueData/Ligue_1/2022,2022-11-05,True
2022-11-05,Angers,Lens,0.829243,2.17996,19779,2022,https://understat.com/getLeagueData/Ligue_1/2022,2022-11-05,True
2022-11-06,Clermont,Montpellier,3.88422,1.22262,19780,2022,https://understat.com/getLeagueData/Ligue_1/2022,2022-11-06,True
2022-11-06,Lille,Rennes,2.72861,0.800938,19782,2022,https://understat.com/getLeagueData/Ligue_1/2022,2022-11-06,True
2022-11-06,Lorient,Paris SG,0.812458,2.35683,19781,2022,https://understat.com/getLeagueData/Ligue_1/2022,2022-11-06,True
2022-11-06,Marseille,Lyon,1.07268,0.632118,19784,2022,https://understat.com/getLeagueData/Ligue_1/2022,2022-11-06,True
2022-11-06,Nice,Brest,0.813513,1.08297,19783,2022,https://understat.com/getLeagueData/Ligue_1/2022,2022-11-06,True
2022-11-06,Reims,Nantes,3.70953,0.506816,19785,2022,https://understat.com/getLeagueData/Ligue_1/2022,2022-11-06,True
2022-11-06,Toulouse,Monaco,0.569642,2.03182,19786,2022,https://understat.com/getLeagueData/Ligue_1/2022,2022-11-06,True
2022-11-11,Lyon,Nice,1.15632,1.71081,19792,2022,https://understat.com/getLeagueData/Ligue_1/2022,2022-11-11,True
2022-11-12,Lens,Clermont,1.4242,0.213092,19794,2022,https://understat.com/getLeagueData/Ligue_1/2022,2022-11-12,True
2022-11-12,Rennes,Toulouse,1.94787,1.11684,19797,2022,https://understat.com/getLeagueData/Ligue_1/2022,2022-11-12,True
2022-11-13,Brest,Troyes,2.21142,0.4443,19796,2022,https://understat.com/getLeagueData/Ligue_1/2022,2022-11-13,True
2022-11-13,Lille,Angers,1.07614,0.448121,19790,2022,https://understat.com/getLeagueData/Ligue_1/2022,2022-11-13,True
2022-11-13,Monaco,Marseille,1.52658,2.71425,19788,2022,https://understat.com/getLeagueData/Ligue_1/2022,2022-11-13,True
2022-11-13,Montpellier,Reims,2.07463,2.12638,19791,2022,https://understat.com/getLeagueData/Ligue_1/2022,2022-11-13,True
2022-11-13,Nantes,Ajaccio,0.982738,2.40866,19789,2022,https://understat.com/getLeagueData/Ligue_1/2022,2022-11-13,True
2022-11-13,Paris SG,Auxerre,2.22316,0.602881,19793,2022,https://understat.com/getLeagueData/Ligue_1/2022,2022-11-13,True
2022-11-13,Strasbourg,Lorient,1.84883,0.877509,19795,2022,https://understat.com/getLeagueData/Ligue_1/2022,2022-11-13,True
2022-12-28,Ajaccio,Angers,1.68567,2.13447,19798,2022,https://understat.com/getLeagueData/Ligue_1/2022,2022-12-28,True
2022-12-28,Auxerre,Monaco,1.32986,1.36064,19799,2022,https://understat.com/getLeagueData/Ligue_1/2022,2022-12-28,True
2022-12-28,Brest,Lyon,1.1351,3.18501,19805,2022,https://understat.com/getLeagueData/Ligue_1/2022,2022-12-28,True
2022-12-28,Clermont,Lille,0.511123,1.79335,19800,2022,https://understat.com/getLeagueData/Ligue_1/2022,2022-12-28,True
2022-12-28,Paris SG,Strasbourg,2.11764,1.1354,19804,2022,https://understat.com/getLeagueData/Ligue_1/2022,2022-12-28,True
2022-12-28,Troyes,Nantes,0.202598,1.70731,19807,2022,https://understat.com/getLeagueData/Ligue_1/2022,2022-12-28,True
2022-12-29,Lorient,Montpellier,1.13229,1.99935,19801,2022,https://understat.com/getLeagueData/Ligue_1/2022,2022-12-29,True
2022-12-29,Marseille,Toulouse,3.90797,1.73074,19803,2022,https://understat.com/getLeagueData/Ligue_1/2022,2022-12-29,True
2022-12-29,Nice,Lens,1.19572,1.17989,19802,2022,https://understat.com/getLeagueData/Ligue_1/2022,2022-12-29,True
2022-12-29,Reims,Rennes,1.37243,1.56704,19806,2022,https://understat.com/getLeagueData/Ligue_1/2022,2022-12-29,True
2023-01-01,Angers,Lorient,2.17455,0.44019,19809,2022,https://understat.com/getLeagueData/Ligue_1/2022,2023-01-01,True
2023-01-01,Lens,Paris SG,1.79816,1.97764,19814,2022,https://understat.com/getLeagueData/Ligue_1/2022,2023-01-01,True
2023-01-01,Lyon,Clermont,0.736196,1.2056,19813,2022,https://understat.com/getLeagueData/Ligue_1/2022,2023-01-01,True
2023-01-01,Monaco,Brest,1.11357,0.984132,19808,2022,https://understat.com/getLeagueData/Ligue_1/2022,2023-01-01,True
2023-01-01,Nantes,Auxerre,0.870785,0.940771,19810,2022,https://understat.com/getLeagueData/Ligue_1/2022,2023-01-01,True
2023-01-01,Toulouse,Ajaccio,1.33519,0.0445009,19817,2022,https://understat.com/getLeagueData/Ligue_1/2022,2023-01-01,True
2023-01-02,Lille,Reims,2.68973,1.23599,19811,2022,https://understat.com/getLeagueData/Ligue_1/2022,2023-01-02,True
2023-01-02,Montpellier,Marseille,1.10931,1.33992,19812,2022,https://understat.com/getLeagueData/Ligue_1/2022,2023-01-02,True
2023-01-02,Rennes,Nice,1.78181,0.395975,19816,2022,https://understat.com/getLeagueData/Ligue_1/2022,2023-01-02,True
2023-01-02,Strasbourg,Troyes,1.15328,1.32781,19815,2022,https://understat.com/getLeagueData/Ligue_1/2022,2023-01-02,True
2023-01-11,Ajaccio,Reims,0.812868,1.16269,19818,2022,https://understat.com/getLeagueData/Ligue_1/2022,2023-01-11,True
2023-01-11,Auxerre,Toulouse,1.19864,2.32789,19819,2022,https://understat.com/getLeagueData/Ligue_1/2022,2023-01-11,True
2023-01-11,Brest,Lille,0.567145,0.952742,19826,2022,https://understat.com/getLeagueData/Ligue_1/2022,2023-01-11,True
2023-01-11,Clermont,Rennes,1.92657,0.900551,19820,2022,https://understat.com/getLeagueData/Ligue_1/2022,2023-01-11,True
2023-01-11,Lorient,Monaco,1.40735,1.61598,19821,2022,https://understat.com/getLeagueData/Ligue_1/2022,2023-01-11,True
2023-01-11,Nantes,Lyon,1.23816,0.716341,19822,2022,https://understat.com/getLeagueData/Ligue_1/2022,2023-01-11,True
2023-01-11,Nice,Montpellier,3.47658,0.226284,19823,2022,https://understat.com/getLeagueData/Ligue_1/2022,2023-01-11,True
2023-01-11,Paris SG,Angers,1.66271,0.341443,19824,2022,https://understat.com/getLeagueData/Ligue_1/2022,2023-01-11,True
2023-01-11,Strasbourg,Lens,1.15467,1.5001,19825,2022,https://understat.com/getLeagueData/Ligue_1/2022,2023-01-11,True
2023-01-11,Troyes,Marseille,0.207647,2.65167,19827,2022,https://understat.com/getLeagueData/Ligue_1/2022,2023-01-11,True
2023-01-14,Lens,Auxerre,1.69501,0.171617,19834,2022,https://understat.com/getLeagueData/Ligue_1/2022,2023-01-14,True
2023-01-14,Lyon,Strasbourg,2.46849,1.15481,19832,2022,https://understat.com/getLeagueData/Ligue_1/2022,2023-01-14,True
2023-01-14,Marseille,Lorient,2.03482,0.491556,19833,2022,https://understat.com/getLeagueData/Ligue_1/2022,2023-01-14,True
2023-01-15,Angers,Clermont,0.394709,2.1061,19829,2022,https://understat.com/getLeagueData/Ligue_1/2022,2023-01-15,True
2023-01-15,Lille,Troyes,4.30681,0.981489,19830,2022,https://understat.com/getLeagueData/Ligue_1/2022,2023-01-15,True
2023-01-15,Monaco,Ajaccio,4.16711,0.215581,19828,2022,https://understat.com/getLeagueData/Ligue_1/2022,2023-01-15,True
2023-01-15,Montpellier,Nantes,1.10849,0.903599,19831,2022,https://understat.com/getLeagueData/Ligue_1/2022,2023-01-15,True
2023-01-15,Reims,Nice,0.97535,0.670589,19836,2022,https://understat.com/getLeagueData/Ligue_1/2022,2023-01-15,True
2023-01-15,Rennes,Paris SG,1.06256,0.603085,19835,2022,https://understat.com/getLeagueData/Ligue_1/2022,2023-01-15,True
2023-01-15,Toulouse,Brest,1.54762,0.754561,19837,2022,https://understat.com/getLeagueData/Ligue_1/2022,2023-01-15,True
2023-01-27,Lorient,Rennes,0.989121,1.94175,19841,2022,https://understat.com/getLeagueData/Ligue_1/2022,2023-01-27,True
2023-01-28,Marseille,Monaco,1.772,1.55187,19843,2022,https://understat.com/getLeagueData/Ligue_1/2022,2023-01-28,True
2023-01-28,Troyes,Lens,0.937263,2.43445,19847,2022,https://understat.com/getLeagueData/Ligue_1/2022,2023-01-28,True
2023-01-29,Ajaccio,Lyon,1.44596,2.02729,19838,2022,https://understat.com/getLeagueData/Ligue_1/2022,2023-01-29,True
2023-01-29,Auxerre,Montpellier,1.78521,0.78685,19839,2022,https://understat.com/getLeagueData/Ligue_1/2022,2023-01-29,True
2023-01-29,Brest,Angers,1.62079,1.00144,19846,2022,https://understat.com/getLeagueData/Ligue_1/2022,2023-01-29,True
2023-01-29,Clermont,Nantes,0.639165,0.124573,19840,2022,https://understat.com/getLeagueData/Ligue_1/2022,2023-01-29,True
2023-01-29,Nice,Lille,1.38874,2.06969,19842,2022,https://understat.com/getLeagueData/Ligue_1/2022,2023-01-29,True
2023-01-29,Paris SG,Reims,1.99468,1.6335,19844,2022,https://understat.com/getLeagueData/Ligue_1/2022,2023-01-29,True
2023-01-29,Strasbourg,Toulouse,0.899943,2.05016,19845,2022,https://understat.com/getLeagueData/Ligue_1/2022,2023-01-29,True
2023-02-01,Angers,Ajaccio,0.413798,1.18715,19849,2022,https://understat.com/getLeagueData/Ligue_1/2022,2023-02-01,True
2023-02-01,Lens,Nice,0.396756,2.16495,19854,2022,https://understat.com/getLeagueData/Ligue_1/2022,2023-02-01,True
2023-02-01,Lille,Clermont,1.75188,1.53598,19851,2022,https://understat.com/getLeagueData/Ligue_1/2022,2023-02-01,True
2023-02-01,Lyon,Brest,2.29877,0.508973,19853,2022,https://understat.com/getLeagueData/Ligue_1/2022,2023-02-01,True
2023-02-01,Monaco,Auxerre,1.97716,1.1306,19848,2022,https://understat.com/getLeagueData/Ligue_1/2022,2023-02-01,True
2023-02-01,Montpellier,Paris SG,0.270069,4.0011,19852,2022,https://understat.com/getLeagueData/Ligue_1/2022,2023-02-01,True
2023-02-01,Nantes,Marseille,1.40304,1.94315,19850,2022,https://understat.com/getLeagueData/Ligue_1/2022,2023-02-01,True
2023-02-01,Reims,Lorient,3.61381,0.706803,19856,2022,https://understat.com/getLeagueData/Ligue_1/2022,2023-02-01,True
2023-02-01,Rennes,Strasbourg,1.25645,0.141426,19855,2022,https://understat.com/getLeagueData/Ligue_1/2022,2023-02-01,True
2023-02-01,Toulouse,Troyes,2.94929,1.25445,19857,2022,https://understat.com/getLeagueData/Ligue_1/2022,2023-02-01,True
2023-02-04,Paris SG,Toulouse,1.80428,0.72878,19863,2022,https://understat.com/getLeagueData/Ligue_1/2022,2023-02-04,True
2023-02-04,Rennes,Lille,2.18737,2.35242,19866,2022,https://understat.com/getLeagueData/Ligue_1/2022,2023-02-04,True
2023-02-04,Troyes,Lyon,0.699933,1.30711,19867,2022,https://understat.com/getLeagueData/Ligue_1/2022,2023-02-04,True
2023-02-05,Ajaccio,Nantes,0.223431,1.56852,19858,2022,https://understat.com/getLeagueData/Ligue_1/2022,2023-02-05,True
2023-02-05,Auxerre,Reims,0.610426,0.406084,19859,2022,https://understat.com/getLeagueData/Ligue_1/2022,2023-02-05,True
2023-02-05,Brest,Lens,2.17044,2.26474,19865,2022,https://understat.com/getLeagueData/Ligue_1/2022,2023-02-05,True
2023-02-05,Clermont,Monaco,0.276781,1.46634,19860,2022,https://understat.com/getLeagueData/Ligue_1/2022,2023-02-05,True
2023-02-05,Lorient,Angers,0.68751,0.584769,19861,2022,https://understat.com/getLeagueData/Ligue_1/2022,2023-02-05,True
2023-02-05,Marseille,Nice,2.61067,1.4814,19862,2022,https://understat.com/getLeagueData/Ligue_1/2022,2023-02-05,True
2023-02-05,Strasbourg,Montpellier,1.51625,0.613708,19864,2022,https://understat.com/getLeagueData/Ligue_1/2022,2023-02-05,True
2023-02-10,Nice,Ajaccio,0.568545,0.264601,19874,2022,https://understat.com/getLeagueData/Ligue_1/2022,2023-02-10,True
2023-02-11,Clermont,Marseille,1.08989,2.10938,19870,2022,https://understat.com/getLeagueData/Ligue_1/2022,2023-02-11,True
2023-02-11,Monaco,Paris SG,3.80363,0.932921,19868,2022,https://understat.com/getLeagueData/Ligue_1/2022,2023-02-11,True
2023-02-12,Angers,Auxerre,0.445823,2.48705,19869,2022,https://understat.com/getLeagueData/Ligue_1/2022,2023-02-12,True
2023-02-12,Lille,Strasbourg,3.65427,0.174274,19872,2022,https://understat.com/getLeagueData/Ligue_1/2022,2023-02-12,True
2023-02-12,Lyon,Lens,1.52893,1.30823,19875,2022,https://understat.com/getLeagueData/Ligue_1/2022,2023-02-12,True
2023-02-12,Montpellier,Brest,3.94905,0.468613,19873,2022,https://understat.com/getLeagueData/Ligue_1/2022,2023-02-12,True
2023-02-12,Nantes,Lorient,1.64174,1.63028,19871,2022,https://understat.com/getLeagueData/Ligue_1/2022,2023-02-12,True
2023-02-12,Reims,Troyes,2.10651,0.569562,19876,2022,https://understat.com/getLeagueData/Ligue_1/2022,2023-02-12,True
2023-02-12,Toulouse,Rennes,2.71302,1.19649,19877,2022,https://understat.com/getLeagueData/Ligue_1/2022,2023-02-12,True
2023-02-17,Auxerre,Lyon,1.34783,0.718949,19878,2022,https://understat.com/getLeagueData/Ligue_1/2022,2023-02-17,True
2023-02-18,Nice,Reims,1.53255,1.28715,19880,2022,https://understat.com/getLeagueData/Ligue_1/2022,2023-02-18,True
2023-02-18,Strasbourg,Angers,1.94958,1.04967,19883,2022,https://understat.com/getLeagueData/Ligue_1/2022,2023-02-18,True
2023-02-19,Brest,Monaco,0.76754,1.61066,19884,2022,https://understat.com/getLeagueData/Ligue_1/2022,2023-02-19,True
2023-02-19,Lens,Nantes,3.13027,0.236483,19882,2022,https://understat.com/getLeagueData/Ligue_1/2022,2023-02-19,True
2023-02-19,Lorient,Ajaccio,2.43638,0.592896,19879,2022,https://understat.com/getLeagueData/Ligue_1/2022,2023-02-19,True
2023-02-19,Paris SG,Lille,2.09603,3.20773,19881,2022,https://understat.com/getLeagueData/Ligue_1/2022,2023-02-19,True
2023-02-19,Rennes,Clermont,1.67258,0.86584,19885,2022,https://understat.com/getLeagueData/Ligue_1/2022,2023-02-19,True
2023-02-19,Toulouse,Marseille,2.09816,1.21797,19886,2022,https://understat.com/getLeagueData/Ligue_1/2022,2023-02-19,True
2023-02-19,Troyes,Montpellier,0.0856634,1.08483,19887,2022,https://understat.com/getLeagueData/Ligue_1/2022,2023-02-19,True
2023-02-24,Lille,Brest,0.77221,0.20242,19894,2022,https://understat.com/getLeagueData/Ligue_1/2022,2023-02-24,True
2023-02-25,Angers,Lyon,1.13511,1.81818,19890,2022,https://understat.com/getLeagueData/Ligue_1/2022,2023-02-25,True
2023-02-25,Montpellier,Lens,0.645251,1.53537,19895,2022,https://understat.com/getLeagueData/Ligue_1/2022,2023-02-25,True
2023-02-26,Ajaccio,Troyes,3.94522,1.40375,19888,2022,https://understat.com/getLeagueData/Ligue_1/2022,2023-02-26,True
2023-02-26,Clermont,Strasbourg,1.74774,0.920081,19891,2022,https://understat.com/getLeagueData/Ligue_1/2022,2023-02-26,True
2023-02-26,Lorient,Auxerre,1.04974,1.20936,19892,2022,https://understat.com/getLeagueData/Ligue_1/2022,2023-02-26,True
2023-02-26,Marseille,Paris SG,2.28992,3.73353,19896,2022,https://understat.com/getLeagueData/Ligue_1/2022,2023-02-26,True
2023-02-26,Monaco,Nice,0.68882,1.7956,19889,2022,https://understat.com/getLeagueData/Ligue_1/2022,2023-02-26,True
2023-02-26,Nantes,Rennes,2.42469,0.986331,19893,2022,https://understat.com/getLeagueData/Ligue_1/2022,2023-02-26,True
2023-02-26,Reims,Toulouse,2.17445,0.52285,19897,2022,https://understat.com/getLeagueData/Ligue_1/2022,2023-02-26,True
2023-03-03,Nice,Auxerre,1.73919,0.443087,19899,2022,https://understat.com/getLeagueData/Ligue_1/2022,2023-03-03,True
2023-03-04,Lens,Lille,0.616556,1.90081,19902,2022,https://understat.com/getLeagueData/Ligue_1/2022,2023-03-04,True
2023-03-04,Paris SG,Nantes,1.10912,0.238685,19901,2022,https://understat.com/getLeagueData/Ligue_1/2022,2023-03-04,True
2023-03-05,Lyon,Lorient,2.54074,0.887853,19900,2022,https://understat.com/getLeagueData/Ligue_1/2022,2023-03-05,True
2023-03-05,Montpellier,Angers,3.41548,0.955683,19898,2022,https://understat.com/getLeagueData/Ligue_1/2022,2023-03-05,True
2023-03-05,Reims,Ajaccio,0.40953,0.36989,19905,2022,https://understat.com/getLeagueData/Ligue_1/2022,2023-03-05,True
2023-03-05,Rennes,Marseille,1.03495,1.45275,19904,2022,https://understat.com/getLeagueData/Ligue_1/2022,2023-03-05,True
2023-03-05,Strasbourg,Brest,0.983616,0.585063,19903,2022,https://understat.com/getLeagueData/Ligue_1/2022,2023-03-05,True
2023-03-05,Toulouse,Clermont,1.02505,0.647727,19906,2022,https://understat.com/getLeagueData/Ligue_1/2022,2023-03-05,True
2023-03-05,Troyes,Monaco,0.879409,2.81633,19907,2022,https://understat.com/getLeagueData/Ligue_1/2022,2023-03-05,True
2023-03-10,Lille,Lyon,2.35286,1.0584,19915,2022,https://understat.com/getLeagueData/Ligue_1/2022,2023-03-10,True
2023-03-11,Auxerre,Rennes,0.961104,0.690947,19909,2022,https://understat.com/getLeagueData/Ligue_1/2022,2023-03-11,True
2023-03-11,Brest,Paris SG,0.751032,2.66126,19917,2022,https://understat.com/getLeagueData/Ligue_1/2022,2023-03-11,True
2023-03-12,Ajaccio,Montpellier,0.191981,1.27414,19908,2022,https://understat.com/getLeagueData/Ligue_1/2022,2023-03-12,True
2023-03-12,Angers,Toulouse,1.02056,1.56928,19911,2022,https://understat.com/getLeagueData/Ligue_1/2022,2023-03-12,True
2023-03-12,Clermont,Lens,1.86085,2.00502,19912,2022,https://understat.com/getLeagueData/Ligue_1/2022,2023-03-12,True
2023-03-12,Lorient,Troyes,1.79136,0.492296,19913,2022,https://understat.com/getLeagueData/Ligue_1/2022,2023-03-12,True
2023-03-12,Marseille,Strasbourg,1.67973,2.2222,19916,2022,https://understat.com/getLeagueData/Ligue_1/2022,2023-03-12,True
2023-03-12,Monaco,Reims,0.98037,1.81877,19910,2022,https://understat.com/getLeagueData/Ligue_1/2022,2023-03-12,True
2023-03-12,Nantes,Nice,1.75098,1.51843,19914,2022,https://understat.com/getLeagueData/Ligue_1/2022,2023-03-12,True
2023-03-17,Lyon,Nantes,1.62188,1.06263,19921,2022,https://understat.com/getLeagueData/Ligue_1/2022,2023-03-17,True
2023-03-18,Lens,Angers,1.64899,0.589326,19923,2022,https://understat.com/getLeagueData/Ligue_1/2022,2023-03-18,True
2023-03-18,Toulouse,Lille,2.05248,1.96469,19926,2022,https://understat.com/getLeagueData/Ligue_1/2022,2023-03-18,True
2023-03-19,Ajaccio,Monaco,0.409601,1.45597,19918,2022,https://understat.com/getLeagueData/Ligue_1/2022,2023-03-19,True
2023-03-19,Montpellier,Clermont,3.01981,1.40585,19919,2022,https://understat.com/getLeagueData/Ligue_1/2022,2023-03-19,True
2023-03-19,Nice,Lorient,1.21674,0.883148,19920,2022,https://understat.com/getLeagueData/Ligue_1/2022,2023-03-19,True
2023-03-19,Paris SG,Rennes,1.70984,1.90042,19922,2022,https://understat.com/getLeagueData/Ligue_1/2022,2023-03-19,True
2023-03-19,Reims,Marseille,1.91783,1.39201,19925,2022,https://understat.com/getLeagueData/Ligue_1/2022,2023-03-19,True
2023-03-19,Strasbourg,Auxerre,2.88267,0.945437,19924,2022,https://understat.com/getLeagueData/Ligue_1/2022,2023-03-19,True
2023-03-19,Troyes,Brest,1.00182,1.16022,19927,2022,https://understat.com/getLeagueData/Ligue_1/2022,2023-03-19,True
2023-03-31,Marseille,Montpellier,1.43396,0.849684,19934,2022,https://understat.com/getLeagueData/Ligue_1/2022,2023-03-31,True
2023-04-01,Auxerre,Troyes,1.16561,1.17234,19928,2022,https://understat.com/getLeagueData/Ligue_1/2022,2023-04-01,True
2023-04-01,Rennes,Lens,1.21006,1.4486,19937,2022,https://understat.com/getLeagueData/Ligue_1/2022,2023-04-01,True
2023-04-02,Angers,Nice,0.960041,1.20001,19930,2022,https://understat.com/getLeagueData/Ligue_1/2022,2023-04-02,True
2023-04-02,Brest,Toulouse,1.47173,1.77942,19936,2022,https://understat.com/getLeagueData/Ligue_1/2022,2023-04-02,True
2023-04-02,Clermont,Ajaccio,2.13637,0.411997,19931,2022,https://understat.com/getLeagueData/Ligue_1/2022,2023-04-02,True
2023-04-02,Lille,Lorient,1.96183,0.0956693,19933,2022,https://understat.com/getLeagueData/Ligue_1/2022,2023-04-02,True
2023-04-02,Monaco,Strasbourg,1.40127,1.55623,19929,2022,https://understat.com/getLeagueData/Ligue_1/2022,2023-04-02,True
2023-04-02,Nantes,Reims,1.37353,2.00509,19932,2022,https://understat.com/getLeagueData/Ligue_1/2022,2023-04-02,True
2023-04-02,Paris SG,Lyon,1.22372,2.14851,19935,2022,https://understat.com/getLeagueData/Ligue_1/2022,2023-04-02,True
2023-04-07,Lens,Strasbourg,1.31665,0.580047,19945,2022,https://understat.com/getLeagueData/Ligue_1/2022,2023-04-07,True
2023-04-08,Angers,Lille,1.03911,1.06957,19939,2022,https://understat.com/getLeagueData/Ligue_1/2022,2023-04-08,True
2023-04-08,Nice,Paris SG,1.22259,1.24929,19943,2022,https://understat.com/getLeagueData/Ligue_1/2022,2023-04-08,True
2023-04-09,Ajaccio,Auxerre,0.982688,0.925035,19938,2022,https://understat.com/getLeagueData/Ligue_1/2022,2023-04-09,True
2023-04-09,Lorient,Marseille,0.637221,0.782867,19940,2022,https://understat.com/getLeagueData/Ligue_1/2022,2023-04-09,True
2023-04-09,Lyon,Rennes,1.23785,1.06365,19944,2022,https://understat.com/getLeagueData/Ligue_1/2022,2023-04-09,True
2023-04-09,Montpellier,Toulouse,1.79324,2.20627,19942,2022,https://understat.com/getLeagueData/Ligue_1/2022,2023-04-09,True
2023-04-09,Nantes,Monaco,0.973965,1.66938,19941,2022,https://understat.com/getLeagueData/Ligue_1/2022,2023-04-09,True
2023-04-09,Reims,Brest,3.26526,1.11133,19946,2022,https://understat.com/getLeagueData/Ligue_1/2022,2023-04-09,True
2023-04-09,Troyes,Clermont,0.488321,1.86113,19947,2022,https://understat.com/getLeagueData/Ligue_1/2022,2023-04-09,True
2023-04-14,Toulouse,Lyon,1.51685,2.988,19957,2022,https://understat.com/getLeagueData/Ligue_1/2022,2023-04-14,True
2023-04-15,Paris SG,Lens,1.39403,1.43462,19953,2022,https://understat.com/getLeagueData/Ligue_1/2022,2023-04-15,True
2023-04-15,Rennes,Reims,3.21823,0.343875,19956,2022,https://understat.com/getLeagueData/Ligue_1/2022,2023-04-15,True
2023-04-16,Auxerre,Nantes,2.65132,1.28278,19948,2022,https://understat.com/getLeagueData/Ligue_1/2022,2023-04-16,True
2023-04-16,Brest,Nice,0.956282,0.656233,19955,2022,https://understat.com/getLeagueData/Ligue_1/2022,2023-04-16,True
2023-04-16,Clermont,Angers,2.01768,0.327937,19950,2022,https://understat.com/getLeagueData/Ligue_1/2022,2023-04-16,True
2023-04-16,Lille,Montpellier,2.31737,0.515081,19951,2022,https://understat.com/getLeagueData/Ligue_1/2022,2023-04-16,True
2023-04-16,Marseille,Troyes,3.75094,0.405591,19952,2022,https://understat.com/getLeagueData/Ligue_1/2022,2023-04-16,True
2023-04-16,Monaco,Lorient,2.67195,1.03367,19949,2022,https://understat.com/getLeagueData/Ligue_1/2022,2023-04-16,True
2023-04-16,Strasbourg,Ajaccio,1.59182,0.478923,19954,2022,https://understat.com/getLeagueData/Ligue_1/2022,2023-04-16,True
2023-04-21,Angers,Paris SG,1.28414,1.75064,19960,2022,https://understat.com/getLeagueData/Ligue_1/2022,2023-04-21,True
2023-04-22,Auxerre,Lille,1.0782,3.08943,19959,2022,https://understat.com/getLeagueData/Ligue_1/2022,2023-04-22,True
2023-04-22,Lens,Monaco,3.52672,1.53352,19966,2022,https://understat.com/getLeagueData/Ligue_1/2022,2023-04-22,True
2023-04-23,Ajaccio,Brest,0.193609,0.451465,19958,2022,https://understat.com/getLeagueData/Ligue_1/2022,2023-04-23,True
2023-04-23,Lorient,Toulouse,0.506852,1.25506,19961,2022,https://understat.com/getLeagueData/Ligue_1/2022,2023-04-23,True
2023-04-23,Lyon,Marseille,1.45711,2.21507,19965,2022,https://understat.com/getLeagueData/Ligue_1/2022,2023-04-23,True
2023-04-23,Montpellier,Rennes,0.748138,1.32781,19963,2022,https://understat.com/getLeagueData/Ligue_1/2022,2023-04-23,True
2023-04-23,Nantes,Troyes,1.98437,1.7244,19962,2022,https://understat.com/getLeagueData/Ligue_1/2022,2023-04-23,True
2023-04-23,Nice,Clermont,1.52279,0.917427,19964,2022,https://understat.com/getLeagueData/Ligue_1/2022,2023-04-23,True
2023-04-23,Reims,Strasbourg,1.13179,1.33348,19967,2022,https://understat.com/getLeagueData/Ligue_1/2022,2023-04-23,True
2023-04-28,Strasbourg,Lyon,1.68749,0.889805,19973,2022,https://understat.com/getLeagueData/Ligue_1/2022,2023-04-30,True
2023-04-29,Lille,Ajaccio,1.55851,0.360442,19970,2022,https://understat.com/getLeagueData/Ligue_1/2022,2023-04-29,True
2023-04-30,Clermont,Reims,1.12839,0.483303,19969,2022,https://understat.com/getLeagueData/Ligue_1/2022,2023-04-30,True
2023-04-30,Marseille,Auxerre,3.56928,0.456496,19971,2022,https://understat.com/getLeagueData/Ligue_1/2022,2023-04-30,True
2023-04-30,Monaco,Montpellier,1.35206,2.11063,19968,2022,https://understat.com/getLeagueData/Ligue_1/2022,2023-04-30,True
2023-04-30,Paris SG,Lorient,1.76277,3.2671,19972,2022,https://understat.com/getLeagueData/Ligue_1/2022,2023-04-30,True
2023-04-30,Rennes,Angers,2.51135,1.27022,19975,2022,https://understat.com/getLeagueData/Ligue_1/2022,2023-04-30,True
2023-04-30,Troyes,Nice,0.625019,3.65344,19977,2022,https://understat.com/getLeagueData/Ligue_1/2022,2023-04-30,True
2023-05-02,Toulouse,Lens,0.396677,1.35975,19976,2022,https://understat.com/getLeagueData/Ligue_1/2022,2023-05-02,True
2023-05-03,Brest,Nantes,0.794114,0.725944,19974,2022,https://understat.com/getLeagueData/Ligue_1/2022,2023-05-03,True
2023-05-06,Lens,Marseille,1.33558,1.27465,19985,2022,https://understat.com/getLeagueData/Ligue_1/2022,2023-05-06,True
2023-05-06,Nice,Rennes,1.33415,1.06201,19983,2022,https://understat.com/getLeagueData/Ligue_1/2022,2023-05-06,True
2023-05-06,Reims,Lille,2.07452,1.42756,19986,2022,https://understat.com/getLeagueData/Ligue_1/2022,2023-05-06,True
2023-05-07,Ajaccio,Toulouse,0.211301,2.52738,19978,2022,https://understat.com/getLeagueData/Ligue_1/2022,2023-05-07,True
2023-05-07,Angers,Monaco,1.41717,1.58485,19980,2022,https://understat.com/getLeagueData/Ligue_1/2022,2023-05-07,True
2023-05-07,Auxerre,Clermont,1.57698,1.82065,19979,2022,https://understat.com/getLeagueData/Ligue_1/2022,2023-05-07,True
2023-05-07,Lorient,Brest,1.23052,1.42227,19981,2022,https://understat.com/getLeagueData/Ligue_1/2022,2023-05-07,True
2023-05-07,Lyon,Montpellier,3.69552,2.30837,19984,2022,https://understat.com/getLeagueData/Ligue_1/2022,2023-05-07,True
2023-05-07,Nantes,Strasbourg,0.815995,1.94833,19982,2022,https://understat.com/getLeagueData/Ligue_1/2022,2023-05-07,True
2023-05-07,Troyes,Paris SG,0.615079,4.3052,19987,2022,https://understat.com/getLeagueData/Ligue_1/2022,2023-05-07,True
2023-05-12,Lens,Reims,1.35466,1.80834,19993,2022,https://understat.com/getLeagueData/Ligue_1/2022,2023-05-12,True
2023-05-13,Paris SG,Ajaccio,2.31569,0.313564,19992,2022,https://understat.com/getLeagueData/Ligue_1/2022,2023-05-13,True
2023-05-13,Strasbourg,Nice,1.67065,0.360576,19994,2022,https://understat.com/getLeagueData/Ligue_1/2022,2023-05-13,True
2023-05-14,Brest,Auxerre,1.63305,0.73065,19995,2022,https://understat.com/getLeagueData/Ligue_1/2022,2023-05-14,True
2023-05-14,Clermont,Lyon,1.73834,1.90489,19989,2022,https://understat.com/getLeagueData/Ligue_1/2022,2023-05-14,True
2023-05-14,Marseille,Angers,2.99154,0.559445,19991,2022,https://understat.com/getLeagueData/Ligue_1/2022,2023-05-14,True
2023-05-14,Monaco,Lille,0.690333,1.29341,19988,2022,https://understat.com/getLeagueData/Ligue_1/2022,2023-05-14,True
2023-05-14,Montpellier,Lorient,1.20401,0.582419,19990,2022,https://understat.com/getLeagueData/Ligue_1/2022,2023-05-14,True
2023-05-14,Rennes,Troyes,3.75816,0.263264,19996,2022,https://understat.com/getLeagueData/Ligue_1/2022,2023-05-14,True
2023-05-14,Toulouse,Nantes,1.24578,0.621868,19997,2022,https://understat.com/getLeagueData/Ligue_1/2022,2023-05-14,True
2023-05-19,Lyon,Monaco,2.40929,1.46568,20004,2022,https://understat.com/getLeagueData/Ligue_1/2022,2023-05-19,True
2023-05-20,Lille,Marseille,1.86027,1.19915,20002,2022,https://understat.com/getLeagueData/Ligue_1/2022,2023-05-20,True
2023-05-20,Nantes,Montpellier,0.751273,1.7036,20001,2022,https://understat.com/getLeagueData/Ligue_1/2022,2023-05-20,True
2023-05-21,Ajaccio,Rennes,0.0631786,2.09363,19998,2022,https://understat.com/getLeagueData/Ligue_1/2022,2023-05-21,True
2023-05-21,Auxerre,Paris SG,0.696155,1.84662,19999,2022,https://understat.com/getLeagueData/Ligue_1/2022,2023-05-21,True
2023-05-21,Brest,Clermont,1.14332,0.36306,20005,2022,https://understat.com/getLeagueData/Ligue_1/2022,2023-05-21,True
2023-05-21,Lorient,Lens,1.37416,2.30872,20000,2022,https://understat.com/getLeagueData/Ligue_1/2022,2023-05-21,True
2023-05-21,Nice,Toulouse,2.78131,0.964577,20003,2022,https://understat.com/getLeagueData/Ligue_1/2022,2023-05-21,True
2023-05-21,Reims,Angers,1.7427,0.700941,20006,2022,https://understat.com/getLeagueData/Ligue_1/2022,2023-05-21,True
2023-05-21,Troyes,Strasbourg,0.706571,2.30022,20007,2022,https://understat.com/getLeagueData/Ligue_1/2022,2023-05-21,True
2023-05-27,Angers,Troyes,0.775828,0.234923,20008,2022,https://understat.com/getLeagueData/Ligue_1/2022,2023-05-27,True
2023-05-27,Clermont,Lorient,1.34675,0.9985,20009,2022,https://understat.com/getLeagueData/Ligue_1/2022,2023-05-27,True
2023-05-27,Lens,Ajaccio,2.29667,0.18809,20014,2022,https://understat.com/getLeagueData/Ligue_1/2022,2023-05-27,True
2023-05-27,Lille,Nantes,2.16385,1.0893,20010,2022,https://understat.com/getLeagueData/Ligue_1/2022,2023-05-27,True
2023-05-27,Lyon,Reims,3.22012,0.505996,20012,2022,https://understat.com/getLeagueData/Ligue_1/2022,2023-05-27,True
2023-05-27,Marseille,Brest,0.968914,1.5307,20013,2022,https://understat.com/getLeagueData/Ligue_1/2022,2023-05-27,True
2023-05-27,Montpellier,Nice,1.61612,4.59487,20011,2022,https://understat.com/getLeagueData/Ligue_1/2022,2023-05-27,True
2023-05-27,Rennes,Monaco,0.759796,0.377473,20016,2022,https://understat.com/getLeagueData/Ligue_1/2022,2023-05-27,True
2023-05-27,Strasbourg,Paris SG,1.33636,1.16057,20015,2022,https://understat.com/getLeagueData/Ligue_1/2022,2023-05-27,True
2023-05-27,Toulouse,Auxerre,1.21674,0.653455,20017,2022,https://understat.com/getLeagueData/Ligue_1/2022,2023-05-27,True
2023-06-03,Ajaccio,Marseille,0.129389,1.22431,20018,2022,https://understat.com/getLeagueData/Ligue_1/2022,2023-06-03,True
2023-06-03,Auxerre,Lens,2.03416,3.19981,20019,2022,https://understat.com/getLeagueData/Ligue_1/2022,2023-06-03,True
2023-06-03,Brest,Rennes,1.22603,1.57488,20025,2022,https://understat.com/getLeagueData/Ligue_1/2022,2023-06-03,True
2023-06-03,Lorient,Strasbourg,0.489883,0.851717,20022,2022,https://understat.com/getLeagueData/Ligue_1/2022,2023-06-03,True
2023-06-03,Monaco,Toulouse,2.1529,2.66693,20020,2022,https://understat.com/getLeagueData/Ligue_1/2022,2023-06-03,True
2023-06-03,Nantes,Angers,1.06065,0.190199,20021,2022,https://understat.com/getLeagueData/Ligue_1/2022,2023-06-03,True
2023-06-03,Nice,Lyon,2.30538,1.68314,20023,2022,https://understat.com/getLeagueData/Ligue_1/2022,2023-06-03,True
2023-06-03,Paris SG,Clermont,2.23509,2.97907,20024,2022,https://understat.com/getLeagueData/Ligue_1/2022,2023-06-03,True
2023-06-03,Reims,Montpellier,1.84121,2.21924,20026,2022,https://understat.com/getLeagueData/Ligue_1/2022,2023-06-03,True
2023-06-03,Troyes,Lille,0.241842,1.69616,20027,2022,https://understat.com/getLeagueData/Ligue_1/2022,2023-06-03,True
2023-08-11,Nice,Lille,1.12141,1.53437,23377,2023,https://understat.com/getLeagueData/Ligue_1/2023,2023-08-12,True
2023-08-12,Marseille,Reims,1.5127,0.993374,23372,2023,https://understat.com/getLeagueData/Ligue_1/2023,2023-08-12,True
2023-08-12,Paris SG,Lorient,1.36166,0.136269,23379,2023,https://understat.com/getLeagueData/Ligue_1/2023,2023-08-12,True
2023-08-13,Brest,Lens,2.91934,0.960002,23378,2023,https://understat.com/getLeagueData/Ligue_1/2023,2023-08-12,True
2023-08-13,Clermont,Monaco,1.97981,3.40428,23375,2023,https://understat.com/getLeagueData/Ligue_1/2023,2023-08-13,True
2023-08-13,Montpellier,Le Havre,1.2977,1.24958,23376,2023,https://understat.com/getLeagueData/Ligue_1/2023,2023-08-13,True
2023-08-13,Nantes,Toulouse,1.07028,2.06035,23374,2023,https://understat.com/getLeagueData/Ligue_1/2023,2023-08-13,True
2023-08-13,Rennes,Metz,4.67967,0.561838,23371,2023,https://understat.com/getLeagueData/Ligue_1/2023,2023-08-13,True
2023-08-13,Strasbourg,Lyon,1.16184,2.05387,23373,2023,https://understat.com/getLeagueData/Ligue_1/2023,2023-08-13,True
2023-08-18,Metz,Marseille,0.360903,1.49349,23388,2023,https://understat.com/getLeagueData/Ligue_1/2023,2023-08-18,True
2023-08-19,Lyon,Montpellier,0.641589,1.91808,23384,2023,https://understat.com/getLeagueData/Ligue_1/2023,2023-08-19,True
2023-08-19,Toulouse,Paris SG,1.15991,2.00415,23380,2023,https://understat.com/getLeagueData/Ligue_1/2023,2023-08-19,True
2023-08-20,Le Havre,Brest,0.866995,1.60466,23387,2023,https://understat.com/getLeagueData/Ligue_1/2023,2023-08-20,True
2023-08-20,Lens,Rennes,1.3445,1.62597,23386,2023,https://understat.com/getLeagueData/Ligue_1/2023,2023-08-20,True
2023-08-20,Lille,Nantes,3.239,1.27164,23383,2023,https://understat.com/getLeagueData/Ligue_1/2023,2023-08-20,True
2023-08-20,Lorient,Nice,0.750785,2.42649,23381,2023,https://understat.com/getLeagueData/Ligue_1/2023,2023-08-20,True
2023-08-20,Monaco,Strasbourg,1.30947,0.552621,23382,2023,https://understat.com/getLeagueData/Ligue_1/2023,2023-08-20,True
2023-08-20,Reims,Clermont,2.41479,0.399613,23385,2023,https://understat.com/getLeagueData/Ligue_1/2023,2023-08-20,True
2023-08-25,Nantes,Monaco,0.906833,4.95812,23396,2023,https://understat.com/getLeagueData/Ligue_1/2023,2023-08-25,True
2023-08-26,Marseille,Brest,3.50896,1.72801,23392,2023,https://understat.com/getLeagueData/Ligue_1/2023,2023-08-26,True
2023-08-26,Paris SG,Lens,1.86713,0.487094,23389,2023,https://understat.com/getLeagueData/Ligue_1/2023,2023-08-26,True
2023-08-27,Clermont,Metz,0.540615,0.791472,23395,2023,https://understat.com/getLeagueData/Ligue_1/2023,2023-08-27,True
2023-08-27,Lorient,Lille,1.745,1.45127,23393,2023,https://understat.com/getLeagueData/Ligue_1/2023,2023-08-27,True
2023-08-27,Montpellier,Reims,1.42165,1.8496,23397,2023,https://understat.com/getLeagueData/Ligue_1/2023,2023-08-27,True
2023-08-27,Nice,Lyon,1.82327,0.25547,23394,2023,https://understat.com/getLeagueData/Ligue_1/2023,2023-08-27,True
2023-08-27,Rennes,Le Havre,3.49731,0.41475,23391,2023,https://understat.com/getLeagueData/Ligue_1/2023,2023-08-27,True
2023-08-27,Strasbourg,Toulouse,2.84995,0.308716,23390,2023,https://understat.com/getLeagueData/Ligue_1/2023,2023-08-27,True
2023-09-01,Nantes,Marseille,0.621642,2.77866,23403,2023,https://understat.com/getLeagueData/Ligue_1/2023,2023-09-01,True
2023-09-02,Brest,Rennes,1.58468,0.248338,23406,2023,https://understat.com/getLeagueData/Ligue_1/2023,2023-09-02,True
2023-09-02,Monaco,Lens,1.24938,0.612432,23399,2023,https://understat.com/getLeagueData/Ligue_1/2023,2023-09-02,True
2023-09-03,Le Havre,Lorient,1.70033,0.675614,23404,2023,https://understat.com/getLeagueData/Ligue_1/2023,2023-09-03,True
2023-09-03,Lille,Montpellier,1.33906,0.793407,23400,2023,https://understat.com/getLeagueData/Ligue_1/2023,2023-09-03,True
2023-09-03,Lyon,Paris SG,2.44259,4.91949,23401,2023,https://understat.com/getLeagueData/Ligue_1/2023,2023-09-03,True
2023-09-03,Metz,Reims,1.14763,0.859494,23405,2023,https://understat.com/getLeagueData/Ligue_1/2023,2023-09-03,True
2023-09-03,Nice,Strasbourg,2.28809,0.158524,23402,2023,https://understat.com/getLeagueData/Ligue_1/2023,2023-09-03,True
2023-09-03,Toulouse,Clermont,0.64111,1.40431,23398,2023,https://understat.com/getLeagueData/Ligue_1/2023,2023-09-03,True
2023-09-15,Paris SG,Nice,1.21929,1.94985,23407,2023,https://understat.com/getLeagueData/Ligue_1/2023,2023-09-15,True
2023-09-16,Lens,Metz,1.61194,0.629577,23415,2023,https://understat.com/getLeagueData/Ligue_1/2023,2023-09-16,True
2023-09-16,Rennes,Lille,0.427673,1.60903,23409,2023,https://understat.com/getLeagueData/Ligue_1/2023,2023-09-16,True
2023-09-17,Clermont,Nantes,1.26417,0.866302,23413,2023,https://understat.com/getLeagueData/Ligue_1/2023,2023-09-17,True
2023-09-17,Lorient,Monaco,0.660724,1.54062,23411,2023,https://understat.com/getLeagueData/Ligue_1/2023,2023-09-17,True
2023-09-17,Lyon,Le Havre,1.83314,1.25165,23412,2023,https://understat.com/getLeagueData/Ligue_1/2023,2023-09-17,True
2023-09-17,Marseille,Toulouse,1.16853,0.882315,23410,2023,https://understat.com/getLeagueData/Ligue_1/2023,2023-09-17,True
2023-09-17,Reims,Brest,1.97443,1.56067,23414,2023,https://understat.com/getLeagueData/Ligue_1/2023,2023-09-17,True
2023-09-17,Strasbourg,Montpellier,2.27232,1.03603,23408,2023,https://understat.com/getLeagueData/Ligue_1/2023,2023-09-17,True
2023-09-22,Monaco,Nice,1.80137,1.10143,23417,2023,https://understat.com/getLeagueData/Ligue_1/2023,2023-09-22,True
2023-09-23,Brest,Lyon,2.54509,0.254128,23424,2023,https://understat.com/getLeagueData/Ligue_1/2023,2023-09-23,True
2023-09-23,Nantes,Lorient,2.52906,1.59675,23420,2023,https://understat.com/getLeagueData/Ligue_1/2023,2023-09-23,True
2023-09-24,Le Havre,Clermont,1.01727,0.716065,23421,2023,https://understat.com/getLeagueData/Ligue_1/2023,2023-09-24,True
2023-09-24,Lens,Toulouse,3.08782,0.649363,23419,2023,https://understat.com/getLeagueData/Ligue_1/2023,2023-09-24,True
2023-09-24,Metz,Strasbourg,1.03805,0.456135,23422,2023,https://understat.com/getLeagueData/Ligue_1/2023,2023-09-24,True
2023-09-24,Montpellier,Rennes,1.38233,0.933593,23423,2023,https://understat.com/getLeagueData/Ligue_1/2023,2023-09-24,True
2023-09-24,Paris SG,Marseille,2.00222,0.568702,23416,2023,https://understat.com/getLeagueData/Ligue_1/2023,2023-09-24,True
2023-09-26,Lille,Reims,1.41766,1.21818,23418,2023,https://understat.com/getLeagueData/Ligue_1/2023,2023-09-26,True
2023-09-29,Strasbourg,Lens,0.305015,1.52229,23425,2023,https://understat.com/getLeagueData/Ligue_1/2023,2023-09-29,True
2023-09-30,Clermont,Paris SG,1.16006,2.99118,23431,2023,https://understat.com/getLeagueData/Ligue_1/2023,2023-09-30,True
2023-09-30,Monaco,Marseille,1.5165,0.908767,23429,2023,https://understat.com/getLeagueData/Ligue_1/2023,2023-09-30,True
2023-10-01,Le Havre,Lille,1.05835,1.38688,23433,2023,https://understat.com/getLeagueData/Ligue_1/2023,2023-10-01,True
2023-10-01,Lorient,Montpellier,0.799881,2.77044,23428,2023,https://understat.com/getLeagueData/Ligue_1/2023,2023-10-01,True
2023-10-01,Nice,Brest,1.03293,0.153004,23430,2023,https://understat.com/getLeagueData/Ligue_1/2023,2023-10-01,True
2023-10-01,Reims,Lyon,1.99596,0.389915,23432,2023,https://understat.com/getLeagueData/Ligue_1/2023,2023-10-01,True
2023-10-01,Rennes,Nantes,2.3169,0.902963,23426,2023,https://understat.com/getLeagueData/Ligue_1/2023,2023-10-01,True
2023-10-01,Toulouse,Metz,2.3397,0.598514,23427,2023,https://understat.com/getLeagueData/Ligue_1/2023,2023-10-01,True
2023-10-06,Strasbourg,Nantes,0.944783,2.24185,23434,2023,https://understat.com/getLeagueData/Ligue_1/2023,2023-10-06,True
2023-10-07,Metz,Nice,0.263633,1.51523,23440,2023,https://understat.com/getLeagueData/Ligue_1/2023,2023-10-07,True
2023-10-07,Reims,Monaco,1.99785,1.74741,23438,2023,https://understat.com/getLeagueData/Ligue_1/2023,2023-10-07,True
2023-10-08,Brest,Toulouse,1.61363,1.23903,23442,2023,https://understat.com/getLeagueData/Ligue_1/2023,2023-10-08,True
2023-10-08,Lens,Lille,2.58377,1.34285,23439,2023,https://understat.com/getLeagueData/Ligue_1/2023,2023-10-08,True
2023-10-08,Lyon,Lorient,1.3787,1.07853,23437,2023,https://understat.com/getLeagueData/Ligue_1/2023,2023-10-08,True
2023-10-08,Marseille,Le Havre,3.00689,0.131369,23436,2023,https://understat.com/getLeagueData/Ligue_1/2023,2023-10-08,True
2023-10-08,Rennes,Paris SG,1.34436,3.13091,23435,2023,https://understat.com/getLeagueData/Ligue_1/2023,2023-10-08,True
2023-10-20,Le Havre,Lens,1.84471,1.96292,23451,2023,https://understat.com/getLeagueData/Ligue_1/2023,2023-10-20,True
2023-10-21,Nice,Marseille,0.828728,1.00304,23449,2023,https://understat.com/getLeagueData/Ligue_1/2023,2023-10-21,True
2023-10-21,Paris SG,Strasbourg,2.51872,0.224242,23443,2023,https://understat.com/getLeagueData/Ligue_1/2023,2023-10-21,True
2023-10-22,Lille,Brest,2.19168,0.625269,23447,2023,https://understat.com/getLeagueData/Ligue_1/2023,2023-10-22,True
2023-10-22,Lorient,Rennes,0.594654,0.940774,23445,2023,https://understat.com/getLeagueData/Ligue_1/2023,2023-10-22,True
2023-10-22,Lyon,Clermont,1.73586,1.28994,23448,2023,https://understat.com/getLeagueData/Ligue_1/2023,2023-10-22,True
2023-10-22,Monaco,Metz,1.9731,0.720525,23446,2023,https://understat.com/getLeagueData/Ligue_1/2023,2023-10-22,True
2023-10-22,Nantes,Montpellier,1.74936,0.495893,23450,2023,https://understat.com/getLeagueData/Ligue_1/2023,2023-10-22,True
2023-10-22,Toulouse,Reims,0.900833,0.96583,23444,2023,https://understat.com/getLeagueData/Ligue_1/2023,2023-10-22,True
2023-10-27,Clermont,Nice,0.298709,2.15871,23455,2023,https://understat.com/getLeagueData/Ligue_1/2023,2023-10-27,True
2023-10-28,Lens,Nantes,4.32919,1.21849,23457,2023,https://understat.com/getLeagueData/Ligue_1/2023,2023-10-28,True
2023-10-28,Reims,Lorient,0.981549,0.412238,23456,2023,https://understat.com/getLeagueData/Ligue_1/2023,2023-10-28,True
2023-10-29,Brest,Paris SG,1.68226,2.09847,23460,2023,https://understat.com/getLeagueData/Ligue_1/2023,2023-10-29,True
2023-10-29,Lille,Monaco,0.667633,0.901743,23454,2023,https://understat.com/getLeagueData/Ligue_1/2023,2023-10-29,True
2023-10-29,Metz,Le Havre,0.469858,0.890469,23458,2023,https://understat.com/getLeagueData/Ligue_1/2023,2023-10-29,True
2023-10-29,Montpellier,Toulouse,3.2823,0.877804,23459,2023,https://understat.com/getLeagueData/Ligue_1/2023,2023-10-29,True
2023-10-29,Rennes,Strasbourg,1.11025,1.02122,23452,2023,https://understat.com/getLeagueData/Ligue_1/2023,2023-10-29,True
2023-11-03,Paris SG,Montpellier,1.23178,0.583754,23461,2023,https://understat.com/getLeagueData/Ligue_1/2023,2023-11-03,True
2023-11-04,Lorient,Lens,0.521851,0.707799,23465,2023,https://understat.com/getLeagueData/Ligue_1/2023,2023-11-04,True
2023-11-04,Marseille,Lille,0.751791,0.326226,23464,2023,https://understat.com/getLeagueData/Ligue_1/2023,2023-11-04,True
2023-11-05,Lyon,Metz,1.8478,0.667193,23467,2023,https://understat.com/getLeagueData/Ligue_1/2023,2023-11-05,True
2023-11-05,Monaco,Brest,1.11674,0.73688,23466,2023,https://understat.com/getLeagueData/Ligue_1/2023,2023-11-05,True
2023-11-05,Nantes,Reims,1.54695,1.7428,23469,2023,https://understat.com/getLeagueData/Ligue_1/2023,2023-11-05,True
2023-11-05,Nice,Rennes,2.28618,0.484764,23468,2023,https://understat.com/getLeagueData/Ligue_1/2023,2023-11-05,True
2023-11-05,Strasbourg,Clermont,1.55966,1.05162,23462,2023,https://understat.com/getLeagueData/Ligue_1/2023,2023-11-05,True
2023-11-05,Toulouse,Le Havre,2.31734,1.21056,23463,2023,https://understat.com/getLeagueData/Ligue_1/2023,2023-11-05,True
2023-11-10,Montpellier,Nice,0.651349,0.62039,23477,2023,https://understat.com/getLeagueData/Ligue_1/2023,2023-11-10,True
2023-11-11,Le Havre,Monaco,1.12627,0.968375,23475,2023,https://understat.com/getLeagueData/Ligue_1/2023,2023-11-11,True
2023-11-11,Reims,Paris SG,1.54396,2.64035,23473,2023,https://understat.com/getLeagueData/Ligue_1/2023,2023-11-11,True
2023-11-12,Clermont,Lorient,1.40549,0.58473,23472,2023,https://understat.com/getLeagueData/Ligue_1/2023,2023-11-12,True
2023-11-12,Lens,Marseille,1.21972,0.723678,23474,2023,https://understat.com/getLeagueData/Ligue_1/2023,2023-11-12,True
2023-11-12,Lille,Toulouse,2.6899,0.41683,23471,2023,https://understat.com/getLeagueData/Ligue_1/2023,2023-11-12,True
2023-11-12,Metz,Nantes,0.940982,1.75389,23476,2023,https://understat.com/getLeagueData/Ligue_1/2023,2023-11-12,True
2023-11-12,Rennes,Lyon,0.680277,2.07974,23470,2023,https://understat.com/getLeagueData/Ligue_1/2023,2023-11-12,True
2023-11-24,Paris SG,Monaco,2.61317,1.52014,23479,2023,https://understat.com/getLeagueData/Ligue_1/2023,2023-11-24,True
2023-11-25,Clermont,Lens,1.84299,2.53223,23485,2023,https://understat.com/getLeagueData/Ligue_1/2023,2023-11-25,True
2023-11-25,Strasbourg,Marseille,1.18208,1.36665,23480,2023,https://understat.com/getLeagueData/Ligue_1/2023,2023-11-25,True
2023-11-26,Lorient,Metz,1.37412,1.85366,23482,2023,https://understat.com/getLeagueData/Ligue_1/2023,2023-11-26,True
2023-11-26,Lyon,Lille,1.71151,1.7068,23483,2023,https://understat.com/getLeagueData/Ligue_1/2023,2023-11-26,True
2023-11-26,Montpellier,Brest,2.19901,2.38593,23487,2023,https://understat.com/getLeagueData/Ligue_1/2023,2023-11-26,True
2023-11-26,Nantes,Le Havre,1.75264,0.225701,23486,2023,https://understat.com/getLeagueData/Ligue_1/2023,2023-11-26,True
2023-11-26,Nice,Toulouse,1.00133,1.27183,23484,2023,https://understat.com/getLeagueData/Ligue_1/2023,2023-11-26,True
2023-11-26,Rennes,Reims,1.93506,2.24931,23481,2023,https://understat.com/getLeagueData/Ligue_1/2023,2023-11-26,True
2023-11-29,Montpellier,Clermont,2.5147,0.548696,23441,2023,https://understat.com/getLeagueData/Ligue_1/2023,2023-11-29,True
2023-12-01,Reims,Strasbourg,1.93212,1.82995,23492,2023,https://understat.com/getLeagueData/Ligue_1/2023,2023-12-01,True
2023-12-02,Lens,Lyon,2.66019,3.02776,23493,2023,https://understat.com/getLeagueData/Ligue_1/2023,2023-12-02,True
2023-12-02,Nantes,Nice,1.18224,1.2317,23494,2023,https://understat.com/getLeagueData/Ligue_1/2023,2023-12-02,True
2023-12-03,Brest,Clermont,1.30229,0.605084,23496,2023,https://understat.com/getLeagueData/Ligue_1/2023,2023-12-03,True
2023-12-03,Le Havre,Paris SG,1.85535,1.76208,23495,2023,https://understat.com/getLeagueData/Ligue_1/2023,2023-12-03,True
2023-12-03,Lille,Metz,3.04386,1.85842,23491,2023,https://understat.com/getLeagueData/Ligue_1/2023,2023-12-03,True
2023-12-03,Marseille,Rennes,0.91395,0.483795,23489,2023,https://understat.com/getLeagueData/Ligue_1/2023,2023-12-03,True
2023-12-03,Monaco,Montpellier,2.46013,1.18556,23490,2023,https://understat.com/getLeagueData/Ligue_1/2023,2023-12-03,True
2023-12-03,Toulouse,Lorient,1.10351,0.645774,23488,2023,https://understat.com/getLeagueData/Ligue_1/2023,2023-12-03,True
2023-12-06,Marseille,Lyon,1.82709,0.235651,23453,2023,https://understat.com/getLeagueData/Ligue_1/2023,2023-12-06,True
2023-12-07,Brest,Strasbourg,0.993441,1.26839,23478,2023,https://understat.com/getLeagueData/Ligue_1/2023,2023-12-07,True
2023-12-08,Montpellier,Lens,1.34889,1.61301,23505,2023,https://understat.com/getLeagueData/Ligue_1/2023,2023-12-08,True
2023-12-09,Paris SG,Nantes,2.15633,0.483837,23497,2023,https://understat.com/getLeagueData/Ligue_1/2023,2023-12-09,True
2023-12-09,Rennes,Monaco,2.14616,1.09728,23499,2023,https://understat.com/getLeagueData/Ligue_1/2023,2023-12-09,True
2023-12-10,Clermont,Lille,1.1121,0.635418,23503,2023,https://understat.com/getLeagueData/Ligue_1/2023,2023-12-10,True
2023-12-10,Lorient,Marseille,2.01809,2.88724,23500,2023,https://understat.com/getLeagueData/Ligue_1/2023,2023-12-10,True
2023-12-10,Lyon,Toulouse,3.13849,1.6021,23501,2023,https://understat.com/getLeagueData/Ligue_1/2023,2023-12-10,True
2023-12-10,Metz,Brest,0.632144,0.219846,23504,2023,https://understat.com/getLeagueData/Ligue_1/2023,2023-12-10,True
2023-12-10,Nice,Reims,1.2751,1.13313,23502,2023,https://understat.com/getLeagueData/Ligue_1/2023,2023-12-10,True
2023-12-10,Strasbourg,Le Havre,1.50877,1.62211,23498,2023,https://understat.com/getLeagueData/Ligue_1/2023,2023-12-10,True
2023-12-15,Monaco,Lyon,1.40268,0.739288,23509,2023,https://understat.com/getLeagueData/Ligue_1/2023,2023-12-15,True
2023-12-16,Le Havre,Nice,1.92557,1.64135,23513,2023,https://understat.com/getLeagueData/Ligue_1/2023,2023-12-16,True
2023-12-16,Lens,Reims,1.26773,0.876139,23511,2023,https://understat.com/getLeagueData/Ligue_1/2023,2023-12-16,True
2023-12-17,Lille,Paris SG,1.90778,1.39323,23510,2023,https://understat.com/getLeagueData/Ligue_1/2023,2023-12-17,True
2023-12-17,Lorient,Strasbourg,1.17121,1.76122,23508,2023,https://understat.com/getLeagueData/Ligue_1/2023,2023-12-17,True
2023-12-17,Marseille,Clermont,2.62654,0.131252,23507,2023,https://understat.com/getLeagueData/Ligue_1/2023,2023-12-17,True
2023-12-17,Metz,Montpellier,0.850081,0.766157,23514,2023,https://understat.com/getLeagueData/Ligue_1/2023,2023-12-17,True
2023-12-17,Nantes,Brest,1.38959,1.8065,23512,2023,https://understat.com/getLeagueData/Ligue_1/2023,2023-12-17,True
2023-12-17,Toulouse,Rennes,0.686037,1.08165,23506,2023,https://understat.com/getLeagueData/Ligue_1/2023,2023-12-17,True
2023-12-20,Brest,Lorient,1.59135,0.456656,23523,2023,https://understat.com/getLeagueData/Ligue_1/2023,2023-12-20,True
2023-12-20,Clermont,Rennes,0.75621,2.31736,23520,2023,https://understat.com/getLeagueData/Ligue_1/2023,2023-12-20,True
2023-12-20,Lyon,Nantes,2.1113,0.351645,23518,2023,https://understat.com/getLeagueData/Ligue_1/2023,2023-12-20,True
2023-12-20,Montpellier,Marseille,1.51091,1.20263,23522,2023,https://understat.com/getLeagueData/Ligue_1/2023,2023-12-20,True
2023-12-20,Nice,Lens,2.95792,0.539445,23519,2023,https://understat.com/getLeagueData/Ligue_1/2023,2023-12-20,True
2023-12-20,Paris SG,Metz,2.18199,0.149111,23515,2023,https://understat.com/getLeagueData/Ligue_1/2023,2023-12-20,True
2023-12-20,Reims,Le Havre,1.4252,0.459561,23521,2023,https://understat.com/getLeagueData/Ligue_1/2023,2023-12-20,True
2023-12-20,Strasbourg,Lille,0.805349,0.882407,23516,2023,https://understat.com/getLeagueData/Ligue_1/2023,2023-12-20,True
2023-12-20,Toulouse,Monaco,1.58928,2.26628,23517,2023,https://understat.com/getLeagueData/Ligue_1/2023,2023-12-20,True
2024-01-12,Marseille,Strasbourg,1.56944,1.14984,23525,2023,https://understat.com/getLeagueData/Ligue_1/2023,2024-01-12,True
2024-01-13,Monaco,Reims,1.02592,1.91585,23526,2023,https://understat.com/getLeagueData/Ligue_1/2023,2024-01-13,True
2024-01-13,Rennes,Nice,1.82506,0.805568,23524,2023,https://understat.com/getLeagueData/Ligue_1/2023,2024-01-13,True
2024-01-14,Brest,Montpellier,4.34723,0.462585,23532,2023,https://understat.com/getLeagueData/Ligue_1/2023,2024-01-14,True
2024-01-14,Le Havre,Lyon,1.47292,0.873358,23530,2023,https://understat.com/getLeagueData/Ligue_1/2023,2024-01-14,True
2024-01-14,Lens,Paris SG,2.68223,1.80377,23528,2023,https://understat.com/getLeagueData/Ligue_1/2023,2024-01-14,True
2024-01-14,Lille,Lorient,3.05553,0.122714,23527,2023,https://understat.com/getLeagueData/Ligue_1/2023,2024-01-14,True
2024-01-14,Metz,Toulouse,0.558992,0.952191,23531,2023,https://understat.com/getLeagueData/Ligue_1/2023,2024-01-14,True
2024-01-14,Nantes,Clermont,1.63891,1.22157,23529,2023,https://understat.com/getLeagueData/Ligue_1/2023,2024-01-14,True
2024-01-26,Lyon,Rennes,0.96504,1.37472,23537,2023,https://understat.com/getLeagueData/Ligue_1/2023,2024-01-26,True
2024-01-27,Marseille,Monaco,3.46234,0.372187,23535,2023,https://understat.com/getLeagueData/Ligue_1/2023,2024-01-27,True
2024-01-27,Nice,Metz,1.97472,0.119776,23538,2023,https://understat.com/getLeagueData/Ligue_1/2023,2024-01-27,True
2024-01-28,Clermont,Strasbourg,1.53045,1.31652,23539,2023,https://understat.com/getLeagueData/Ligue_1/2023,2024-01-28,True
2024-01-28,Lorient,Le Havre,1.63382,1.35726,23536,2023,https://understat.com/getLeagueData/Ligue_1/2023,2024-01-28,True
2024-01-28,Montpellier,Lille,1.37722,0.622726,23541,2023,https://understat.com/getLeagueData/Ligue_1/2023,2024-01-28,True
2024-01-28,Paris SG,Brest,1.89797,1.07348,23533,2023,https://understat.com/getLeagueData/Ligue_1/2023,2024-01-28,True
2024-01-28,Reims,Nantes,1.21383,1.40977,23540,2023,https://understat.com/getLeagueData/Ligue_1/2023,2024-01-28,True
2024-01-28,Toulouse,Lens,2.4207,1.17066,23534,2023,https://understat.com/getLeagueData/Ligue_1/2023,2024-01-28,True
2024-02-02,Strasbourg,Paris SG,2.57864,1.90654,23542,2023,https://understat.com/getLeagueData/Ligue_1/2023,2024-02-02,True
2024-02-03,Nantes,Lens,0.711906,1.63838,23548,2023,https://understat.com/getLeagueData/Ligue_1/2023,2024-02-03,True
2024-02-03,Rennes,Montpellier,2.21096,0.797935,23543,2023,https://understat.com/getLeagueData/Ligue_1/2023,2024-02-03,True
2024-02-04,Brest,Nice,0.875796,0.67289,23550,2023,https://understat.com/getLeagueData/Ligue_1/2023,2024-02-04,True
2024-02-04,Lille,Clermont,2.44237,0.81129,23545,2023,https://understat.com/getLeagueData/Ligue_1/2023,2024-02-04,True
2024-02-04,Lyon,Marseille,1.92161,0.511356,23546,2023,https://understat.com/getLeagueData/Ligue_1/2023,2024-02-04,True
2024-02-04,Metz,Lorient,0.822983,1.37239,23549,2023,https://understat.com/getLeagueData/Ligue_1/2023,2024-02-04,True
2024-02-04,Monaco,Le Havre,1.48516,0.149171,23544,2023,https://understat.com/getLeagueData/Ligue_1/2023,2024-02-04,True
2024-02-04,Reims,Toulouse,2.02418,1.74173,23547,2023,https://understat.com/getLeagueData/Ligue_1/2023,2024-02-04,True
2024-02-09,Marseille,Metz,2.39451,0.955249,23553,2023,https://understat.com/getLeagueData/Ligue_1/2023,2024-02-09,True
2024-02-10,Lens,Strasbourg,1.91964,1.66695,23558,2023,https://understat.com/getLeagueData/Ligue_1/2023,2024-02-10,True
2024-02-10,Paris SG,Lille,2.43098,1.48271,23551,2023,https://understat.com/getLeagueData/Ligue_1/2023,2024-02-10,True
2024-02-11,Clermont,Brest,1.19719,1.35687,23557,2023,https://understat.com/getLeagueData/Ligue_1/2023,2024-02-11,True
2024-02-11,Le Havre,Rennes,1.37399,1.18673,23559,2023,https://understat.com/getLeagueData/Ligue_1/2023,2024-02-11,True
2024-02-11,Lorient,Reims,2.29027,1.17008,23554,2023,https://understat.com/getLeagueData/Ligue_1/2023,2024-02-11,True
2024-02-11,Montpellier,Lyon,1.78103,1.29775,23556,2023,https://understat.com/getLeagueData/Ligue_1/2023,2024-02-11,True
2024-02-11,Nice,Monaco,2.16459,2.06475,23555,2023,https://understat.com/getLeagueData/Ligue_1/2023,2024-02-11,True
2024-02-11,Toulouse,Nantes,0.893343,0.497993,23552,2023,https://understat.com/getLeagueData/Ligue_1/2023,2024-02-11,True
2024-02-16,Lyon,Nice,0.801467,0.685452,23564,2023,https://understat.com/getLeagueData/Ligue_1/2023,2024-02-16,True
2024-02-17,Lille,Le Havre,4.23306,0.29674,23563,2023,https://understat.com/getLeagueData/Ligue_1/2023,2024-02-17,True
2024-02-17,Nantes,Paris SG,2.13627,1.71895,23566,2023,https://understat.com/getLeagueData/Ligue_1/2023,2024-02-17,True
2024-02-18,Brest,Marseille,1.79901,0.49619,23568,2023,https://understat.com/getLeagueData/Ligue_1/2023,2024-02-18,True
2024-02-18,Monaco,Toulouse,1.69534,1.57778,23562,2023,https://understat.com/getLeagueData/Ligue_1/2023,2024-02-18,True
2024-02-18,Montpellier,Metz,3.04692,0.929361,23567,2023,https://understat.com/getLeagueData/Ligue_1/2023,2024-02-18,True
2024-02-18,Reims,Lens,1.04087,1.45983,23565,2023,https://understat.com/getLeagueData/Ligue_1/2023,2024-02-18,True
2024-02-18,Rennes,Clermont,4.27182,0.755433,23561,2023,https://understat.com/getLeagueData/Ligue_1/2023,2024-02-18,True
2024-02-18,Strasbourg,Lorient,1.71908,2.13729,23560,2023,https://understat.com/getLeagueData/Ligue_1/2023,2024-02-18,True
2024-02-23,Metz,Lyon,1.76992,1.25668,23570,2023,https://understat.com/getLeagueData/Ligue_1/2023,2024-02-23,True
2024-02-24,Lorient,Nantes,0.620869,0.331772,23574,2023,https://understat.com/getLeagueData/Ligue_1/2023,2024-02-24,True
2024-02-24,Strasbourg,Brest,0.147244,1.75632,23577,2023,https://understat.com/getLeagueData/Ligue_1/2023,2024-02-24,True
2024-02-25,Le Havre,Reims,1.71847,3.16987,23571,2023,https://understat.com/getLeagueData/Ligue_1/2023,2024-02-25,True
2024-02-25,Lens,Monaco,2.863,2.33037,23572,2023,https://understat.com/getLeagueData/Ligue_1/2023,2024-02-25,True
2024-02-25,Marseille,Montpellier,2.91179,1.09554,23575,2023,https://understat.com/getLeagueData/Ligue_1/2023,2024-02-25,True
2024-02-25,Nice,Clermont,1.97032,2.46292,23573,2023,https://understat.com/getLeagueData/Ligue_1/2023,2024-02-25,True
2024-02-25,Paris SG,Rennes,1.88699,0.982428,23569,2023,https://understat.com/getLeagueData/Ligue_1/2023,2024-02-25,True
2024-02-25,Toulouse,Lille,1.95824,0.599376,23576,2023,https://understat.com/getLeagueData/Ligue_1/2023,2024-02-25,True
2024-03-01,Monaco,Paris SG,2.44196,1.84721,23580,2023,https://understat.com/getLeagueData/Ligue_1/2023,2024-03-01,True
2024-03-02,Clermont,Marseille,0.737192,3.06861,23582,2023,https://understat.com/getLeagueData/Ligue_1/2023,2024-03-02,True
2024-03-02,Reims,Lille,0.533658,1.08259,23583,2023,https://understat.com/getLeagueData/Ligue_1/2023,2024-03-02,True
2024-03-03,Brest,Le Havre,1.2486,0.427329,23586,2023,https://understat.com/getLeagueData/Ligue_1/2023,2024-03-03,True
2024-03-03,Lyon,Lens,2.13225,3.35268,23581,2023,https://understat.com/getLeagueData/Ligue_1/2023,2024-03-03,True
2024-03-03,Montpellier,Strasbourg,1.55397,1.61588,23585,2023,https://understat.com/getLeagueData/Ligue_1/2023,2024-03-03,True
2024-03-03,Nantes,Metz,0.962736,2.36445,23584,2023,https://understat.com/getLeagueData/Ligue_1/2023,2024-03-03,True
2024-03-03,Rennes,Lorient,1.48788,1.94566,23578,2023,https://understat.com/getLeagueData/Ligue_1/2023,2024-03-03,True
2024-03-03,Toulouse,Nice,1.50074,1.91177,23579,2023,https://understat.com/getLeagueData/Ligue_1/2023,2024-03-03,True
2024-03-08,Nice,Montpellier,1.51018,1.66988,23592,2023,https://understat.com/getLeagueData/Ligue_1/2023,2024-03-08,True
2024-03-09,Lens,Brest,0.751467,0.522507,23593,2023,https://understat.com/getLeagueData/Ligue_1/2023,2024-03-09,True
2024-03-09,Lorient,Lyon,0.279234,2.37921,23590,2023,https://understat.com/getLeagueData/Ligue_1/2023,2024-03-09,True
2024-03-10,Le Havre,Toulouse,1.2502,0.212288,23594,2023,https://understat.com/getLeagueData/Ligue_1/2023,2024-03-10,True
2024-03-10,Lille,Rennes,2.4764,1.21123,23591,2023,https://understat.com/getLeagueData/Ligue_1/2023,2024-03-10,True
2024-03-10,Marseille,Nantes,2.03657,0.651156,23589,2023,https://understat.com/getLeagueData/Ligue_1/2023,2024-03-10,True
2024-03-10,Metz,Clermont,1.82804,0.624762,23595,2023,https://understat.com/getLeagueData/Ligue_1/2023,2024-03-10,True
2024-03-10,Paris SG,Reims,1.53515,1.51893,23587,2023,https://understat.com/getLeagueData/Ligue_1/2023,2024-03-10,True
2024-03-10,Strasbourg,Monaco,0.268122,1.32837,23588,2023,https://understat.com/getLeagueData/Ligue_1/2023,2024-03-10,True
2024-03-15,Toulouse,Lyon,2.0594,1.49785,23597,2023,https://understat.com/getLeagueData/Ligue_1/2023,2024-03-15,True
2024-03-16,Lens,Nice,1.36305,1.80693,23601,2023,https://understat.com/getLeagueData/Ligue_1/2023,2024-03-16,True
2024-03-16,Nantes,Strasbourg,0.709166,1.88754,23602,2023,https://understat.com/getLeagueData/Ligue_1/2023,2024-03-16,True
2024-03-17,Brest,Lille,1.4278,0.845861,23604,2023,https://understat.com/getLeagueData/Ligue_1/2023,2024-03-17,True
2024-03-17,Clermont,Le Havre,1.17889,1.13876,23599,2023,https://understat.com/getLeagueData/Ligue_1/2023,2024-03-17,True
2024-03-17,Monaco,Lorient,3.43264,0.75287,23598,2023,https://understat.com/getLeagueData/Ligue_1/2023,2024-03-17,True
2024-03-17,Montpellier,Paris SG,2.51778,2.24298,23603,2023,https://understat.com/getLeagueData/Ligue_1/2023,2024-03-17,True
2024-03-17,Reims,Metz,1.57996,1.12407,23600,2023,https://understat.com/getLeagueData/Ligue_1/2023,2024-03-17,True
2024-03-17,Rennes,Marseille,1.59209,0.740416,23596,2023,https://understat.com/getLeagueData/Ligue_1/2023,2024-03-17,True
2024-03-29,Lille,Lens,1.60249,0.741746,23608,2023,https://understat.com/getLeagueData/Ligue_1/2023,2024-03-29,True
2024-03-30,Lyon,Reims,2.12533,1.48533,23609,2023,https://understat.com/getLeagueData/Ligue_1/2023,2024-03-30,True
2024-03-30,Metz,Monaco,1.76276,2.86235,23613,2023,https://understat.com/getLeagueData/Ligue_1/2023,2024-03-30,True
2024-03-31,Clermont,Toulouse,0.897271,2.30312,23611,2023,https://understat.com/getLeagueData/Ligue_1/2023,2024-03-31,True
2024-03-31,Le Havre,Montpellier,0.690722,1.81849,23612,2023,https://understat.com/getLeagueData/Ligue_1/2023,2024-03-31,True
2024-03-31,Lorient,Brest,1.41137,0.429902,23607,2023,https://understat.com/getLeagueData/Ligue_1/2023,2024-03-31,True
2024-03-31,Marseille,Paris SG,1.02584,1.73967,23606,2023,https://understat.com/getLeagueData/Ligue_1/2023,2024-03-31,True
2024-03-31,Nice,Nantes,1.21101,1.79381,23610,2023,https://understat.com/getLeagueData/Ligue_1/2023,2024-03-31,True
2024-03-31,Strasbourg,Rennes,2.45769,0.913264,23605,2023,https://understat.com/getLeagueData/Ligue_1/2023,2024-03-31,True
2024-04-05,Lille,Marseille,1.94744,0.849968,23617,2023,https://understat.com/getLeagueData/Ligue_1/2023,2024-04-05,True
2024-04-06,Lens,Le Havre,1.03136,1.54783,23619,2023,https://understat.com/getLeagueData/Ligue_1/2023,2024-04-06,True
2024-04-06,Paris SG,Clermont,2.57381,0.28144,23614,2023,https://understat.com/getLeagueData/Ligue_1/2023,2024-04-06,True
2024-04-07,Brest,Metz,4.51637,2.08036,23622,2023,https://understat.com/getLeagueData/Ligue_1/2023,2024-04-07,True
2024-04-07,Monaco,Rennes,1.60487,1.6645,23616,2023,https://understat.com/getLeagueData/Ligue_1/2023,2024-04-07,True
2024-04-07,Montpellier,Lorient,2.68931,1.74832,23621,2023,https://understat.com/getLeagueData/Ligue_1/2023,2024-04-07,True
2024-04-07,Nantes,Lyon,1.10318,2.90994,23620,2023,https://understat.com/getLeagueData/Ligue_1/2023,2024-04-07,True
2024-04-07,Reims,Nice,0.537635,1.92153,23618,2023,https://understat.com/getLeagueData/Ligue_1/2023,2024-04-07,True
2024-04-07,Toulouse,Strasbourg,0.825103,0.582127,23615,2023,https://understat.com/getLeagueData/Ligue_1/2023,2024-04-07,True
2024-04-12,Metz,Lens,0.802713,1.90927,23631,2023,https://understat.com/getLeagueData/Ligue_1/2023,2024-04-12,True
2024-04-13,Rennes,Toulouse,0.877819,0.783871,23627,2023,https://understat.com/getLeagueData/Ligue_1/2023,2024-04-13,True
2024-04-13,Strasbourg,Reims,2.30507,0.739073,23625,2023,https://understat.com/getLeagueData/Ligue_1/2023,2024-04-13,True
2024-04-14,Clermont,Montpellier,1.36904,1.71417,23629,2023,https://understat.com/getLeagueData/Ligue_1/2023,2024-04-14,True
2024-04-14,Le Havre,Nantes,1.6031,0.756172,23630,2023,https://understat.com/getLeagueData/Ligue_1/2023,2024-04-14,True
2024-04-14,Lyon,Brest,1.8478,1.7183,23628,2023,https://understat.com/getLeagueData/Ligue_1/2023,2024-04-14,True
2024-04-19,Nice,Lorient,2.51301,0.561667,23635,2023,https://understat.com/getLeagueData/Ligue_1/2023,2024-04-19,True
2024-04-20,Lens,Clermont,2.80705,0.617299,23637,2023,https://understat.com/getLeagueData/Ligue_1/2023,2024-04-20,True
2024-04-20,Nantes,Rennes,0.159376,2.38163,23638,2023,https://understat.com/getLeagueData/Ligue_1/2023,2024-04-20,True
2024-04-21,Brest,Monaco,0.640964,1.30681,23640,2023,https://understat.com/getLeagueData/Ligue_1/2023,2024-04-21,True
2024-04-21,Le Havre,Metz,0.649411,1.50162,23639,2023,https://understat.com/getLeagueData/Ligue_1/2023,2024-04-21,True
2024-04-21,Lille,Strasbourg,1.26308,0.948728,23634,2023,https://understat.com/getLeagueData/Ligue_1/2023,2024-04-21,True
2024-04-21,Paris SG,Lyon,3.09132,0.667233,23632,2023,https://understat.com/getLeagueData/Ligue_1/2023,2024-04-21,True
2024-04-21,Reims,Montpellier,1.31942,1.35565,23636,2023,https://understat.com/getLeagueData/Ligue_1/2023,2024-04-21,True
2024-04-21,Toulouse,Marseille,0.654707,1.06509,23633,2023,https://understat.com/getLeagueData/Ligue_1/2023,2024-04-21,True
2024-04-24,Lorient,Paris SG,1.03633,1.97814,23624,2023,https://understat.com/getLeagueData/Ligue_1/2023,2024-04-24,True
2024-04-24,Marseille,Nice,1.77662,1.28789,23623,2023,https://understat.com/getLeagueData/Ligue_1/2023,2024-04-24,True
2024-04-24,Monaco,Lille,2.21532,1.28227,23626,2023,https://understat.com/getLeagueData/Ligue_1/2023,2024-04-24,True
2024-04-26,Montpellier,Nantes,0.679578,1.70799,23649,2023,https://understat.com/getLeagueData/Ligue_1/2023,2024-04-26,True
2024-04-27,Paris SG,Le Havre,2.25829,1.21268,23641,2023,https://understat.com/getLeagueData/Ligue_1/2023,2024-04-27,True
2024-04-28,Clermont,Reims,2.56811,0.875188,23647,2023,https://understat.com/getLeagueData/Ligue_1/2023,2024-04-28,True
2024-04-28,Lorient,Toulouse,1.3574,2.23471,23645,2023,https://understat.com/getLeagueData/Ligue_1/2023,2024-04-28,True
2024-04-28,Lyon,Monaco,2.6414,2.04607,23646,2023,https://understat.com/getLeagueData/Ligue_1/2023,2024-04-28,True
2024-04-28,Marseille,Lens,1.77344,1.25145,23644,2023,https://understat.com/getLeagueData/Ligue_1/2023,2024-04-28,True
2024-04-28,Metz,Lille,1.28183,0.882087,23648,2023,https://understat.com/getLeagueData/Ligue_1/2023,2024-04-28,True
2024-04-28,Rennes,Brest,2.34207,2.18698,23643,2023,https://understat.com/getLeagueData/Ligue_1/2023,2024-04-28,True
2024-04-28,Strasbourg,Nice,1.04231,1.89803,23642,2023,https://understat.com/getLeagueData/Ligue_1/2023,2024-04-28,True
2024-05-03,Lens,Lorient,2.30235,0.459806,23655,2023,https://understat.com/getLeagueData/Ligue_1/2023,2024-05-03,True
2024-05-03,Toulouse,Montpellier,1.98611,0.660372,23650,2023,https://understat.com/getLeagueData/Ligue_1/2023,2024-05-03,True
2024-05-04,Brest,Nantes,0.621067,1.33601,23658,2023,https://understat.com/getLeagueData/Ligue_1/2023,2024-05-04,True
2024-05-04,Le Havre,Strasbourg,2.56306,0.631836,23656,2023,https://understat.com/getLeagueData/Ligue_1/2023,2024-05-04,True
2024-05-04,Metz,Rennes,0.829235,2.01818,23657,2023,https://understat.com/getLeagueData/Ligue_1/2023,2024-05-04,True
2024-05-04,Monaco,Clermont,3.44513,1.01532,23651,2023,https://understat.com/getLeagueData/Ligue_1/2023,2024-05-04,True
2024-05-06,Lille,Lyon,1.12451,2.42982,23652,2023,https://understat.com/getLeagueData/Ligue_1/2023,2024-05-06,True
2024-05-10,Brest,Reims,1.34751,0.432216,23667,2023,https://understat.com/getLeagueData/Ligue_1/2023,2024-05-10,True
2024-05-10,Nice,Le Havre,1.93635,0.427788,23663,2023,https://understat.com/getLeagueData/Ligue_1/2023,2024-05-10,True
2024-05-12,Clermont,Lyon,1.17651,0.389723,23664,2023,https://understat.com/getLeagueData/Ligue_1/2023,2024-05-12,True
2024-05-12,Marseille,Lorient,3.96907,1.0861,23662,2023,https://understat.com/getLeagueData/Ligue_1/2023,2024-05-12,True
2024-05-12,Montpellier,Monaco,1.12952,2.31591,23666,2023,https://understat.com/getLeagueData/Ligue_1/2023,2024-05-12,True
2024-05-12,Nantes,Lille,0.810391,1.40896,23665,2023,https://understat.com/getLeagueData/Ligue_1/2023,2024-05-12,True
2024-05-12,Paris SG,Toulouse,1.50414,1.71089,23659,2023,https://understat.com/getLeagueData/Ligue_1/2023,2024-05-12,True
2024-05-12,Rennes,Lens,2.1522,0.410537,23661,2023,https://understat.com/getLeagueData/Ligue_1/2023,2024-05-12,True
2024-05-12,Strasbourg,Metz,1.38725,0.896939,23660,2023,https://understat.com/getLeagueData/Ligue_1/2023,2024-05-12,True
2024-05-15,Nice,Paris SG,1.95517,1.44503,23653,2023,https://understat.com/getLeagueData/Ligue_1/2023,2024-05-15,True
2024-05-15,Reims,Marseille,0.879349,1.81257,23654,2023,https://understat.com/getLeagueData/Ligue_1/2023,2024-05-15,True
2024-05-19,Le Havre,Marseille,2.32336,2.32131,23670,2023,https://understat.com/getLeagueData/Ligue_1/2023,2024-05-19,True
2024-05-19,Lens,Montpellier,5.38555,1.11518,23669,2023,https://understat.com/getLeagueData/Ligue_1/2023,2024-05-19,True
2024-05-19,Lille,Nice,1.59935,1.32909,23673,2023,https://understat.com/getLeagueData/Ligue_1/2023,2024-05-19,True
2024-05-19,Lorient,Clermont,4.92005,0.737223,23674,2023,https://understat.com/getLeagueData/Ligue_1/2023,2024-05-19,True
2024-05-19,Lyon,Strasbourg,3.26691,1.12544,23671,2023,https://understat.com/getLeagueData/Ligue_1/2023,2024-05-19,True
2024-05-19,Metz,Paris SG,1.20722,2.92879,23668,2023,https://understat.com/getLeagueData/Ligue_1/2023,2024-05-19,True
2024-05-19,Monaco,Nantes,1.85296,0.885758,23675,2023,https://understat.com/getLeagueData/Ligue_1/2023,2024-05-19,True
2024-05-19,Reims,Rennes,1.39024,1.25648,23672,2023,https://understat.com/getLeagueData/Ligue_1/2023,2024-05-19,True
2024-05-19,Toulouse,Brest,0.984204,1.02904,23676,2023,https://understat.com/getLeagueData/Ligue_1/2023,2024-05-19,True
2024-08-16,Le Havre,Paris SG,0.197023,2.9098,28048,2024,https://understat.com/getLeagueData/Ligue_1/2024,2024-08-16,True
2024-08-17,Brest,Marseille,1.51475,2.96496,28049,2024,https://understat.com/getLeagueData/Ligue_1/2024,2024-08-17,True
2024-08-17,Monaco,St Etienne,2.78444,0.484117,28051,2024,https://understat.com/getLeagueData/Ligue_1/2024,2024-08-17,True
2024-08-17,Reims,Lille,0.0758907,2.31711,28050,2024,https://understat.com/getLeagueData/Ligue_1/2024,2024-08-17,True
2024-08-18,Angers,Lens,0.297792,1.04077,28055,2024,https://understat.com/getLeagueData/Ligue_1/2024,2024-08-18,True
2024-08-18,Auxerre,Nice,3.03248,0.58056,28052,2024,https://understat.com/getLeagueData/Ligue_1/2024,2024-08-18,True
2024-08-18,Montpellier,Strasbourg,1.44704,1.10476,28053,2024,https://understat.com/getLeagueData/Ligue_1/2024,2024-08-18,True
2024-08-18,Rennes,Lyon,2.57411,2.20066,28056,2024,https://understat.com/getLeagueData/Ligue_1/2024,2024-08-18,True
2024-08-18,Toulouse,Nantes,1.50937,0.513845,28054,2024,https://understat.com/getLeagueData/Ligue_1/2024,2024-08-18,True
2024-08-23,Paris SG,Montpellier,4.93703,0.772997,28057,2024,https://understat.com/getLeagueData/Ligue_1/2024,2024-08-23,True
2024-08-24,Lille,Angers,1.25796,0.737042,28059,2024,https://understat.com/getLeagueData/Ligue_1/2024,2024-08-24,True
2024-08-24,Lyon,Monaco,0.0144803,2.60916,28058,2024,https://understat.com/getLeagueData/Ligue_1/2024,2024-08-24,True
2024-08-24,St Etienne,Le Havre,1.48827,2.23362,28060,2024,https://understat.com/getLeagueData/Ligue_1/2024,2024-08-24,True
2024-08-25,Lens,Brest,4.01926,0.695576,28061,2024,https://understat.com/getLeagueData/Ligue_1/2024,2024-08-25,True
2024-08-25,Marseille,Reims,2.94016,1.01201,28065,2024,https://understat.com/getLeagueData/Ligue_1/2024,2024-08-25,True
2024-08-25,Nantes,Auxerre,1.52541,0.876338,28064,2024,https://understat.com/getLeagueData/Ligue_1/2024,2024-08-25,True
2024-08-25,Nice,Toulouse,1.23725,0.946618,28062,2024,https://understat.com/getLeagueData/Ligue_1/2024,2024-08-25,True
2024-08-25,Strasbourg,Rennes,1.58875,1.40309,28063,2024,https://understat.com/getLeagueData/Ligue_1/2024,2024-08-25,True
2024-08-30,Lyon,Strasbourg,3.22754,2.44695,28066,2024,https://understat.com/getLeagueData/Ligue_1/2024,2024-08-30,True
2024-08-31,Brest,St Etienne,3.60698,0.256612,28067,2024,https://understat.com/getLeagueData/Ligue_1/2024,2024-08-31,True
2024-08-31,Montpellier,Nantes,0.745975,1.69437,28068,2024,https://understat.com/getLeagueData/Ligue_1/2024,2024-08-31,True
2024-08-31,Toulouse,Marseille,0.485368,1.29819,28069,2024,https://understat.com/getLeagueData/Ligue_1/2024,2024-08-31,True
2024-09-01,Angers,Nice,1.33204,2.53408,28073,2024,https://understat.com/getLeagueData/Ligue_1/2024,2024-09-01,True
2024-09-01,Le Havre,Auxerre,2.83661,0.743523,28071,2024,https://understat.com/getLeagueData/Ligue_1/2024,2024-09-01,True
2024-09-01,Lille,Paris SG,1.57562,3.24139,28074,2024,https://understat.com/getLeagueData/Ligue_1/2024,2024-09-01,True
2024-09-01,Monaco,Lens,0.905621,1.91297,28070,2024,https://understat.com/getLeagueData/Ligue_1/2024,2024-09-01,True
2024-09-01,Reims,Rennes,2.00948,1.02619,28072,2024,https://understat.com/getLeagueData/Ligue_1/2024,2024-09-01,True
2024-09-13,St Etienne,Lille,1.1774,2.73176,28075,2024,https://understat.com/getLeagueData/Ligue_1/2024,2024-09-13,True
2024-09-14,Auxerre,Monaco,0.419427,3.37672,28077,2024,https://understat.com/getLeagueData/Ligue_1/2024,2024-09-14,True
2024-09-14,Marseille,Nice,1.02694,1.72041,28076,2024,https://understat.com/getLeagueData/Ligue_1/2024,2024-09-14,True
2024-09-14,Paris SG,Brest,2.91245,1.00928,28079,2024,https://understat.com/getLeagueData/Ligue_1/2024,2024-09-14,True
2024-09-15,Lens,Lyon,0.623644,0.529029,28078,2024,https://understat.com/getLeagueData/Ligue_1/2024,2024-09-15,True
2024-09-15,Nantes,Reims,1.43325,0.549218,28081,2024,https://understat.com/getLeagueData/Ligue_1/2024,2024-09-15,True
2024-09-15,Rennes,Montpellier,1.26867,0.310262,28080,2024,https://understat.com/getLeagueData/Ligue_1/2024,2024-09-15,True
2024-09-15,Strasbourg,Angers,2.47918,0.855084,28083,2024,https://understat.com/getLeagueData/Ligue_1/2024,2024-09-15,True
2024-09-15,Toulouse,Le Havre,1.8674,0.15045,28082,2024,https://understat.com/getLeagueData/Ligue_1/2024,2024-09-15,True
2024-09-20,Nice,St Etienne,4.50007,0.335532,28085,2024,https://understat.com/getLeagueData/Ligue_1/2024,2024-09-20,True
2024-09-21,Lille,Strasbourg,2.30213,3.02005,28090,2024,https://understat.com/getLeagueData/Ligue_1/2024,2024-09-21,True
2024-09-21,Reims,Paris SG,0.760314,1.90277,28086,2024,https://understat.com/getLeagueData/Ligue_1/2024,2024-09-21,True
2024-09-21,Rennes,Lens,1.34636,0.853348,28091,2024,https://understat.com/getLeagueData/Ligue_1/2024,2024-09-21,True
2024-09-22,Angers,Nantes,0.82486,1.28588,28088,2024,https://understat.com/getLeagueData/Ligue_1/2024,2024-09-22,True
2024-09-22,Brest,Toulouse,0.709045,2.3505,28087,2024,https://understat.com/getLeagueData/Ligue_1/2024,2024-09-22,True
2024-09-22,Lyon,Marseille,3.89273,0.675578,28084,2024,https://understat.com/getLeagueData/Ligue_1/2024,2024-09-22,True
2024-09-22,Monaco,Le Havre,1.84023,0.580512,28092,2024,https://understat.com/getLeagueData/Ligue_1/2024,2024-09-22,True
2024-09-22,Montpellier,Auxerre,1.78396,1.42586,28089,2024,https://understat.com/getLeagueData/Ligue_1/2024,2024-09-22,True
2024-09-27,Auxerre,Brest,2.9504,0.726126,28095,2024,https://understat.com/getLeagueData/Ligue_1/2024,2024-09-27,True
2024-09-27,Paris SG,Rennes,3.22405,2.02646,28094,2024,https://understat.com/getLeagueData/Ligue_1/2024,2024-09-27,True
2024-09-28,Le Havre,Lille,0.488988,3.5706,28098,2024,https://understat.com/getLeagueData/Ligue_1/2024,2024-09-28,True
2024-09-28,Lens,Nice,2.06424,0.9614,28096,2024,https://understat.com/getLeagueData/Ligue_1/2024,2024-09-28,True
2024-09-28,Monaco,Montpellier,3.45707,0.768868,28100,2024,https://understat.com/getLeagueData/Ligue_1/2024,2024-09-28,True
2024-09-29,Angers,Reims,1.08284,4.18122,28101,2024,https://understat.com/getLeagueData/Ligue_1/2024,2024-09-29,True
2024-09-29,Nantes,St Etienne,2.61562,1.0242,28097,2024,https://understat.com/getLeagueData/Ligue_1/2024,2024-09-29,True
2024-09-29,Strasbourg,Marseille,1.67455,0.782395,28093,2024,https://understat.com/getLeagueData/Ligue_1/2024,2024-09-29,True
2024-09-29,Toulouse,Lyon,0.716626,0.730803,28099,2024,https://understat.com/getLeagueData/Ligue_1/2024,2024-09-29,True
2024-10-04,Marseille,Angers,0.896807,1.19435,28109,2024,https://understat.com/getLeagueData/Ligue_1/2024,2024-10-04,True
2024-10-05,Lille,Toulouse,1.37754,1.43654,28106,2024,https://understat.com/getLeagueData/Ligue_1/2024,2024-10-05,True
2024-10-05,Rennes,Monaco,0.640297,0.498715,28103,2024,https://understat.com/getLeagueData/Ligue_1/2024,2024-10-05,True
2024-10-05,St Etienne,Auxerre,2.45106,0.71964,28107,2024,https://understat.com/getLeagueData/Ligue_1/2024,2024-10-05,True
2024-10-06,Brest,Le Havre,0.890433,2.11913,28108,2024,https://understat.com/getLeagueData/Ligue_1/2024,2024-10-06,True
2024-10-06,Lyon,Nantes,2.43324,0.765938,28102,2024,https://understat.com/getLeagueData/Ligue_1/2024,2024-10-06,True
2024-10-06,Nice,Paris SG,0.326466,0.822322,28104,2024,https://understat.com/getLeagueData/Ligue_1/2024,2024-10-06,True
2024-10-06,Reims,Montpellier,3.71514,0.874094,28105,2024,https://understat.com/getLeagueData/Ligue_1/2024,2024-10-06,True
2024-10-06,Strasbourg,Lens,1.31135,1.43012,28110,2024,https://understat.com/getLeagueData/Ligue_1/2024,2024-10-06,True
2024-10-18,Monaco,Lille,1.1914,0.163769,28111,2024,https://understat.com/getLeagueData/Ligue_1/2024,2024-10-18,True
2024-10-19,Brest,Rennes,1.42573,1.14445,28118,2024,https://understat.com/getLeagueData/Ligue_1/2024,2024-10-19,True
2024-10-19,Paris SG,Strasbourg,4.66981,2.22038,28119,2024,https://understat.com/getLeagueData/Ligue_1/2024,2024-10-19,True
2024-10-19,St Etienne,Lens,0.782727,1.35593,28117,2024,https://understat.com/getLeagueData/Ligue_1/2024,2024-10-19,True
2024-10-20,Auxerre,Reims,2.86385,1.22872,28113,2024,https://understat.com/getLeagueData/Ligue_1/2024,2024-10-20,True
2024-10-20,Le Havre,Lyon,0.360268,2.76676,28115,2024,https://understat.com/getLeagueData/Ligue_1/2024,2024-10-20,True
2024-10-20,Montpellier,Marseille,1.75684,3.88109,28112,2024,https://understat.com/getLeagueData/Ligue_1/2024,2024-10-20,True
2024-10-20,Nantes,Nice,0.832336,0.776883,28116,2024,https://understat.com/getLeagueData/Ligue_1/2024,2024-10-20,True
2024-10-20,Toulouse,Angers,2.43778,1.47299,28114,2024,https://understat.com/getLeagueData/Ligue_1/2024,2024-10-20,True
2024-10-25,Rennes,Le Havre,1.84154,0.272294,28123,2024,https://understat.com/getLeagueData/Ligue_1/2024,2024-10-25,True
2024-10-26,Angers,St Etienne,3.26778,1.33,28121,2024,https://understat.com/getLeagueData/Ligue_1/2024,2024-10-26,True
2024-10-26,Lens,Lille,0.865293,1.47637,28120,2024,https://understat.com/getLeagueData/Ligue_1/2024,2024-10-26,True
2024-10-26,Reims,Brest,1.44911,1.64092,28122,2024,https://understat.com/getLeagueData/Ligue_1/2024,2024-10-26,True
2024-10-27,Lyon,Auxerre,2.21183,1.0609,28126,2024,https://understat.com/getLeagueData/Ligue_1/2024,2024-10-27,True
2024-10-27,Marseille,Paris SG,0.277951,4.04221,28127,2024,https://understat.com/getLeagueData/Ligue_1/2024,2024-10-27,True
2024-10-27,Montpellier,Toulouse,0.241419,2.88708,28124,2024,https://understat.com/getLeagueData/Ligue_1/2024,2024-10-27,True
2024-10-27,Nice,Monaco,1.79435,0.796703,28128,2024,https://understat.com/getLeagueData/Ligue_1/2024,2024-10-27,True
2024-10-27,Strasbourg,Nantes,1.99679,0.761926,28125,2024,https://understat.com/getLeagueData/Ligue_1/2024,2024-10-27,True
2024-11-01,Lille,Lyon,1.67241,1.58011,28136,2024,https://understat.com/getLeagueData/Ligue_1/2024,2024-11-01,True
2024-11-01,Monaco,Angers,1.47525,0.50003,28129,2024,https://understat.com/getLeagueData/Ligue_1/2024,2024-11-01,True
2024-11-02,Brest,Nice,1.02021,1.92085,28134,2024,https://understat.com/getLeagueData/Ligue_1/2024,2024-11-02,True
2024-11-02,Paris SG,Lens,2.76932,0.803421,28130,2024,https://understat.com/getLeagueData/Ligue_1/2024,2024-11-02,True
2024-11-02,St Etienne,Strasbourg,2.82745,0.451174,28137,2024,https://understat.com/getLeagueData/Ligue_1/2024,2024-11-02,True
2024-11-03,Auxerre,Rennes,2.39897,0.701873,28131,2024,https://understat.com/getLeagueData/Ligue_1/2024,2024-11-03,True
2024-11-03,Le Havre,Montpellier,1.7998,0.722691,28133,2024,https://understat.com/getLeagueData/Ligue_1/2024,2024-11-03,True
2024-11-03,Nantes,Marseille,1.25901,0.876221,28135,2024,https://understat.com/getLeagueData/Ligue_1/2024,2024-11-03,True
2024-11-03,Toulouse,Reims,0.910081,0.818661,28132,2024,https://understat.com/getLeagueData/Ligue_1/2024,2024-11-03,True
2024-11-08,Marseille,Auxerre,2.02831,2.09466,28146,2024,https://understat.com/getLeagueData/Ligue_1/2024,2024-11-08,True
2024-11-09,Angers,Paris SG,1.21483,4.38095,28142,2024,https://understat.com/getLeagueData/Ligue_1/2024,2024-11-09,True
2024-11-09,Lens,Nantes,3.74705,1.49891,28139,2024,https://understat.com/getLeagueData/Ligue_1/2024,2024-11-09,True
2024-11-09,Strasbourg,Monaco,0.771173,3.42574,28140,2024,https://understat.com/getLeagueData/Ligue_1/2024,2024-11-09,True
2024-11-10,Le Havre,Reims,1.51035,2.69952,28143,2024,https://understat.com/getLeagueData/Ligue_1/2024,2024-11-10,True
2024-11-10,Lyon,St Etienne,2.28647,0.703111,28145,2024,https://understat.com/getLeagueData/Ligue_1/2024,2024-11-10,True
2024-11-10,Montpellier,Brest,3.03758,1.88669,28144,2024,https://understat.com/getLeagueData/Ligue_1/2024,2024-11-10,True
2024-11-10,Nice,Lille,1.92983,2.19562,28141,2024,https://understat.com/getLeagueData/Ligue_1/2024,2024-11-10,True
2024-11-10,Rennes,Toulouse,0.31279,1.31564,28138,2024,https://understat.com/getLeagueData/Ligue_1/2024,2024-11-10,True
2024-11-22,Monaco,Brest,2.55781,1.38684,28153,2024,https://understat.com/getLeagueData/Ligue_1/2024,2024-11-22,True
2024-11-22,Paris SG,Toulouse,1.63216,1.84157,28147,2024,https://understat.com/getLeagueData/Ligue_1/2024,2024-11-22,True
2024-11-23,Lens,Marseille,2.1723,1.37895,28148,2024,https://understat.com/getLeagueData/Ligue_1/2024,2024-11-23,True
2024-11-23,Reims,Lyon,1.17295,1.92683,28155,2024,https://understat.com/getLeagueData/Ligue_1/2024,2024-11-23,True
2024-11-23,St Etienne,Montpellier,1.27297,0.862794,28150,2024,https://understat.com/getLeagueData/Ligue_1/2024,2024-11-23,True
2024-11-24,Auxerre,Angers,0.683126,1.14148,28154,2024,https://understat.com/getLeagueData/Ligue_1/2024,2024-11-24,True
2024-11-24,Lille,Rennes,0.641516,0.178059,28151,2024,https://understat.com/getLeagueData/Ligue_1/2024,2024-11-24,True
2024-11-24,Nantes,Le Havre,0.846924,0.977121,28152,2024,https://understat.com/getLeagueData/Ligue_1/2024,2024-11-24,True
2024-11-24,Nice,Strasbourg,2.03827,0.524154,28149,2024,https://understat.com/getLeagueData/Ligue_1/2024,2024-11-24,True
2024-11-29,Reims,Lens,0.589301,1.40788,28156,2024,https://understat.com/getLeagueData/Ligue_1/2024,2024-11-29,True
2024-11-30,Brest,Strasbourg,2.90417,0.930345,28159,2024,https://understat.com/getLeagueData/Ligue_1/2024,2024-11-30,True
2024-11-30,Paris SG,Nantes,3.85838,0.742742,28161,2024,https://understat.com/getLeagueData/Ligue_1/2024,2024-11-30,True
2024-11-30,Rennes,St Etienne,3.01812,0.168428,28157,2024,https://understat.com/getLeagueData/Ligue_1/2024,2024-11-30,True
2024-12-01,Le Havre,Angers,0.322626,2.10367,28158,2024,https://understat.com/getLeagueData/Ligue_1/2024,2024-12-01,True
2024-12-01,Lyon,Nice,2.88467,2.03621,28163,2024,https://understat.com/getLeagueData/Ligue_1/2024,2024-12-01,True
2024-12-01,Marseille,Monaco,1.65632,0.958578,28162,2024,https://understat.com/getLeagueData/Ligue_1/2024,2024-12-01,True
2024-12-01,Montpellier,Lille,1.28241,2.06485,28160,2024,https://understat.com/getLeagueData/Ligue_1/2024,2024-12-01,True
2024-12-01,Toulouse,Auxerre,2.78623,0.129647,28164,2024,https://understat.com/getLeagueData/Ligue_1/2024,2024-12-01,True
2024-12-06,Auxerre,Paris SG,0.34154,3.04535,28166,2024,https://understat.com/getLeagueData/Ligue_1/2024,2024-12-06,True
2024-12-06,Lille,Brest,3.01042,0.740372,28169,2024,https://understat.com/getLeagueData/Ligue_1/2024,2024-12-06,True
2024-12-07,Angers,Lyon,0.505438,2.02701,28168,2024,https://understat.com/getLeagueData/Ligue_1/2024,2024-12-07,True
2024-12-07,Monaco,Toulouse,2.8043,0.232536,28173,2024,https://understat.com/getLeagueData/Ligue_1/2024,2024-12-07,True
2024-12-07,Nice,Le Havre,2.27599,1.42884,28165,2024,https://understat.com/getLeagueData/Ligue_1/2024,2024-12-07,True
2024-12-08,Lens,Montpellier,1.10272,1.51819,28170,2024,https://understat.com/getLeagueData/Ligue_1/2024,2024-12-08,True
2024-12-08,Nantes,Rennes,1.70972,0.285927,28172,2024,https://understat.com/getLeagueData/Ligue_1/2024,2024-12-08,True
2024-12-08,St Etienne,Marseille,0.166752,2.9851,28167,2024,https://understat.com/getLeagueData/Ligue_1/2024,2024-12-08,True
2024-12-08,Strasbourg,Reims,1.0949,1.28455,28171,2024,https://understat.com/getLeagueData/Ligue_1/2024,2024-12-08,True
2024-12-13,Toulouse,St Etienne,1.73249,0.388289,28178,2024,https://understat.com/getLeagueData/Ligue_1/2024,2024-12-13,True
2024-12-14,Auxerre,Lens,0.51026,1.73768,28177,2024,https://understat.com/getLeagueData/Ligue_1/2024,2024-12-14,True
2024-12-14,Marseille,Lille,1.21515,1.24013,28181,2024,https://understat.com/getLeagueData/Ligue_1/2024,2024-12-14,True
2024-12-14,Reims,Monaco,1.52074,1.3291,28176,2024,https://understat.com/getLeagueData/Ligue_1/2024,2024-12-14,True
2024-12-15,Brest,Nantes,2.20104,1.39913,28180,2024,https://understat.com/getLeagueData/Ligue_1/2024,2024-12-15,True
2024-12-15,Le Havre,Strasbourg,1.58328,1.39172,28175,2024,https://understat.com/getLeagueData/Ligue_1/2024,2024-12-15,True
2024-12-15,Montpellier,Nice,2.45121,1.55192,28179,2024,https://understat.com/getLeagueData/Ligue_1/2024,2024-12-15,True
2024-12-15,Paris SG,Lyon,2.59615,1.23945,28182,2024,https://understat.com/getLeagueData/Ligue_1/2024,2024-12-15,True
2024-12-15,Rennes,Angers,0.62717,0.391796,28174,2024,https://understat.com/getLeagueData/Ligue_1/2024,2024-12-15,True
2024-12-18,Monaco,Paris SG,3.10193,2.40654,28183,2024,https://understat.com/getLeagueData/Ligue_1/2024,2024-12-18,True
2025-01-03,Nice,Rennes,1.51944,1.50451,28191,2024,https://understat.com/getLeagueData/Ligue_1/2024,2025-01-03,True
2025-01-04,Lille,Nantes,1.13415,1.07277,28188,2024,https://understat.com/getLeagueData/Ligue_1/2024,2025-01-04,True
2025-01-04,Lyon,Montpellier,1.07725,1.55585,28184,2024,https://understat.com/getLeagueData/Ligue_1/2024,2025-01-04,True
2025-01-04,St Etienne,Reims,3.18639,1.27612,28186,2024,https://understat.com/getLeagueData/Ligue_1/2024,2025-01-04,True
2025-01-05,Angers,Brest,1.90119,0.608874,28187,2024,https://understat.com/getLeagueData/Ligue_1/2024,2025-01-05,True
2025-01-05,Lens,Toulouse,1.32887,2.19226,28185,2024,https://understat.com/getLeagueData/Ligue_1/2024,2025-01-05,True
2025-01-05,Marseille,Le Havre,3.17491,0.885341,28189,2024,https://understat.com/getLeagueData/Ligue_1/2024,2025-01-05,True
2025-01-05,Strasbourg,Auxerre,2.89722,1.7605,28190,2024,https://understat.com/getLeagueData/Ligue_1/2024,2025-01-05,True
2025-01-10,Auxerre,Lille,0.601359,1.51829,28194,2024,https://understat.com/getLeagueData/Ligue_1/2024,2025-01-10,True
2025-01-10,Nantes,Monaco,1.41184,3.48791,28193,2024,https://understat.com/getLeagueData/Ligue_1/2024,2025-01-10,True
2025-01-11,Brest,Lyon,1.28964,1.40093,28198,2024,https://understat.com/getLeagueData/Ligue_1/2024,2025-01-11,True
2025-01-11,Reims,Nice,0.950928,3.22004,28195,2024,https://understat.com/getLeagueData/Ligue_1/2024,2025-01-11,True
2025-01-11,Rennes,Marseille,1.76569,2.49254,28200,2024,https://understat.com/getLeagueData/Ligue_1/2024,2025-01-11,True
2025-01-12,Le Havre,Lens,1.84216,3.10793,28196,2024,https://understat.com/getLeagueData/Ligue_1/2024,2025-01-12,True
2025-01-12,Montpellier,Angers,1.44663,3.46863,28197,2024,https://understat.com/getLeagueData/Ligue_1/2024,2025-01-12,True
2025-01-12,Paris SG,St Etienne,5.07062,0.410024,28199,2024,https://understat.com/getLeagueData/Ligue_1/2024,2025-01-12,True
2025-01-12,Toulouse,Strasbourg,1.19281,1.82783,28192,2024,https://understat.com/getLeagueData/Ligue_1/2024,2025-01-12,True
2025-01-17,Lille,Nice,1.29219,2.90437,28203,2024,https://understat.com/getLeagueData/Ligue_1/2024,2025-01-17,True
2025-01-17,Montpellier,Monaco,2.60645,1.74957,28206,2024,https://understat.com/getLeagueData/Ligue_1/2024,2025-01-17,True
2025-01-18,Lens,Paris SG,1.34901,1.57299,28202,2024,https://understat.com/getLeagueData/Ligue_1/2024,2025-01-18,True
2025-01-18,Lyon,Toulouse,0.619056,1.36611,28204,2024,https://understat.com/getLeagueData/Ligue_1/2024,2025-01-18,True
2025-01-18,Rennes,Brest,1.92675,1.87321,28209,2024,https://understat.com/getLeagueData/Ligue_1/2024,2025-01-18,True
2025-01-19,Angers,Auxerre,1.21759,0.462137,28208,2024,https://understat.com/getLeagueData/Ligue_1/2024,2025-01-19,True
2025-01-19,Marseille,Strasbourg,3.29082,0.854933,28201,2024,https://understat.com/getLeagueData/Ligue_1/2024,2025-01-19,True
2025-01-19,Reims,Le Havre,1.49091,1.29453,28207,2024,https://understat.com/getLeagueData/Ligue_1/2024,2025-01-19,True
2025-01-19,St Etienne,Nantes,0.836137,1.36031,28205,2024,https://understat.com/getLeagueData/Ligue_1/2024,2025-01-19,True
2025-01-24,Auxerre,St Etienne,0.582829,1.1913,28214,2024,https://understat.com/getLeagueData/Ligue_1/2024,2025-01-24,True
2025-01-25,Monaco,Rennes,3.47384,1.85205,28211,2024,https://understat.com/getLeagueData/Ligue_1/2024,2025-01-25,True
2025-01-25,Paris SG,Reims,1.79628,0.613384,28216,2024,https://understat.com/getLeagueData/Ligue_1/2024,2025-01-25,True
2025-01-25,Strasbourg,Lille,1.19703,1.95469,28210,2024,https://understat.com/getLeagueData/Ligue_1/2024,2025-01-25,True
2025-01-26,Le Havre,Brest,0.696232,2.38282,28213,2024,https://understat.com/getLeagueData/Ligue_1/2024,2025-01-26,True
2025-01-26,Lens,Angers,2.01118,0.0813578,28215,2024,https://understat.com/getLeagueData/Ligue_1/2024,2025-01-26,True
2025-01-26,Nantes,Lyon,1.62983,1.61762,28218,2024,https://understat.com/getLeagueData/Ligue_1/2024,2025-01-26,True
2025-01-26,Nice,Marseille,2.10992,1.11157,28217,2024,https://understat.com/getLeagueData/Ligue_1/2024,2025-01-26,True
2025-01-26,Toulouse,Montpellier,1.34257,0.939857,28212,2024,https://understat.com/getLeagueData/Ligue_1/2024,2025-01-26,True
2025-01-31,Montpellier,Lens,1.11121,3.21001,28221,2024,https://understat.com/getLeagueData/Ligue_1/2024,2025-01-31,True
2025-02-01,Brest,Paris SG,0.63646,3.94899,28220,2024,https://understat.com/getLeagueData/Ligue_1/2024,2025-02-01,True
2025-02-01,Lille,St Etienne,2.74822,2.10343,28222,2024,https://understat.com/getLeagueData/Ligue_1/2024,2025-02-01,True
2025-02-01,Monaco,Auxerre,2.07751,1.6376,28227,2024,https://understat.com/getLeagueData/Ligue_1/2024,2025-02-01,True
2025-02-02,Angers,Le Havre,1.77333,2.19254,28224,2024,https://understat.com/getLeagueData/Ligue_1/2024,2025-02-02,True
2025-02-02,Marseille,Lyon,3.61972,1.83806,28219,2024,https://understat.com/getLeagueData/Ligue_1/2024,2025-02-02,True
2025-02-02,Reims,Nantes,0.960868,1.41652,28223,2024,https://understat.com/getLeagueData/Ligue_1/2024,2025-02-02,True
2025-02-02,Rennes,Strasbourg,0.763344,0.994427,28226,2024,https://understat.com/getLeagueData/Ligue_1/2024,2025-02-02,True
2025-02-02,Toulouse,Nice,0.854551,1.51342,28225,2024,https://understat.com/getLeagueData/Ligue_1/2024,2025-02-02,True
2025-02-07,Nantes,Brest,1.45114,2.49765,28229,2024,https://understat.com/getLeagueData/Ligue_1/2024,2025-02-07,True
2025-02-07,Paris SG,Monaco,3.13964,0.924683,28233,2024,https://understat.com/getLeagueData/Ligue_1/2024,2025-02-07,True
2025-02-08,Lille,Le Havre,1.76979,1.65349,28231,2024,https://understat.com/getLeagueData/Ligue_1/2024,2025-02-08,True
2025-02-08,Nice,Lens,3.37347,1.02488,28236,2024,https://understat.com/getLeagueData/Ligue_1/2024,2025-02-08,True
2025-02-08,St Etienne,Rennes,0.462142,4.06991,28232,2024,https://understat.com/getLeagueData/Ligue_1/2024,2025-02-08,True
2025-02-09,Angers,Marseille,0.367397,2.87581,28235,2024,https://understat.com/getLeagueData/Ligue_1/2024,2025-02-09,True
2025-02-09,Auxerre,Toulouse,0.716768,1.16269,28228,2024,https://understat.com/getLeagueData/Ligue_1/2024,2025-02-09,True
2025-02-09,Lyon,Reims,3.24979,0.307882,28234,2024,https://understat.com/getLeagueData/Ligue_1/2024,2025-02-09,True
2025-02-09,Strasbourg,Montpellier,3.17215,1.9822,28230,2024,https://understat.com/getLeagueData/Ligue_1/2024,2025-02-09,True
2025-02-14,Brest,Auxerre,1.97492,1.48646,28241,2024,https://understat.com/getLeagueData/Ligue_1/2024,2025-02-14,True
2025-02-15,Marseille,St Etienne,5.94236,1.0312,28238,2024,https://understat.com/getLeagueData/Ligue_1/2024,2025-02-15,True
2025-02-15,Monaco,Nantes,5.14782,1.36606,28245,2024,https://understat.com/getLeagueData/Ligue_1/2024,2025-02-15,True
2025-02-15,Toulouse,Paris SG,1.19618,2.93281,28237,2024,https://understat.com/getLeagueData/Ligue_1/2024,2025-02-15,True
2025-02-16,Le Havre,Nice,0.555829,1.22276,28244,2024,https://understat.com/getLeagueData/Ligue_1/2024,2025-02-16,True
2025-02-16,Lens,Strasbourg,0.265561,1.97845,28240,2024,https://understat.com/getLeagueData/Ligue_1/2024,2025-02-16,True
2025-02-16,Montpellier,Lyon,1.33893,1.59077,28239,2024,https://understat.com/getLeagueData/Ligue_1/2024,2025-02-16,True
2025-02-16,Reims,Angers,2.06733,2.43148,28243,2024,https://understat.com/getLeagueData/Ligue_1/2024,2025-02-16,True
2025-02-16,Rennes,Lille,0.417057,3.01977,28242,2024,https://understat.com/getLeagueData/Ligue_1/2024,2025-02-16,True
2025-02-21,Rennes,Reims,3.0636,0.160269,28246,2024,https://understat.com/getLeagueData/Ligue_1/2024,2025-02-21,True
2025-02-22,Auxerre,Marseille,1.96607,1.22185,28252,2024,https://understat.com/getLeagueData/Ligue_1/2024,2025-02-22,True
2025-02-22,Lille,Monaco,1.04956,2.78007,28248,2024,https://understat.com/getLeagueData/Ligue_1/2024,2025-02-22,True
2025-02-22,St Etienne,Angers,1.70031,3.1805,28251,2024,https://understat.com/getLeagueData/Ligue_1/2024,2025-02-22,True
2025-02-23,Le Havre,Toulouse,1.04249,2.60783,28247,2024,https://understat.com/getLeagueData/Ligue_1/2024,2025-02-23,True
2025-02-23,Lyon,Paris SG,1.76184,2.74583,28254,2024,https://understat.com/getLeagueData/Ligue_1/2024,2025-02-23,True
2025-02-23,Nantes,Lens,4.25273,2.06191,28250,2024,https://understat.com/getLeagueData/Ligue_1/2024,2025-02-23,True
2025-02-23,Nice,Montpellier,2.14122,0.916772,28253,2024,https://understat.com/getLeagueData/Ligue_1/2024,2025-02-23,True
2025-02-23,Strasbourg,Brest,0.785346,0.498988,28249,2024,https://understat.com/getLeagueData/Ligue_1/2024,2025-02-23,True
2025-02-28,Monaco,Reims,4.01066,0.722972,28262,2024,https://understat.com/getLeagueData/Ligue_1/2024,2025-02-28,True
2025-03-01,Lens,Le Havre,2.02687,1.73131,28260,2024,https://understat.com/getLeagueData/Ligue_1/2024,2025-03-01,True
2025-03-01,Paris SG,Lille,3.59846,0.872733,28255,2024,https://understat.com/getLeagueData/Ligue_1/2024,2025-03-01,True
2025-03-01,St Etienne,Nice,1.01895,2.41374,28259,2024,https://understat.com/getLeagueData/Ligue_1/2024,2025-03-01,True
2025-03-02,Angers,Toulouse,0.363765,4.43647,28263,2024,https://understat.com/getLeagueData/Ligue_1/2024,2025-03-02,True
2025-03-02,Auxerre,Strasbourg,2.09273,1.52559,28261,2024,https://understat.com/getLeagueData/Ligue_1/2024,2025-03-02,True
2025-03-02,Lyon,Brest,1.54474,1.89282,28257,2024,https://understat.com/getLeagueData/Ligue_1/2024,2025-03-02,True
2025-03-02,Marseille,Nantes,2.61727,0.838148,28256,2024,https://understat.com/getLeagueData/Ligue_1/2024,2025-03-02,True
2025-03-02,Montpellier,Rennes,1.60296,2.49604,28258,2024,https://understat.com/getLeagueData/Ligue_1/2024,2025-03-02,True
2025-03-07,Toulouse,Monaco,1.25392,2.8576,28267,2024,https://understat.com/getLeagueData/Ligue_1/2024,2025-03-07,True
2025-03-08,Lille,Montpellier,1.7771,0.305936,28270,2024,https://understat.com/getLeagueData/Ligue_1/2024,2025-03-08,True
2025-03-08,Marseille,Lens,1.18945,1.23993,28272,2024,https://understat.com/getLeagueData/Ligue_1/2024,2025-03-08,True
2025-03-08,Rennes,Paris SG,2.10922,3.39834,28271,2024,https://understat.com/getLeagueData/Ligue_1/2024,2025-03-08,True
2025-03-09,Brest,Angers,4.53611,0.48923,28269,2024,https://understat.com/getLeagueData/Ligue_1/2024,2025-03-09,True
2025-03-09,Le Havre,St Etienne,2.15479,1.3916,28264,2024,https://understat.com/getLeagueData/Ligue_1/2024,2025-03-09,True
2025-03-09,Nantes,Strasbourg,0.66134,1.17018,28266,2024,https://understat.com/getLeagueData/Ligue_1/2024,2025-03-09,True
2025-03-09,Nice,Lyon,1.50591,0.78019,28268,2024,https://understat.com/getLeagueData/Ligue_1/2024,2025-03-09,True
2025-03-09,Reims,Auxerre,1.83707,1.87605,28265,2024,https://understat.com/getLeagueData/Ligue_1/2024,2025-03-09,True
2025-03-14,Nice,Auxerre,2.29143,0.606081,28274,2024,https://understat.com/getLeagueData/Ligue_1/2024,2025-03-14,True
2025-03-15,Angers,Monaco,0.497795,2.03553,28281,2024,https://understat.com/getLeagueData/Ligue_1/2024,2025-03-15,True
2025-03-15,Lens,Rennes,0.643819,0.653605,28278,2024,https://understat.com/getLeagueData/Ligue_1/2024,2025-03-15,True
2025-03-15,Nantes,Lille,2.00991,2.45036,28280,2024,https://understat.com/getLeagueData/Ligue_1/2024,2025-03-15,True
2025-03-16,Brest,Reims,0.33799,0.985266,28276,2024,https://understat.com/getLeagueData/Ligue_1/2024,2025-03-16,True
2025-03-16,Lyon,Le Havre,3.58655,1.56105,28277,2024,https://understat.com/getLeagueData/Ligue_1/2024,2025-03-16,True
2025-03-16,Montpellier,St Etienne,1.33869,1.13788,28275,2024,https://understat.com/getLeagueData/Ligue_1/2024,2025-03-16,True
2025-03-16,Paris SG,Marseille,2.60859,0.734284,28273,2024,https://understat.com/getLeagueData/Ligue_1/2024,2025-03-16,True
2025-03-16,Strasbourg,Toulouse,1.98742,1.39687,28279,2024,https://understat.com/getLeagueData/Ligue_1/2024,2025-03-16,True
2025-03-28,Strasbourg,Lyon,1.77552,2.87161,28285,2024,https://understat.com/getLeagueData/Ligue_1/2024,2025-03-28,True
2025-03-29,Monaco,Nice,2.52612,0.60151,28290,2024,https://understat.com/getLeagueData/Ligue_1/2024,2025-03-29,True
2025-03-29,Reims,Marseille,1.05547,1.07885,28288,2024,https://understat.com/getLeagueData/Ligue_1/2024,2025-03-29,True
2025-03-29,St Etienne,Paris SG,1.27635,3.96021,28287,2024,https://understat.com/getLeagueData/Ligue_1/2024,2025-03-29,True
2025-03-30,Angers,Rennes,1.04854,1.63382,28282,2024,https://understat.com/getLeagueData/Ligue_1/2024,2025-03-30,True
2025-03-30,Auxerre,Montpellier,2.11681,0.457017,28283,2024,https://understat.com/getLeagueData/Ligue_1/2024,2025-03-30,True
2025-03-30,Le Havre,Nantes,4.01379,1.06585,28284,2024,https://understat.com/getLeagueData/Ligue_1/2024,2025-03-30,True
2025-03-30,Lille,Lens,1.95492,0.596446,28289,2024,https://understat.com/getLeagueData/Ligue_1/2024,2025-03-30,True
2025-03-30,Toulouse,Brest,2.44172,1.99117,28286,2024,https://understat.com/getLeagueData/Ligue_1/2024,2025-03-30,True
2025-04-04,Nice,Nantes,2.17922,0.945149,28292,2024,https://understat.com/getLeagueData/Ligue_1/2024,2025-04-04,True
2025-04-05,Brest,Monaco,0.90697,1.75483,28293,2024,https://understat.com/getLeagueData/Ligue_1/2024,2025-04-05,True
2025-04-05,Lyon,Lille,1.75398,0.656931,28295,2024,https://understat.com/getLeagueData/Ligue_1/2024,2025-04-05,True
2025-04-05,Paris SG,Angers,1.64379,0.280438,28297,2024,https://understat.com/getLeagueData/Ligue_1/2024,2025-04-05,True
2025-04-06,Lens,St Etienne,2.50421,1.69228,28296,2024,https://understat.com/getLeagueData/Ligue_1/2024,2025-04-06,True
2025-04-06,Marseille,Toulouse,1.13222,1.30619,28291,2024,https://understat.com/getLeagueData/Ligue_1/2024,2025-04-06,True
2025-04-06,Montpellier,Le Havre,0.956146,1.72977,28294,2024,https://understat.com/getLeagueData/Ligue_1/2024,2025-04-06,True
2025-04-06,Reims,Strasbourg,0.891063,2.80314,28298,2024,https://understat.com/getLeagueData/Ligue_1/2024,2025-04-06,True
2025-04-06,Rennes,Auxerre,1.06426,1.10602,28299,2024,https://understat.com/getLeagueData/Ligue_1/2024,2025-04-06,True
2025-04-11,Lens,Reims,2.71917,1.44859,28307,2024,https://understat.com/getLeagueData/Ligue_1/2024,2025-04-11,True
2025-04-12,Monaco,Marseille,2.91516,0.877673,28308,2024,https://understat.com/getLeagueData/Ligue_1/2024,2025-04-12,True
2025-04-12,Strasbourg,Nice,0.789035,1.83829,28304,2024,https://understat.com/getLeagueData/Ligue_1/2024,2025-04-12,True
2025-04-12,Toulouse,Lille,0.982005,0.599675,28300,2024,https://understat.com/getLeagueData/Ligue_1/2024,2025-04-12,True
2025-04-13,Angers,Montpellier,1.771,0.452518,28306,2024,https://understat.com/getLeagueData/Ligue_1/2024,2025-04-13,True
2025-04-13,Auxerre,Lyon,1.00397,3.11801,28302,2024,https://understat.com/getLeagueData/Ligue_1/2024,2025-04-13,True
2025-04-13,Le Havre,Rennes,0.718016,3.72188,28301,2024,https://understat.com/getLeagueData/Ligue_1/2024,2025-04-13,True
2025-04-13,St Etienne,Brest,1.02329,2.01379,28305,2024,https://understat.com/getLeagueData/Ligue_1/2024,2025-04-13,True
2025-04-18,Rennes,Nantes,2.52992,0.702331,28317,2024,https://understat.com/getLeagueData/Ligue_1/2024,2025-04-18,True
2025-04-19,Marseille,Montpellier,3.82233,0.304052,28314,2024,https://understat.com/getLeagueData/Ligue_1/2024,2025-04-19,True
2025-04-19,Monaco,Strasbourg,0.969947,0.340219,28316,2024,https://understat.com/getLeagueData/Ligue_1/2024,2025-04-19,True
2025-04-19,Paris SG,Le Havre,3.19233,0.709291,28313,2024,https://understat.com/getLeagueData/Ligue_1/2024,2025-04-19,True
2025-04-20,Brest,Lens,1.05399,2.98551,28311,2024,https://understat.com/getLeagueData/Ligue_1/2024,2025-04-20,True
2025-04-20,Lille,Auxerre,2.97047,0.280948,28312,2024,https://understat.com/getLeagueData/Ligue_1/2024,2025-04-20,True
2025-04-20,Nice,Angers,2.72567,0.278639,28310,2024,https://understat.com/getLeagueData/Ligue_1/2024,2025-04-20,True
2025-04-20,Reims,Toulouse,0.659517,1.32734,28315,2024,https://understat.com/getLeagueData/Ligue_1/2024,2025-04-20,True
2025-04-20,St Etienne,Lyon,1.74645,0.632299,28309,2024,https://understat.com/getLeagueData/Ligue_1/2024,2025-04-20,True
2025-04-22,Nantes,Paris SG,0.520926,2.30552,28303,2024,https://understat.com/getLeagueData/Ligue_1/2024,2025-04-22,True
2025-04-25,Paris SG,Nice,4.50698,1.63001,28324,2024,https://understat.com/getLeagueData/Ligue_1/2024,2025-04-25,True
2025-04-26,Le Havre,Monaco,0.807798,3.28954,28318,2024,https://understat.com/getLeagueData/Ligue_1/2024,2025-04-26,True
2025-04-26,Lyon,Rennes,2.25879,0.781584,28326,2024,https://understat.com/getLeagueData/Ligue_1/2024,2025-04-26,True
2025-04-26,Strasbourg,St Etienne,2.8346,2.2201,28319,2024,https://understat.com/getLeagueData/Ligue_1/2024,2025-04-26,True
2025-04-27,Angers,Lille,0.916985,2.22596,28323,2024,https://understat.com/getLeagueData/Ligue_1/2024,2025-04-27,True
2025-04-27,Lens,Auxerre,2.31455,2.38411,28322,2024,https://understat.com/getLeagueData/Ligue_1/2024,2025-04-27,True
2025-04-27,Marseille,Brest,1.12568,2.00913,28325,2024,https://understat.com/getLeagueData/Ligue_1/2024,2025-04-27,True
2025-04-27,Montpellier,Reims,0.949696,1.03714,28321,2024,https://understat.com/getLeagueData/Ligue_1/2024,2025-04-27,True
2025-04-27,Nantes,Toulouse,1.33764,0.410988,28320,2024,https://understat.com/getLeagueData/Ligue_1/2024,2025-04-27,True
2025-05-02,Nice,Reims,1.2118,0.876237,28332,2024,https://understat.com/getLeagueData/Ligue_1/2024,2025-05-02,True
2025-05-03,St Etienne,Monaco,1.16957,1.84407,28334,2024,https://understat.com/getLeagueData/Ligue_1/2024,2025-05-03,True
2025-05-03,Strasbourg,Paris SG,1.42064,2.35931,28328,2024,https://understat.com/getLeagueData/Ligue_1/2024,2025-05-03,True
2025-05-03,Toulouse,Rennes,1.01393,1.57739,28327,2024,https://understat.com/getLeagueData/Ligue_1/2024,2025-05-03,True
2025-05-04,Auxerre,Le Havre,0.32277,1.30285,28329,2024,https://understat.com/getLeagueData/Ligue_1/2024,2025-05-04,True
2025-05-04,Brest,Montpellier,1.34191,0.413817,28333,2024,https://understat.com/getLeagueData/Ligue_1/2024,2025-05-04,True
2025-05-04,Lille,Marseille,0.682721,1.42571,28331,2024,https://understat.com/getLeagueData/Ligue_1/2024,2025-05-04,True
2025-05-04,Lyon,Lens,1.1801,0.952824,28330,2024,https://understat.com/getLeagueData/Ligue_1/2024,2025-05-04,True
2025-05-04,Nantes,Angers,0.14126,0.727966,28335,2024,https://understat.com/getLeagueData/Ligue_1/2024,2025-05-04,True
2025-05-10,Angers,Strasbourg,1.33058,0.710143,28338,2024,https://understat.com/getLeagueData/Ligue_1/2024,2025-05-10,True
2025-05-10,Auxerre,Nantes,0.624481,0.823377,28337,2024,https://understat.com/getLeagueData/Ligue_1/2024,2025-05-10,True
2025-05-10,Brest,Lille,1.88589,1.84479,28343,2024,https://understat.com/getLeagueData/Ligue_1/2024,2025-05-10,True
2025-05-10,Le Havre,Marseille,1.10297,2.16132,28339,2024,https://understat.com/getLeagueData/Ligue_1/2024,2025-05-10,True
2025-05-10,Monaco,Lyon,1.48659,0.390411,28344,2024,https://understat.com/getLeagueData/Ligue_1/2024,2025-05-10,True
2025-05-10,Montpellier,Paris SG,0.594471,1.78222,28341,2024,https://understat.com/getLeagueData/Ligue_1/2024,2025-05-10,True
2025-05-10,Reims,St Etienne,1.12267,0.71062,28336,2024,https://understat.com/getLeagueData/Ligue_1/2024,2025-05-10,True
2025-05-10,Rennes,Nice,2.06744,1.23457,28340,2024,https://understat.com/getLeagueData/Ligue_1/2024,2025-05-10,True
2025-05-10,Toulouse,Lens,1.12406,0.766404,28342,2024,https://understat.com/getLeagueData/Ligue_1/2024,2025-05-10,True
2025-05-17,Lens,Monaco,2.49045,0.481188,28349,2024,https://understat.com/getLeagueData/Ligue_1/2024,2025-05-17,True
2025-05-17,Lille,Reims,2.31624,0.0983246,28353,2024,https://understat.com/getLeagueData/Ligue_1/2024,2025-05-17,True
2025-05-17,Lyon,Angers,3.75818,0.556633,28348,2024,https://understat.com/getLeagueData/Ligue_1/2024,2025-05-17,True
2025-05-17,Marseille,Rennes,4.06558,1.40321,28346,2024,https://understat.com/getLeagueData/Ligue_1/2024,2025-05-17,True
2025-05-17,Nantes,Montpellier,3.00657,0.602786,28347,2024,https://understat.com/getLeagueData/Ligue_1/2024,2025-05-17,True
2025-05-17,Nice,Brest,5.0223,0.68904,28350,2024,https://understat.com/getLeagueData/Ligue_1/2024,2025-05-17,True
2025-05-17,Paris SG,Auxerre,3.71972,0.9013,28351,2024,https://understat.com/getLeagueData/Ligue_1/2024,2025-05-17,True
2025-05-17,St Etienne,Toulouse,1.32698,3.82215,28352,2024,https://understat.com/getLeagueData/Ligue_1/2024,2025-05-17,True
2025-05-17,Strasbourg,Le Havre,1.74414,2.49529,28345,2024,https://understat.com/getLeagueData/Ligue_1/2024,2025-05-17,True
2025-08-15,Rennes,Marseille,1.31418,2.07298,29538,2025,https://understat.com/getLeagueData/Ligue_1/2025,2025-08-15,True
2025-08-16,Lens,Lyon,1.87447,1.615,29539,2025,https://understat.com/getLeagueData/Ligue_1/2025,2025-08-16,True
2025-08-16,Monaco,Le Havre,1.88048,0.427494,29540,2025,https://understat.com/getLeagueData/Ligue_1/2025,2025-08-16,True
2025-08-16,Nice,Toulouse,0.95554,0.56945,29541,2025,https://understat.com/getLeagueData/Ligue_1/2025,2025-08-16,True
2025-08-17,Angers,Paris FC,0.82142,0.71125,29544,2025,https://understat.com/getLeagueData/Ligue_1/2025,2025-08-17,True
2025-08-17,Auxerre,Lorient,1.4925,1.84516,29543,2025,https://understat.com/getLeagueData/Ligue_1/2025,2025-08-17,True
2025-08-17,Brest,Lille,1.49573,1.84218,29542,2025,https://understat.com/getLeagueData/Ligue_1/2025,2025-08-17,True
2025-08-17,Metz,Strasbourg,0.184483,0.731013,29545,2025,https://understat.com/getLeagueData/Ligue_1/2025,2025-08-17,True
2025-08-17,Nantes,Paris SG,0.124428,1.35682,29546,2025,https://understat.com/getLeagueData/Ligue_1/2025,2025-08-17,True
2025-08-22,Paris SG,Angers,2.0878,0.176876,29547,2025,https://understat.com/getLeagueData/Ligue_1/2025,2025-08-22,True
2025-08-23,Lyon,Metz,2.35479,0.504863,29550,2025,https://understat.com/getLeagueData/Ligue_1/2025,2025-08-23,True
2025-08-23,Marseille,Paris FC,3.337,1.05457,29548,2025,https://understat.com/getLeagueData/Ligue_1/2025,2025-08-23,True
2025-08-23,Nice,Auxerre,2.66284,2.24407,29549,2025,https://understat.com/getLeagueData/Ligue_1/2025,2025-08-23,True
2025-08-24,Le Havre,Lens,2.0398,1.29098,29553,2025,https://understat.com/getLeagueData/Ligue_1/2025,2025-08-24,True
2025-08-24,Lille,Monaco,2.41091,1.52213,29555,2025,https://understat.com/getLeagueData/Ligue_1/2025,2025-08-24,True
2025-08-24,Lorient,Rennes,3.4466,0.0728372,29551,2025,https://understat.com/getLeagueData/Ligue_1/2025,2025-08-24,True
2025-08-24,Strasbourg,Nantes,1.81743,0.425423,29552,2025,https://understat.com/getLeagueData/Ligue_1/2025,2025-08-24,True
2025-08-24,Toulouse,Brest,1.32432,0.750148,29554,2025,https://understat.com/getLeagueData/Ligue_1/2025,2025-08-24,True
2025-08-29,Lens,Brest,4.42054,0.963409,29556,2025,https://understat.com/getLeagueData/Ligue_1/2025,2025-08-29,True
2025-08-30,Lorient,Lille,1.1603,3.70255,29557,2025,https://understat.com/getLeagueData/Ligue_1/2025,2025-08-30,True
2025-08-30,Nantes,Auxerre,0.418091,1.10996,29558,2025,https://understat.com/getLeagueData/Ligue_1/2025,2025-08-30,True
2025-08-30,Toulouse,Paris SG,2.33006,2.49609,29559,2025,https://understat.com/getLeagueData/Ligue_1/2025,2025-08-30,True
2025-08-31,Angers,Rennes,1.58619,1.73758,29560,2025,https://understat.com/getLeagueData/Ligue_1/2025,2025-08-31,True
2025-08-31,Le Havre,Nice,1.75553,0.715595,29561,2025,https://understat.com/getLeagueData/Ligue_1/2025,2025-08-31,True
2025-08-31,Lyon,Marseille,3.15727,0.896862,29564,2025,https://understat.com/getLeagueData/Ligue_1/2025,2025-08-31,True
2025-08-31,Monaco,Strasbourg,2.35547,1.7732,29563,2025,https://understat.com/getLeagueData/Ligue_1/2025,2025-08-31,True
2025-08-31,Paris FC,Metz,3.39898,1.6248,29562,2025,https://understat.com/getLeagueData/Ligue_1/2025,2025-08-31,True
2025-09-12,Marseille,Lorient,2.83367,0.187377,29568,2025,https://understat.com/getLeagueData/Ligue_1/2025,2025-09-12,True
2025-09-13,Auxerre,Monaco,0.904229,1.62646,29565,2025,https://understat.com/getLeagueData/Ligue_1/2025,2025-09-13,True
2025-09-13,Nice,Nantes,2.34645,0.775945,29570,2025,https://understat.com/getLeagueData/Ligue_1/2025,2025-09-13,True
2025-09-14,Brest,Paris FC,2.60519,1.85008,29566,2025,https://understat.com/getLeagueData/Ligue_1/2025,2025-09-14,True
2025-09-14,Lille,Toulouse,2.42116,1.15678,29567,2025,https://understat.com/getLeagueData/Ligue_1/2025,2025-09-14,True
2025-09-14,Metz,Angers,1.76271,1.98184,29569,2025,https://understat.com/getLeagueData/Ligue_1/2025,2025-09-14,True
2025-09-14,Paris SG,Lens,1.05815,1.2242,29571,2025,https://understat.com/getLeagueData/Ligue_1/2025,2025-09-14,True
2025-09-14,Rennes,Lyon,2.20918,1.7381,29572,2025,https://understat.com/getLeagueData/Ligue_1/2025,2025-09-14,True
2025-09-14,Strasbourg,Le Havre,1.43354,0.524832,29573,2025,https://understat.com/getLeagueData/Ligue_1/2025,2025-09-14,True
2025-09-19,Lyon,Angers,2.20483,0.677354,29578,2025,https://understat.com/getLeagueData/Ligue_1/2025,2025-09-19,True
2025-09-20,Brest,Nice,2.07376,2.26393,29575,2025,https://understat.com/getLeagueData/Ligue_1/2025,2025-09-20,True
2025-09-20,Lens,Lille,3.8174,1.89889,29577,2025,https://understat.com/getLeagueData/Ligue_1/2025,2025-09-20,True
2025-09-20,Nantes,Rennes,2.65629,1.44041,29581,2025,https://understat.com/getLeagueData/Ligue_1/2025,2025-09-20,True
2025-09-21,Auxerre,Toulouse,0.883373,1.50957,29574,2025,https://understat.com/getLeagueData/Ligue_1/2025,2025-09-21,True
2025-09-21,Le Havre,Lorient,2.23396,1.26993,29576,2025,https://understat.com/getLeagueData/Ligue_1/2025,2025-09-21,True
2025-09-21,Monaco,Metz,3.497,1.91296,29580,2025,https://understat.com/getLeagueData/Ligue_1/2025,2025-09-21,True
2025-09-21,Paris FC,Strasbourg,1.9014,2.46459,29582,2025,https://understat.com/getLeagueData/Ligue_1/2025,2025-09-21,True
2025-09-22,Marseille,Paris SG,1.77744,0.919565,29579,2025,https://understat.com/getLeagueData/Ligue_1/2025,2025-09-22,True
2025-09-26,Strasbourg,Marseille,1.0976,2.00258,29590,2025,https://understat.com/getLeagueData/Ligue_1/2025,2025-09-26,True
2025-09-27,Lorient,Monaco,2.09364,0.894035,29585,2025,https://understat.com/getLeagueData/Ligue_1/2025,2025-09-27,True
2025-09-27,Paris SG,Auxerre,2.11672,0.73132,29588,2025,https://understat.com/getLeagueData/Ligue_1/2025,2025-09-27,True
2025-09-27,Toulouse,Nantes,1.98573,1.8303,29591,2025,https://understat.com/getLeagueData/Ligue_1/2025,2025-09-27,True
2025-09-28,Angers,Brest,0.501827,1.34192,29583,2025,https://understat.com/getLeagueData/Ligue_1/2025,2025-09-28,True
2025-09-28,Lille,Lyon,1.65271,0.642572,29584,2025,https://understat.com/getLeagueData/Ligue_1/2025,2025-09-28,True
2025-09-28,Metz,Le Havre,0.39939,0.395921,29586,2025,https://understat.com/getLeagueData/Ligue_1/2025,2025-09-28,True
2025-09-28,Nice,Paris FC,1.36997,1.49444,29587,2025,https://understat.com/getLeagueData/Ligue_1/2025,2025-09-28,True
2025-09-28,Rennes,Lens,1.57438,1.51932,29589,2025,https://understat.com/getLeagueData/Ligue_1/2025,2025-09-28,True
2025-10-03,Paris FC,Lorient,1.83687,0.855852,29599,2025,https://understat.com/getLeagueData/Ligue_1/2025,2025-10-03,True
2025-10-04,Auxerre,Lens,1.27422,0.471027,29592,2025,https://understat.com/getLeagueData/Ligue_1/2025,2025-10-04,True
2025-10-04,Brest,Nantes,1.44552,0.489862,29593,2025,https://understat.com/getLeagueData/Ligue_1/2025,2025-10-04,True
2025-10-04,Metz,Marseille,0.1529,2.67719,29597,2025,https://understat.com/getLeagueData/Ligue_1/2025,2025-10-04,True
2025-10-05,Le Havre,Rennes,1.98097,1.21285,29594,2025,https://understat.com/getLeagueData/Ligue_1/2025,2025-10-05,True
2025-10-05,Lille,Paris SG,0.647492,1.71207,29595,2025,https://understat.com/getLeagueData/Ligue_1/2025,2025-10-05,True
2025-10-05,Lyon,Toulouse,1.42206,1.36525,29596,2025,https://understat.com/getLeagueData/Ligue_1/2025,2025-10-05,True
2025-10-05,Monaco,Nice,2.4556,1.13121,29598,2025,https://understat.com/getLeagueData/Ligue_1/2025,2025-10-05,True
2025-10-05,Strasbourg,Angers,4.2783,0.294622,29600,2025,https://understat.com/getLeagueData/Ligue_1/2025,2025-10-05,True
2025-10-17,Paris SG,Strasbourg,2.85659,1.92082,29608,2025,https://understat.com/getLeagueData/Ligue_1/2025,2025-10-17,True
2025-10-18,Angers,Monaco,1.58102,1.65166,29601,2025,https://understat.com/getLeagueData/Ligue_1/2025,2025-10-18,True
2025-10-18,Marseille,Le Havre,4.20445,0.352985,29604,2025,https://understat.com/getLeagueData/Ligue_1/2025,2025-10-18,True
2025-10-18,Nice,Lyon,1.16366,2.89867,29606,2025,https://understat.com/getLeagueData/Ligue_1/2025,2025-10-18,True
2025-10-19,Lens,Paris FC,1.98018,0.583966,29602,2025,https://understat.com/getLeagueData/Ligue_1/2025,2025-10-19,True
2025-10-19,Lorient,Brest,1.5878,1.56803,29603,2025,https://understat.com/getLeagueData/Ligue_1/2025,2025-10-19,True
2025-10-19,Nantes,Lille,0.772603,2.7603,29605,2025,https://understat.com/getLeagueData/Ligue_1/2025,2025-10-19,True
2025-10-19,Rennes,Auxerre,1.93587,1.66634,29609,2025,https://understat.com/getLeagueData/Ligue_1/2025,2025-10-19,True
2025-10-19,Toulouse,Metz,2.73037,0.119104,29607,2025,https://understat.com/getLeagueData/Ligue_1/2025,2025-10-19,True
2025-10-24,Paris FC,Nantes,0.951277,0.916827,29614,2025,https://understat.com/getLeagueData/Ligue_1/2025,2025-10-24,True
2025-10-25,Brest,Paris SG,1.89257,2.92453,29613,2025,https://understat.com/getLeagueData/Ligue_1/2025,2025-10-25,True
2025-10-25,Lens,Marseille,1.87596,0.765479,29612,2025,https://understat.com/getLeagueData/Ligue_1/2025,2025-10-25,True
2025-10-25,Monaco,Toulouse,3.37276,0.584122,29615,2025,https://understat.com/getLeagueData/Ligue_1/2025,2025-10-25,True
2025-10-26,Angers,Lorient,1.30397,2.00206,29610,2025,https://understat.com/getLeagueData/Ligue_1/2025,2025-10-26,True
2025-10-26,Auxerre,Le Havre,0.563862,1.52215,29611,2025,https://understat.com/getLeagueData/Ligue_1/2025,2025-10-26,True
2025-10-26,Lille,Metz,3.85054,1.01476,29617,2025,https://understat.com/getLeagueData/Ligue_1/2025,2025-10-26,True
2025-10-26,Lyon,Strasbourg,1.14566,0.798152,29616,2025,https://understat.com/getLeagueData/Ligue_1/2025,2025-10-26,True
2025-10-26,Rennes,Nice,1.54435,0.88734,29618,2025,https://understat.com/getLeagueData/Ligue_1/2025,2025-10-26,True
2025-10-29,Le Havre,Brest,0.556063,0.370311,29619,2025,https://understat.com/getLeagueData/Ligue_1/2025,2025-10-29,True
2025-10-29,Lorient,Paris SG,0.192946,1.28813,29621,2025,https://understat.com/getLeagueData/Ligue_1/2025,2025-10-29,True
2025-10-29,Marseille,Angers,1.58833,0.996929,29620,2025,https://understat.com/getLeagueData/Ligue_1/2025,2025-10-29,True
2025-10-29,Metz,Lens,3.11925,1.23771,29625,2025,https://understat.com/getLeagueData/Ligue_1/2025,2025-10-29,True
2025-10-29,Nantes,Monaco,2.1261,4.10211,29624,2025,https://understat.com/getLeagueData/Ligue_1/2025,2025-10-29,True
2025-10-29,Nice,Lille,1.74459,0.661109,29623,2025,https://understat.com/getLeagueData/Ligue_1/2025,2025-10-29,True
2025-10-29,Paris FC,Lyon,0.581508,1.21871,29622,2025,https://understat.com/getLeagueData/Ligue_1/2025,2025-10-29,True
2025-10-29,Strasbourg,Auxerre,4.10806,0.68695,29627,2025,https://understat.com/getLeagueData/Ligue_1/2025,2025-10-29,True
2025-10-29,Toulouse,Rennes,1.62131,1.26096,29626,2025,https://understat.com/getLeagueData/Ligue_1/2025,2025-10-29,True
2025-11-01,Auxerre,Marseille,1.09464,0.698037,29628,2025,https://understat.com/getLeagueData/Ligue_1/2025,2025-11-01,True
2025-11-01,Monaco,Paris FC,0.820947,1.18048,29632,2025,https://understat.com/getLeagueData/Ligue_1/2025,2025-11-01,True
2025-11-01,Paris SG,Nice,1.88647,0.3867,29634,2025,https://understat.com/getLeagueData/Ligue_1/2025,2025-11-01,True
2025-11-02,Brest,Lyon,1.63942,0.143862,29629,2025,https://understat.com/getLeagueData/Ligue_1/2025,2025-11-02,True
2025-11-02,Lens,Lorient,3.21467,1.98367,29630,2025,https://understat.com/getLeagueData/Ligue_1/2025,2025-11-02,True
2025-11-02,Lille,Angers,2.2089,0.277522,29631,2025,https://understat.com/getLeagueData/Ligue_1/2025,2025-11-02,True
2025-11-02,Nantes,Metz,1.07598,1.36245,29633,2025,https://understat.com/getLeagueData/Ligue_1/2025,2025-11-02,True
2025-11-02,Rennes,Strasbourg,3.06877,2.08816,29635,2025,https://understat.com/getLeagueData/Ligue_1/2025,2025-11-02,True
2025-11-02,Toulouse,Le Havre,1.07851,1.07299,29636,2025,https://understat.com/getLeagueData/Ligue_1/2025,2025-11-02,True
2025-11-07,Paris FC,Rennes,2.2285,1.36728,29644,2025,https://understat.com/getLeagueData/Ligue_1/2025,2025-11-07,True
2025-11-08,Le Havre,Nantes,0.984753,0.353936,29638,2025,https://understat.com/getLeagueData/Ligue_1/2025,2025-11-08,True
2025-11-08,Marseille,Brest,3.09058,0.69584,29641,2025,https://understat.com/getLeagueData/Ligue_1/2025,2025-11-08,True
2025-11-08,Monaco,Lens,2.4076,3.23933,29643,2025,https://understat.com/getLeagueData/Ligue_1/2025,2025-11-08,True
2025-11-09,Angers,Auxerre,1.15143,0.589602,29637,2025,https://understat.com/getLeagueData/Ligue_1/2025,2025-11-09,True
2025-11-09,Lorient,Toulouse,1.26999,1.15206,29639,2025,https://understat.com/getLeagueData/Ligue_1/2025,2025-11-09,True
2025-11-09,Lyon,Paris SG,0.712588,1.69872,29640,2025,https://understat.com/getLeagueData/Ligue_1/2025,2025-11-09,True
2025-11-09,Metz,Nice,1.32977,0.784993,29642,2025,https://understat.com/getLeagueData/Ligue_1/2025,2025-11-09,True
2025-11-09,Strasbourg,Lille,0.768163,0.480004,29645,2025,https://understat.com/getLeagueData/Ligue_1/2025,2025-11-09,True
2025-11-21,Nice,Marseille,1.36131,3.09163,29651,2025,https://understat.com/getLeagueData/Ligue_1/2025,2025-11-21,True
2025-11-22,Lens,Strasbourg,2.2242,0.400272,29648,2025,https://understat.com/getLeagueData/Ligue_1/2025,2025-11-22,True
2025-11-22,Paris SG,Le Havre,4.11577,1.28573,29652,2025,https://understat.com/getLeagueData/Ligue_1/2025,2025-11-22,True
2025-11-22,Rennes,Monaco,3.067,1.60818,29653,2025,https://understat.com/getLeagueData/Ligue_1/2025,2025-11-22,True
2025-11-23,Auxerre,Lyon,1.512,1.27606,29646,2025,https://understat.com/getLeagueData/Ligue_1/2025,2025-11-23,True
2025-11-23,Brest,Metz,3.36815,1.02855,29647,2025,https://understat.com/getLeagueData/Ligue_1/2025,2025-11-23,True
2025-11-23,Lille,Paris FC,4.14474,1.50332,29649,2025,https://understat.com/getLeagueData/Ligue_1/2025,2025-11-23,True
2025-11-23,Nantes,Lorient,0.915515,0.352154,29650,2025,https://understat.com/getLeagueData/Ligue_1/2025,2025-11-23,True
2025-11-23,Toulouse,Angers,1.85382,0.324057,29654,2025,https://understat.com/getLeagueData/Ligue_1/2025,2025-11-23,True
2025-11-28,Metz,Rennes,1.31354,0.980088,29660,2025,https://understat.com/getLeagueData/Ligue_1/2025,2025-11-28,True
2025-11-29,Marseille,Toulouse,1.62768,1.09387,29659,2025,https://understat.com/getLeagueData/Ligue_1/2025,2025-11-29,True
2025-11-29,Monaco,Paris SG,0.637875,1.47676,29661,2025,https://understat.com/getLeagueData/Ligue_1/2025,2025-11-29,True
2025-11-29,Paris FC,Auxerre,1.80891,1.15143,29662,2025,https://understat.com/getLeagueData/Ligue_1/2025,2025-11-29,True
2025-11-30,Angers,Lens,1.10642,1.96335,29655,2025,https://understat.com/getLeagueData/Ligue_1/2025,2025-11-30,True
2025-11-30,Le Havre,Lille,0.867678,1.35017,29656,2025,https://understat.com/getLeagueData/Ligue_1/2025,2025-11-30,True
2025-11-30,Lorient,Nice,3.49255,1.3285,29657,2025,https://understat.com/getLeagueData/Ligue_1/2025,2025-11-30,True
2025-11-30,Lyon,Nantes,2.1878,0.384922,29658,2025,https://understat.com/getLeagueData/Ligue_1/2025,2025-11-30,True
2025-11-30,Strasbourg,Brest,1.14608,1.00638,29663,2025,https://understat.com/getLeagueData/Ligue_1/2025,2025-11-30,True
2025-12-05,Brest,Monaco,1.13774,0.485017,29665,2025,https://understat.com/getLeagueData/Ligue_1/2025,2025-12-05,True
2025-12-05,Lille,Marseille,0.572302,0.902813,29667,2025,https://understat.com/getLeagueData/Ligue_1/2025,2025-12-05,True
2025-12-06,Nantes,Lens,1.1817,3.26397,29669,2025,https://understat.com/getLeagueData/Ligue_1/2025,2025-12-06,True
2025-12-06,Paris SG,Rennes,2.32641,0.153549,29671,2025,https://understat.com/getLeagueData/Ligue_1/2025,2025-12-06,True
2025-12-06,Toulouse,Strasbourg,0.64097,0.0918532,29672,2025,https://understat.com/getLeagueData/Ligue_1/2025,2025-12-06,True
2025-12-07,Auxerre,Metz,2.22374,0.346523,29664,2025,https://understat.com/getLeagueData/Ligue_1/2025,2025-12-07,True
2025-12-07,Le Havre,Paris FC,1.93371,1.2524,29666,2025,https://understat.com/getLeagueData/Ligue_1/2025,2025-12-07,True
2025-12-07,Lorient,Lyon,2.48644,0.475087,29668,2025,https://understat.com/getLeagueData/Ligue_1/2025,2025-12-07,True
2025-12-07,Nice,Angers,1.38209,1.33715,29670,2025,https://understat.com/getLeagueData/Ligue_1/2025,2025-12-07,True
2025-12-12,Angers,Nantes,3.04663,0.26526,29673,2025,https://understat.com/getLeagueData/Ligue_1/2025,2025-12-12,True
2025-12-13,Metz,Paris SG,0.363683,1.94768,29677,2025,https://understat.com/getLeagueData/Ligue_1/2025,2025-12-13,True
2025-12-13,Paris FC,Toulouse,0.366399,2.03766,29676,2025,https://understat.com/getLeagueData/Ligue_1/2025,2025-12-13,True
2025-12-13,Rennes,Brest,1.58903,0.872611,29681,2025,https://understat.com/getLeagueData/Ligue_1/2025,2025-12-13,True
2025-12-14,Auxerre,Lille,2.50862,0.733512,29674,2025,https://understat.com/getLeagueData/Ligue_1/2025,2025-12-14,True
2025-12-14,Lens,Nice,1.91622,0.733412,29675,2025,https://understat.com/getLeagueData/Ligue_1/2025,2025-12-14,True
2025-12-14,Lyon,Le Havre,2.9604,1.44459,29679,2025,https://understat.com/getLeagueData/Ligue_1/2025,2025-12-14,True
2025-12-14,Marseille,Monaco,2.02467,1.94962,29678,2025,https://understat.com/getLeagueData/Ligue_1/2025,2025-12-14,True
2025-12-14,Strasbourg,Lorient,0.911848,0.415871,29680,2025,https://understat.com/getLeagueData/Ligue_1/2025,2025-12-14,True
2026-01-02,Toulouse,Lens,0.46972,2.67769,29690,2025,https://understat.com/getLeagueData/Ligue_1/2025,2026-01-02,True
2026-01-03,Lille,Rennes,1.06111,1.49739,29684,2025,https://understat.com/getLeagueData/Ligue_1/2025,2026-01-03,True
2026-01-03,Monaco,Lyon,0.799996,1.95535,29687,2025,https://understat.com/getLeagueData/Ligue_1/2025,2026-01-03,True
2026-01-03,Nice,Strasbourg,2.39473,1.38731,29688,2025,https://understat.com/getLeagueData/Ligue_1/2025,2026-01-03,True
2026-01-04,Brest,Auxerre,1.54399,0.835513,29682,2025,https://understat.com/getLeagueData/Ligue_1/2025,2026-01-04,True
2026-01-04,Le Havre,Angers,1.54881,0.730978,29683,2025,https://understat.com/getLeagueData/Ligue_1/2025,2026-01-04,True
2026-01-04,Lorient,Metz,1.55407,0.364932,29685,2025,https://understat.com/getLeagueData/Ligue_1/2025,2026-01-04,True
2026-01-04,Marseille,Nantes,1.14141,3.16795,29686,2025,https://understat.com/getLeagueData/Ligue_1/2025,2026-01-04,True
2026-01-04,Paris SG,Paris FC,1.58716,0.938334,29689,2025,https://understat.com/getLeagueData/Ligue_1/2025,2026-01-04,True
2026-01-16,Monaco,Lorient,1.31321,1.17141,29694,2025,https://understat.com/getLeagueData/Ligue_1/2025,2026-01-16,True
2026-01-16,Paris SG,Lille,1.29284,0.67995,29696,2025,https://understat.com/getLeagueData/Ligue_1/2025,2026-01-16,True
2026-01-17,Angers,Marseille,1.03735,3.91118,29691,2025,https://understat.com/getLeagueData/Ligue_1/2025,2026-01-17,True
2026-01-17,Lens,Auxerre,2.61821,0.393025,29692,2025,https://understat.com/getLeagueData/Ligue_1/2025,2026-01-17,True
2026-01-17,Toulouse,Nice,1.77349,1.41914,29699,2025,https://understat.com/getLeagueData/Ligue_1/2025,2026-01-17,True
2026-01-18,Lyon,Brest,2.62893,1.16318,29693,2025,https://understat.com/getLeagueData/Ligue_1/2025,2026-01-18,True
2026-01-18,Nantes,Paris FC,0.411699,0.738941,29695,2025,https://understat.com/getLeagueData/Ligue_1/2025,2026-01-18,True
2026-01-18,Rennes,Le Havre,2.54723,0.538741,29697,2025,https://understat.com/getLeagueData/Ligue_1/2025,2026-01-18,True
2026-01-18,Strasbourg,Metz,1.019,0.984265,29698,2025,https://understat.com/getLeagueData/Ligue_1/2025,2026-01-18,True
2026-01-23,Auxerre,Paris SG,0.352997,2.19544,29700,2025,https://understat.com/getLeagueData/Ligue_1/2025,2026-01-23,True
2026-01-24,Le Havre,Monaco,0.171551,0.562454,29702,2025,https://understat.com/getLeagueData/Ligue_1/2025,2026-01-24,True
2026-01-24,Marseille,Lens,1.07239,1.00288,29704,2025,https://understat.com/getLeagueData/Ligue_1/2025,2026-01-24,True
2026-01-24,Rennes,Lorient,1.88241,1.10359,29708,2025,https://understat.com/getLeagueData/Ligue_1/2025,2026-01-24,True
2026-01-25,Brest,Toulouse,0.988274,0.684258,29701,2025,https://understat.com/getLeagueData/Ligue_1/2025,2026-01-25,True
2026-01-25,Lille,Strasbourg,1.74087,3.56512,29703,2025,https://understat.com/getLeagueData/Ligue_1/2025,2026-01-25,True
2026-01-25,Metz,Lyon,1.18331,3.34121,29705,2025,https://understat.com/getLeagueData/Ligue_1/2025,2026-01-25,True
2026-01-25,Nantes,Nice,1.98581,1.6112,29706,2025,https://understat.com/getLeagueData/Ligue_1/2025,2026-01-25,True
2026-01-25,Paris FC,Angers,0.759097,0.342734,29707,2025,https://understat.com/getLeagueData/Ligue_1/2025,2026-01-25,True
2026-01-30,Lens,Le Havre,1.60367,0.407119,29710,2025,https://understat.com/getLeagueData/Ligue_1/2025,2026-01-30,True
2026-01-31,Lorient,Nantes,0.777027,1.20179,29711,2025,https://understat.com/getLeagueData/Ligue_1/2025,2026-01-31,True
2026-01-31,Monaco,Rennes,2.28518,0.427968,29713,2025,https://understat.com/getLeagueData/Ligue_1/2025,2026-01-31,True
2026-01-31,Paris FC,Marseille,1.82048,2.71118,29715,2025,https://understat.com/getLeagueData/Ligue_1/2025,2026-01-31,True
2026-02-01,Angers,Metz,1.34676,0.397871,29709,2025,https://understat.com/getLeagueData/Ligue_1/2025,2026-02-01,True
2026-02-01,Lyon,Lille,0.616999,0.390671,29712,2025,https://understat.com/getLeagueData/Ligue_1/2025,2026-02-01,True
2026-02-01,Nice,Brest,1.2009,1.83505,29714,2025,https://understat.com/getLeagueData/Ligue_1/2025,2026-02-01,True
2026-02-01,Strasbourg,Paris SG,1.97116,1.16489,29716,2025,https://understat.com/getLeagueData/Ligue_1/2025,2026-02-01,True
2026-02-01,Toulouse,Auxerre,0.804565,0.871363,29717,2025,https://understat.com/getLeagueData/Ligue_1/2025,2026-02-01,True
2026-02-06,Metz,Lille,0.581838,1.53538,29723,2025,https://understat.com/getLeagueData/Ligue_1/2025,2026-02-08,True
2026-02-07,Brest,Lorient,2.05135,0.720569,29720,2025,https://understat.com/getLeagueData/Ligue_1/2025,2026-02-08,True
2026-02-07,Lens,Rennes,1.01131,1.33597,29722,2025,https://understat.com/getLeagueData/Ligue_1/2025,2026-02-08,True
2026-02-07,Nantes,Lyon,0.795659,0.990033,29724,2025,https://understat.com/getLeagueData/Ligue_1/2025,2026-02-08,True
2026-02-08,Angers,Toulouse,1.17089,0.691991,29718,2025,https://understat.com/getLeagueData/Ligue_1/2025,2026-02-08,True
2026-02-08,Auxerre,Paris FC,1.27393,0.758207,29719,2025,https://understat.com/getLeagueData/Ligue_1/2025,2026-02-08,True
2026-02-08,Le Havre,Strasbourg,0.856821,0.51294,29721,2025,https://understat.com/getLeagueData/Ligue_1/2025,2026-02-08,True
2026-02-08,Nice,Monaco,0.455943,0.827302,29725,2025,https://understat.com/getLeagueData/Ligue_1/2025,2026-02-08,True
2026-02-08,Paris SG,Marseille,4.63077,0.90611,29726,2025,https://understat.com/getLeagueData/Ligue_1/2025,2026-02-08,True
2026-02-13,Monaco,Nantes,2.20188,1.00661,29733,2025,https://understat.com/getLeagueData/Ligue_1/2025,2026-02-13,True
2026-02-13,Rennes,Paris SG,1.80204,4.17604,29735,2025,https://understat.com/getLeagueData/Ligue_1/2025,2026-02-13,True
2026-02-14,Lille,Brest,1.77426,0.841964,29728,2025,https://understat.com/getLeagueData/Ligue_1/2025,2026-02-14,True
2026-02-14,Marseille,Strasbourg,1.61535,2.39153,29731,2025,https://understat.com/getLeagueData/Ligue_1/2025,2026-02-14,True
2026-02-14,Paris FC,Lens,0.399344,3.50163,29734,2025,https://understat.com/getLeagueData/Ligue_1/2025,2026-02-14,True
2026-02-15,Le Havre,Toulouse,0.977711,3.12342,29727,2025,https://understat.com/getLeagueData/Ligue_1/2025,2026-02-15,True
2026-02-15,Lorient,Angers,1.4393,0.406012,29729,2025,https://understat.com/getLeagueData/Ligue_1/2025,2026-02-15,True
2026-02-15,Lyon,Nice,1.9974,1.30477,29730,2025,https://understat.com/getLeagueData/Ligue_1/2025,2026-02-15,True
2026-02-15,Metz,Auxerre,0.753602,1.05829,29732,2025,https://understat.com/getLeagueData/Ligue_1/2025,2026-02-15,True
2026-02-20,Brest,Marseille,1.33408,1.3575,29738,2025,https://understat.com/getLeagueData/Ligue_1/2025,2026-02-20,True
2026-02-21,Lens,Monaco,1.82827,2.34004,29739,2025,https://understat.com/getLeagueData/Ligue_1/2025,2026-02-21,True
2026-02-21,Paris SG,Metz,2.41445,0.0591146,29742,2025,https://understat.com/getLeagueData/Ligue_1/2025,2026-02-21,True
2026-02-21,Toulouse,Paris FC,2.67763,0.687806,29744,2025,https://understat.com/getLeagueData/Ligue_1/2025,2026-02-21,True
2026-02-22,Angers,Lille,0.24039,2.74265,29736,2025,https://understat.com/getLeagueData/Ligue_1/2025,2026-02-22,True
2026-02-22,Auxerre,Rennes,0.700042,1.10597,29737,2025,https://understat.com/getLeagueData/Ligue_1/2025,2026-02-22,True
2026-02-22,Nantes,Le Havre,1.70753,0.753349,29740,2025,https://understat.com/getLeagueData/Ligue_1/2025,2026-02-22,True
2026-02-22,Nice,Lorient,2.74646,1.97697,29741,2025,https://understat.com/getLeagueData/Ligue_1/2025,2026-02-22,True
2026-02-22,Strasbourg,Lyon,2.22901,0.427324,29743,2025,https://understat.com/getLeagueData/Ligue_1/2025,2026-02-22,True
2026-02-27,Strasbourg,Lens,0.874721,2.03807,29753,2025,https://understat.com/getLeagueData/Ligue_1/2025,2026-02-27,True
2026-02-28,Le Havre,Paris SG,0.682797,4.03627,29745,2025,https://understat.com/getLeagueData/Ligue_1/2025,2026-02-28,True
2026-02-28,Monaco,Angers,1.67082,0.609359,29750,2025,https://understat.com/getLeagueData/Ligue_1/2025,2026-02-28,True
2026-02-28,Rennes,Toulouse,0.709138,0.668386,29752,2025,https://understat.com/getLeagueData/Ligue_1/2025,2026-02-28,True
2026-03-01,Lille,Nantes,0.495693,0.171014,29746,2025,https://understat.com/getLeagueData/Ligue_1/2025,2026-03-01,True
2026-03-01,Lorient,Auxerre,1.02766,1.96667,29747,2025,https://understat.com/getLeagueData/Ligue_1/2025,2026-03-01,True
2026-03-01,Marseille,Lyon,1.78764,1.78524,29748,2025,https://understat.com/getLeagueData/Ligue_1/2025,2026-03-01,True
2026-03-01,Metz,Brest,1.58374,0.963216,29749,2025,https://understat.com/getLeagueData/Ligue_1/2025,2026-03-01,True
2026-03-01,Paris FC,Nice,1.3017,1.26295,29751,2025,https://understat.com/getLeagueData/Ligue_1/2025,2026-03-01,True
2026-03-06,Paris SG,Monaco,1.22179,1.75294,29761,2025,https://understat.com/getLeagueData/Ligue_1/2025,2026-03-06,True
2026-03-07,Auxerre,Strasbourg,1.03226,1.27324,29754,2025,https://understat.com/getLeagueData/Ligue_1/2025,2026-03-07,True
2026-03-07,Nantes,Angers,0.611683,0.853223,29759,2025,https://understat.com/getLeagueData/Ligue_1/2025,2026-03-07,True
2026-03-07,Toulouse,Marseille,1.28713,1.3226,29762,2025,https://understat.com/getLeagueData/Ligue_1/2025,2026-03-07,True
2026-03-08,Brest,Le Havre,1.26459,1.10286,29755,2025,https://understat.com/getLeagueData/Ligue_1/2025,2026-03-08,True
2026-03-08,Lens,Metz,2.22106,0.250806,29756,2025,https://understat.com/getLeagueData/Ligue_1/2025,2026-03-08,True
2026-03-08,Lille,Lorient,0.850092,0.929269,29757,2025,https://understat.com/getLeagueData/Ligue_1/2025,2026-03-08,True
2026-03-08,Lyon,Paris FC,1.92522,2.32579,29758,2025,https://understat.com/getLeagueData/Ligue_1/2025,2026-03-08,True
2026-03-08,Nice,Rennes,2.68488,1.87138,29760,2025,https://understat.com/getLeagueData/Ligue_1/2025,2026-03-08,True
2026-03-13,Marseille,Auxerre,1.12898,0.293047,29766,2025,https://understat.com/getLeagueData/Ligue_1/2025,2026-03-13,True
2026-03-14,Angers,Nice,0.889177,1.60128,29763,2025,https://understat.com/getLeagueData/Ligue_1/2025,2026-03-14,True
2026-03-14,Lorient,Lens,2.37345,1.01216,29765,2025,https://understat.com/getLeagueData/Ligue_1/2025,2026-03-14,True
2026-03-14,Monaco,Brest,2.81345,1.56097,29768,2025,https://understat.com/getLeagueData/Ligue_1/2025,2026-03-14,True
2026-03-15,Le Havre,Lyon,0.640079,1.13833,29764,2025,https://understat.com/getLeagueData/Ligue_1/2025,2026-03-15,True
2026-03-15,Metz,Toulouse,1.62616,1.74262,29767,2025,https://understat.com/getLeagueData/Ligue_1/2025,2026-03-15,True
2026-03-15,Rennes,Lille,1.5463,1.3508,29770,2025,https://understat.com/getLeagueData/Ligue_1/2025,2026-03-15,True
2026-03-15,Strasbourg,Paris FC,1.20221,0.616395,29771,2025,https://understat.com/getLeagueData/Ligue_1/2025,2026-03-15,True
2026-03-20,Lens,Angers,4.33933,1.15185,29773,2025,https://understat.com/getLeagueData/Ligue_1/2025,2026-03-20,True
2026-03-21,Auxerre,Brest,2.0573,0.882319,29772,2025,https://understat.com/getLeagueData/Ligue_1/2025,2026-03-21,True
2026-03-21,Nice,Paris SG,0.17662,4.04442,29777,2025,https://understat.com/getLeagueData/Ligue_1/2025,2026-03-21,True
2026-03-21,Toulouse,Lorient,1.48458,0.477676,29780,2025,https://understat.com/getLeagueData/Ligue_1/2025,2026-03-21,True
2026-03-22,Lyon,Monaco,1.10723,3.4997,29774,2025,https://understat.com/getLeagueData/Ligue_1/2025,2026-03-22,True
2026-03-22,Marseille,Lille,1.02929,1.61107,29775,2025,https://understat.com/getLeagueData/Ligue_1/2025,2026-03-22,True
2026-03-22,Nantes,Strasbourg,1.91469,2.83907,29776,2025,https://understat.com/getLeagueData/Ligue_1/2025,2026-03-22,True
2026-03-22,Paris FC,Le Havre,2.42628,1.74386,29778,2025,https://understat.com/getLeagueData/Ligue_1/2025,2026-03-22,True
2026-03-22,Rennes,Metz,1.70552,0.314914,29779,2025,https://understat.com/getLeagueData/Ligue_1/2025,2026-03-22,True
2026-04-03,Paris SG,Toulouse,1.7337,0.102597,29788,2025,https://understat.com/getLeagueData/Ligue_1/2025,2026-04-03,True
2026-04-04,Brest,Rennes,1.89452,2.7958,29782,2025,https://understat.com/getLeagueData/Ligue_1/2025,2026-04-04,True
2026-04-04,Lille,Lens,3.82171,0.412713,29784,2025,https://understat.com/getLeagueData/Ligue_1/2025,2026-04-04,True
2026-04-04,Strasbourg,Nice,2.70892,0.354354,29789,2025,https://understat.com/getLeagueData/Ligue_1/2025,2026-04-04,True
2026-04-05,Angers,Lyon,0.353538,0.522379,29781,2025,https://understat.com/getLeagueData/Ligue_1/2025,2026-04-05,True
2026-04-05,Le Havre,Auxerre,0.711193,2.40825,29783,2025,https://understat.com/getLeagueData/Ligue_1/2025,2026-04-05,True
2026-04-05,Lorient,Paris FC,1.16554,1.39879,29785,2025,https://understat.com/getLeagueData/Ligue_1/2025,2026-04-05,True
2026-04-05,Metz,Nantes,2.3189,0.389282,29786,2025,https://understat.com/getLeagueData/Ligue_1/2025,2026-04-05,True
2026-04-05,Monaco,Marseille,1.67743,3.10791,29787,2025,https://understat.com/getLeagueData/Ligue_1/2025,2026-04-05,True
2026-04-10,Marseille,Metz,3.31638,0.535052,29794,2025,https://understat.com/getLeagueData/Ligue_1/2025,2026-04-10,True
2026-04-10,Paris FC,Monaco,2.95341,1.7647,29796,2025,https://understat.com/getLeagueData/Ligue_1/2025,2026-04-10,True
2026-04-11,Auxerre,Nantes,0.797017,1.44705,29790,2025,https://understat.com/getLeagueData/Ligue_1/2025,2026-04-11,True
2026-04-11,Rennes,Angers,1.09968,1.19461,29797,2025,https://understat.com/getLeagueData/Ligue_1/2025,2026-04-11,True
2026-04-12,Lyon,Lorient,1.84879,1.57488,29793,2025,https://understat.com/getLeagueData/Ligue_1/2025,2026-04-12,True
2026-04-12,Nice,Le Havre,2.14773,2.12622,29795,2025,https://understat.com/getLeagueData/Ligue_1/2025,2026-04-12,True
2026-04-12,Toulouse,Lille,1.46514,2.08775,29798,2025,https://understat.com/getLeagueData/Ligue_1/2025,2026-04-12,True
2026-04-17,Lens,Toulouse,3.98387,0.578481,29800,2025,https://understat.com/getLeagueData/Ligue_1/2025,2026-04-17,True
2026-04-18,Angers,Le Havre,0.961095,1.54566,29799,2025,https://understat.com/getLeagueData/Ligue_1/2025,2026-04-18,True
2026-04-18,Lille,Nice,0.413432,0.171356,29801,2025,https://understat.com/getLeagueData/Ligue_1/2025,2026-04-18,True
2026-04-18,Lorient,Marseille,1.28628,2.13073,29802,2025,https://understat.com/getLeagueData/Ligue_1/2025,2026-04-18,True
2026-04-19,Metz,Paris FC,1.48448,1.97282,29803,2025,https://understat.com/getLeagueData/Ligue_1/2025,2026-04-19,True
2026-04-19,Monaco,Auxerre,1.94243,0.745123,29804,2025,https://understat.com/getLeagueData/Ligue_1/2025,2026-04-19,True
2026-04-19,Nantes,Brest,0.970265,0.631132,29805,2025,https://understat.com/getLeagueData/Ligue_1/2025,2026-04-19,True
2026-04-19,Paris SG,Lyon,3.20455,1.20364,29806,2025,https://understat.com/getLeagueData/Ligue_1/2025,2026-04-19,True
2026-04-19,Strasbourg,Rennes,0.944239,3.25297,29807,2025,https://understat.com/getLeagueData/Ligue_1/2025,2026-04-19,True
2026-04-22,Paris SG,Nantes,2.26452,0.672206,29769,2025,https://understat.com/getLeagueData/Ligue_1/2025,2026-04-22,True
2026-04-24,Brest,Lens,0.309794,3.24582,29809,2025,https://understat.com/getLeagueData/Ligue_1/2025,2026-04-24,True
2026-04-25,Angers,Paris SG,0.977437,3.00296,29808,2025,https://understat.com/getLeagueData/Ligue_1/2025,2026-04-25,True
2026-04-25,Lyon,Auxerre,2.16328,0.883316,29812,2025,https://understat.com/getLeagueData/Ligue_1/2025,2026-04-25,True
2026-04-25,Toulouse,Monaco,2.15303,1.34617,29816,2025,https://understat.com/getLeagueData/Ligue_1/2025,2026-04-25,True
2026-04-26,Le Havre,Metz,2.64995,1.88709,29810,2025,https://understat.com/getLeagueData/Ligue_1/2025,2026-04-26,True
2026-04-26,Lorient,Strasbourg,2.57081,1.98869,29811,2025,https://understat.com/getLeagueData/Ligue_1/2025,2026-04-26,True
2026-04-26,Marseille,Nice,2.82843,1.41493,29813,2025,https://understat.com/getLeagueData/Ligue_1/2025,2026-04-26,True
2026-04-26,Paris FC,Lille,1.12423,1.75999,29814,2025,https://understat.com/getLeagueData/Ligue_1/2025,2026-04-26,True
2026-04-26,Rennes,Nantes,1.55601,2.51691,29815,2025,https://understat.com/getLeagueData/Ligue_1/2025,2026-04-26,True
2026-05-02,Metz,Monaco,1.1478,1.58879,29820,2025,https://understat.com/getLeagueData/Ligue_1/2025,2026-05-03,True
2026-05-02,Nantes,Marseille,3.07178,1.55164,29821,2025,https://understat.com/getLeagueData/Ligue_1/2025,2026-05-03,True
2026-05-02,Nice,Lens,1.33864,1.55241,29822,2025,https://understat.com/getLeagueData/Ligue_1/2025,2026-05-03,True
2026-05-02,Paris SG,Lorient,2.98414,1.27737,29824,2025,https://understat.com/getLeagueData/Ligue_1/2025,2026-05-03,True
2026-05-03,Auxerre,Angers,2.5499,2.16783,29817,2025,https://understat.com/getLeagueData/Ligue_1/2025,2026-05-03,True
2026-05-03,Lille,Le Havre,1.9163,0.334256,29818,2025,https://understat.com/getLeagueData/Ligue_1/2025,2026-05-03,True
2026-05-03,Lyon,Rennes,2.6657,1.06495,29819,2025,https://understat.com/getLeagueData/Ligue_1/2025,2026-05-03,True
2026-05-03,Paris FC,Brest,2.86094,0.733091,29823,2025,https://understat.com/getLeagueData/Ligue_1/2025,2026-05-03,True
2026-05-03,Strasbourg,Toulouse,0.405296,1.67665,29825,2025,https://understat.com/getLeagueData/Ligue_1/2025,2026-05-03,True
2026-05-08,Lens,Nantes,0.719134,1.06721,29829,2025,https://understat.com/getLeagueData/Ligue_1/2025,2026-05-08,True
2026-05-10,Angers,Strasbourg,0.793655,1.81952,29826,2025,https://understat.com/getLeagueData/Ligue_1/2025,2026-05-10,True
2026-05-10,Auxerre,Nice,0.866185,2.07007,29827,2025,https://understat.com/getLeagueData/Ligue_1/2025,2026-05-10,True
2026-05-10,Le Havre,Marseille,1.23305,1.03467,29828,2025,https://understat.com/getLeagueData/Ligue_1/2025,2026-05-10,True
2026-05-10,Metz,Lorient,0.730271,1.76754,29830,2025,https://understat.com/getLeagueData/Ligue_1/2025,2026-05-10,True
2026-05-10,Monaco,Lille,0.308864,0.400405,29831,2025,https://understat.com/getLeagueData/Ligue_1/2025,2026-05-10,True
2026-05-10,Paris SG,Brest,1.608,0.123268,29832,2025,https://understat.com/getLeagueData/Ligue_1/2025,2026-05-10,True
2026-05-10,Rennes,Paris FC,1.53143,1.59351,29833,2025,https://understat.com/getLeagueData/Ligue_1/2025,2026-05-10,True
2026-05-10,Toulouse,Lyon,1.87108,1.56954,29834,2025,https://understat.com/getLeagueData/Ligue_1/2025,2026-05-10,True
2026-05-13,Brest,Strasbourg,2.64653,1.69163,29791,2025,https://understat.com/getLeagueData/Ligue_1/2025,2026-05-13,True
2026-05-13,Lens,Paris SG,3.03896,0.943876,29792,2025,https://understat.com/getLeagueData/Ligue_1/2025,2026-05-13,True
2026-05-17,Brest,Angers,2.38724,1.06418,29835,2025,https://understat.com/getLeagueData/Ligue_1/2025,2026-05-17,True
2026-05-17,Lille,Auxerre,1.22445,0.615778,29836,2025,https://understat.com/getLeagueData/Ligue_1/2025,2026-05-17,True
2026-05-17,Lorient,Le Havre,1.26937,1.28765,29837,2025,https://understat.com/getLeagueData/Ligue_1/2025,2026-05-17,True
2026-05-17,Lyon,Lens,1.12358,2.01573,29838,2025,https://understat.com/getLeagueData/Ligue_1/2025,2026-05-17,True
2026-05-17,Marseille,Rennes,3.90151,2.20696,29839,2025,https://understat.com/getLeagueData/Ligue_1/2025,2026-05-17,True
2026-05-17,Nantes,Toulouse,0.0840142,0.319014,29840,2025,https://understat.com/getLeagueData/Ligue_1/2025,2026-05-17,True
2026-05-17,Nice,Metz,1.216,0.836784,29841,2025,https://understat.com/getLeagueData/Ligue_1/2025,2026-05-17,True
2026-05-17,Paris FC,Paris SG,2.32862,0.863934,29842,2025,https://understat.com/getLeagueData/Ligue_1/2025,2026-05-17,True
2026-05-17,Strasbourg,Monaco,2.11536,1.44729,29843,2025,https://understat.com/getLeagueData/Ligue_1/2025,2026-05-17,True
2026-08-21,Marseille,Strasbourg,2.35215,0.192997,31940,2026,https://understat.com/getLeagueData/Ligue_1/2026,2026-08-21,True
2026-08-22,Le Mans,Brest,0.768246,2.62744,31944,2026,https://understat.com/getLeagueData/Ligue_1/2026,2026-08-22,True
2026-08-22,Lens,Auxerre,5.11771,1.70602,31941,2026,https://understat.com/getLeagueData/Ligue_1/2026,2026-08-22,True
2026-08-22,Nice,Lorient,1.08878,1.98004,31945,2026,https://understat.com/getLeagueData/Ligue_1/2026,2026-08-22,True
2026-08-22,Toulouse,Lyon,2.15622,0.757819,31942,2026,https://understat.com/getLeagueData/Ligue_1/2026,2026-08-22,True
2026-08-22,Troyes,Paris FC,0.339728,1.5465,31943,2026,https://understat.com/getLeagueData/Ligue_1/2026,2026-08-22,True
2026-08-23,Angers,Lille,1.85763,1.21456,31946,2026,https://understat.com/getLeagueData/Ligue_1/2026,2026-08-23,True
2026-08-23,Le Havre,Monaco,0.662278,1.65557,31947,2026,https://understat.com/getLeagueData/Ligue_1/2026,2026-08-23,True
2026-08-23,Paris SG,Rennes,0.63016,0.910543,31948,2026,https://understat.com/getLeagueData/Ligue_1/2026,2026-08-23,False
2026-08-28,Lille,Paris SG,1.16266,1.78135,31949,2026,https://understat.com/getLeagueData/Ligue_1/2026,2026-08-28,True
2026-08-29,Auxerre,Angers,1.76507,1.77769,31951,2026,https://understat.com/getLeagueData/Ligue_1/2026,2026-08-29,True
2026-08-29,Brest,Toulouse,3.6482,1.30883,31952,2026,https://understat.com/getLeagueData/Ligue_1/2026,2026-08-29,True
2026-08-29,Lorient,Troyes,1.02163,1.68146,31953,2026,https://understat.com/getLeagueData/Ligue_1/2026,2026-08-29,True
2026-08-29,Lyon,Le Havre,2.30929,1.10399,31954,2026,https://understat.com/getLeagueData/Ligue_1/2026,2026-08-29,True
2026-08-29,Strasbourg,Lens,1.85921,2.95021,31950,2026,https://understat.com/getLeagueData/Ligue_1/2026,2026-08-29,True
2026-08-30,Monaco,Marseille,1.60964,1.25309,31957,2026,https://understat.com/getLeagueData/Ligue_1/2026,2026-08-30,True
2026-08-30,Paris FC,Nice,3.01882,0.589554,31955,2026,https://understat.com/getLeagueData/Ligue_1/2026,2026-08-30,True
2026-08-30,Rennes,Le Mans,3.64052,2.72393,31956,2026,https://understat.com/getLeagueData/Ligue_1/2026,2026-08-30,True
2026-09-03,Toulouse,Lille,2.97022,1.04406,31958,2026,https://understat.com/getLeagueData/Ligue_1/2026,2026-09-03,True
2026-09-04,Lyon,Auxerre,2.88188,0.907856,31959,2026,https://understat.com/getLeagueData/Ligue_1/2026,2026-09-04,True
2026-09-04,Paris SG,Monaco,2.52357,0.601454,31960,2026,https://understat.com/getLeagueData/Ligue_1/2026,2026-09-04,True
2026-09-05,Le Havre,Brest,1.61083,3.01175,31963,2026,https://understat.com/getLeagueData/Ligue_1/2026,2026-09-05,True
2026-09-05,Lens,Lorient,1.10048,1.03397,31961,2026,https://understat.com/getLeagueData/Ligue_1/2026,2026-09-05,True
2026-09-05,Nice,Le Mans,1.2469,1.17845,31962,2026,https://understat.com/getLeagueData/Ligue_1/2026,2026-09-05,True
2026-09-06,Angers,Rennes,1.86719,2.37195,31965,2026,https://understat.com/getLeagueData/Ligue_1/2026,2026-09-06,True
2026-09-06,Marseille,Paris FC,1.72315,3.37808,31966,2026,https://understat.com/getLeagueData/Ligue_1/2026,2026-09-06,True
2026-09-06,Troyes,Strasbourg,2.64731,3.51582,31964,2026,https://understat.com/getLeagueData/Ligue_1/2026,2026-09-06,True
2026-09-11,Rennes,Marseille,2.31897,1.30655,31967,2026,https://understat.com/getLeagueData/Ligue_1/2026,2026-09-11,True
2026-09-12,Auxerre,Nice,1.69749,0.60178,31971,2026,https://understat.com/getLeagueData/Ligue_1/2026,2026-09-12,True
2026-09-12,Le Havre,Angers,1.02624,0.481433,31970,2026,https://understat.com/getLeagueData/Ligue_1/2026,2026-09-12,True
2026-09-12,Lorient,Toulouse,0.689314,1.3359,31972,2026,https://understat.com/getLeagueData/Ligue_1/2026,2026-09-12,True
2026-09-12,Paris FC,Lyon,0.576571,0.402849,31969,2026,https://understat.com/getLeagueData/Ligue_1/2026,2026-09-12,True
2026-09-12,Strasbourg,Monaco,0.674791,0.766591,31968,2026,https://understat.com/getLeagueData/Ligue_1/2026,2026-09-12,True
2026-09-13,Brest,Paris SG,1.24238,1.33411,31975,2026,https://understat.com/getLeagueData/Ligue_1/2026,2026-09-13,True
2026-09-13,Le Mans,Lens,2.15559,1.87551,31974,2026,https://understat.com/getLeagueData/Ligue_1/2026,2026-09-13,True
2026-09-13,Lille,Troyes,2.05206,0.352733,31973,2026,https://understat.com/getLeagueData/Ligue_1/2026,2026-09-13,True
2026-09-18,Monaco,Lens,1.53599,1.46144,31976,2026,https://understat.com/getLeagueData/Ligue_1/2026,2026-09-18,True
2026-09-19,Angers,Troyes,2.38813,1.16391,31980,2026,https://understat.com/getLeagueData/Ligue_1/2026,2026-09-19,True
2026-09-19,Le Mans,Lorient,0.959241,1.07323,31982,2026,https://understat.com/getLeagueData/Ligue_1/2026,2026-09-19,True
2026-09-19,Lyon,Rennes,3.60496,1.15783,31983,2026,https://understat.com/getLeagueData/Ligue_1/2026,2026-09-19,True
2026-09-19,Paris FC,Strasbourg,0.907233,0.230224,31978,2026,https://understat.com/getLeagueData/Ligue_1/2026,2026-09-19,True
2026-09-19,Toulouse,Le Havre,2.82989,2.15515,31979,2026,https://understat.com/getLeagueData/Ligue_1/2026,2026-09-19,True
2026-09-20,Auxerre,Brest,0.769606,0.304072,31981,2026,https://understat.com/getLeagueData/Ligue_1/2026,2026-09-20,True
2026-09-20,Marseille,Paris SG,1.86575,4.67277,31984,2026,https://understat.com/getLeagueData/Ligue_1/2026,2026-09-20,True
2026-09-20,Nice,Lille,1.93232,1.93315,31977,2026,https://understat.com/getLeagueData/Ligue_1/2026,2026-09-20,True
