date,HomeTeam,AwayTeam,xG_Home,xG_Away,understat_id,season,source_url,understat_date,results_date_verified
2015-08-21,Malaga,Sevilla,0.98272,0.856601,1399,2015,https://understat.com/getLeagueData/La_liga/2015,2015-08-21,True
2015-08-22,Ath Madrid,Las Palmas,0.91996,0.522515,1402,2015,https://understat.com/getLeagueData/La_liga/2015,2015-08-22,True
2015-08-22,Espanol,Getafe,0.477297,1.27636,1401,2015,https://understat.com/getLeagueData/La_liga/2015,2015-08-22,True
2015-08-22,La Coruna,Sociedad,0.574748,0.944878,1400,2015,https://understat.com/getLeagueData/La_liga/2015,2015-08-22,True
2015-08-22,Vallecano,Valencia,0.693517,2.20399,1403,2015,https://understat.com/getLeagueData/La_liga/2015,2015-08-23,True
2015-08-23,Ath Bilbao,Barcelona,0.394999,1.76141,1404,2015,https://understat.com/getLeagueData/La_liga/2015,2015-08-23,True
2015-08-23,Betis,Villarreal,1.4954,1.63096,1407,2015,https://understat.com/getLeagueData/La_liga/2015,2015-08-24,True
2015-08-23,Levante,Celta,0.485771,1.80598,1406,2015,https://understat.com/getLeagueData/La_liga/2015,2015-08-24,True
2015-08-23,Sp Gijon,Real Madrid,0.333248,1.54271,1405,2015,https://understat.com/getLeagueData/La_liga/2015,2015-08-23,True
2015-08-24,Granada,Eibar,0.893586,1.81223,1408,2015,https://understat.com/getLeagueData/La_liga/2015,2015-08-24,True
2015-08-28,Villarreal,Espanol,1.59386,0.721424,1409,2015,https://understat.com/getLeagueData/La_liga/2015,2015-08-28,True
2015-08-29,Barcelona,Malaga,1.92171,0.223011,1411,2015,https://understat.com/getLeagueData/La_liga/2015,2015-08-29,True
2015-08-29,Celta,Vallecano,1.7022,0.0816438,1412,2015,https://understat.com/getLeagueData/La_liga/2015,2015-08-30,True
2015-08-29,Real Madrid,Betis,3.14512,0.941159,1413,2015,https://understat.com/getLeagueData/La_liga/2015,2015-08-30,True
2015-08-29,Sociedad,Sp Gijon,0.887693,0.25686,1410,2015,https://understat.com/getLeagueData/La_liga/2015,2015-08-29,True
2015-08-30,Eibar,Ath Bilbao,1.34808,0.316867,1414,2015,https://understat.com/getLeagueData/La_liga/2015,2015-08-30,True
2015-08-30,Getafe,Granada,0.801319,1.27622,1417,2015,https://understat.com/getLeagueData/La_liga/2015,2015-08-31,True
2015-08-30,Las Palmas,Levante,0.825401,0.0685963,1418,2015,https://understat.com/getLeagueData/La_liga/2015,2015-08-31,True
2015-08-30,Sevilla,Ath Madrid,1.73824,1.2446,1415,2015,https://understat.com/getLeagueData/La_liga/2015,2015-08-30,True
2015-08-30,Valencia,La Coruna,1.85572,0.818281,1416,2015,https://understat.com/getLeagueData/La_liga/2015,2015-08-30,True
2015-09-11,Levante,Sevilla,1.09171,0.886593,1419,2015,https://understat.com/getLeagueData/La_liga/2015,2015-09-11,True
2015-09-12,Ath Madrid,Barcelona,0.833737,2.33036,1422,2015,https://understat.com/getLeagueData/La_liga/2015,2015-09-12,True
2015-09-12,Betis,Sociedad,0.75201,0.663712,1423,2015,https://understat.com/getLeagueData/La_liga/2015,2015-09-13,True
2015-09-12,Espanol,Real Madrid,1.47918,4.38766,1420,2015,https://understat.com/getLeagueData/La_liga/2015,2015-09-12,True
2015-09-12,Sp Gijon,Valencia,1.10502,1.48606,1421,2015,https://understat.com/getLeagueData/La_liga/2015,2015-09-12,True
2015-09-13,Ath Bilbao,Getafe,1.91225,0.930841,1425,2015,https://understat.com/getLeagueData/La_liga/2015,2015-09-13,True
2015-09-13,Celta,Las Palmas,3.52742,1.29875,1426,2015,https://understat.com/getLeagueData/La_liga/2015,2015-09-13,True
2015-09-13,Granada,Villarreal,0.817524,1.48742,1424,2015,https://understat.com/getLeagueData/La_liga/2015,2015-09-13,True
2015-09-13,Malaga,Eibar,1.03596,0.885807,1427,2015,https://understat.com/getLeagueData/La_liga/2015,2015-09-13,True
2015-09-14,Vallecano,La Coruna,0.61631,2.11613,1428,2015,https://understat.com/getLeagueData/La_liga/2015,2015-09-14,True
2015-09-18,Getafe,Malaga,1.18708,0.690557,1429,2015,https://understat.com/getLeagueData/La_liga/2015,2015-09-18,True
2015-09-19,Eibar,Ath Madrid,0.2857,1.72085,1432,2015,https://understat.com/getLeagueData/La_liga/2015,2015-09-19,True
2015-09-19,Real Madrid,Granada,3.03758,1.7661,1430,2015,https://understat.com/getLeagueData/La_liga/2015,2015-09-19,True
2015-09-19,Sociedad,Espanol,1.35321,1.89499,1433,2015,https://understat.com/getLeagueData/La_liga/2015,2015-09-20,True
2015-09-19,Valencia,Betis,1.81097,0.190749,1431,2015,https://understat.com/getLeagueData/La_liga/2015,2015-09-19,True
2015-09-20,Barcelona,Levante,4.0122,0.866439,1437,2015,https://understat.com/getLeagueData/La_liga/2015,2015-09-20,True
2015-09-20,La Coruna,Sp Gijon,0.831861,1.62405,1435,2015,https://understat.com/getLeagueData/La_liga/2015,2015-09-20,True
2015-09-20,Las Palmas,Vallecano,0.401504,1.77993,1438,2015,https://understat.com/getLeagueData/La_liga/2015,2015-09-20,True
2015-09-20,Sevilla,Celta,1.52622,0.84576,1434,2015,https://understat.com/getLeagueData/La_liga/2015,2015-09-20,True
2015-09-20,Villarreal,Ath Bilbao,1.61474,1.26405,1436,2015,https://understat.com/getLeagueData/La_liga/2015,2015-09-20,True
2015-09-22,Ath Madrid,Getafe,1.48124,0.480381,1440,2015,https://understat.com/getLeagueData/La_liga/2015,2015-09-22,True
2015-09-22,Espanol,Valencia,1.87389,0.777547,1439,2015,https://understat.com/getLeagueData/La_liga/2015,2015-09-22,True
2015-09-22,Granada,Sociedad,0.393118,2.65392,1441,2015,https://understat.com/getLeagueData/La_liga/2015,2015-09-23,True
2015-09-23,Ath Bilbao,Real Madrid,1.17616,2.93805,1445,2015,https://understat.com/getLeagueData/La_liga/2015,2015-09-23,True
2015-09-23,Celta,Barcelona,2.22577,2.51546,1443,2015,https://understat.com/getLeagueData/La_liga/2015,2015-09-23,True
2015-09-23,Las Palmas,Sevilla,1.02387,1.53528,1447,2015,https://understat.com/getLeagueData/La_liga/2015,2015-09-24,True
2015-09-23,Levante,Eibar,0.537144,1.40104,1444,2015,https://understat.com/getLeagueData/La_liga/2015,2015-09-23,True
2015-09-23,Malaga,Villarreal,0.878256,0.933564,1446,2015,https://understat.com/getLeagueData/La_liga/2015,2015-09-24,True
2015-09-23,Vallecano,Sp Gijon,2.90667,0.532738,1442,2015,https://understat.com/getLeagueData/La_liga/2015,2015-09-23,True
2015-09-24,Betis,La Coruna,1.11886,0.264158,1448,2015,https://understat.com/getLeagueData/La_liga/2015,2015-09-25,True
2015-09-25,Valencia,Granada,2.0801,0.990969,1449,2015,https://understat.com/getLeagueData/La_liga/2015,2015-09-25,True
2015-09-26,Barcelona,Las Palmas,3.47992,0.585814,1450,2015,https://understat.com/getLeagueData/La_liga/2015,2015-09-26,True
2015-09-26,Eibar,Celta,1.20938,1.08234,1454,2015,https://understat.com/getLeagueData/La_liga/2015,2015-09-27,True
2015-09-26,Real Madrid,Malaga,3.18828,0.638418,1451,2015,https://understat.com/getLeagueData/La_liga/2015,2015-09-26,True
2015-09-26,Sevilla,Vallecano,2.76392,0.920477,1452,2015,https://understat.com/getLeagueData/La_liga/2015,2015-09-26,True
2015-09-26,Villarreal,Ath Madrid,0.871094,0.466414,1453,2015,https://understat.com/getLeagueData/La_liga/2015,2015-09-26,True
2015-09-27,Getafe,Levante,1.09777,0.589659,1457,2015,https://understat.com/getLeagueData/La_liga/2015,2015-09-27,True
2015-09-27,La Coruna,Espanol,1.89137,0.259334,1456,2015,https://understat.com/getLeagueData/La_liga/2015,2015-09-27,True
2015-09-27,Sociedad,Ath Bilbao,1.08705,0.611548,1458,2015,https://understat.com/getLeagueData/La_liga/2015,2015-09-27,True
2015-09-27,Sp Gijon,Betis,1.75847,1.65258,1455,2015,https://understat.com/getLeagueData/La_liga/2015,2015-09-27,True
2015-10-02,Celta,Getafe,1.48902,1.32092,1459,2015,https://understat.com/getLeagueData/La_liga/2015,2015-10-02,True
2015-10-03,Espanol,Sp Gijon,2.00148,1.6289,1462,2015,https://understat.com/getLeagueData/La_liga/2015,2015-10-03,True
2015-10-03,Granada,La Coruna,0.825643,0.942041,1461,2015,https://understat.com/getLeagueData/La_liga/2015,2015-10-03,True
2015-10-03,Las Palmas,Eibar,0.965753,1.62203,1463,2015,https://understat.com/getLeagueData/La_liga/2015,2015-10-04,True
2015-10-03,Malaga,Sociedad,1.89707,1.04161,1464,2015,https://understat.com/getLeagueData/La_liga/2015,2015-10-04,True
2015-10-03,Sevilla,Barcelona,1.57705,3.86997,1460,2015,https://understat.com/getLeagueData/La_liga/2015,2015-10-03,True
2015-10-04,Ath Bilbao,Valencia,2.69373,0.61804,1466,2015,https://understat.com/getLeagueData/La_liga/2015,2015-10-04,True
2015-10-04,Ath Madrid,Real Madrid,2.38708,0.792017,1468,2015,https://understat.com/getLeagueData/La_liga/2015,2015-10-04,True
2015-10-04,Levante,Villarreal,1.06144,0.114789,1467,2015,https://understat.com/getLeagueData/La_liga/2015,2015-10-04,True
2015-10-04,Vallecano,Betis,1.2884,1.68781,1465,2015,https://understat.com/getLeagueData/La_liga/2015,2015-10-04,True
2015-10-17,Barcelona,Vallecano,4.61543,2.83637,1471,2015,https://understat.com/getLeagueData/La_liga/2015,2015-10-17,True
2015-10-17,Betis,Espanol,1.86579,1.85292,1473,2015,https://understat.com/getLeagueData/La_liga/2015,2015-10-18,True
2015-10-17,Eibar,Sevilla,0.781265,1.68695,1470,2015,https://understat.com/getLeagueData/La_liga/2015,2015-10-17,True
2015-10-17,Real Madrid,Levante,1.60293,1.5507,1469,2015,https://understat.com/getLeagueData/La_liga/2015,2015-10-17,True
2015-10-17,Valencia,Malaga,1.59507,1.53697,1472,2015,https://understat.com/getLeagueData/La_liga/2015,2015-10-18,True
2015-10-18,Getafe,Las Palmas,2.86431,0.443316,1476,2015,https://understat.com/getLeagueData/La_liga/2015,2015-10-18,True
2015-10-18,La Coruna,Ath Bilbao,1.24801,0.676596,1477,2015,https://understat.com/getLeagueData/La_liga/2015,2015-10-18,True
2015-10-18,Sociedad,Ath Madrid,0.485713,1.57864,1475,2015,https://understat.com/getLeagueData/La_liga/2015,2015-10-18,True
2015-10-18,Villarreal,Celta,0.995361,1.62408,1474,2015,https://understat.com/getLeagueData/La_liga/2015,2015-10-18,True
2015-10-19,Sp Gijon,Granada,1.39196,2.51462,1478,2015,https://understat.com/getLeagueData/La_liga/2015,2015-10-19,True
2015-10-23,Vallecano,Espanol,1.85851,1.41105,1479,2015,https://understat.com/getLeagueData/La_liga/2015,2015-10-23,True
2015-10-24,Celta,Real Madrid,1.57638,1.9616,1480,2015,https://understat.com/getLeagueData/La_liga/2015,2015-10-24,True
2015-10-24,Granada,Betis,1.06647,1.11054,1481,2015,https://understat.com/getLeagueData/La_liga/2015,2015-10-24,True
2015-10-24,Malaga,La Coruna,1.06014,0.766533,1483,2015,https://understat.com/getLeagueData/La_liga/2015,2015-10-25,True
2015-10-24,Sevilla,Getafe,5.15361,0.227689,1482,2015,https://understat.com/getLeagueData/La_liga/2015,2015-10-24,True
2015-10-25,Ath Madrid,Valencia,2.07582,0.885758,1487,2015,https://understat.com/getLeagueData/La_liga/2015,2015-10-25,True
2015-10-25,Barcelona,Eibar,1.64662,1.30132,1486,2015,https://understat.com/getLeagueData/La_liga/2015,2015-10-25,True
2015-10-25,Las Palmas,Villarreal,0.189007,0.205133,1485,2015,https://understat.com/getLeagueData/La_liga/2015,2015-10-25,True
2015-10-25,Levante,Sociedad,1.07863,3.28662,1484,2015,https://understat.com/getLeagueData/La_liga/2015,2015-10-25,True
2015-10-26,Ath Bilbao,Sp Gijon,2.81541,0.15924,1488,2015,https://understat.com/getLeagueData/La_liga/2015,2015-10-26,True
2015-10-30,La Coruna,Ath Madrid,0.917497,1.43617,1489,2015,https://understat.com/getLeagueData/La_liga/2015,2015-10-30,True
2015-10-31,Getafe,Barcelona,0.18992,2.07864,1493,2015,https://understat.com/getLeagueData/La_liga/2015,2015-10-31,True
2015-10-31,Real Madrid,Las Palmas,2.80269,0.562561,1490,2015,https://understat.com/getLeagueData/La_liga/2015,2015-10-31,True
2015-10-31,Sociedad,Celta,1.13516,1.43886,1494,2015,https://understat.com/getLeagueData/La_liga/2015,2015-11-01,True
2015-10-31,Valencia,Levante,2.26116,1.14512,1492,2015,https://understat.com/getLeagueData/La_liga/2015,2015-10-31,True
2015-10-31,Villarreal,Sevilla,1.03337,0.880961,1491,2015,https://understat.com/getLeagueData/La_liga/2015,2015-10-31,True
2015-11-01,Betis,Ath Bilbao,1.23993,4.022,1498,2015,https://understat.com/getLeagueData/La_liga/2015,2015-11-01,True
2015-11-01,Eibar,Vallecano,1.26188,0.502135,1495,2015,https://understat.com/getLeagueData/La_liga/2015,2015-11-01,True
2015-11-01,Espanol,Granada,1.71942,0.680785,1496,2015,https://understat.com/getLeagueData/La_liga/2015,2015-11-01,True
2015-11-01,Sp Gijon,Malaga,1.51083,0.482096,1497,2015,https://understat.com/getLeagueData/La_liga/2015,2015-11-01,True
2015-11-06,Las Palmas,Sociedad,0.802566,0.500075,1499,2015,https://understat.com/getLeagueData/La_liga/2015,2015-11-06,True
2015-11-07,Celta,Valencia,1.6317,1.48214,1500,2015,https://understat.com/getLeagueData/La_liga/2015,2015-11-07,True
2015-11-07,Eibar,Getafe,2.65653,0.607458,1502,2015,https://understat.com/getLeagueData/La_liga/2015,2015-11-07,True
2015-11-07,Levante,La Coruna,0.822146,0.572246,1501,2015,https://understat.com/getLeagueData/La_liga/2015,2015-11-07,True
2015-11-07,Malaga,Betis,0.890995,0.876923,1504,2015,https://understat.com/getLeagueData/La_liga/2015,2015-11-08,True
2015-11-07,Vallecano,Granada,0.825919,0.483537,1503,2015,https://understat.com/getLeagueData/La_liga/2015,2015-11-07,True
2015-11-08,Ath Bilbao,Espanol,0.780105,0.629441,1505,2015,https://understat.com/getLeagueData/La_liga/2015,2015-11-08,True
2015-11-08,Ath Madrid,Sp Gijon,1.21835,0.396003,1507,2015,https://understat.com/getLeagueData/La_liga/2015,2015-11-08,True
2015-11-08,Barcelona,Villarreal,3.0769,0.278588,1506,2015,https://understat.com/getLeagueData/La_liga/2015,2015-11-08,True
2015-11-08,Sevilla,Real Madrid,2.39505,1.25807,1508,2015,https://understat.com/getLeagueData/La_liga/2015,2015-11-08,True
2015-11-21,Espanol,Malaga,1.15492,0.753602,1511,2015,https://understat.com/getLeagueData/La_liga/2015,2015-11-21,True
2015-11-21,La Coruna,Celta,1.02848,0.886052,1513,2015,https://understat.com/getLeagueData/La_liga/2015,2015-11-22,True
2015-11-21,Real Madrid,Barcelona,1.2581,3.27692,1510,2015,https://understat.com/getLeagueData/La_liga/2015,2015-11-21,True
2015-11-21,Sociedad,Sevilla,1.39018,1.1262,1509,2015,https://understat.com/getLeagueData/La_liga/2015,2015-11-21,True
2015-11-21,Valencia,Las Palmas,1.38069,2.43396,1512,2015,https://understat.com/getLeagueData/La_liga/2015,2015-11-22,True
2015-11-22,Betis,Ath Madrid,0.128682,2.26452,1517,2015,https://understat.com/getLeagueData/La_liga/2015,2015-11-22,True
2015-11-22,Granada,Ath Bilbao,0.806379,1.35423,1516,2015,https://understat.com/getLeagueData/La_liga/2015,2015-11-22,True
2015-11-22,Sp Gijon,Levante,1.98544,2.67209,1514,2015,https://understat.com/getLeagueData/La_liga/2015,2015-11-22,True
2015-11-22,Villarreal,Eibar,1.78239,2.61337,1515,2015,https://understat.com/getLeagueData/La_liga/2015,2015-11-22,True
2015-11-23,Getafe,Vallecano,0.721945,1.1181,1518,2015,https://understat.com/getLeagueData/La_liga/2015,2015-11-23,True
2015-11-27,Levante,Betis,1.10847,0.943363,1519,2015,https://understat.com/getLeagueData/La_liga/2015,2015-11-27,True
2015-11-28,Ath Madrid,Espanol,1.73222,0.143079,1521,2015,https://understat.com/getLeagueData/La_liga/2015,2015-11-28,True
2015-11-28,Barcelona,Sociedad,2.95341,0.617573,1520,2015,https://understat.com/getLeagueData/La_liga/2015,2015-11-28,True
2015-11-28,Celta,Sp Gijon,1.14376,0.664946,1524,2015,https://understat.com/getLeagueData/La_liga/2015,2015-11-29,True
2015-11-28,Las Palmas,La Coruna,0.349655,2.20767,1523,2015,https://understat.com/getLeagueData/La_liga/2015,2015-11-29,True
2015-11-28,Malaga,Granada,1.40547,0.557943,1522,2015,https://understat.com/getLeagueData/La_liga/2015,2015-11-28,True
2015-11-29,Eibar,Real Madrid,0.28097,2.29034,1526,2015,https://understat.com/getLeagueData/La_liga/2015,2015-11-29,True
2015-11-29,Getafe,Villarreal,1.67288,0.7886,1525,2015,https://understat.com/getLeagueData/La_liga/2015,2015-11-29,True
2015-11-29,Sevilla,Valencia,1.63337,0.0,1528,2015,https://understat.com/getLeagueData/La_liga/2015,2015-11-29,True
2015-11-29,Vallecano,Ath Bilbao,1.45678,2.24726,1527,2015,https://understat.com/getLeagueData/La_liga/2015,2015-11-29,True
2015-12-05,Betis,Celta,2.41831,0.535918,1533,2015,https://understat.com/getLeagueData/La_liga/2015,2015-12-06,True
2015-12-05,Granada,Ath Madrid,0.602436,1.93434,1530,2015,https://understat.com/getLeagueData/La_liga/2015,2015-12-05,True
2015-12-05,La Coruna,Sevilla,0.64324,1.09296,1532,2015,https://understat.com/getLeagueData/La_liga/2015,2015-12-06,True
2015-12-05,Real Madrid,Getafe,1.87007,0.24488,1529,2015,https://understat.com/getLeagueData/La_liga/2015,2015-12-05,True
2015-12-05,Valencia,Barcelona,0.847612,2.08221,1531,2015,https://understat.com/getLeagueData/La_liga/2015,2015-12-05,True
2015-12-06,Ath Bilbao,Malaga,0.305008,0.699162,1537,2015,https://understat.com/getLeagueData/La_liga/2015,2015-12-06,True
2015-12-06,Sociedad,Eibar,2.37051,0.286413,1534,2015,https://understat.com/getLeagueData/La_liga/2015,2015-12-06,True
2015-12-06,Sp Gijon,Las Palmas,3.85858,0.418437,1536,2015,https://understat.com/getLeagueData/La_liga/2015,2015-12-06,True
2015-12-06,Villarreal,Vallecano,1.60179,0.325638,1535,2015,https://understat.com/getLeagueData/La_liga/2015,2015-12-06,True
2015-12-07,Espanol,Levante,1.40669,1.01356,1538,2015,https://understat.com/getLeagueData/La_liga/2015,2015-12-07,True
2015-12-11,Getafe,Sociedad,0.762214,1.82817,1539,2015,https://understat.com/getLeagueData/La_liga/2015,2015-12-11,True
2015-12-12,Barcelona,La Coruna,0.873385,1.22055,1540,2015,https://understat.com/getLeagueData/La_liga/2015,2015-12-12,True
2015-12-12,Celta,Espanol,1.23164,0.166852,1541,2015,https://understat.com/getLeagueData/La_liga/2015,2015-12-12,True
2015-12-12,Las Palmas,Betis,2.11811,0.36831,1544,2015,https://understat.com/getLeagueData/La_liga/2015,2015-12-13,True
2015-12-12,Levante,Granada,0.727312,0.752355,1542,2015,https://understat.com/getLeagueData/La_liga/2015,2015-12-12,True
2015-12-12,Sevilla,Sp Gijon,2.1509,0.0656616,1543,2015,https://understat.com/getLeagueData/La_liga/2015,2015-12-12,True
2015-12-13,Ath Madrid,Ath Bilbao,0.33621,1.62076,1547,2015,https://understat.com/getLeagueData/La_liga/2015,2015-12-13,True
2015-12-13,Eibar,Valencia,2.92204,0.286203,1546,2015,https://understat.com/getLeagueData/La_liga/2015,2015-12-13,True
2015-12-13,Vallecano,Malaga,1.12081,1.43186,1545,2015,https://understat.com/getLeagueData/La_liga/2015,2015-12-13,True
2015-12-13,Villarreal,Real Madrid,0.940499,1.45508,1548,2015,https://understat.com/getLeagueData/La_liga/2015,2015-12-13,True
2015-12-19,Betis,Sevilla,0.377247,1.02024,1551,2015,https://understat.com/getLeagueData/La_liga/2015,2015-12-19,True
2015-12-19,Espanol,Las Palmas,1.24844,0.598519,1550,2015,https://understat.com/getLeagueData/La_liga/2015,2015-12-19,True
2015-12-19,La Coruna,Eibar,1.60925,0.462565,1552,2015,https://understat.com/getLeagueData/La_liga/2015,2015-12-20,True
2015-12-19,Valencia,Getafe,1.18705,0.508532,1549,2015,https://understat.com/getLeagueData/La_liga/2015,2015-12-19,True
2015-12-20,Ath Bilbao,Levante,2.74756,0.514585,1556,2015,https://understat.com/getLeagueData/La_liga/2015,2015-12-20,True
2015-12-20,Granada,Celta,0.340342,2.25068,1555,2015,https://understat.com/getLeagueData/La_liga/2015,2015-12-20,True
2015-12-20,Malaga,Ath Madrid,1.0242,0.378061,1557,2015,https://understat.com/getLeagueData/La_liga/2015,2015-12-20,True
2015-12-20,Real Madrid,Vallecano,5.71778,0.93456,1553,2015,https://understat.com/getLeagueData/La_liga/2015,2015-12-20,True
2015-12-20,Sociedad,Villarreal,1.02445,0.797645,1554,2015,https://understat.com/getLeagueData/La_liga/2015,2015-12-20,True
2015-12-30,Barcelona,Betis,4.34983,0.457226,1564,2015,https://understat.com/getLeagueData/La_liga/2015,2015-12-30,True
2015-12-30,Celta,Ath Bilbao,0.414056,1.09564,1565,2015,https://understat.com/getLeagueData/La_liga/2015,2015-12-30,True
2015-12-30,Eibar,Sp Gijon,1.17554,0.399746,1562,2015,https://understat.com/getLeagueData/La_liga/2015,2015-12-30,True
2015-12-30,Getafe,La Coruna,0.742286,0.584931,1563,2015,https://understat.com/getLeagueData/La_liga/2015,2015-12-30,True
2015-12-30,Las Palmas,Granada,1.28726,0.688245,1566,2015,https://understat.com/getLeagueData/La_liga/2015,2015-12-31,True
2015-12-30,Levante,Malaga,0.167376,1.04316,1559,2015,https://understat.com/getLeagueData/La_liga/2015,2015-12-30,True
2015-12-30,Real Madrid,Sociedad,3.42264,0.580977,1558,2015,https://understat.com/getLeagueData/La_liga/2015,2015-12-30,True
2015-12-30,Sevilla,Espanol,2.87616,0.633616,1561,2015,https://understat.com/getLeagueData/La_liga/2015,2015-12-30,True
2015-12-30,Vallecano,Ath Madrid,0.372305,2.20164,1560,2015,https://understat.com/getLeagueData/La_liga/2015,2015-12-30,True
2015-12-31,Villarreal,Valencia,0.420594,0.339183,1567,2015,https://understat.com/getLeagueData/La_liga/2015,2015-12-31,True
2016-01-02,Ath Madrid,Levante,1.06627,0.460313,1569,2015,https://understat.com/getLeagueData/La_liga/2015,2016-01-02,True
2016-01-02,Espanol,Barcelona,0.138495,1.00394,1568,2015,https://understat.com/getLeagueData/La_liga/2015,2016-01-02,True
2016-01-02,Malaga,Celta,3.03854,1.0569,1570,2015,https://understat.com/getLeagueData/La_liga/2015,2016-01-03,True
2016-01-03,Ath Bilbao,Las Palmas,1.71133,0.517767,1574,2015,https://understat.com/getLeagueData/La_liga/2015,2016-01-03,True
2016-01-03,Betis,Eibar,1.53245,1.49466,1572,2015,https://understat.com/getLeagueData/La_liga/2015,2016-01-03,True
2016-01-03,Granada,Sevilla,0.766685,2.31991,1573,2015,https://understat.com/getLeagueData/La_liga/2015,2016-01-03,True
2016-01-03,La Coruna,Villarreal,1.15796,1.55208,1575,2015,https://understat.com/getLeagueData/La_liga/2015,2016-01-03,True
2016-01-03,Valencia,Real Madrid,2.45563,1.20246,1576,2015,https://understat.com/getLeagueData/La_liga/2015,2016-01-03,True
2016-01-03,Vallecano,Sociedad,0.924233,1.31907,1571,2015,https://understat.com/getLeagueData/La_liga/2015,2016-01-03,True
2016-01-04,Sp Gijon,Getafe,1.85778,2.18421,1577,2015,https://understat.com/getLeagueData/La_liga/2015,2016-01-04,True
2016-01-09,Barcelona,Granada,4.72913,0.325061,1578,2015,https://understat.com/getLeagueData/La_liga/2015,2016-01-09,True
2016-01-09,Getafe,Betis,1.28639,0.602107,1580,2015,https://understat.com/getLeagueData/La_liga/2015,2016-01-09,True
2016-01-09,Levante,Vallecano,0.954929,0.34525,1582,2015,https://understat.com/getLeagueData/La_liga/2015,2016-01-10,True
2016-01-09,Real Madrid,La Coruna,3.52924,0.989088,1581,2015,https://understat.com/getLeagueData/La_liga/2015,2016-01-09,True
2016-01-09,Sevilla,Ath Bilbao,1.7013,1.25007,1579,2015,https://understat.com/getLeagueData/La_liga/2015,2016-01-09,True
2016-01-10,Celta,Ath Madrid,0.213705,1.07666,1587,2015,https://understat.com/getLeagueData/La_liga/2015,2016-01-10,True
2016-01-10,Eibar,Espanol,2.87714,0.263626,1585,2015,https://understat.com/getLeagueData/La_liga/2015,2016-01-10,True
2016-01-10,Las Palmas,Malaga,0.391723,2.18407,1586,2015,https://understat.com/getLeagueData/La_liga/2015,2016-01-10,True
2016-01-10,Sociedad,Valencia,2.82395,0.838597,1584,2015,https://understat.com/getLeagueData/La_liga/2015,2016-01-10,True
2016-01-10,Villarreal,Sp Gijon,1.53045,0.960625,1583,2015,https://understat.com/getLeagueData/La_liga/2015,2016-01-10,True
2016-01-16,Celta,Levante,2.1571,1.42901,1589,2015,https://understat.com/getLeagueData/La_liga/2015,2016-01-16,True
2016-01-16,Sevilla,Malaga,1.39715,1.00078,1588,2015,https://understat.com/getLeagueData/La_liga/2015,2016-01-16,True
2016-01-16,Sociedad,La Coruna,2.75948,1.06682,1591,2015,https://understat.com/getLeagueData/La_liga/2015,2016-01-17,True
2016-01-16,Villarreal,Betis,0.806178,0.839004,1590,2015,https://understat.com/getLeagueData/La_liga/2015,2016-01-16,True
2016-01-17,Barcelona,Ath Bilbao,4.44439,0.885303,1596,2015,https://understat.com/getLeagueData/La_liga/2015,2016-01-17,True
2016-01-17,Getafe,Espanol,2.98406,1.6525,1594,2015,https://understat.com/getLeagueData/La_liga/2015,2016-01-17,True
2016-01-17,Las Palmas,Ath Madrid,0.605793,1.73491,1595,2015,https://understat.com/getLeagueData/La_liga/2015,2016-01-17,True
2016-01-17,Real Madrid,Sp Gijon,3.1536,0.691816,1593,2015,https://understat.com/getLeagueData/La_liga/2015,2016-01-17,True
2016-01-17,Valencia,Vallecano,1.26687,1.82333,1592,2015,https://understat.com/getLeagueData/La_liga/2015,2016-01-17,True
2016-01-18,Eibar,Granada,2.01571,0.430886,1597,2015,https://understat.com/getLeagueData/La_liga/2015,2016-01-18,True
2016-01-22,Sp Gijon,Sociedad,4.13679,0.83285,1598,2015,https://understat.com/getLeagueData/La_liga/2015,2016-01-22,True
2016-01-23,Espanol,Villarreal,1.36067,1.50472,1600,2015,https://understat.com/getLeagueData/La_liga/2015,2016-01-23,True
2016-01-23,Granada,Getafe,2.75252,1.57754,1601,2015,https://understat.com/getLeagueData/La_liga/2015,2016-01-23,True
2016-01-23,Malaga,Barcelona,1.12099,2.55037,1599,2015,https://understat.com/getLeagueData/La_liga/2015,2016-01-23,True
2016-01-23,Vallecano,Celta,3.20178,0.133975,1602,2015,https://understat.com/getLeagueData/La_liga/2015,2016-01-24,True
2016-01-24,Ath Bilbao,Eibar,1.21738,1.67081,1603,2015,https://understat.com/getLeagueData/La_liga/2015,2016-01-24,True
2016-01-24,Ath Madrid,Sevilla,1.57618,0.27169,1604,2015,https://understat.com/getLeagueData/La_liga/2015,2016-01-24,True
2016-01-24,Betis,Real Madrid,0.211024,3.34615,1606,2015,https://understat.com/getLeagueData/La_liga/2015,2016-01-24,True
2016-01-24,La Coruna,Valencia,1.05958,1.30721,1605,2015,https://understat.com/getLeagueData/La_liga/2015,2016-01-24,True
2016-01-25,Levante,Las Palmas,1.48217,1.52612,1607,2015,https://understat.com/getLeagueData/La_liga/2015,2016-01-25,True
2016-01-30,Barcelona,Ath Madrid,1.19052,1.01896,1608,2015,https://understat.com/getLeagueData/La_liga/2015,2016-01-30,True
2016-01-30,Eibar,Malaga,0.856269,1.31996,1609,2015,https://understat.com/getLeagueData/La_liga/2015,2016-01-30,True
2016-01-30,Getafe,Ath Bilbao,1.33205,1.59857,1610,2015,https://understat.com/getLeagueData/La_liga/2015,2016-01-30,True
2016-01-30,Sociedad,Betis,1.08259,0.773957,1612,2015,https://understat.com/getLeagueData/La_liga/2015,2016-01-31,True
2016-01-30,Villarreal,Granada,1.95153,0.91326,1611,2015,https://understat.com/getLeagueData/La_liga/2015,2016-01-30,True
2016-01-31,Las Palmas,Celta,2.12188,0.376974,1615,2015,https://understat.com/getLeagueData/La_liga/2015,2016-01-31,True
2016-01-31,Real Madrid,Espanol,2.76612,1.46627,1616,2015,https://understat.com/getLeagueData/La_liga/2015,2016-01-31,True
2016-01-31,Sevilla,Levante,2.56252,0.686912,1613,2015,https://understat.com/getLeagueData/La_liga/2015,2016-01-31,True
2016-01-31,Valencia,Sp Gijon,2.04802,1.05546,1614,2015,https://understat.com/getLeagueData/La_liga/2015,2016-01-31,True
2016-02-01,La Coruna,Vallecano,1.42948,1.13142,1617,2015,https://understat.com/getLeagueData/La_liga/2015,2016-02-01,True
2016-02-05,Malaga,Getafe,2.07318,0.524602,1618,2015,https://understat.com/getLeagueData/La_liga/2015,2016-02-05,True
2016-02-06,Ath Bilbao,Villarreal,0.56818,0.628815,1621,2015,https://understat.com/getLeagueData/La_liga/2015,2016-02-06,True
2016-02-06,Ath Madrid,Eibar,2.57006,0.30035,1619,2015,https://understat.com/getLeagueData/La_liga/2015,2016-02-06,True
2016-02-06,Sp Gijon,La Coruna,0.666281,0.227944,1622,2015,https://understat.com/getLeagueData/La_liga/2015,2016-02-07,True
2016-02-06,Vallecano,Las Palmas,3.09731,0.273377,1620,2015,https://understat.com/getLeagueData/La_liga/2015,2016-02-06,True
2016-02-07,Betis,Valencia,1.00904,1.13142,1624,2015,https://understat.com/getLeagueData/La_liga/2015,2016-02-07,True
2016-02-07,Celta,Sevilla,2.37006,0.922926,1625,2015,https://understat.com/getLeagueData/La_liga/2015,2016-02-07,True
2016-02-07,Granada,Real Madrid,0.751196,1.67636,1626,2015,https://understat.com/getLeagueData/La_liga/2015,2016-02-07,True
2016-02-07,Levante,Barcelona,0.802274,1.40471,1623,2015,https://understat.com/getLeagueData/La_liga/2015,2016-02-07,True
2016-02-08,Espanol,Sociedad,0.208008,2.0285,1627,2015,https://understat.com/getLeagueData/La_liga/2015,2016-02-08,True
2016-02-12,Sp Gijon,Vallecano,2.38598,1.73162,1628,2015,https://understat.com/getLeagueData/La_liga/2015,2016-02-12,True
2016-02-13,La Coruna,Betis,3.22944,0.598716,1632,2015,https://understat.com/getLeagueData/La_liga/2015,2016-02-14,True
2016-02-13,Real Madrid,Ath Bilbao,2.09005,1.50136,1629,2015,https://understat.com/getLeagueData/La_liga/2015,2016-02-13,True
2016-02-13,Valencia,Espanol,2.0361,3.41105,1631,2015,https://understat.com/getLeagueData/La_liga/2015,2016-02-13,True
2016-02-13,Villarreal,Malaga,0.760756,0.671008,1630,2015,https://understat.com/getLeagueData/La_liga/2015,2016-02-13,True
2016-02-14,Barcelona,Celta,5.54249,1.49242,1637,2015,https://understat.com/getLeagueData/La_liga/2015,2016-02-14,True
2016-02-14,Eibar,Levante,4.3639,0.78103,1636,2015,https://understat.com/getLeagueData/La_liga/2015,2016-02-14,True
2016-02-14,Getafe,Ath Madrid,0.312685,0.711788,1635,2015,https://understat.com/getLeagueData/La_liga/2015,2016-02-14,True
2016-02-14,Sevilla,Las Palmas,1.12123,0.430522,1634,2015,https://understat.com/getLeagueData/La_liga/2015,2016-02-14,True
2016-02-14,Sociedad,Granada,2.55267,1.47828,1633,2015,https://understat.com/getLeagueData/La_liga/2015,2016-02-14,True
2016-02-17,Sp Gijon,Barcelona,0.87373,2.41243,1638,2015,https://understat.com/getLeagueData/La_liga/2015,2016-02-17,True
2016-02-19,Levante,Getafe,2.29436,1.46167,1639,2015,https://understat.com/getLeagueData/La_liga/2015,2016-02-19,True
2016-02-20,Betis,Sp Gijon,0.953419,0.408199,1642,2015,https://understat.com/getLeagueData/La_liga/2015,2016-02-20,True
2016-02-20,Celta,Eibar,2.5831,1.4201,1643,2015,https://understat.com/getLeagueData/La_liga/2015,2016-02-21,True
2016-02-20,Espanol,La Coruna,3.34615,0.995453,1641,2015,https://understat.com/getLeagueData/La_liga/2015,2016-02-20,True
2016-02-20,Las Palmas,Barcelona,1.08938,3.29704,1640,2015,https://understat.com/getLeagueData/La_liga/2015,2016-02-20,True
2016-02-21,Ath Bilbao,Sociedad,0.512824,0.900436,1646,2015,https://understat.com/getLeagueData/La_liga/2015,2016-02-21,True
2016-02-21,Ath Madrid,Villarreal,0.769511,0.663896,1648,2015,https://understat.com/getLeagueData/La_liga/2015,2016-02-21,True
2016-02-21,Granada,Valencia,2.00307,1.71536,1647,2015,https://understat.com/getLeagueData/La_liga/2015,2016-02-21,True
2016-02-21,Malaga,Real Madrid,1.68623,1.76313,1645,2015,https://understat.com/getLeagueData/La_liga/2015,2016-02-21,True
2016-02-21,Vallecano,Sevilla,1.66155,3.37315,1644,2015,https://understat.com/getLeagueData/La_liga/2015,2016-02-21,True
2016-02-26,Eibar,Las Palmas,0.295947,0.651178,1649,2015,https://understat.com/getLeagueData/La_liga/2015,2016-02-26,True
2016-02-27,Betis,Vallecano,2.46401,1.42394,1653,2015,https://understat.com/getLeagueData/La_liga/2015,2016-02-27,True
2016-02-27,Getafe,Celta,0.863924,1.60224,1651,2015,https://understat.com/getLeagueData/La_liga/2015,2016-02-27,True
2016-02-27,Real Madrid,Ath Madrid,0.984203,0.695343,1650,2015,https://understat.com/getLeagueData/La_liga/2015,2016-02-27,True
2016-02-27,Sociedad,Malaga,0.871084,1.22344,1654,2015,https://understat.com/getLeagueData/La_liga/2015,2016-02-28,True
2016-02-27,Sp Gijon,Espanol,1.68942,1.38627,1652,2015,https://understat.com/getLeagueData/La_liga/2015,2016-02-27,True
2016-02-28,Barcelona,Sevilla,2.33655,1.29686,1658,2015,https://understat.com/getLeagueData/La_liga/2015,2016-02-28,True
2016-02-28,La Coruna,Granada,0.822359,1.84198,1657,2015,https://understat.com/getLeagueData/La_liga/2015,2016-02-28,True
2016-02-28,Valencia,Ath Bilbao,1.49242,1.68968,1656,2015,https://understat.com/getLeagueData/La_liga/2015,2016-02-28,True
2016-02-28,Villarreal,Levante,1.6962,0.664928,1655,2015,https://understat.com/getLeagueData/La_liga/2015,2016-02-28,True
2016-03-01,Ath Madrid,Sociedad,1.92794,1.00552,1659,2015,https://understat.com/getLeagueData/La_liga/2015,2016-03-02,True
2016-03-01,Las Palmas,Getafe,2.3145,0.477963,1660,2015,https://understat.com/getLeagueData/La_liga/2015,2016-03-02,True
2016-03-02,Ath Bilbao,La Coruna,2.7862,0.875636,1664,2015,https://understat.com/getLeagueData/La_liga/2015,2016-03-02,True
2016-03-02,Celta,Villarreal,0.846173,0.328383,1663,2015,https://understat.com/getLeagueData/La_liga/2015,2016-03-02,True
2016-03-02,Levante,Real Madrid,1.07575,2.04124,1665,2015,https://understat.com/getLeagueData/La_liga/2015,2016-03-03,True
2016-03-02,Malaga,Valencia,0.433431,1.38765,1662,2015,https://understat.com/getLeagueData/La_liga/2015,2016-03-02,True
2016-03-02,Sevilla,Eibar,1.57261,0.553485,1661,2015,https://understat.com/getLeagueData/La_liga/2015,2016-03-02,True
2016-03-03,Espanol,Betis,0.780555,1.92223,1667,2015,https://understat.com/getLeagueData/La_liga/2015,2016-03-03,True
2016-03-03,Granada,Sp Gijon,1.87883,0.127036,1666,2015,https://understat.com/getLeagueData/La_liga/2015,2016-03-03,True
2016-03-03,Vallecano,Barcelona,1.17964,4.52996,1668,2015,https://understat.com/getLeagueData/La_liga/2015,2016-03-04,True
2016-03-05,Getafe,Sevilla,1.13072,0.467979,1671,2015,https://understat.com/getLeagueData/La_liga/2015,2016-03-05,True
2016-03-05,La Coruna,Malaga,3.50017,0.990845,1672,2015,https://understat.com/getLeagueData/La_liga/2015,2016-03-06,True
2016-03-05,Real Madrid,Celta,2.39112,1.52691,1669,2015,https://understat.com/getLeagueData/La_liga/2015,2016-03-05,True
2016-03-05,Villarreal,Las Palmas,1.15088,0.52008,1670,2015,https://understat.com/getLeagueData/La_liga/2015,2016-03-05,True
2016-03-06,Betis,Granada,0.844439,0.363768,1673,2015,https://understat.com/getLeagueData/La_liga/2015,2016-03-06,True
2016-03-06,Eibar,Barcelona,0.358263,2.45515,1674,2015,https://understat.com/getLeagueData/La_liga/2015,2016-03-06,True
2016-03-06,Sociedad,Levante,2.23386,0.326226,1676,2015,https://understat.com/getLeagueData/La_liga/2015,2016-03-06,True
2016-03-06,Sp Gijon,Ath Bilbao,0.656848,1.34389,1675,2015,https://understat.com/getLeagueData/La_liga/2015,2016-03-06,True
2016-03-06,Valencia,Ath Madrid,1.16388,1.58564,1677,2015,https://understat.com/getLeagueData/La_liga/2015,2016-03-06,True
2016-03-07,Espanol,Vallecano,1.78244,0.201034,1678,2015,https://understat.com/getLeagueData/La_liga/2015,2016-03-07,True
2016-03-11,Malaga,Sp Gijon,0.459569,0.957008,1679,2015,https://understat.com/getLeagueData/La_liga/2015,2016-03-11,True
2016-03-12,Ath Madrid,La Coruna,1.30692,0.292134,1682,2015,https://understat.com/getLeagueData/La_liga/2015,2016-03-12,True
2016-03-12,Barcelona,Getafe,4.60705,0.281872,1680,2015,https://understat.com/getLeagueData/La_liga/2015,2016-03-12,True
2016-03-12,Celta,Sociedad,0.377845,0.559876,1681,2015,https://understat.com/getLeagueData/La_liga/2015,2016-03-12,True
2016-03-12,Vallecano,Eibar,1.20734,0.804912,1683,2015,https://understat.com/getLeagueData/La_liga/2015,2016-03-13,True
2016-03-13,Ath Bilbao,Betis,2.14502,1.09836,1686,2015,https://understat.com/getLeagueData/La_liga/2015,2016-03-13,True
2016-03-13,Las Palmas,Real Madrid,1.29762,0.860338,1687,2015,https://understat.com/getLeagueData/La_liga/2015,2016-03-13,True
2016-03-13,Levante,Valencia,1.43121,0.77056,1684,2015,https://understat.com/getLeagueData/La_liga/2015,2016-03-13,True
2016-03-13,Sevilla,Villarreal,3.1376,1.70728,1685,2015,https://understat.com/getLeagueData/La_liga/2015,2016-03-13,True
2016-03-14,Granada,Espanol,0.793529,0.699866,1688,2015,https://understat.com/getLeagueData/La_liga/2015,2016-03-14,True
2016-03-18,Getafe,Eibar,1.28229,2.83807,1689,2015,https://understat.com/getLeagueData/La_liga/2015,2016-03-18,True
2016-03-19,Betis,Malaga,1.65417,1.33486,1694,2015,https://understat.com/getLeagueData/La_liga/2015,2016-03-20,True
2016-03-19,Granada,Vallecano,1.40008,1.57585,1692,2015,https://understat.com/getLeagueData/La_liga/2015,2016-03-19,True
2016-03-19,La Coruna,Levante,1.76797,0.632769,1693,2015,https://understat.com/getLeagueData/La_liga/2015,2016-03-19,True
2016-03-19,Sociedad,Las Palmas,0.590086,2.23147,1691,2015,https://understat.com/getLeagueData/La_liga/2015,2016-03-19,True
2016-03-19,Sp Gijon,Ath Madrid,1.89802,0.258695,1690,2015,https://understat.com/getLeagueData/La_liga/2015,2016-03-19,True
2016-03-20,Espanol,Ath Bilbao,2.19144,1.80603,1695,2015,https://understat.com/getLeagueData/La_liga/2015,2016-03-20,True
2016-03-20,Real Madrid,Sevilla,4.08121,1.03777,1698,2015,https://understat.com/getLeagueData/La_liga/2015,2016-03-20,True
2016-03-20,Valencia,Celta,0.646205,2.19927,1697,2015,https://understat.com/getLeagueData/La_liga/2015,2016-03-20,True
2016-03-20,Villarreal,Barcelona,0.980467,2.14473,1696,2015,https://understat.com/getLeagueData/La_liga/2015,2016-03-20,True
2016-04-01,Vallecano,Getafe,2.4939,0.759713,1699,2015,https://understat.com/getLeagueData/La_liga/2015,2016-04-01,True
2016-04-02,Ath Madrid,Betis,4.5488,0.68708,1700,2015,https://understat.com/getLeagueData/La_liga/2015,2016-04-02,True
2016-04-02,Barcelona,Real Madrid,0.882445,1.56537,1702,2015,https://understat.com/getLeagueData/La_liga/2015,2016-04-02,True
2016-04-02,Celta,La Coruna,0.36047,0.864408,1703,2015,https://understat.com/getLeagueData/La_liga/2015,2016-04-03,True
2016-04-02,Las Palmas,Valencia,2.13172,0.748618,1701,2015,https://understat.com/getLeagueData/La_liga/2015,2016-04-02,True
2016-04-03,Ath Bilbao,Granada,1.37516,0.618683,1704,2015,https://understat.com/getLeagueData/La_liga/2015,2016-04-03,True
2016-04-03,Eibar,Villarreal,0.804064,2.08255,1706,2015,https://understat.com/getLeagueData/La_liga/2015,2016-04-03,True
2016-04-03,Malaga,Espanol,1.50099,0.260613,1705,2015,https://understat.com/getLeagueData/La_liga/2015,2016-04-03,True
2016-04-03,Sevilla,Sociedad,1.82989,0.392534,1707,2015,https://understat.com/getLeagueData/La_liga/2015,2016-04-03,True
2016-04-04,Levante,Sp Gijon,1.87115,0.630978,1708,2015,https://understat.com/getLeagueData/La_liga/2015,2016-04-04,True
2016-04-08,Granada,Malaga,0.613945,1.05827,1709,2015,https://understat.com/getLeagueData/La_liga/2015,2016-04-08,True
2016-04-09,Betis,Levante,0.623216,1.17874,1713,2015,https://understat.com/getLeagueData/La_liga/2015,2016-04-10,True
2016-04-09,Espanol,Ath Madrid,0.63963,2.12141,1711,2015,https://understat.com/getLeagueData/La_liga/2015,2016-04-09,True
2016-04-09,Real Madrid,Eibar,2.83938,1.60526,1710,2015,https://understat.com/getLeagueData/La_liga/2015,2016-04-09,True
2016-04-09,Sociedad,Barcelona,0.295072,1.37196,1712,2015,https://understat.com/getLeagueData/La_liga/2015,2016-04-09,True
2016-04-10,Ath Bilbao,Vallecano,0.625122,2.08111,1717,2015,https://understat.com/getLeagueData/La_liga/2015,2016-04-10,True
2016-04-10,Sp Gijon,Celta,0.814767,1.03986,1714,2015,https://understat.com/getLeagueData/La_liga/2015,2016-04-10,True
2016-04-10,Valencia,Sevilla,1.90707,1.00405,1715,2015,https://understat.com/getLeagueData/La_liga/2015,2016-04-10,True
2016-04-10,Villarreal,Getafe,2.05697,0.718479,1716,2015,https://understat.com/getLeagueData/La_liga/2015,2016-04-10,True
2016-04-11,La Coruna,Las Palmas,2.30191,1.63213,1718,2015,https://understat.com/getLeagueData/La_liga/2015,2016-04-11,True
2016-04-15,Levante,Espanol,1.35949,1.08748,1719,2015,https://understat.com/getLeagueData/La_liga/2015,2016-04-15,True
2016-04-16,Celta,Betis,1.74985,1.54169,1723,2015,https://understat.com/getLeagueData/La_liga/2015,2016-04-17,True
2016-04-16,Eibar,Sociedad,1.24429,0.865097,1722,2015,https://understat.com/getLeagueData/La_liga/2015,2016-04-16,True
2016-04-16,Getafe,Real Madrid,1.0366,3.07047,1720,2015,https://understat.com/getLeagueData/La_liga/2015,2016-04-16,True
2016-04-16,Las Palmas,Sp Gijon,0.54782,0.864694,1721,2015,https://understat.com/getLeagueData/La_liga/2015,2016-04-16,True
2016-04-17,Ath Madrid,Granada,1.61364,0.473812,1726,2015,https://understat.com/getLeagueData/La_liga/2015,2016-04-17,True
2016-04-17,Barcelona,Valencia,4.05676,1.12103,1728,2015,https://understat.com/getLeagueData/La_liga/2015,2016-04-17,True
2016-04-17,Malaga,Ath Bilbao,1.9143,1.08656,1724,2015,https://understat.com/getLeagueData/La_liga/2015,2016-04-17,True
2016-04-17,Sevilla,La Coruna,2.00121,0.699714,1725,2015,https://understat.com/getLeagueData/La_liga/2015,2016-04-17,True
2016-04-17,Vallecano,Villarreal,1.08503,0.631315,1727,2015,https://understat.com/getLeagueData/La_liga/2015,2016-04-17,True
2016-04-19,Betis,Las Palmas,1.92261,0.217396,1730,2015,https://understat.com/getLeagueData/La_liga/2015,2016-04-19,True
2016-04-19,Espanol,Celta,0.873164,0.502009,1729,2015,https://understat.com/getLeagueData/La_liga/2015,2016-04-19,True
2016-04-20,Ath Bilbao,Ath Madrid,0.498286,0.919656,1733,2015,https://understat.com/getLeagueData/La_liga/2015,2016-04-20,True
2016-04-20,La Coruna,Barcelona,2.19692,5.76112,1731,2015,https://understat.com/getLeagueData/La_liga/2015,2016-04-20,True
2016-04-20,Malaga,Vallecano,1.14186,1.05395,1735,2015,https://understat.com/getLeagueData/La_liga/2015,2016-04-20,True
2016-04-20,Real Madrid,Villarreal,1.75884,0.226133,1736,2015,https://understat.com/getLeagueData/La_liga/2015,2016-04-21,True
2016-04-20,Sp Gijon,Sevilla,1.2216,1.76493,1734,2015,https://understat.com/getLeagueData/La_liga/2015,2016-04-20,True
2016-04-20,Valencia,Eibar,3.14654,0.651864,1732,2015,https://understat.com/getLeagueData/La_liga/2015,2016-04-20,True
2016-04-21,Granada,Levante,3.1552,1.04939,1738,2015,https://understat.com/getLeagueData/La_liga/2015,2016-04-21,True
2016-04-21,Sociedad,Getafe,1.22844,1.58835,1737,2015,https://understat.com/getLeagueData/La_liga/2015,2016-04-21,True
2016-04-22,Las Palmas,Espanol,1.68464,1.36658,1739,2015,https://understat.com/getLeagueData/La_liga/2015,2016-04-22,True
2016-04-23,Ath Madrid,Malaga,1.19248,0.167259,1741,2015,https://understat.com/getLeagueData/La_liga/2015,2016-04-23,True
2016-04-23,Barcelona,Sp Gijon,6.1271,0.624434,1742,2015,https://understat.com/getLeagueData/La_liga/2015,2016-04-23,True
2016-04-23,Eibar,La Coruna,0.950821,0.323346,1743,2015,https://understat.com/getLeagueData/La_liga/2015,2016-04-24,True
2016-04-23,Vallecano,Real Madrid,1.56205,2.6433,1740,2015,https://understat.com/getLeagueData/La_liga/2015,2016-04-23,True
2016-04-24,Getafe,Valencia,2.82608,0.728167,1746,2015,https://understat.com/getLeagueData/La_liga/2015,2016-04-24,True
2016-04-24,Levante,Ath Bilbao,0.759214,1.61191,1744,2015,https://understat.com/getLeagueData/La_liga/2015,2016-04-24,True
2016-04-24,Sevilla,Betis,2.03176,0.394998,1745,2015,https://understat.com/getLeagueData/La_liga/2015,2016-04-24,True
2016-04-24,Villarreal,Sociedad,0.65957,0.640832,1747,2015,https://understat.com/getLeagueData/La_liga/2015,2016-04-24,True
2016-04-25,Celta,Granada,1.96923,0.740282,1748,2015,https://understat.com/getLeagueData/La_liga/2015,2016-04-25,True
2016-04-29,Sp Gijon,Eibar,0.349788,0.985421,1749,2015,https://understat.com/getLeagueData/La_liga/2015,2016-04-29,True
2016-04-30,Ath Madrid,Vallecano,1.07386,0.597729,1751,2015,https://understat.com/getLeagueData/La_liga/2015,2016-04-30,True
2016-04-30,Betis,Barcelona,0.0828961,2.07851,1752,2015,https://understat.com/getLeagueData/La_liga/2015,2016-04-30,True
2016-04-30,Granada,Las Palmas,2.05186,1.747,1753,2015,https://understat.com/getLeagueData/La_liga/2015,2016-05-01,True
2016-04-30,Sociedad,Real Madrid,0.496976,1.58863,1750,2015,https://understat.com/getLeagueData/La_liga/2015,2016-04-30,True
2016-05-01,Ath Bilbao,Celta,1.64739,0.470176,1754,2015,https://understat.com/getLeagueData/La_liga/2015,2016-05-01,True
2016-05-01,Espanol,Sevilla,1.66593,0.329135,1755,2015,https://understat.com/getLeagueData/La_liga/2015,2016-05-01,True
2016-05-01,La Coruna,Getafe,0.669729,0.961273,1756,2015,https://understat.com/getLeagueData/La_liga/2015,2016-05-01,True
2016-05-01,Valencia,Villarreal,0.259066,1.05764,1757,2015,https://understat.com/getLeagueData/La_liga/2015,2016-05-01,True
2016-05-02,Malaga,Levante,2.53234,1.88493,1758,2015,https://understat.com/getLeagueData/La_liga/2015,2016-05-02,True
2016-05-08,Barcelona,Espanol,2.59373,0.20206,1767,2015,https://understat.com/getLeagueData/La_liga/2015,2016-05-08,True
2016-05-08,Celta,Malaga,1.25876,0.981005,1760,2015,https://understat.com/getLeagueData/La_liga/2015,2016-05-08,True
2016-05-08,Eibar,Betis,2.67637,1.13808,1766,2015,https://understat.com/getLeagueData/La_liga/2015,2016-05-08,True
2016-05-08,Getafe,Sp Gijon,1.25718,0.508995,1762,2015,https://understat.com/getLeagueData/La_liga/2015,2016-05-08,True
2016-05-08,Las Palmas,Ath Bilbao,0.133019,0.297706,1759,2015,https://understat.com/getLeagueData/La_liga/2015,2016-05-08,True
2016-05-08,Levante,Ath Madrid,1.26898,1.69964,1761,2015,https://understat.com/getLeagueData/La_liga/2015,2016-05-08,True
2016-05-08,Real Madrid,Valencia,2.52264,2.3222,1765,2015,https://understat.com/getLeagueData/La_liga/2015,2016-05-08,True
2016-05-08,Sevilla,Granada,0.898919,2.16052,1768,2015,https://understat.com/getLeagueData/La_liga/2015,2016-05-08,True
2016-05-08,Sociedad,Vallecano,1.6654,2.18163,1764,2015,https://understat.com/getLeagueData/La_liga/2015,2016-05-08,True
2016-05-08,Villarreal,La Coruna,0.701392,0.388761,1763,2015,https://understat.com/getLeagueData/La_liga/2015,2016-05-08,True
2016-05-13,Valencia,Sociedad,0.918193,0.95132,1769,2015,https://understat.com/getLeagueData/La_liga/2015,2016-05-13,True
2016-05-14,Ath Bilbao,Sevilla,1.70447,1.02774,1772,2015,https://understat.com/getLeagueData/La_liga/2015,2016-05-14,True
2016-05-14,Ath Madrid,Celta,1.24915,0.504827,1773,2015,https://understat.com/getLeagueData/La_liga/2015,2016-05-14,True
2016-05-14,Granada,Barcelona,0.383514,3.23381,1771,2015,https://understat.com/getLeagueData/La_liga/2015,2016-05-14,True
2016-05-14,La Coruna,Real Madrid,0.651269,1.90958,1770,2015,https://understat.com/getLeagueData/La_liga/2015,2016-05-14,True
2016-05-15,Betis,Getafe,1.59407,1.28875,1776,2015,https://understat.com/getLeagueData/La_liga/2015,2016-05-15,True
2016-05-15,Espanol,Eibar,2.23504,1.8428,1775,2015,https://understat.com/getLeagueData/La_liga/2015,2016-05-15,True
2016-05-15,Malaga,Las Palmas,2.24531,1.78426,1774,2015,https://understat.com/getLeagueData/La_liga/2015,2016-05-15,True
2016-05-15,Sp Gijon,Villarreal,1.51593,0.721212,1777,2015,https://understat.com/getLeagueData/La_liga/2015,2016-05-15,True
2016-05-15,Vallecano,Levante,2.06167,1.32769,1778,2015,https://understat.com/getLeagueData/La_liga/2015,2016-05-15,True
2016-08-19,La Coruna,Eibar,1.6197,0.359012,1780,2016,https://understat.com/getLeagueData/La_liga/2016,2016-08-20,True
2016-08-19,Malaga,Osasuna,0.834224,0.829951,1779,2016,https://understat.com/getLeagueData/La_liga/2016,2016-08-19,True
2016-08-20,Barcelona,Betis,3.84325,0.250977,1781,2016,https://understat.com/getLeagueData/La_liga/2016,2016-08-20,True
2016-08-20,Granada,Villarreal,0.977176,1.75881,1782,2016,https://understat.com/getLeagueData/La_liga/2016,2016-08-20,True
2016-08-20,Sevilla,Espanol,2.60289,1.41803,1783,2016,https://understat.com/getLeagueData/La_liga/2016,2016-08-21,True
2016-08-21,Ath Madrid,Alaves,4.17855,0.0332215,1786,2016,https://understat.com/getLeagueData/La_liga/2016,2016-08-22,True
2016-08-21,Sociedad,Real Madrid,0.270003,2.73735,1785,2016,https://understat.com/getLeagueData/La_liga/2016,2016-08-21,True
2016-08-21,Sp Gijon,Ath Bilbao,1.43642,0.604671,1784,2016,https://understat.com/getLeagueData/La_liga/2016,2016-08-21,True
2016-08-22,Celta,Leganes,0.64855,0.908454,1787,2016,https://understat.com/getLeagueData/La_liga/2016,2016-08-22,True
2016-08-22,Valencia,Las Palmas,1.27123,1.2781,1788,2016,https://understat.com/getLeagueData/La_liga/2016,2016-08-23,True
2016-08-26,Betis,La Coruna,0.593093,0.590187,1789,2016,https://understat.com/getLeagueData/La_liga/2016,2016-08-26,True
2016-08-26,Espanol,Malaga,0.449707,0.43567,1790,2016,https://understat.com/getLeagueData/La_liga/2016,2016-08-27,True
2016-08-27,Eibar,Valencia,1.36093,2.05592,1792,2016,https://understat.com/getLeagueData/La_liga/2016,2016-08-27,True
2016-08-27,Leganes,Ath Madrid,0.189954,0.700848,1794,2016,https://understat.com/getLeagueData/La_liga/2016,2016-08-28,True
2016-08-27,Osasuna,Sociedad,0.342253,0.758033,1791,2016,https://understat.com/getLeagueData/La_liga/2016,2016-08-27,True
2016-08-27,Real Madrid,Celta,2.02091,0.241185,1793,2016,https://understat.com/getLeagueData/La_liga/2016,2016-08-27,True
2016-08-28,Alaves,Sp Gijon,1.12017,0.27695,1796,2016,https://understat.com/getLeagueData/La_liga/2016,2016-08-28,True
2016-08-28,Ath Bilbao,Barcelona,0.625251,2.33658,1797,2016,https://understat.com/getLeagueData/La_liga/2016,2016-08-28,True
2016-08-28,Las Palmas,Granada,2.78367,0.431857,1795,2016,https://understat.com/getLeagueData/La_liga/2016,2016-08-28,True
2016-08-28,Villarreal,Sevilla,0.580165,0.161483,1798,2016,https://understat.com/getLeagueData/La_liga/2016,2016-08-29,True
2016-09-09,Sociedad,Espanol,0.303769,0.0708424,1799,2016,https://understat.com/getLeagueData/La_liga/2016,2016-09-09,True
2016-09-10,Barcelona,Alaves,1.352,0.290172,1804,2016,https://understat.com/getLeagueData/La_liga/2016,2016-09-10,True
2016-09-10,Celta,Ath Madrid,0.701483,2.42263,1800,2016,https://understat.com/getLeagueData/La_liga/2016,2016-09-10,True
2016-09-10,Malaga,Villarreal,1.05974,2.47884,1803,2016,https://understat.com/getLeagueData/La_liga/2016,2016-09-10,True
2016-09-10,Real Madrid,Osasuna,3.7979,1.03534,1801,2016,https://understat.com/getLeagueData/La_liga/2016,2016-09-10,True
2016-09-10,Sevilla,Las Palmas,3.53881,0.642731,1802,2016,https://understat.com/getLeagueData/La_liga/2016,2016-09-10,True
2016-09-11,Granada,Eibar,1.96158,1.12057,1807,2016,https://understat.com/getLeagueData/La_liga/2016,2016-09-11,True
2016-09-11,La Coruna,Ath Bilbao,0.708733,0.239631,1808,2016,https://understat.com/getLeagueData/La_liga/2016,2016-09-11,True
2016-09-11,Sp Gijon,Leganes,1.65936,0.484862,1805,2016,https://understat.com/getLeagueData/La_liga/2016,2016-09-11,True
2016-09-11,Valencia,Betis,1.81116,1.96896,1806,2016,https://understat.com/getLeagueData/La_liga/2016,2016-09-11,True
2016-09-16,Betis,Granada,1.96299,1.41911,1809,2016,https://understat.com/getLeagueData/La_liga/2016,2016-09-16,True
2016-09-17,Ath Madrid,Sp Gijon,2.52857,0.503786,1811,2016,https://understat.com/getLeagueData/La_liga/2016,2016-09-17,True
2016-09-17,Eibar,Sevilla,0.767442,1.22253,1812,2016,https://understat.com/getLeagueData/La_liga/2016,2016-09-17,True
2016-09-17,Las Palmas,Malaga,0.869251,0.645227,1813,2016,https://understat.com/getLeagueData/La_liga/2016,2016-09-17,True
2016-09-17,Leganes,Barcelona,1.18104,2.94825,1810,2016,https://understat.com/getLeagueData/La_liga/2016,2016-09-17,True
2016-09-18,Ath Bilbao,Valencia,1.34212,1.53251,1815,2016,https://understat.com/getLeagueData/La_liga/2016,2016-09-18,True
2016-09-18,Espanol,Real Madrid,0.830388,1.23959,1817,2016,https://understat.com/getLeagueData/La_liga/2016,2016-09-18,True
2016-09-18,Osasuna,Celta,0.259738,0.683638,1814,2016,https://understat.com/getLeagueData/La_liga/2016,2016-09-18,True
2016-09-18,Villarreal,Sociedad,1.42126,1.03528,1816,2016,https://understat.com/getLeagueData/La_liga/2016,2016-09-18,True
2016-09-19,Alaves,La Coruna,0.45933,0.671784,1818,2016,https://understat.com/getLeagueData/La_liga/2016,2016-09-19,True
2016-09-20,Malaga,Eibar,0.474926,1.77918,1819,2016,https://understat.com/getLeagueData/La_liga/2016,2016-09-20,True
2016-09-20,Sevilla,Betis,0.74909,0.450469,1820,2016,https://understat.com/getLeagueData/La_liga/2016,2016-09-21,True
2016-09-21,Barcelona,Ath Madrid,1.32384,0.295787,1825,2016,https://understat.com/getLeagueData/La_liga/2016,2016-09-22,True
2016-09-21,Celta,Sp Gijon,1.38706,0.847147,1822,2016,https://understat.com/getLeagueData/La_liga/2016,2016-09-21,True
2016-09-21,Granada,Ath Bilbao,0.887639,1.57519,1824,2016,https://understat.com/getLeagueData/La_liga/2016,2016-09-22,True
2016-09-21,Real Madrid,Villarreal,1.34367,1.0322,1821,2016,https://understat.com/getLeagueData/La_liga/2016,2016-09-21,True
2016-09-21,Sociedad,Las Palmas,2.81655,1.02708,1823,2016,https://understat.com/getLeagueData/La_liga/2016,2016-09-22,True
2016-09-22,La Coruna,Leganes,1.64049,1.06372,1826,2016,https://understat.com/getLeagueData/La_liga/2016,2016-09-22,True
2016-09-22,Osasuna,Espanol,1.06944,1.39628,1827,2016,https://understat.com/getLeagueData/La_liga/2016,2016-09-22,True
2016-09-22,Valencia,Alaves,1.42235,0.259625,1828,2016,https://understat.com/getLeagueData/La_liga/2016,2016-09-23,True
2016-09-23,Betis,Malaga,0.741813,0.786565,1829,2016,https://understat.com/getLeagueData/La_liga/2016,2016-09-23,True
2016-09-24,Ath Bilbao,Sevilla,2.14897,0.607158,1832,2016,https://understat.com/getLeagueData/La_liga/2016,2016-09-24,True
2016-09-24,Eibar,Sociedad,1.67754,0.0863513,1830,2016,https://understat.com/getLeagueData/La_liga/2016,2016-09-24,True
2016-09-24,Las Palmas,Real Madrid,1.31532,2.7519,1833,2016,https://understat.com/getLeagueData/La_liga/2016,2016-09-24,True
2016-09-24,Sp Gijon,Barcelona,0.631314,3.6662,1831,2016,https://understat.com/getLeagueData/La_liga/2016,2016-09-24,True
2016-09-25,Ath Madrid,La Coruna,2.13155,0.2328,1835,2016,https://understat.com/getLeagueData/La_liga/2016,2016-09-25,True
2016-09-25,Espanol,Celta,0.542865,0.705192,1837,2016,https://understat.com/getLeagueData/La_liga/2016,2016-09-25,True
2016-09-25,Leganes,Valencia,1.29014,1.37734,1834,2016,https://understat.com/getLeagueData/La_liga/2016,2016-09-25,True
2016-09-25,Villarreal,Osasuna,2.9887,1.7961,1836,2016,https://understat.com/getLeagueData/La_liga/2016,2016-09-25,True
2016-09-26,Alaves,Granada,1.72967,0.820437,1838,2016,https://understat.com/getLeagueData/La_liga/2016,2016-09-26,True
2016-09-30,Sociedad,Betis,1.18527,0.68749,1839,2016,https://understat.com/getLeagueData/La_liga/2016,2016-09-30,True
2016-10-01,Granada,Leganes,0.665545,0.238575,1840,2016,https://understat.com/getLeagueData/La_liga/2016,2016-10-01,True
2016-10-01,La Coruna,Sp Gijon,1.26977,0.234392,1843,2016,https://understat.com/getLeagueData/La_liga/2016,2016-10-01,True
2016-10-01,Osasuna,Las Palmas,0.988479,1.37115,1842,2016,https://understat.com/getLeagueData/La_liga/2016,2016-10-01,True
2016-10-01,Sevilla,Alaves,2.4771,1.11701,1841,2016,https://understat.com/getLeagueData/La_liga/2016,2016-10-01,True
2016-10-02,Celta,Barcelona,1.53201,2.27848,1848,2016,https://understat.com/getLeagueData/La_liga/2016,2016-10-02,True
2016-10-02,Espanol,Villarreal,0.351825,0.696855,1847,2016,https://understat.com/getLeagueData/La_liga/2016,2016-10-02,True
2016-10-02,Malaga,Ath Bilbao,1.38797,0.599527,1846,2016,https://understat.com/getLeagueData/La_liga/2016,2016-10-02,True
2016-10-02,Real Madrid,Eibar,1.67419,0.445,1845,2016,https://understat.com/getLeagueData/La_liga/2016,2016-10-02,True
2016-10-02,Valencia,Ath Madrid,1.00546,3.29348,1844,2016,https://understat.com/getLeagueData/La_liga/2016,2016-10-02,True
2016-10-14,Las Palmas,Espanol,1.07463,0.318729,1849,2016,https://understat.com/getLeagueData/La_liga/2016,2016-10-14,True
2016-10-15,Ath Madrid,Granada,3.0536,0.306751,1852,2016,https://understat.com/getLeagueData/La_liga/2016,2016-10-15,True
2016-10-15,Barcelona,La Coruna,4.85964,0.278286,1851,2016,https://understat.com/getLeagueData/La_liga/2016,2016-10-15,True
2016-10-15,Betis,Real Madrid,0.908061,3.98737,1853,2016,https://understat.com/getLeagueData/La_liga/2016,2016-10-15,True
2016-10-15,Leganes,Sevilla,0.851751,1.53817,1850,2016,https://understat.com/getLeagueData/La_liga/2016,2016-10-15,True
2016-10-16,Alaves,Malaga,1.34202,0.419972,1854,2016,https://understat.com/getLeagueData/La_liga/2016,2016-10-16,True
2016-10-16,Ath Bilbao,Sociedad,1.53028,0.618302,1855,2016,https://understat.com/getLeagueData/La_liga/2016,2016-10-16,True
2016-10-16,Sp Gijon,Valencia,0.487759,0.962304,1856,2016,https://understat.com/getLeagueData/La_liga/2016,2016-10-16,True
2016-10-16,Villarreal,Celta,1.79979,0.258037,1857,2016,https://understat.com/getLeagueData/La_liga/2016,2016-10-16,True
2016-10-17,Eibar,Osasuna,0.802032,1.40368,1858,2016,https://understat.com/getLeagueData/La_liga/2016,2016-10-17,True
2016-10-21,Osasuna,Betis,0.929293,1.23524,1859,2016,https://understat.com/getLeagueData/La_liga/2016,2016-10-21,True
2016-10-22,Espanol,Eibar,0.850937,2.01542,1860,2016,https://understat.com/getLeagueData/La_liga/2016,2016-10-22,True
2016-10-22,Granada,Sp Gijon,0.546868,0.242784,1863,2016,https://understat.com/getLeagueData/La_liga/2016,2016-10-22,True
2016-10-22,Sociedad,Alaves,1.84569,0.772306,1862,2016,https://understat.com/getLeagueData/La_liga/2016,2016-10-22,True
2016-10-22,Valencia,Barcelona,0.839578,2.05021,1861,2016,https://understat.com/getLeagueData/La_liga/2016,2016-10-22,True
2016-10-23,Celta,La Coruna,1.82791,0.72415,1864,2016,https://understat.com/getLeagueData/La_liga/2016,2016-10-23,True
2016-10-23,Malaga,Leganes,3.12089,1.18794,1866,2016,https://understat.com/getLeagueData/La_liga/2016,2016-10-23,True
2016-10-23,Real Madrid,Ath Bilbao,3.52634,1.38084,1868,2016,https://understat.com/getLeagueData/La_liga/2016,2016-10-23,True
2016-10-23,Sevilla,Ath Madrid,1.13802,0.770754,1865,2016,https://understat.com/getLeagueData/La_liga/2016,2016-10-23,True
2016-10-23,Villarreal,Las Palmas,1.67294,0.5357,1867,2016,https://understat.com/getLeagueData/La_liga/2016,2016-10-23,True
2016-10-28,Leganes,Sociedad,0.192695,1.47952,3308,2016,https://understat.com/getLeagueData/La_liga/2016,2016-10-28,True
2016-10-29,Alaves,Real Madrid,1.37267,2.77099,3310,2016,https://understat.com/getLeagueData/La_liga/2016,2016-10-29,True
2016-10-29,Ath Madrid,Malaga,1.96583,0.244565,3311,2016,https://understat.com/getLeagueData/La_liga/2016,2016-10-29,True
2016-10-29,Barcelona,Granada,1.75167,0.0445853,3312,2016,https://understat.com/getLeagueData/La_liga/2016,2016-10-29,True
2016-10-29,Sp Gijon,Sevilla,0.47946,1.288,3309,2016,https://understat.com/getLeagueData/La_liga/2016,2016-10-29,True
2016-10-30,Ath Bilbao,Osasuna,1.4373,0.338045,3314,2016,https://understat.com/getLeagueData/La_liga/2016,2016-10-30,True
2016-10-30,Betis,Espanol,0.72975,0.750127,3315,2016,https://understat.com/getLeagueData/La_liga/2016,2016-10-30,True
2016-10-30,Eibar,Villarreal,1.4571,1.49906,3313,2016,https://understat.com/getLeagueData/La_liga/2016,2016-10-30,True
2016-10-30,Las Palmas,Celta,2.07556,1.23697,3316,2016,https://understat.com/getLeagueData/La_liga/2016,2016-10-30,True
2016-10-31,La Coruna,Valencia,1.3997,1.03333,3317,2016,https://understat.com/getLeagueData/La_liga/2016,2016-10-31,True
2016-11-04,Malaga,Sp Gijon,1.92978,1.27243,2776,2016,https://understat.com/getLeagueData/La_liga/2016,2016-11-04,True
2016-11-05,Granada,La Coruna,2.10437,1.71185,2777,2016,https://understat.com/getLeagueData/La_liga/2016,2016-11-05,True
2016-11-05,Las Palmas,Eibar,1.59273,0.983024,2780,2016,https://understat.com/getLeagueData/La_liga/2016,2016-11-05,True
2016-11-05,Osasuna,Alaves,0.471469,1.62667,2779,2016,https://understat.com/getLeagueData/La_liga/2016,2016-11-05,True
2016-11-05,Sociedad,Ath Madrid,1.99325,0.581093,2778,2016,https://understat.com/getLeagueData/La_liga/2016,2016-11-05,True
2016-11-06,Celta,Valencia,0.571273,1.44482,2783,2016,https://understat.com/getLeagueData/La_liga/2016,2016-11-06,True
2016-11-06,Espanol,Ath Bilbao,0.277247,0.151209,2782,2016,https://understat.com/getLeagueData/La_liga/2016,2016-11-06,True
2016-11-06,Real Madrid,Leganes,2.62943,0.273683,2781,2016,https://understat.com/getLeagueData/La_liga/2016,2016-11-06,True
2016-11-06,Sevilla,Barcelona,1.54978,2.17981,2785,2016,https://understat.com/getLeagueData/La_liga/2016,2016-11-06,True
2016-11-06,Villarreal,Betis,1.38858,0.28961,2784,2016,https://understat.com/getLeagueData/La_liga/2016,2016-11-06,True
2016-11-18,Betis,Las Palmas,0.590307,0.358719,2786,2016,https://understat.com/getLeagueData/La_liga/2016,2016-11-18,True
2016-11-19,Ath Madrid,Real Madrid,1.0815,2.03273,2790,2016,https://understat.com/getLeagueData/La_liga/2016,2016-11-19,True
2016-11-19,Barcelona,Malaga,1.44819,0.55807,2788,2016,https://understat.com/getLeagueData/La_liga/2016,2016-11-19,True
2016-11-19,Eibar,Celta,0.911921,0.589399,2789,2016,https://understat.com/getLeagueData/La_liga/2016,2016-11-19,True
2016-11-19,La Coruna,Sevilla,0.382392,2.28865,2787,2016,https://understat.com/getLeagueData/La_liga/2016,2016-11-19,True
2016-11-20,Alaves,Espanol,0.570571,1.26246,2791,2016,https://understat.com/getLeagueData/La_liga/2016,2016-11-20,True
2016-11-20,Ath Bilbao,Villarreal,2.15189,0.173272,2794,2016,https://understat.com/getLeagueData/La_liga/2016,2016-11-20,True
2016-11-20,Sp Gijon,Sociedad,0.197028,2.1535,2793,2016,https://understat.com/getLeagueData/La_liga/2016,2016-11-20,True
2016-11-20,Valencia,Granada,1.58094,0.622946,2792,2016,https://understat.com/getLeagueData/La_liga/2016,2016-11-20,True
2016-11-21,Leganes,Osasuna,1.6402,0.164701,2795,2016,https://understat.com/getLeagueData/La_liga/2016,2016-11-21,True
2016-11-25,Eibar,Betis,2.55337,0.347362,2796,2016,https://understat.com/getLeagueData/La_liga/2016,2016-11-25,True
2016-11-26,Espanol,Leganes,1.21595,0.205225,2799,2016,https://understat.com/getLeagueData/La_liga/2016,2016-11-26,True
2016-11-26,Malaga,La Coruna,1.28044,2.70531,2797,2016,https://understat.com/getLeagueData/La_liga/2016,2016-11-26,True
2016-11-26,Real Madrid,Sp Gijon,2.90122,1.46445,2798,2016,https://understat.com/getLeagueData/La_liga/2016,2016-11-26,True
2016-11-26,Sevilla,Valencia,0.217327,0.481054,2800,2016,https://understat.com/getLeagueData/La_liga/2016,2016-11-26,True
2016-11-27,Celta,Granada,2.10383,0.761557,2803,2016,https://understat.com/getLeagueData/La_liga/2016,2016-11-27,True
2016-11-27,Osasuna,Ath Madrid,1.15264,1.48301,2802,2016,https://understat.com/getLeagueData/La_liga/2016,2016-11-27,True
2016-11-27,Sociedad,Barcelona,1.0404,0.648004,2804,2016,https://understat.com/getLeagueData/La_liga/2016,2016-11-27,True
2016-11-27,Villarreal,Alaves,1.92523,1.58373,2801,2016,https://understat.com/getLeagueData/La_liga/2016,2016-11-27,True
2016-11-28,Las Palmas,Ath Bilbao,1.05931,1.73341,2805,2016,https://understat.com/getLeagueData/La_liga/2016,2016-11-28,True
2016-12-03,Ath Madrid,Espanol,0.576659,0.806691,3166,2016,https://understat.com/getLeagueData/La_liga/2016,2016-12-03,True
2016-12-03,Barcelona,Real Madrid,1.73984,1.35909,3164,2016,https://understat.com/getLeagueData/La_liga/2016,2016-12-03,True
2016-12-03,Granada,Sevilla,1.90921,1.92504,3163,2016,https://understat.com/getLeagueData/La_liga/2016,2016-12-03,True
2016-12-03,Leganes,Villarreal,0.679532,0.296192,3165,2016,https://understat.com/getLeagueData/La_liga/2016,2016-12-03,True
2016-12-04,Alaves,Las Palmas,1.0718,0.495163,3170,2016,https://understat.com/getLeagueData/La_liga/2016,2016-12-04,True
2016-12-04,Ath Bilbao,Eibar,1.4438,0.988471,3168,2016,https://understat.com/getLeagueData/La_liga/2016,2016-12-04,True
2016-12-04,Betis,Celta,2.0817,1.49435,3167,2016,https://understat.com/getLeagueData/La_liga/2016,2016-12-04,True
2016-12-04,Sp Gijon,Osasuna,1.12982,1.15825,3169,2016,https://understat.com/getLeagueData/La_liga/2016,2016-12-04,True
2016-12-04,Valencia,Malaga,0.524646,0.849918,3171,2016,https://understat.com/getLeagueData/La_liga/2016,2016-12-04,True
2016-12-05,La Coruna,Sociedad,2.21106,0.569103,3172,2016,https://understat.com/getLeagueData/La_liga/2016,2016-12-05,True
2016-12-09,Malaga,Granada,2.80255,0.963052,3173,2016,https://understat.com/getLeagueData/La_liga/2016,2016-12-09,True
2016-12-10,Las Palmas,Leganes,0.889018,1.26322,3176,2016,https://understat.com/getLeagueData/La_liga/2016,2016-12-10,True
2016-12-10,Osasuna,Barcelona,0.146912,3.17169,3174,2016,https://understat.com/getLeagueData/La_liga/2016,2016-12-10,True
2016-12-10,Real Madrid,La Coruna,1.17016,0.648444,3177,2016,https://understat.com/getLeagueData/La_liga/2016,2016-12-10,True
2016-12-10,Sociedad,Valencia,2.70322,1.58335,3175,2016,https://understat.com/getLeagueData/La_liga/2016,2016-12-10,True
2016-12-11,Betis,Ath Bilbao,0.684846,0.562742,3181,2016,https://understat.com/getLeagueData/La_liga/2016,2016-12-11,True
2016-12-11,Celta,Sevilla,0.710134,2.58541,3179,2016,https://understat.com/getLeagueData/La_liga/2016,2016-12-11,True
2016-12-11,Eibar,Alaves,0.482454,0.263174,3178,2016,https://understat.com/getLeagueData/La_liga/2016,2016-12-11,True
2016-12-11,Espanol,Sp Gijon,1.22846,0.585213,3180,2016,https://understat.com/getLeagueData/La_liga/2016,2016-12-11,True
2016-12-12,Villarreal,Ath Madrid,1.25177,0.725735,3182,2016,https://understat.com/getLeagueData/La_liga/2016,2016-12-12,True
2016-12-16,Alaves,Betis,0.854496,0.523568,3183,2016,https://understat.com/getLeagueData/La_liga/2016,2016-12-16,True
2016-12-17,Ath Madrid,Las Palmas,0.86238,0.516549,3185,2016,https://understat.com/getLeagueData/La_liga/2016,2016-12-17,True
2016-12-17,Granada,Sociedad,0.649888,2.10663,3186,2016,https://understat.com/getLeagueData/La_liga/2016,2016-12-17,True
2016-12-17,Sevilla,Malaga,2.71147,0.618725,3187,2016,https://understat.com/getLeagueData/La_liga/2016,2016-12-17,True
2016-12-17,Sp Gijon,Villarreal,1.18555,3.11803,3184,2016,https://understat.com/getLeagueData/La_liga/2016,2016-12-17,True
2016-12-18,Barcelona,Espanol,2.9504,0.468152,3190,2016,https://understat.com/getLeagueData/La_liga/2016,2016-12-18,True
2016-12-18,La Coruna,Osasuna,1.12829,0.426863,3189,2016,https://understat.com/getLeagueData/La_liga/2016,2016-12-18,True
2016-12-18,Leganes,Eibar,0.887175,0.821631,3188,2016,https://understat.com/getLeagueData/La_liga/2016,2016-12-18,True
2016-12-19,Ath Bilbao,Celta,1.74819,1.79023,3191,2016,https://understat.com/getLeagueData/La_liga/2016,2016-12-19,True
2017-01-06,Espanol,La Coruna,1.51212,0.521167,3884,2016,https://understat.com/getLeagueData/La_liga/2016,2017-01-06,True
2017-01-07,Eibar,Ath Madrid,0.647669,1.08182,3886,2016,https://understat.com/getLeagueData/La_liga/2016,2017-01-07,True
2017-01-07,Las Palmas,Sp Gijon,2.50535,0.715563,3887,2016,https://understat.com/getLeagueData/La_liga/2016,2017-01-07,True
2017-01-07,Real Madrid,Granada,4.18059,0.415223,3885,2016,https://understat.com/getLeagueData/La_liga/2016,2017-01-07,True
2017-01-07,Sociedad,Sevilla,0.437028,1.78204,3888,2016,https://understat.com/getLeagueData/La_liga/2016,2017-01-07,True
2017-01-08,Ath Bilbao,Alaves,1.15744,0.825588,3889,2016,https://understat.com/getLeagueData/La_liga/2016,2017-01-08,True
2017-01-08,Betis,Leganes,1.4196,0.345675,3890,2016,https://understat.com/getLeagueData/La_liga/2016,2017-01-08,True
2017-01-08,Celta,Malaga,1.81695,0.713817,3891,2016,https://understat.com/getLeagueData/La_liga/2016,2017-01-08,True
2017-01-08,Villarreal,Barcelona,0.358089,1.07063,3892,2016,https://understat.com/getLeagueData/La_liga/2016,2017-01-08,True
2017-01-09,Osasuna,Valencia,1.80424,1.45062,3893,2016,https://understat.com/getLeagueData/La_liga/2016,2017-01-09,True
2017-01-14,Ath Madrid,Betis,0.880766,0.429648,3896,2016,https://understat.com/getLeagueData/La_liga/2016,2017-01-14,True
2017-01-14,Barcelona,Las Palmas,3.95422,0.406868,3895,2016,https://understat.com/getLeagueData/La_liga/2016,2017-01-14,True
2017-01-14,La Coruna,Villarreal,0.523704,0.144553,3897,2016,https://understat.com/getLeagueData/La_liga/2016,2017-01-14,True
2017-01-14,Leganes,Ath Bilbao,1.61086,0.319775,3894,2016,https://understat.com/getLeagueData/La_liga/2016,2017-01-14,True
2017-01-15,Celta,Alaves,1.4187,0.558191,3899,2016,https://understat.com/getLeagueData/La_liga/2016,2017-01-15,True
2017-01-15,Granada,Osasuna,1.66163,1.16305,3901,2016,https://understat.com/getLeagueData/La_liga/2016,2017-01-15,True
2017-01-15,Sevilla,Real Madrid,0.452252,2.0699,3902,2016,https://understat.com/getLeagueData/La_liga/2016,2017-01-15,True
2017-01-15,Sp Gijon,Eibar,0.451995,2.47656,3900,2016,https://understat.com/getLeagueData/La_liga/2016,2017-01-15,True
2017-01-15,Valencia,Espanol,1.85655,0.92331,3898,2016,https://understat.com/getLeagueData/La_liga/2016,2017-01-15,True
2017-01-16,Malaga,Sociedad,0.67373,0.927504,3903,2016,https://understat.com/getLeagueData/La_liga/2016,2017-01-16,True
2017-01-20,Las Palmas,La Coruna,0.510785,0.329111,3904,2016,https://understat.com/getLeagueData/La_liga/2016,2017-01-20,True
2017-01-21,Alaves,Leganes,1.00747,0.448681,3907,2016,https://understat.com/getLeagueData/La_liga/2016,2017-01-21,True
2017-01-21,Espanol,Granada,0.833841,0.280737,3905,2016,https://understat.com/getLeagueData/La_liga/2016,2017-01-21,True
2017-01-21,Real Madrid,Malaga,1.98978,0.399232,3906,2016,https://understat.com/getLeagueData/La_liga/2016,2017-01-21,True
2017-01-21,Villarreal,Valencia,1.21498,1.46798,3908,2016,https://understat.com/getLeagueData/La_liga/2016,2017-01-21,True
2017-01-22,Ath Bilbao,Ath Madrid,0.67787,0.577363,3910,2016,https://understat.com/getLeagueData/La_liga/2016,2017-01-22,True
2017-01-22,Betis,Sp Gijon,1.22587,0.725506,3911,2016,https://understat.com/getLeagueData/La_liga/2016,2017-01-22,True
2017-01-22,Eibar,Barcelona,0.730002,2.43993,3912,2016,https://understat.com/getLeagueData/La_liga/2016,2017-01-22,True
2017-01-22,Osasuna,Sevilla,0.612007,1.16612,3909,2016,https://understat.com/getLeagueData/La_liga/2016,2017-01-22,True
2017-01-22,Sociedad,Celta,1.37408,0.664992,3913,2016,https://understat.com/getLeagueData/La_liga/2016,2017-01-22,True
2017-01-27,Osasuna,Malaga,0.814611,1.86933,3914,2016,https://understat.com/getLeagueData/La_liga/2016,2017-01-27,True
2017-01-28,Alaves,Ath Madrid,1.25495,0.320877,3916,2016,https://understat.com/getLeagueData/La_liga/2016,2017-01-28,True
2017-01-28,Eibar,La Coruna,1.44709,1.03408,3917,2016,https://understat.com/getLeagueData/La_liga/2016,2017-01-28,True
2017-01-28,Leganes,Celta,0.665632,0.831373,3918,2016,https://understat.com/getLeagueData/La_liga/2016,2017-01-28,True
2017-01-28,Villarreal,Granada,2.4514,0.317825,3915,2016,https://understat.com/getLeagueData/La_liga/2016,2017-01-28,True
2017-01-29,Ath Bilbao,Sp Gijon,2.01155,0.989558,3921,2016,https://understat.com/getLeagueData/La_liga/2016,2017-01-29,True
2017-01-29,Betis,Barcelona,1.31719,1.12935,3919,2016,https://understat.com/getLeagueData/La_liga/2016,2017-01-29,True
2017-01-29,Espanol,Sevilla,2.12021,1.12576,3920,2016,https://understat.com/getLeagueData/La_liga/2016,2017-01-29,True
2017-01-29,Real Madrid,Sociedad,1.06592,0.250453,3922,2016,https://understat.com/getLeagueData/La_liga/2016,2017-01-29,True
2017-01-30,Las Palmas,Valencia,0.864443,0.984988,3923,2016,https://understat.com/getLeagueData/La_liga/2016,2017-01-30,True
2017-02-04,Ath Madrid,Leganes,1.8677,0.725425,3933,2016,https://understat.com/getLeagueData/La_liga/2016,2017-02-04,True
2017-02-04,Barcelona,Ath Bilbao,1.54919,0.733014,3926,2016,https://understat.com/getLeagueData/La_liga/2016,2017-02-04,True
2017-02-04,Malaga,Espanol,1.46513,0.115172,3931,2016,https://understat.com/getLeagueData/La_liga/2016,2017-02-04,True
2017-02-04,Valencia,Eibar,0.870776,1.2508,3928,2016,https://understat.com/getLeagueData/La_liga/2016,2017-02-04,True
2017-02-05,Sevilla,Villarreal,1.67146,0.999917,3930,2016,https://understat.com/getLeagueData/La_liga/2016,2017-02-05,True
2017-02-05,Sociedad,Osasuna,1.00374,0.985019,3932,2016,https://understat.com/getLeagueData/La_liga/2016,2017-02-05,True
2017-02-05,Sp Gijon,Alaves,1.10417,3.304,3925,2016,https://understat.com/getLeagueData/La_liga/2016,2017-02-05,True
2017-02-06,Granada,Las Palmas,0.545986,0.797005,3929,2016,https://understat.com/getLeagueData/La_liga/2016,2017-02-06,True
2017-02-10,Espanol,Sociedad,0.287829,0.957027,3942,2016,https://understat.com/getLeagueData/La_liga/2016,2017-02-10,True
2017-02-11,Alaves,Barcelona,0.907655,2.96499,3936,2016,https://understat.com/getLeagueData/La_liga/2016,2017-02-11,True
2017-02-11,Ath Bilbao,La Coruna,1.73424,0.584147,3937,2016,https://understat.com/getLeagueData/La_liga/2016,2017-02-11,True
2017-02-11,Betis,Valencia,1.51524,0.291369,3938,2016,https://understat.com/getLeagueData/La_liga/2016,2017-02-11,True
2017-02-11,Osasuna,Real Madrid,0.891933,2.36434,3934,2016,https://understat.com/getLeagueData/La_liga/2016,2017-02-11,True
2017-02-12,Ath Madrid,Celta,2.48076,1.47065,3943,2016,https://understat.com/getLeagueData/La_liga/2016,2017-02-12,True
2017-02-12,Las Palmas,Sevilla,0.841648,1.41556,3940,2016,https://understat.com/getLeagueData/La_liga/2016,2017-02-12,True
2017-02-12,Leganes,Sp Gijon,0.421338,0.172436,3935,2016,https://understat.com/getLeagueData/La_liga/2016,2017-02-12,True
2017-02-12,Villarreal,Malaga,1.12992,0.439488,3941,2016,https://understat.com/getLeagueData/La_liga/2016,2017-02-12,True
2017-02-13,Eibar,Granada,4.09351,0.67033,3939,2016,https://understat.com/getLeagueData/La_liga/2016,2017-02-13,True
2017-02-17,Granada,Betis,1.56422,0.249724,3948,2016,https://understat.com/getLeagueData/La_liga/2016,2017-02-17,True
2017-02-18,La Coruna,Alaves,1.57995,1.33904,3946,2016,https://understat.com/getLeagueData/La_liga/2016,2017-02-18,True
2017-02-18,Real Madrid,Espanol,1.2723,0.070793,3952,2016,https://understat.com/getLeagueData/La_liga/2016,2017-02-18,True
2017-02-18,Sevilla,Eibar,1.81525,0.317281,3949,2016,https://understat.com/getLeagueData/La_liga/2016,2017-02-18,True
2017-02-18,Sp Gijon,Ath Madrid,1.62573,2.49836,3953,2016,https://understat.com/getLeagueData/La_liga/2016,2017-02-18,True
2017-02-19,Barcelona,Leganes,2.60098,0.840213,3945,2016,https://understat.com/getLeagueData/La_liga/2016,2017-02-19,True
2017-02-19,Celta,Osasuna,1.31171,0.476623,3944,2016,https://understat.com/getLeagueData/La_liga/2016,2017-02-19,True
2017-02-19,Sociedad,Villarreal,0.993635,0.998736,3951,2016,https://understat.com/getLeagueData/La_liga/2016,2017-02-19,True
2017-02-19,Valencia,Ath Bilbao,1.47536,1.2272,3947,2016,https://understat.com/getLeagueData/La_liga/2016,2017-02-19,True
2017-02-20,Malaga,Las Palmas,2.39662,0.574955,3950,2016,https://understat.com/getLeagueData/La_liga/2016,2017-02-20,True
2017-02-22,Valencia,Real Madrid,0.832853,0.99003,3954,2016,https://understat.com/getLeagueData/La_liga/2016,2017-02-22,True
2017-02-24,Las Palmas,Sociedad,1.71708,0.900432,3963,2016,https://understat.com/getLeagueData/La_liga/2016,2017-02-24,True
2017-02-25,Alaves,Valencia,1.33101,0.634332,3959,2016,https://understat.com/getLeagueData/La_liga/2016,2017-02-25,True
2017-02-25,Betis,Sevilla,0.552998,1.94867,3957,2016,https://understat.com/getLeagueData/La_liga/2016,2017-02-25,True
2017-02-25,Eibar,Malaga,1.80008,0.136305,3964,2016,https://understat.com/getLeagueData/La_liga/2016,2017-02-25,True
2017-02-25,Leganes,La Coruna,0.743759,1.13768,3960,2016,https://understat.com/getLeagueData/La_liga/2016,2017-02-25,True
2017-02-26,Ath Bilbao,Granada,1.72074,0.520455,3958,2016,https://understat.com/getLeagueData/La_liga/2016,2017-02-26,True
2017-02-26,Ath Madrid,Barcelona,0.775423,1.82536,3956,2016,https://understat.com/getLeagueData/La_liga/2016,2017-02-26,True
2017-02-26,Espanol,Osasuna,2.0636,0.134311,3955,2016,https://understat.com/getLeagueData/La_liga/2016,2017-02-26,True
2017-02-26,Sp Gijon,Celta,2.32319,1.18161,3961,2016,https://understat.com/getLeagueData/La_liga/2016,2017-02-26,True
2017-02-26,Villarreal,Real Madrid,1.12868,3.35567,3962,2016,https://understat.com/getLeagueData/La_liga/2016,2017-02-26,True
2017-02-28,Malaga,Betis,1.00658,1.35901,3973,2016,https://understat.com/getLeagueData/La_liga/2016,2017-02-28,True
2017-02-28,Sociedad,Eibar,1.97746,0.677011,3974,2016,https://understat.com/getLeagueData/La_liga/2016,2017-02-28,True
2017-02-28,Valencia,Leganes,1.90734,0.0399313,3970,2016,https://understat.com/getLeagueData/La_liga/2016,2017-02-28,True
2017-03-01,Barcelona,Sp Gijon,2.99036,1.07573,3967,2016,https://understat.com/getLeagueData/La_liga/2016,2017-03-01,True
2017-03-01,Celta,Espanol,0.725904,0.46046,3968,2016,https://understat.com/getLeagueData/La_liga/2016,2017-03-01,True
2017-03-01,Granada,Alaves,0.737167,1.09303,3971,2016,https://understat.com/getLeagueData/La_liga/2016,2017-03-01,True
2017-03-01,Osasuna,Villarreal,2.04719,2.12981,3966,2016,https://understat.com/getLeagueData/La_liga/2016,2017-03-01,True
2017-03-01,Real Madrid,Las Palmas,3.09385,2.1904,3965,2016,https://understat.com/getLeagueData/La_liga/2016,2017-03-01,True
2017-03-02,La Coruna,Ath Madrid,1.23691,0.370998,3969,2016,https://understat.com/getLeagueData/La_liga/2016,2017-03-02,True
2017-03-02,Sevilla,Ath Bilbao,1.76475,0.514869,3972,2016,https://understat.com/getLeagueData/La_liga/2016,2017-03-02,True
2017-03-03,Betis,Sociedad,1.0855,0.586888,3981,2016,https://understat.com/getLeagueData/La_liga/2016,2017-03-03,True
2017-03-04,Barcelona,Celta,2.8423,0.71755,3984,2016,https://understat.com/getLeagueData/La_liga/2016,2017-03-04,True
2017-03-04,Eibar,Real Madrid,1.2014,2.0593,3982,2016,https://understat.com/getLeagueData/La_liga/2016,2017-03-04,True
2017-03-04,Leganes,Granada,2.11012,0.0529013,3978,2016,https://understat.com/getLeagueData/La_liga/2016,2017-03-04,True
2017-03-04,Villarreal,Espanol,1.62938,0.841776,3975,2016,https://understat.com/getLeagueData/La_liga/2016,2017-03-04,True
2017-03-05,Ath Bilbao,Malaga,1.51926,0.786509,3980,2016,https://understat.com/getLeagueData/La_liga/2016,2017-03-05,True
2017-03-05,Ath Madrid,Valencia,1.757,0.315344,3977,2016,https://understat.com/getLeagueData/La_liga/2016,2017-03-05,True
2017-03-05,Las Palmas,Osasuna,1.52118,1.30591,3983,2016,https://understat.com/getLeagueData/La_liga/2016,2017-03-05,True
2017-03-05,Sp Gijon,La Coruna,0.924431,1.62631,3976,2016,https://understat.com/getLeagueData/La_liga/2016,2017-03-05,True
2017-03-06,Alaves,Sevilla,2.42054,0.532506,3979,2016,https://understat.com/getLeagueData/La_liga/2016,2017-03-06,True
2017-03-08,La Coruna,Betis,1.42173,0.569912,3927,2016,https://understat.com/getLeagueData/La_liga/2016,2017-03-08,True
2017-03-10,Espanol,Las Palmas,1.66149,1.21087,3991,2016,https://understat.com/getLeagueData/La_liga/2016,2017-03-10,True
2017-03-11,Granada,Ath Madrid,0.543405,1.63235,3986,2016,https://understat.com/getLeagueData/La_liga/2016,2017-03-11,True
2017-03-11,Malaga,Alaves,1.50045,0.625695,3993,2016,https://understat.com/getLeagueData/La_liga/2016,2017-03-11,True
2017-03-11,Sevilla,Leganes,1.35316,0.871554,3987,2016,https://understat.com/getLeagueData/La_liga/2016,2017-03-11,True
2017-03-11,Valencia,Sp Gijon,2.10881,0.926125,3994,2016,https://understat.com/getLeagueData/La_liga/2016,2017-03-11,True
2017-03-12,Celta,Villarreal,0.5028,0.795635,3992,2016,https://understat.com/getLeagueData/La_liga/2016,2017-03-12,True
2017-03-12,La Coruna,Barcelona,1.38936,1.50728,3985,2016,https://understat.com/getLeagueData/La_liga/2016,2017-03-12,True
2017-03-12,Real Madrid,Betis,1.00957,0.465085,3989,2016,https://understat.com/getLeagueData/La_liga/2016,2017-03-12,True
2017-03-12,Sociedad,Ath Bilbao,0.651635,1.90097,3988,2016,https://understat.com/getLeagueData/La_liga/2016,2017-03-12,True
2017-03-13,Osasuna,Eibar,1.29637,0.993742,3990,2016,https://understat.com/getLeagueData/La_liga/2016,2017-03-13,True
2017-03-17,Las Palmas,Villarreal,1.57565,0.339418,3996,2016,https://understat.com/getLeagueData/La_liga/2016,2017-03-17,True
2017-03-18,Alaves,Sociedad,2.12281,0.418478,4004,2016,https://understat.com/getLeagueData/La_liga/2016,2017-03-18,True
2017-03-18,Ath Bilbao,Real Madrid,1.96298,2.09036,3999,2016,https://understat.com/getLeagueData/La_liga/2016,2017-03-18,True
2017-03-18,Betis,Osasuna,1.90646,0.670991,3998,2016,https://understat.com/getLeagueData/La_liga/2016,2017-03-18,True
2017-03-18,Eibar,Espanol,0.917886,0.229115,3995,2016,https://understat.com/getLeagueData/La_liga/2016,2017-03-18,True
2017-03-19,Ath Madrid,Sevilla,2.48581,0.499596,4001,2016,https://understat.com/getLeagueData/La_liga/2016,2017-03-19,True
2017-03-19,Barcelona,Valencia,4.18605,1.02269,4003,2016,https://understat.com/getLeagueData/La_liga/2016,2017-03-19,True
2017-03-19,La Coruna,Celta,0.806674,0.868296,3997,2016,https://understat.com/getLeagueData/La_liga/2016,2017-03-19,True
2017-03-19,Leganes,Malaga,0.767247,0.380419,4000,2016,https://understat.com/getLeagueData/La_liga/2016,2017-03-19,True
2017-03-19,Sp Gijon,Granada,2.97883,1.16888,4002,2016,https://understat.com/getLeagueData/La_liga/2016,2017-03-19,True
2017-03-31,Espanol,Betis,0.434253,1.18318,4011,2016,https://understat.com/getLeagueData/La_liga/2016,2017-03-31,True
2017-04-01,Malaga,Ath Madrid,0.844668,1.05742,4008,2016,https://understat.com/getLeagueData/La_liga/2016,2017-04-01,True
2017-04-01,Osasuna,Ath Bilbao,0.536243,1.34566,4010,2016,https://understat.com/getLeagueData/La_liga/2016,2017-04-01,True
2017-04-01,Sociedad,Leganes,1.53494,0.391696,4009,2016,https://understat.com/getLeagueData/La_liga/2016,2017-04-01,True
2017-04-01,Villarreal,Eibar,1.21195,1.99175,4012,2016,https://understat.com/getLeagueData/La_liga/2016,2017-04-01,True
2017-04-02,Granada,Barcelona,0.513727,3.20394,4014,2016,https://understat.com/getLeagueData/La_liga/2016,2017-04-02,True
2017-04-02,Real Madrid,Alaves,1.54447,1.16793,4005,2016,https://understat.com/getLeagueData/La_liga/2016,2017-04-02,True
2017-04-02,Sevilla,Sp Gijon,0.96799,0.26865,4007,2016,https://understat.com/getLeagueData/La_liga/2016,2017-04-02,True
2017-04-02,Valencia,La Coruna,1.45999,1.54959,4006,2016,https://understat.com/getLeagueData/La_liga/2016,2017-04-02,True
2017-04-03,Celta,Las Palmas,1.96679,0.943845,4013,2016,https://understat.com/getLeagueData/La_liga/2016,2017-04-03,True
2017-04-04,Ath Bilbao,Espanol,2.30916,0.406301,4021,2016,https://understat.com/getLeagueData/La_liga/2016,2017-04-04,True
2017-04-04,Ath Madrid,Sociedad,2.8366,0.354952,4018,2016,https://understat.com/getLeagueData/La_liga/2016,2017-04-04,True
2017-04-04,Betis,Villarreal,0.752025,1.45363,4016,2016,https://understat.com/getLeagueData/La_liga/2016,2017-04-04,True
2017-04-05,Alaves,Osasuna,0.640826,0.59864,4020,2016,https://understat.com/getLeagueData/La_liga/2016,2017-04-05,True
2017-04-05,Barcelona,Sevilla,1.12667,0.706087,4022,2016,https://understat.com/getLeagueData/La_liga/2016,2017-04-05,True
2017-04-05,La Coruna,Granada,1.34824,0.409132,4024,2016,https://understat.com/getLeagueData/La_liga/2016,2017-04-05,True
2017-04-05,Leganes,Real Madrid,1.67468,2.43202,4019,2016,https://understat.com/getLeagueData/La_liga/2016,2017-04-05,True
2017-04-05,Sp Gijon,Malaga,0.809443,0.556202,4023,2016,https://understat.com/getLeagueData/La_liga/2016,2017-04-05,True
2017-04-06,Eibar,Las Palmas,1.84235,0.811517,4015,2016,https://understat.com/getLeagueData/La_liga/2016,2017-04-06,True
2017-04-06,Valencia,Celta,2.06746,1.68539,4017,2016,https://understat.com/getLeagueData/La_liga/2016,2017-04-06,True
2017-04-07,Villarreal,Ath Bilbao,1.58988,0.771423,4031,2016,https://understat.com/getLeagueData/La_liga/2016,2017-04-07,True
2017-04-08,Espanol,Alaves,1.24148,0.345434,4032,2016,https://understat.com/getLeagueData/La_liga/2016,2017-04-08,True
2017-04-08,Malaga,Barcelona,1.26059,1.18346,4028,2016,https://understat.com/getLeagueData/La_liga/2016,2017-04-08,True
2017-04-08,Real Madrid,Ath Madrid,1.35497,1.08371,4026,2016,https://understat.com/getLeagueData/La_liga/2016,2017-04-08,True
2017-04-08,Sevilla,La Coruna,3.09093,0.521612,4029,2016,https://understat.com/getLeagueData/La_liga/2016,2017-04-08,True
2017-04-09,Celta,Eibar,0.626267,0.521772,4025,2016,https://understat.com/getLeagueData/La_liga/2016,2017-04-09,True
2017-04-09,Granada,Valencia,0.726489,2.25028,4033,2016,https://understat.com/getLeagueData/La_liga/2016,2017-04-09,True
2017-04-09,Las Palmas,Betis,2.25513,1.01656,4034,2016,https://understat.com/getLeagueData/La_liga/2016,2017-04-09,True
2017-04-09,Osasuna,Leganes,1.58295,1.40274,4030,2016,https://understat.com/getLeagueData/La_liga/2016,2017-04-09,True
2017-04-10,Sociedad,Sp Gijon,1.98867,0.399035,4027,2016,https://understat.com/getLeagueData/La_liga/2016,2017-04-10,True
2017-04-14,Ath Bilbao,Las Palmas,3.27145,0.665833,4042,2016,https://understat.com/getLeagueData/La_liga/2016,2017-04-14,True
2017-04-15,Ath Madrid,Osasuna,2.86312,0.117168,4037,2016,https://understat.com/getLeagueData/La_liga/2016,2017-04-15,True
2017-04-15,Barcelona,Sociedad,3.1445,1.33399,4039,2016,https://understat.com/getLeagueData/La_liga/2016,2017-04-15,True
2017-04-15,La Coruna,Malaga,0.97862,0.284772,4040,2016,https://understat.com/getLeagueData/La_liga/2016,2017-04-15,True
2017-04-15,Sp Gijon,Real Madrid,0.4652,1.66979,4038,2016,https://understat.com/getLeagueData/La_liga/2016,2017-04-15,True
2017-04-16,Betis,Eibar,0.309059,0.431666,4036,2016,https://understat.com/getLeagueData/La_liga/2016,2017-04-16,True
2017-04-16,Granada,Celta,0.936087,1.79036,4043,2016,https://understat.com/getLeagueData/La_liga/2016,2017-04-16,True
2017-04-16,Leganes,Espanol,0.544707,0.584488,4044,2016,https://understat.com/getLeagueData/La_liga/2016,2017-04-16,True
2017-04-16,Valencia,Sevilla,0.764084,0.73681,4035,2016,https://understat.com/getLeagueData/La_liga/2016,2017-04-16,True
2017-04-17,Alaves,Villarreal,1.31518,1.33363,4041,2016,https://understat.com/getLeagueData/La_liga/2016,2017-04-17,True
2017-04-21,Sevilla,Granada,3.39839,0.596929,4051,2016,https://understat.com/getLeagueData/La_liga/2016,2017-04-21,True
2017-04-22,Espanol,Ath Madrid,0.810026,0.868074,4053,2016,https://understat.com/getLeagueData/La_liga/2016,2017-04-22,True
2017-04-22,Malaga,Valencia,1.05969,1.36814,4050,2016,https://understat.com/getLeagueData/La_liga/2016,2017-04-22,True
2017-04-22,Osasuna,Sp Gijon,0.795145,2.22378,4049,2016,https://understat.com/getLeagueData/La_liga/2016,2017-04-22,True
2017-04-22,Villarreal,Leganes,0.763096,0.747073,4054,2016,https://understat.com/getLeagueData/La_liga/2016,2017-04-22,True
2017-04-23,Celta,Betis,0.67659,1.41484,4046,2016,https://understat.com/getLeagueData/La_liga/2016,2017-04-23,True
2017-04-23,Las Palmas,Alaves,0.969015,0.488145,4045,2016,https://understat.com/getLeagueData/La_liga/2016,2017-04-23,True
2017-04-23,Real Madrid,Barcelona,2.89974,2.06086,4047,2016,https://understat.com/getLeagueData/La_liga/2016,2017-04-23,True
2017-04-23,Sociedad,La Coruna,0.940566,0.299326,4048,2016,https://understat.com/getLeagueData/La_liga/2016,2017-04-23,True
2017-04-24,Eibar,Ath Bilbao,0.249566,0.448314,4052,2016,https://understat.com/getLeagueData/La_liga/2016,2017-04-24,True
2017-04-25,Ath Madrid,Villarreal,1.32237,0.857961,4060,2016,https://understat.com/getLeagueData/La_liga/2016,2017-04-25,True
2017-04-25,Granada,Malaga,0.0912526,1.24601,4056,2016,https://understat.com/getLeagueData/La_liga/2016,2017-04-25,True
2017-04-25,Sp Gijon,Espanol,0.552443,1.71263,4059,2016,https://understat.com/getLeagueData/La_liga/2016,2017-04-25,True
2017-04-26,Barcelona,Osasuna,3.74562,0.096291,4055,2016,https://understat.com/getLeagueData/La_liga/2016,2017-04-26,True
2017-04-26,La Coruna,Real Madrid,1.39884,4.95101,4058,2016,https://understat.com/getLeagueData/La_liga/2016,2017-04-26,True
2017-04-26,Leganes,Las Palmas,2.5676,0.116739,4061,2016,https://understat.com/getLeagueData/La_liga/2016,2017-04-26,True
2017-04-26,Valencia,Sociedad,2.32672,1.68807,4057,2016,https://understat.com/getLeagueData/La_liga/2016,2017-04-26,True
2017-04-27,Alaves,Eibar,1.61616,0.164559,4062,2016,https://understat.com/getLeagueData/La_liga/2016,2017-04-27,True
2017-04-27,Ath Bilbao,Betis,2.56597,1.04653,4063,2016,https://understat.com/getLeagueData/La_liga/2016,2017-04-27,True
2017-04-27,Sevilla,Celta,2.31049,1.17988,4064,2016,https://understat.com/getLeagueData/La_liga/2016,2017-04-27,True
2017-04-28,Villarreal,Sp Gijon,3.91003,1.03449,4070,2016,https://understat.com/getLeagueData/La_liga/2016,2017-04-28,True
2017-04-29,Espanol,Barcelona,0.531541,1.82376,4065,2016,https://understat.com/getLeagueData/La_liga/2016,2017-04-29,True
2017-04-29,Las Palmas,Ath Madrid,0.530853,2.6956,4071,2016,https://understat.com/getLeagueData/La_liga/2016,2017-04-29,True
2017-04-29,Real Madrid,Valencia,2.41841,0.973391,4068,2016,https://understat.com/getLeagueData/La_liga/2016,2017-04-29,True
2017-04-29,Sociedad,Granada,2.10139,0.589329,4067,2016,https://understat.com/getLeagueData/La_liga/2016,2017-04-29,True
2017-04-30,Betis,Alaves,0.615113,2.54109,4074,2016,https://understat.com/getLeagueData/La_liga/2016,2017-04-30,True
2017-04-30,Celta,Ath Bilbao,0.231412,2.1267,4073,2016,https://understat.com/getLeagueData/La_liga/2016,2017-04-30,True
2017-04-30,Eibar,Leganes,1.08114,0.893755,4072,2016,https://understat.com/getLeagueData/La_liga/2016,2017-04-30,True
2017-04-30,Osasuna,La Coruna,1.45216,1.56321,4069,2016,https://understat.com/getLeagueData/La_liga/2016,2017-04-30,True
2017-05-01,Malaga,Sevilla,1.44919,1.55824,4066,2016,https://understat.com/getLeagueData/La_liga/2016,2017-05-01,True
2017-05-05,Sevilla,Sociedad,1.0447,0.908736,4076,2016,https://understat.com/getLeagueData/La_liga/2016,2017-05-05,True
2017-05-06,Ath Madrid,Eibar,1.30492,0.286692,4081,2016,https://understat.com/getLeagueData/La_liga/2016,2017-05-06,True
2017-05-06,Barcelona,Villarreal,3.26258,1.17809,4075,2016,https://understat.com/getLeagueData/La_liga/2016,2017-05-06,True
2017-05-06,Granada,Real Madrid,0.798168,4.01875,4077,2016,https://understat.com/getLeagueData/La_liga/2016,2017-05-06,True
2017-05-06,Sp Gijon,Las Palmas,1.55328,0.298784,4080,2016,https://understat.com/getLeagueData/La_liga/2016,2017-05-06,True
2017-05-07,Alaves,Ath Bilbao,0.327836,1.07917,4083,2016,https://understat.com/getLeagueData/La_liga/2016,2017-05-07,True
2017-05-07,La Coruna,Espanol,1.58012,1.116,4079,2016,https://understat.com/getLeagueData/La_liga/2016,2017-05-07,True
2017-05-07,Malaga,Celta,2.20858,0.582102,4084,2016,https://understat.com/getLeagueData/La_liga/2016,2017-05-07,True
2017-05-07,Valencia,Osasuna,3.01483,0.841795,4078,2016,https://understat.com/getLeagueData/La_liga/2016,2017-05-07,True
2017-05-08,Leganes,Betis,1.63794,0.596654,4082,2016,https://understat.com/getLeagueData/La_liga/2016,2017-05-08,True
2017-05-13,Espanol,Valencia,1.59622,0.481694,4088,2016,https://understat.com/getLeagueData/La_liga/2016,2017-05-13,True
2017-05-13,Osasuna,Granada,2.1534,0.823768,4087,2016,https://understat.com/getLeagueData/La_liga/2016,2017-05-13,True
2017-05-14,Alaves,Celta,1.45961,1.54197,4093,2016,https://understat.com/getLeagueData/La_liga/2016,2017-05-14,True
2017-05-14,Ath Bilbao,Leganes,1.40486,0.533837,4092,2016,https://understat.com/getLeagueData/La_liga/2016,2017-05-14,True
2017-05-14,Betis,Ath Madrid,0.489181,0.156793,4091,2016,https://understat.com/getLeagueData/La_liga/2016,2017-05-14,True
2017-05-14,Eibar,Sp Gijon,0.516325,1.13134,4090,2016,https://understat.com/getLeagueData/La_liga/2016,2017-05-14,True
2017-05-14,Las Palmas,Barcelona,0.614019,1.60991,4085,2016,https://understat.com/getLeagueData/La_liga/2016,2017-05-14,True
2017-05-14,Real Madrid,Sevilla,1.89661,0.878236,4086,2016,https://understat.com/getLeagueData/La_liga/2016,2017-05-14,True
2017-05-14,Sociedad,Malaga,1.85706,1.08273,4094,2016,https://understat.com/getLeagueData/La_liga/2016,2017-05-14,True
2017-05-14,Villarreal,La Coruna,1.5957,0.0795451,4089,2016,https://understat.com/getLeagueData/La_liga/2016,2017-05-14,True
2017-05-17,Celta,Real Madrid,0.901276,3.64315,3924,2016,https://understat.com/getLeagueData/La_liga/2016,2017-05-17,True
2017-05-19,Granada,Espanol,0.649902,0.761851,4097,2016,https://understat.com/getLeagueData/La_liga/2016,2017-05-19,True
2017-05-20,La Coruna,Las Palmas,1.56248,0.990264,4103,2016,https://understat.com/getLeagueData/La_liga/2016,2017-05-20,True
2017-05-20,Leganes,Alaves,0.666963,1.44228,4100,2016,https://understat.com/getLeagueData/La_liga/2016,2017-05-20,True
2017-05-20,Sevilla,Osasuna,2.2749,0.240405,4098,2016,https://understat.com/getLeagueData/La_liga/2016,2017-05-20,True
2017-05-20,Sp Gijon,Betis,1.27001,2.14979,4102,2016,https://understat.com/getLeagueData/La_liga/2016,2017-05-20,True
2017-05-21,Ath Madrid,Ath Bilbao,3.08909,1.00363,4101,2016,https://understat.com/getLeagueData/La_liga/2016,2017-05-21,True
2017-05-21,Barcelona,Eibar,4.7816,0.8164,4095,2016,https://understat.com/getLeagueData/La_liga/2016,2017-05-21,True
2017-05-21,Celta,Sociedad,1.30693,1.43204,4104,2016,https://understat.com/getLeagueData/La_liga/2016,2017-05-21,True
2017-05-21,Malaga,Real Madrid,1.16006,2.55304,4099,2016,https://understat.com/getLeagueData/La_liga/2016,2017-05-21,True
2017-05-21,Valencia,Villarreal,1.48798,0.932558,4096,2016,https://understat.com/getLeagueData/La_liga/2016,2017-05-21,True
2017-08-18,Leganes,Alaves,1.32428,0.993213,7879,2017,https://understat.com/getLeagueData/La_liga/2017,2017-08-18,True
2017-08-18,Valencia,Las Palmas,1.60532,0.219158,7880,2017,https://understat.com/getLeagueData/La_liga/2017,2017-08-18,True
2017-08-19,Celta,Sociedad,1.82363,1.97071,7881,2017,https://understat.com/getLeagueData/La_liga/2017,2017-08-19,True
2017-08-19,Girona,Ath Madrid,2.57496,0.847485,7882,2017,https://understat.com/getLeagueData/La_liga/2017,2017-08-19,True
2017-08-19,Sevilla,Espanol,2.52013,1.09286,7883,2017,https://understat.com/getLeagueData/La_liga/2017,2017-08-19,True
2017-08-20,Ath Bilbao,Getafe,1.10938,0.335335,7884,2017,https://understat.com/getLeagueData/La_liga/2017,2017-08-20,True
2017-08-20,Barcelona,Betis,1.30926,0.150503,7885,2017,https://understat.com/getLeagueData/La_liga/2017,2017-08-20,True
2017-08-20,La Coruna,Real Madrid,1.48262,2.38821,7886,2017,https://understat.com/getLeagueData/La_liga/2017,2017-08-20,True
2017-08-21,Levante,Villarreal,1.27973,0.454109,7887,2017,https://understat.com/getLeagueData/La_liga/2017,2017-08-21,True
2017-08-21,Malaga,Eibar,0.913442,1.4766,7888,2017,https://understat.com/getLeagueData/La_liga/2017,2017-08-21,True
2017-08-25,Betis,Celta,1.5432,0.261415,7890,2017,https://understat.com/getLeagueData/La_liga/2017,2017-08-25,True
2017-08-25,Sociedad,Villarreal,2.80119,0.121682,7889,2017,https://understat.com/getLeagueData/La_liga/2017,2017-08-25,True
2017-08-26,Alaves,Barcelona,0.635924,2.68718,7891,2017,https://understat.com/getLeagueData/La_liga/2017,2017-08-26,True
2017-08-26,Girona,Malaga,1.66954,0.325871,7895,2017,https://understat.com/getLeagueData/La_liga/2017,2017-08-26,True
2017-08-26,Las Palmas,Ath Madrid,1.38892,0.510608,7896,2017,https://understat.com/getLeagueData/La_liga/2017,2017-08-26,True
2017-08-26,Levante,La Coruna,2.40085,0.814208,7898,2017,https://understat.com/getLeagueData/La_liga/2017,2017-08-26,True
2017-08-27,Eibar,Ath Bilbao,1.1133,1.35304,7894,2017,https://understat.com/getLeagueData/La_liga/2017,2017-08-27,True
2017-08-27,Espanol,Leganes,1.29777,1.22097,7892,2017,https://understat.com/getLeagueData/La_liga/2017,2017-08-27,True
2017-08-27,Getafe,Sevilla,1.47212,1.21647,7893,2017,https://understat.com/getLeagueData/La_liga/2017,2017-08-27,True
2017-08-27,Real Madrid,Valencia,3.38691,0.90594,7897,2017,https://understat.com/getLeagueData/La_liga/2017,2017-08-27,True
2017-09-08,Leganes,Getafe,1.55919,0.392931,7904,2017,https://understat.com/getLeagueData/La_liga/2017,2017-09-08,True
2017-09-09,Barcelona,Espanol,5.54505,0.752988,7903,2017,https://understat.com/getLeagueData/La_liga/2017,2017-09-09,True
2017-09-09,Real Madrid,Levante,3.18354,0.757405,7899,2017,https://understat.com/getLeagueData/La_liga/2017,2017-09-09,True
2017-09-09,Sevilla,Eibar,2.84122,0.690659,7905,2017,https://understat.com/getLeagueData/La_liga/2017,2017-09-09,True
2017-09-09,Valencia,Ath Madrid,0.702521,0.638366,7908,2017,https://understat.com/getLeagueData/La_liga/2017,2017-09-09,True
2017-09-10,Ath Bilbao,Girona,1.72422,0.314128,7906,2017,https://understat.com/getLeagueData/La_liga/2017,2017-09-10,True
2017-09-10,Celta,Alaves,2.63491,0.491165,7902,2017,https://understat.com/getLeagueData/La_liga/2017,2017-09-10,True
2017-09-10,La Coruna,Sociedad,1.1079,2.02187,7900,2017,https://understat.com/getLeagueData/La_liga/2017,2017-09-10,True
2017-09-10,Villarreal,Betis,1.59207,0.816093,7901,2017,https://understat.com/getLeagueData/La_liga/2017,2017-09-10,True
2017-09-11,Malaga,Las Palmas,0.904978,1.89906,7907,2017,https://understat.com/getLeagueData/La_liga/2017,2017-09-11,True
2017-09-15,Eibar,Leganes,0.383513,0.236029,7915,2017,https://understat.com/getLeagueData/La_liga/2017,2017-09-16,True
2017-09-16,Ath Madrid,Malaga,1.54645,0.438352,7918,2017,https://understat.com/getLeagueData/La_liga/2017,2017-09-16,True
2017-09-16,Betis,La Coruna,2.73624,0.377717,7911,2017,https://understat.com/getLeagueData/La_liga/2017,2017-09-16,True
2017-09-16,Getafe,Barcelona,0.956195,0.53587,7914,2017,https://understat.com/getLeagueData/La_liga/2017,2017-09-16,True
2017-09-16,Levante,Valencia,0.939192,1.8854,7909,2017,https://understat.com/getLeagueData/La_liga/2017,2017-09-16,True
2017-09-17,Alaves,Villarreal,0.487809,2.14034,7912,2017,https://understat.com/getLeagueData/La_liga/2017,2017-09-17,True
2017-09-17,Girona,Sevilla,1.90439,1.35514,7916,2017,https://understat.com/getLeagueData/La_liga/2017,2017-09-17,True
2017-09-17,Las Palmas,Ath Bilbao,0.895334,1.10686,7917,2017,https://understat.com/getLeagueData/La_liga/2017,2017-09-17,True
2017-09-17,Sociedad,Real Madrid,0.375385,2.88229,7910,2017,https://understat.com/getLeagueData/La_liga/2017,2017-09-17,True
2017-09-18,Espanol,Celta,0.707575,0.857512,7913,2017,https://understat.com/getLeagueData/La_liga/2017,2017-09-18,True
2017-09-19,Barcelona,Eibar,2.58774,0.962105,7924,2017,https://understat.com/getLeagueData/La_liga/2017,2017-09-19,True
2017-09-19,Valencia,Malaga,3.40858,0.817228,7928,2017,https://understat.com/getLeagueData/La_liga/2017,2017-09-19,True
2017-09-20,Ath Bilbao,Ath Madrid,1.715,2.30016,7927,2017,https://understat.com/getLeagueData/La_liga/2017,2017-09-20,True
2017-09-20,La Coruna,Alaves,1.93585,0.21606,7921,2017,https://understat.com/getLeagueData/La_liga/2017,2017-09-20,True
2017-09-20,Leganes,Girona,0.470624,1.24121,7925,2017,https://understat.com/getLeagueData/La_liga/2017,2017-09-20,True
2017-09-20,Real Madrid,Betis,3.39115,1.21251,7920,2017,https://understat.com/getLeagueData/La_liga/2017,2017-09-20,True
2017-09-20,Sevilla,Las Palmas,1.38776,0.370691,7926,2017,https://understat.com/getLeagueData/La_liga/2017,2017-09-20,True
2017-09-21,Celta,Getafe,0.732797,0.743449,7923,2017,https://understat.com/getLeagueData/La_liga/2017,2017-09-21,True
2017-09-21,Levante,Sociedad,1.78708,0.570261,7919,2017,https://understat.com/getLeagueData/La_liga/2017,2017-09-21,True
2017-09-21,Villarreal,Espanol,1.91885,0.992677,7922,2017,https://understat.com/getLeagueData/La_liga/2017,2017-09-21,True
2017-09-23,Alaves,Real Madrid,0.703287,2.7181,7931,2017,https://understat.com/getLeagueData/La_liga/2017,2017-09-23,True
2017-09-23,Ath Madrid,Sevilla,1.54213,0.370195,7937,2017,https://understat.com/getLeagueData/La_liga/2017,2017-09-23,True
2017-09-23,Girona,Barcelona,0.90657,1.28645,7935,2017,https://understat.com/getLeagueData/La_liga/2017,2017-09-23,True
2017-09-23,Malaga,Ath Bilbao,2.36068,1.93264,7938,2017,https://understat.com/getLeagueData/La_liga/2017,2017-09-23,True
2017-09-24,Eibar,Celta,1.06999,1.13361,7934,2017,https://understat.com/getLeagueData/La_liga/2017,2017-09-24,True
2017-09-24,Espanol,La Coruna,3.02613,1.40609,7932,2017,https://understat.com/getLeagueData/La_liga/2017,2017-09-24,True
2017-09-24,Getafe,Villarreal,2.32209,1.04045,7933,2017,https://understat.com/getLeagueData/La_liga/2017,2017-09-24,True
2017-09-24,Las Palmas,Leganes,0.855521,1.5876,7936,2017,https://understat.com/getLeagueData/La_liga/2017,2017-09-24,True
2017-09-24,Sociedad,Valencia,1.25293,1.87637,7929,2017,https://understat.com/getLeagueData/La_liga/2017,2017-09-24,True
2017-09-25,Betis,Levante,2.23701,0.383336,7930,2017,https://understat.com/getLeagueData/La_liga/2017,2017-09-25,True
2017-09-29,Celta,Girona,2.56272,1.32391,7944,2017,https://understat.com/getLeagueData/La_liga/2017,2017-09-29,True
2017-09-30,La Coruna,Getafe,2.41777,1.54261,7942,2017,https://understat.com/getLeagueData/La_liga/2017,2017-09-30,True
2017-09-30,Leganes,Ath Madrid,0.421294,0.545341,7946,2017,https://understat.com/getLeagueData/La_liga/2017,2017-09-30,True
2017-09-30,Levante,Alaves,1.02629,2.5346,7940,2017,https://understat.com/getLeagueData/La_liga/2017,2017-09-30,True
2017-09-30,Sevilla,Malaga,2.50129,0.429422,7947,2017,https://understat.com/getLeagueData/La_liga/2017,2017-09-30,True
2017-10-01,Barcelona,Las Palmas,4.83674,0.684959,7945,2017,https://understat.com/getLeagueData/La_liga/2017,2017-10-01,True
2017-10-01,Real Madrid,Espanol,3.02561,0.278294,7941,2017,https://understat.com/getLeagueData/La_liga/2017,2017-10-01,True
2017-10-01,Sociedad,Betis,1.99991,2.06359,7939,2017,https://understat.com/getLeagueData/La_liga/2017,2017-10-01,True
2017-10-01,Valencia,Ath Bilbao,2.6265,2.60881,7948,2017,https://understat.com/getLeagueData/La_liga/2017,2017-10-01,True
2017-10-01,Villarreal,Eibar,2.76075,0.539665,7943,2017,https://understat.com/getLeagueData/La_liga/2017,2017-10-01,True
2017-10-13,Espanol,Levante,2.47349,0.91221,7952,2017,https://understat.com/getLeagueData/La_liga/2017,2017-10-13,True
2017-10-14,Alaves,Sociedad,0.544525,0.875381,7950,2017,https://understat.com/getLeagueData/La_liga/2017,2017-10-14,True
2017-10-14,Ath Bilbao,Sevilla,1.12259,1.79545,7951,2017,https://understat.com/getLeagueData/La_liga/2017,2017-10-14,True
2017-10-14,Ath Madrid,Barcelona,0.334059,1.61922,7957,2017,https://understat.com/getLeagueData/La_liga/2017,2017-10-14,True
2017-10-14,Getafe,Real Madrid,0.855336,2.22268,7953,2017,https://understat.com/getLeagueData/La_liga/2017,2017-10-14,True
2017-10-15,Betis,Valencia,2.25048,1.95165,7949,2017,https://understat.com/getLeagueData/La_liga/2017,2017-10-15,True
2017-10-15,Eibar,La Coruna,0.565592,0.470714,7954,2017,https://understat.com/getLeagueData/La_liga/2017,2017-10-15,True
2017-10-15,Girona,Villarreal,1.77848,1.23084,7955,2017,https://understat.com/getLeagueData/La_liga/2017,2017-10-15,True
2017-10-15,Malaga,Leganes,1.13838,1.93807,7958,2017,https://understat.com/getLeagueData/La_liga/2017,2017-10-15,True
2017-10-16,Las Palmas,Celta,1.90333,1.68838,7956,2017,https://understat.com/getLeagueData/La_liga/2017,2017-10-16,True
2017-10-21,Barcelona,Malaga,2.19062,0.629202,7966,2017,https://understat.com/getLeagueData/La_liga/2017,2017-10-21,True
2017-10-21,Betis,Alaves,0.783724,0.618409,7959,2017,https://understat.com/getLeagueData/La_liga/2017,2017-10-21,True
2017-10-21,Levante,Getafe,0.639709,0.822573,7962,2017,https://understat.com/getLeagueData/La_liga/2017,2017-10-21,True
2017-10-21,Valencia,Sevilla,1.72867,0.879816,7964,2017,https://understat.com/getLeagueData/La_liga/2017,2017-10-21,True
2017-10-22,Celta,Ath Madrid,0.895385,1.14703,7967,2017,https://understat.com/getLeagueData/La_liga/2017,2017-10-23,True
2017-10-22,Leganes,Ath Bilbao,0.800353,0.726155,7965,2017,https://understat.com/getLeagueData/La_liga/2017,2017-10-22,True
2017-10-22,Real Madrid,Eibar,1.54139,0.359568,7961,2017,https://understat.com/getLeagueData/La_liga/2017,2017-10-22,True
2017-10-22,Villarreal,Las Palmas,2.72022,0.823505,7968,2017,https://understat.com/getLeagueData/La_liga/2017,2017-10-22,True
2017-10-23,La Coruna,Girona,1.93154,1.63012,7960,2017,https://understat.com/getLeagueData/La_liga/2017,2017-10-23,True
2017-10-23,Sociedad,Espanol,1.33975,0.610458,7963,2017,https://understat.com/getLeagueData/La_liga/2017,2017-10-23,True
2017-10-28,Alaves,Valencia,0.629433,1.06744,7969,2017,https://understat.com/getLeagueData/La_liga/2017,2017-10-28,True
2017-10-28,Ath Bilbao,Barcelona,0.880742,2.49124,7977,2017,https://understat.com/getLeagueData/La_liga/2017,2017-10-28,True
2017-10-28,Ath Madrid,Villarreal,1.49933,0.678299,7975,2017,https://understat.com/getLeagueData/La_liga/2017,2017-10-28,True
2017-10-28,Sevilla,Leganes,1.73468,1.02702,7978,2017,https://understat.com/getLeagueData/La_liga/2017,2017-10-28,True
2017-10-29,Eibar,Levante,1.41711,0.90967,7972,2017,https://understat.com/getLeagueData/La_liga/2017,2017-10-29,True
2017-10-29,Getafe,Sociedad,1.95098,1.14607,7971,2017,https://understat.com/getLeagueData/La_liga/2017,2017-10-29,True
2017-10-29,Girona,Real Madrid,2.26046,1.58248,7973,2017,https://understat.com/getLeagueData/La_liga/2017,2017-10-29,True
2017-10-29,Malaga,Celta,2.03731,1.07069,7976,2017,https://understat.com/getLeagueData/La_liga/2017,2017-10-29,True
2017-10-30,Espanol,Betis,0.731922,0.378493,7970,2017,https://understat.com/getLeagueData/La_liga/2017,2017-10-30,True
2017-10-30,Las Palmas,La Coruna,0.546481,1.90215,7974,2017,https://understat.com/getLeagueData/La_liga/2017,2017-10-30,True
2017-11-03,Betis,Getafe,0.83579,0.828956,7980,2017,https://understat.com/getLeagueData/La_liga/2017,2017-11-03,True
2017-11-04,Alaves,Espanol,1.01634,0.684307,7979,2017,https://understat.com/getLeagueData/La_liga/2017,2017-11-04,True
2017-11-04,Barcelona,Sevilla,1.95413,0.354156,7987,2017,https://understat.com/getLeagueData/La_liga/2017,2017-11-05,True
2017-11-04,La Coruna,Ath Madrid,0.420272,0.493918,7984,2017,https://understat.com/getLeagueData/La_liga/2017,2017-11-04,True
2017-11-04,Valencia,Leganes,2.31415,1.32036,7988,2017,https://understat.com/getLeagueData/La_liga/2017,2017-11-04,True
2017-11-05,Celta,Ath Bilbao,1.22047,1.26285,7986,2017,https://understat.com/getLeagueData/La_liga/2017,2017-11-05,True
2017-11-05,Levante,Girona,0.648662,1.61579,7982,2017,https://understat.com/getLeagueData/La_liga/2017,2017-11-05,True
2017-11-05,Real Madrid,Las Palmas,2.53038,0.127029,7983,2017,https://understat.com/getLeagueData/La_liga/2017,2017-11-05,True
2017-11-05,Sociedad,Eibar,2.41358,0.275872,7981,2017,https://understat.com/getLeagueData/La_liga/2017,2017-11-05,True
2017-11-05,Villarreal,Malaga,1.19462,0.594488,7985,2017,https://understat.com/getLeagueData/La_liga/2017,2017-11-05,True
2017-11-17,Girona,Sociedad,1.12751,1.34745,7992,2017,https://understat.com/getLeagueData/La_liga/2017,2017-11-17,True
2017-11-18,Ath Madrid,Real Madrid,0.745518,1.41229,7994,2017,https://understat.com/getLeagueData/La_liga/2017,2017-11-18,True
2017-11-18,Getafe,Alaves,4.07057,0.613023,7990,2017,https://understat.com/getLeagueData/La_liga/2017,2017-11-18,True
2017-11-18,Leganes,Barcelona,1.3156,2.59365,7998,2017,https://understat.com/getLeagueData/La_liga/2017,2017-11-18,True
2017-11-18,Sevilla,Celta,1.48193,2.34863,7997,2017,https://understat.com/getLeagueData/La_liga/2017,2017-11-18,True
2017-11-19,Ath Bilbao,Villarreal,1.01556,1.41304,7996,2017,https://understat.com/getLeagueData/La_liga/2017,2017-11-19,True
2017-11-19,Espanol,Valencia,1.14765,1.27213,7989,2017,https://understat.com/getLeagueData/La_liga/2017,2017-11-19,True
2017-11-19,Las Palmas,Levante,0.935842,1.0123,7993,2017,https://understat.com/getLeagueData/La_liga/2017,2017-11-19,True
2017-11-19,Malaga,La Coruna,1.7392,1.29498,7995,2017,https://understat.com/getLeagueData/La_liga/2017,2017-11-19,True
2017-11-20,Eibar,Betis,2.62321,0.689499,7991,2017,https://understat.com/getLeagueData/La_liga/2017,2017-11-20,True
2017-11-24,Celta,Leganes,1.34321,0.907445,8007,2017,https://understat.com/getLeagueData/La_liga/2017,2017-11-24,True
2017-11-25,Alaves,Eibar,0.401289,1.08957,8000,2017,https://understat.com/getLeagueData/La_liga/2017,2017-11-25,True
2017-11-25,Betis,Girona,1.20945,1.43823,8001,2017,https://understat.com/getLeagueData/La_liga/2017,2017-11-25,True
2017-11-25,Levante,Ath Madrid,1.15009,2.88458,8003,2017,https://understat.com/getLeagueData/La_liga/2017,2017-11-25,True
2017-11-25,Real Madrid,Malaga,3.0172,0.540736,8004,2017,https://understat.com/getLeagueData/La_liga/2017,2017-11-25,True
2017-11-26,La Coruna,Ath Bilbao,1.95643,1.59171,8005,2017,https://understat.com/getLeagueData/La_liga/2017,2017-11-26,True
2017-11-26,Sociedad,Las Palmas,2.02953,2.05048,8002,2017,https://understat.com/getLeagueData/La_liga/2017,2017-11-26,True
2017-11-26,Valencia,Barcelona,1.30897,0.904581,8008,2017,https://understat.com/getLeagueData/La_liga/2017,2017-11-26,True
2017-11-26,Villarreal,Sevilla,2.07496,1.8245,8006,2017,https://understat.com/getLeagueData/La_liga/2017,2017-11-26,True
2017-11-27,Espanol,Getafe,1.26709,0.836933,7999,2017,https://understat.com/getLeagueData/La_liga/2017,2017-11-27,True
2017-12-01,Malaga,Levante,0.863467,0.444647,8014,2017,https://understat.com/getLeagueData/La_liga/2017,2017-12-01,True
2017-12-02,Ath Bilbao,Real Madrid,1.34381,1.88247,8015,2017,https://understat.com/getLeagueData/La_liga/2017,2017-12-02,True
2017-12-02,Ath Madrid,Sociedad,3.06079,1.81521,8013,2017,https://understat.com/getLeagueData/La_liga/2017,2017-12-02,True
2017-12-02,Barcelona,Celta,3.8047,1.54959,8018,2017,https://understat.com/getLeagueData/La_liga/2017,2017-12-02,True
2017-12-02,Sevilla,La Coruna,1.53443,0.658203,8016,2017,https://understat.com/getLeagueData/La_liga/2017,2017-12-02,True
2017-12-03,Eibar,Espanol,1.70062,0.266091,8010,2017,https://understat.com/getLeagueData/La_liga/2017,2017-12-03,True
2017-12-03,Getafe,Valencia,0.910193,0.615671,8009,2017,https://understat.com/getLeagueData/La_liga/2017,2017-12-03,True
2017-12-03,Las Palmas,Betis,2.48469,0.35231,8012,2017,https://understat.com/getLeagueData/La_liga/2017,2017-12-03,True
2017-12-03,Leganes,Villarreal,1.22856,0.948796,8017,2017,https://understat.com/getLeagueData/La_liga/2017,2017-12-03,True
2017-12-04,Girona,Alaves,0.421084,1.71192,8011,2017,https://understat.com/getLeagueData/La_liga/2017,2017-12-04,True
2017-12-08,Alaves,Las Palmas,3.731,0.279196,8021,2017,https://understat.com/getLeagueData/La_liga/2017,2017-12-08,True
2017-12-09,Getafe,Eibar,0.267913,0.906043,8019,2017,https://understat.com/getLeagueData/La_liga/2017,2017-12-09,True
2017-12-09,La Coruna,Leganes,0.916437,0.118966,8026,2017,https://understat.com/getLeagueData/La_liga/2017,2017-12-09,True
2017-12-09,Real Madrid,Sevilla,3.5353,0.381749,8025,2017,https://understat.com/getLeagueData/La_liga/2017,2017-12-09,True
2017-12-09,Valencia,Celta,1.36901,1.12881,8028,2017,https://understat.com/getLeagueData/La_liga/2017,2017-12-09,True
2017-12-10,Betis,Ath Madrid,0.27905,0.789744,8022,2017,https://understat.com/getLeagueData/La_liga/2017,2017-12-10,True
2017-12-10,Levante,Ath Bilbao,1.1149,1.98411,8024,2017,https://understat.com/getLeagueData/La_liga/2017,2017-12-10,True
2017-12-10,Sociedad,Malaga,1.71766,1.85567,8023,2017,https://understat.com/getLeagueData/La_liga/2017,2017-12-10,True
2017-12-10,Villarreal,Barcelona,0.677295,3.67543,8027,2017,https://understat.com/getLeagueData/La_liga/2017,2017-12-10,True
2017-12-11,Espanol,Girona,0.348241,1.5012,8020,2017,https://understat.com/getLeagueData/La_liga/2017,2017-12-11,True
2017-12-15,Sevilla,Levante,2.43666,1.11964,8036,2017,https://understat.com/getLeagueData/La_liga/2017,2017-12-15,True
2017-12-16,Ath Bilbao,Sociedad,0.880943,0.474349,8035,2017,https://understat.com/getLeagueData/La_liga/2017,2017-12-16,True
2017-12-16,Ath Madrid,Alaves,1.04076,0.566869,8034,2017,https://understat.com/getLeagueData/La_liga/2017,2017-12-16,True
2017-12-16,Eibar,Valencia,0.808252,1.09896,8031,2017,https://understat.com/getLeagueData/La_liga/2017,2017-12-16,True
2017-12-17,Barcelona,La Coruna,6.46701,0.276894,8038,2017,https://understat.com/getLeagueData/La_liga/2017,2017-12-17,True
2017-12-17,Celta,Villarreal,0.882659,0.692275,8030,2017,https://understat.com/getLeagueData/La_liga/2017,2017-12-17,True
2017-12-17,Girona,Getafe,0.372216,0.263352,8032,2017,https://understat.com/getLeagueData/La_liga/2017,2017-12-17,True
2017-12-17,Las Palmas,Espanol,1.47394,2.13177,8033,2017,https://understat.com/getLeagueData/La_liga/2017,2017-12-17,True
2017-12-18,Malaga,Betis,1.07205,1.97464,8029,2017,https://understat.com/getLeagueData/La_liga/2017,2017-12-18,True
2017-12-19,Levante,Leganes,0.841442,0.282363,8045,2017,https://understat.com/getLeagueData/La_liga/2017,2017-12-19,True
2017-12-20,Getafe,Las Palmas,2.9282,1.89353,8040,2017,https://understat.com/getLeagueData/La_liga/2017,2017-12-20,True
2017-12-20,Sociedad,Sevilla,1.86402,0.304282,8044,2017,https://understat.com/getLeagueData/La_liga/2017,2017-12-20,True
2017-12-21,Alaves,Malaga,2.132,0.299907,8042,2017,https://understat.com/getLeagueData/La_liga/2017,2017-12-21,True
2017-12-21,Eibar,Girona,2.47814,0.343595,8039,2017,https://understat.com/getLeagueData/La_liga/2017,2017-12-21,True
2017-12-22,Betis,Ath Bilbao,1.26749,3.01564,8043,2017,https://understat.com/getLeagueData/La_liga/2017,2017-12-22,True
2017-12-22,Espanol,Ath Madrid,0.932545,0.798417,8041,2017,https://understat.com/getLeagueData/La_liga/2017,2017-12-22,True
2017-12-23,La Coruna,Celta,1.79279,1.56341,8047,2017,https://understat.com/getLeagueData/La_liga/2017,2017-12-23,True
2017-12-23,Real Madrid,Barcelona,1.30012,3.70518,8046,2017,https://understat.com/getLeagueData/La_liga/2017,2017-12-23,True
2017-12-23,Valencia,Villarreal,2.07887,1.11044,8048,2017,https://understat.com/getLeagueData/La_liga/2017,2017-12-23,True
2018-01-06,Ath Madrid,Getafe,1.45814,0.977635,8050,2017,https://understat.com/getLeagueData/La_liga/2017,2018-01-06,True
2018-01-06,Las Palmas,Eibar,0.909208,1.69025,8049,2017,https://understat.com/getLeagueData/La_liga/2017,2018-01-06,True
2018-01-06,Sevilla,Betis,1.29186,1.6433,8053,2017,https://understat.com/getLeagueData/La_liga/2017,2018-01-06,True
2018-01-06,Valencia,Girona,1.59323,1.67431,8058,2017,https://understat.com/getLeagueData/La_liga/2017,2018-01-06,True
2018-01-07,Ath Bilbao,Alaves,2.55044,0.232281,8052,2017,https://understat.com/getLeagueData/La_liga/2017,2018-01-07,True
2018-01-07,Barcelona,Levante,2.11533,0.675841,8055,2017,https://understat.com/getLeagueData/La_liga/2017,2018-01-07,True
2018-01-07,Celta,Real Madrid,2.01847,1.95926,8056,2017,https://understat.com/getLeagueData/La_liga/2017,2018-01-07,True
2018-01-07,Leganes,Sociedad,0.975475,0.711808,8054,2017,https://understat.com/getLeagueData/La_liga/2017,2018-01-07,True
2018-01-07,Villarreal,La Coruna,1.33873,1.81782,8057,2017,https://understat.com/getLeagueData/La_liga/2017,2018-01-07,True
2018-01-08,Malaga,Espanol,1.10377,0.300209,8051,2017,https://understat.com/getLeagueData/La_liga/2017,2018-01-08,True
2018-01-12,Getafe,Malaga,1.37242,0.378534,8068,2017,https://understat.com/getLeagueData/La_liga/2017,2018-01-12,True
2018-01-13,Eibar,Ath Madrid,0.922091,1.68244,8067,2017,https://understat.com/getLeagueData/La_liga/2017,2018-01-13,True
2018-01-13,Girona,Las Palmas,3.86809,0.142552,8066,2017,https://understat.com/getLeagueData/La_liga/2017,2018-01-13,True
2018-01-13,La Coruna,Valencia,1.78725,0.608761,8061,2017,https://understat.com/getLeagueData/La_liga/2017,2018-01-13,True
2018-01-13,Real Madrid,Villarreal,2.3468,0.858724,8060,2017,https://understat.com/getLeagueData/La_liga/2017,2018-01-13,True
2018-01-14,Alaves,Sevilla,0.607306,0.799343,8063,2017,https://understat.com/getLeagueData/La_liga/2017,2018-01-14,True
2018-01-14,Espanol,Ath Bilbao,0.540004,1.22268,8062,2017,https://understat.com/getLeagueData/La_liga/2017,2018-01-14,True
2018-01-14,Levante,Celta,1.87325,0.294559,8059,2017,https://understat.com/getLeagueData/La_liga/2017,2018-01-14,True
2018-01-14,Sociedad,Barcelona,0.781446,1.25295,8065,2017,https://understat.com/getLeagueData/La_liga/2017,2018-01-14,True
2018-01-15,Betis,Leganes,2.00661,1.76719,8064,2017,https://understat.com/getLeagueData/La_liga/2017,2018-01-15,True
2018-01-19,Getafe,Ath Bilbao,3.76973,1.39419,8073,2017,https://understat.com/getLeagueData/La_liga/2017,2018-01-19,True
2018-01-20,Ath Madrid,Girona,1.37281,0.782125,8070,2017,https://understat.com/getLeagueData/La_liga/2017,2018-01-20,True
2018-01-20,Espanol,Sevilla,1.09365,1.54864,8072,2017,https://understat.com/getLeagueData/La_liga/2017,2018-01-20,True
2018-01-20,Las Palmas,Valencia,3.28795,1.94919,8069,2017,https://understat.com/getLeagueData/La_liga/2017,2018-01-20,True
2018-01-20,Villarreal,Levante,3.14327,1.18009,8076,2017,https://understat.com/getLeagueData/La_liga/2017,2018-01-20,True
2018-01-21,Alaves,Leganes,1.75269,1.41663,8075,2017,https://understat.com/getLeagueData/La_liga/2017,2018-01-21,True
2018-01-21,Betis,Barcelona,0.313941,2.50628,8074,2017,https://understat.com/getLeagueData/La_liga/2017,2018-01-21,True
2018-01-21,Real Madrid,La Coruna,3.18339,1.84318,8078,2017,https://understat.com/getLeagueData/La_liga/2017,2018-01-21,True
2018-01-21,Sociedad,Celta,2.06555,1.4667,8077,2017,https://understat.com/getLeagueData/La_liga/2017,2018-01-21,True
2018-01-22,Eibar,Malaga,1.43961,1.36627,8071,2017,https://understat.com/getLeagueData/La_liga/2017,2018-01-22,True
2018-01-26,Ath Bilbao,Eibar,1.70978,0.488401,8082,2017,https://understat.com/getLeagueData/La_liga/2017,2018-01-26,True
2018-01-27,La Coruna,Levante,1.21181,1.06092,8087,2017,https://understat.com/getLeagueData/La_liga/2017,2018-01-27,True
2018-01-27,Malaga,Girona,0.717136,0.694387,8085,2017,https://understat.com/getLeagueData/La_liga/2017,2018-01-27,True
2018-01-27,Valencia,Real Madrid,1.41068,2.70685,8088,2017,https://understat.com/getLeagueData/La_liga/2017,2018-01-27,True
2018-01-27,Villarreal,Sociedad,2.2933,0.904787,8079,2017,https://understat.com/getLeagueData/La_liga/2017,2018-01-27,True
2018-01-28,Ath Madrid,Las Palmas,3.50759,0.454004,8086,2017,https://understat.com/getLeagueData/La_liga/2017,2018-01-28,True
2018-01-28,Barcelona,Alaves,2.08908,1.03397,8081,2017,https://understat.com/getLeagueData/La_liga/2017,2018-01-28,True
2018-01-28,Leganes,Espanol,0.781967,1.40084,8084,2017,https://understat.com/getLeagueData/La_liga/2017,2018-01-28,True
2018-01-28,Sevilla,Getafe,1.77022,0.780113,8083,2017,https://understat.com/getLeagueData/La_liga/2017,2018-01-28,True
2018-01-29,Celta,Betis,2.74078,1.29797,8080,2017,https://understat.com/getLeagueData/La_liga/2017,2018-01-29,True
2018-02-02,Sociedad,La Coruna,2.92272,0.215196,8090,2017,https://understat.com/getLeagueData/La_liga/2017,2018-02-02,True
2018-02-03,Alaves,Celta,1.20482,1.29603,8092,2017,https://understat.com/getLeagueData/La_liga/2017,2018-02-03,True
2018-02-03,Betis,Villarreal,0.532665,1.40361,8091,2017,https://understat.com/getLeagueData/La_liga/2017,2018-02-03,True
2018-02-03,Eibar,Sevilla,1.71804,1.72858,8095,2017,https://understat.com/getLeagueData/La_liga/2017,2018-02-03,True
2018-02-03,Levante,Real Madrid,1.31943,1.31592,8089,2017,https://understat.com/getLeagueData/La_liga/2017,2018-02-03,True
2018-02-04,Ath Madrid,Valencia,0.59761,0.324134,8098,2017,https://understat.com/getLeagueData/La_liga/2017,2018-02-04,True
2018-02-04,Espanol,Barcelona,0.928257,0.709587,8093,2017,https://understat.com/getLeagueData/La_liga/2017,2018-02-04,True
2018-02-04,Getafe,Leganes,1.08542,0.0976659,8094,2017,https://understat.com/getLeagueData/La_liga/2017,2018-02-04,True
2018-02-04,Girona,Ath Bilbao,3.07987,0.352756,8096,2017,https://understat.com/getLeagueData/La_liga/2017,2018-02-04,True
2018-02-05,Las Palmas,Malaga,0.305749,0.838368,8097,2017,https://understat.com/getLeagueData/La_liga/2017,2018-02-05,True
2018-02-09,Ath Bilbao,Las Palmas,0.651789,0.351625,8107,2017,https://understat.com/getLeagueData/La_liga/2017,2018-02-09,True
2018-02-10,Leganes,Eibar,0.106979,1.47183,8105,2017,https://understat.com/getLeagueData/La_liga/2017,2018-02-10,True
2018-02-10,Malaga,Ath Madrid,0.412228,0.507754,8108,2017,https://understat.com/getLeagueData/La_liga/2017,2018-02-10,True
2018-02-10,Real Madrid,Sociedad,5.307,0.981956,8100,2017,https://understat.com/getLeagueData/La_liga/2017,2018-02-10,True
2018-02-10,Villarreal,Alaves,1.9855,0.786699,8102,2017,https://understat.com/getLeagueData/La_liga/2017,2018-02-10,True
2018-02-11,Barcelona,Getafe,0.988899,0.333177,8104,2017,https://understat.com/getLeagueData/La_liga/2017,2018-02-11,True
2018-02-11,Celta,Espanol,2.33191,0.241607,8103,2017,https://understat.com/getLeagueData/La_liga/2017,2018-02-11,True
2018-02-11,Sevilla,Girona,2.27801,1.58043,8106,2017,https://understat.com/getLeagueData/La_liga/2017,2018-02-11,True
2018-02-11,Valencia,Levante,3.84966,0.188016,8099,2017,https://understat.com/getLeagueData/La_liga/2017,2018-02-11,True
2018-02-12,La Coruna,Betis,1.2907,0.867811,8101,2017,https://understat.com/getLeagueData/La_liga/2017,2018-02-12,True
2018-02-16,Girona,Leganes,1.35489,0.596666,8117,2017,https://understat.com/getLeagueData/La_liga/2017,2018-02-16,True
2018-02-17,Alaves,La Coruna,0.591477,0.192999,8111,2017,https://understat.com/getLeagueData/La_liga/2017,2018-02-17,True
2018-02-17,Eibar,Barcelona,0.511918,2.55934,8114,2017,https://understat.com/getLeagueData/La_liga/2017,2018-02-17,True
2018-02-17,Las Palmas,Sevilla,1.07811,2.84337,8118,2017,https://understat.com/getLeagueData/La_liga/2017,2018-02-17,True
2018-02-17,Malaga,Valencia,1.14716,1.18698,8116,2017,https://understat.com/getLeagueData/La_liga/2017,2018-02-17,True
2018-02-18,Ath Madrid,Ath Bilbao,0.916751,0.192651,8115,2017,https://understat.com/getLeagueData/La_liga/2017,2018-02-18,True
2018-02-18,Betis,Real Madrid,2.46741,1.84168,8110,2017,https://understat.com/getLeagueData/La_liga/2017,2018-02-18,True
2018-02-18,Espanol,Villarreal,1.28201,1.15691,8112,2017,https://understat.com/getLeagueData/La_liga/2017,2018-02-18,True
2018-02-18,Sociedad,Levante,2.19468,0.636405,8109,2017,https://understat.com/getLeagueData/La_liga/2017,2018-02-18,True
2018-02-19,Getafe,Celta,1.57227,0.0813122,8113,2017,https://understat.com/getLeagueData/La_liga/2017,2018-02-19,True
2018-02-21,Leganes,Real Madrid,1.18808,1.95404,8037,2017,https://understat.com/getLeagueData/La_liga/2017,2018-02-21,True
2018-02-23,La Coruna,Espanol,1.76399,0.373435,8125,2017,https://understat.com/getLeagueData/La_liga/2017,2018-02-23,True
2018-02-24,Barcelona,Girona,3.0399,0.756525,8122,2017,https://understat.com/getLeagueData/La_liga/2017,2018-02-24,True
2018-02-24,Celta,Eibar,1.47741,1.7577,8123,2017,https://understat.com/getLeagueData/La_liga/2017,2018-02-24,True
2018-02-24,Leganes,Las Palmas,1.52021,0.131187,8128,2017,https://understat.com/getLeagueData/La_liga/2017,2018-02-24,True
2018-02-24,Real Madrid,Alaves,3.51278,0.615652,8120,2017,https://understat.com/getLeagueData/La_liga/2017,2018-02-24,True
2018-02-25,Ath Bilbao,Malaga,0.620357,1.38648,8126,2017,https://understat.com/getLeagueData/La_liga/2017,2018-02-25,True
2018-02-25,Sevilla,Ath Madrid,1.06166,3.05248,8127,2017,https://understat.com/getLeagueData/La_liga/2017,2018-02-25,True
2018-02-25,Valencia,Sociedad,1.76569,0.592783,8119,2017,https://understat.com/getLeagueData/La_liga/2017,2018-02-25,True
2018-02-25,Villarreal,Getafe,1.02578,1.56032,8124,2017,https://understat.com/getLeagueData/La_liga/2017,2018-02-25,True
2018-02-26,Levante,Betis,0.82656,2.03465,8121,2017,https://understat.com/getLeagueData/La_liga/2017,2018-02-26,True
2018-02-27,Espanol,Real Madrid,0.787948,1.10507,8133,2017,https://understat.com/getLeagueData/La_liga/2017,2018-02-27,True
2018-02-27,Girona,Celta,1.25486,0.418862,8132,2017,https://understat.com/getLeagueData/La_liga/2017,2018-02-27,True
2018-02-28,Ath Bilbao,Valencia,1.91273,0.195723,8136,2017,https://understat.com/getLeagueData/La_liga/2017,2018-02-28,True
2018-02-28,Ath Madrid,Leganes,2.69704,0.754304,8135,2017,https://understat.com/getLeagueData/La_liga/2017,2018-02-28,True
2018-02-28,Eibar,Villarreal,1.00403,0.510311,8131,2017,https://understat.com/getLeagueData/La_liga/2017,2018-02-28,True
2018-02-28,Getafe,La Coruna,1.95067,0.325781,8130,2017,https://understat.com/getLeagueData/La_liga/2017,2018-02-28,True
2018-02-28,Malaga,Sevilla,0.295635,0.896695,8137,2017,https://understat.com/getLeagueData/La_liga/2017,2018-02-28,True
2018-03-01,Alaves,Levante,2.28032,0.290231,8134,2017,https://understat.com/getLeagueData/La_liga/2017,2018-03-01,True
2018-03-01,Betis,Sociedad,0.353891,0.399624,8129,2017,https://understat.com/getLeagueData/La_liga/2017,2018-03-01,True
2018-03-01,Las Palmas,Barcelona,1.44343,1.09273,8138,2017,https://understat.com/getLeagueData/La_liga/2017,2018-03-01,True
2018-03-03,La Coruna,Eibar,1.24866,0.601828,8143,2017,https://understat.com/getLeagueData/La_liga/2017,2018-03-03,True
2018-03-03,Leganes,Malaga,1.0368,0.521384,8147,2017,https://understat.com/getLeagueData/La_liga/2017,2018-03-03,True
2018-03-03,Real Madrid,Getafe,2.0181,0.840741,8142,2017,https://understat.com/getLeagueData/La_liga/2017,2018-03-03,True
2018-03-03,Sevilla,Ath Bilbao,2.46092,0.513503,8148,2017,https://understat.com/getLeagueData/La_liga/2017,2018-03-03,True
2018-03-03,Villarreal,Girona,0.546004,0.295862,8144,2017,https://understat.com/getLeagueData/La_liga/2017,2018-03-03,True
2018-03-04,Barcelona,Ath Madrid,0.808635,0.158837,8146,2017,https://understat.com/getLeagueData/La_liga/2017,2018-03-04,True
2018-03-04,Levante,Espanol,2.04187,1.06127,8141,2017,https://understat.com/getLeagueData/La_liga/2017,2018-03-04,True
2018-03-04,Sociedad,Alaves,1.93124,0.370822,8140,2017,https://understat.com/getLeagueData/La_liga/2017,2018-03-04,True
2018-03-04,Valencia,Betis,1.12897,0.36952,8139,2017,https://understat.com/getLeagueData/La_liga/2017,2018-03-04,True
2018-03-05,Celta,Las Palmas,1.49597,0.729207,8145,2017,https://understat.com/getLeagueData/La_liga/2017,2018-03-05,True
2018-03-09,Girona,La Coruna,1.03867,0.703693,8153,2017,https://understat.com/getLeagueData/La_liga/2017,2018-03-09,True
2018-03-10,Eibar,Real Madrid,1.39288,1.79681,8152,2017,https://understat.com/getLeagueData/La_liga/2017,2018-03-10,True
2018-03-10,Getafe,Levante,1.60766,0.800471,8151,2017,https://understat.com/getLeagueData/La_liga/2017,2018-03-10,True
2018-03-10,Malaga,Barcelona,0.541391,2.42399,8156,2017,https://understat.com/getLeagueData/La_liga/2017,2018-03-10,True
2018-03-10,Sevilla,Valencia,1.10014,1.13005,8158,2017,https://understat.com/getLeagueData/La_liga/2017,2018-03-10,True
2018-03-11,Ath Bilbao,Leganes,1.26084,1.34791,8157,2017,https://understat.com/getLeagueData/La_liga/2017,2018-03-11,True
2018-03-11,Ath Madrid,Celta,1.6219,0.87523,8155,2017,https://understat.com/getLeagueData/La_liga/2017,2018-03-11,True
2018-03-11,Espanol,Sociedad,2.49193,0.947318,8150,2017,https://understat.com/getLeagueData/La_liga/2017,2018-03-11,True
2018-03-11,Las Palmas,Villarreal,1.02723,2.62384,8154,2017,https://understat.com/getLeagueData/La_liga/2017,2018-03-11,True
2018-03-12,Alaves,Betis,0.783255,1.71568,8149,2017,https://understat.com/getLeagueData/La_liga/2017,2018-03-12,True
2018-03-16,Levante,Eibar,1.71343,1.91049,8162,2017,https://understat.com/getLeagueData/La_liga/2017,2018-03-16,True
2018-03-17,Betis,Espanol,0.756102,0.175768,8160,2017,https://understat.com/getLeagueData/La_liga/2017,2018-03-17,True
2018-03-17,La Coruna,Las Palmas,1.26948,0.310044,8164,2017,https://understat.com/getLeagueData/La_liga/2017,2018-03-17,True
2018-03-17,Sociedad,Getafe,0.424264,0.80265,8161,2017,https://understat.com/getLeagueData/La_liga/2017,2018-03-17,True
2018-03-17,Valencia,Alaves,2.69263,1.24894,8159,2017,https://understat.com/getLeagueData/La_liga/2017,2018-03-17,True
2018-03-18,Barcelona,Ath Bilbao,2.93887,0.9045,8167,2017,https://understat.com/getLeagueData/La_liga/2017,2018-03-18,True
2018-03-18,Celta,Malaga,1.38296,0.483684,8166,2017,https://understat.com/getLeagueData/La_liga/2017,2018-03-18,True
2018-03-18,Leganes,Sevilla,1.73518,0.452713,8168,2017,https://understat.com/getLeagueData/La_liga/2017,2018-03-18,True
2018-03-18,Real Madrid,Girona,3.51065,1.69932,8163,2017,https://understat.com/getLeagueData/La_liga/2017,2018-03-18,True
2018-03-18,Villarreal,Ath Madrid,1.39436,1.16223,8165,2017,https://understat.com/getLeagueData/La_liga/2017,2018-03-18,True
2018-03-31,Ath Bilbao,Celta,1.85897,0.487787,8176,2017,https://understat.com/getLeagueData/La_liga/2017,2018-03-31,True
2018-03-31,Girona,Levante,0.922091,1.91933,8172,2017,https://understat.com/getLeagueData/La_liga/2017,2018-03-31,True
2018-03-31,Las Palmas,Real Madrid,0.91426,3.88382,8173,2017,https://understat.com/getLeagueData/La_liga/2017,2018-03-31,True
2018-03-31,Sevilla,Barcelona,3.6851,1.48888,8177,2017,https://understat.com/getLeagueData/La_liga/2017,2018-03-31,True
2018-04-01,Ath Madrid,La Coruna,1.41638,1.05793,8174,2017,https://understat.com/getLeagueData/La_liga/2017,2018-04-01,True
2018-04-01,Eibar,Sociedad,0.54378,0.711691,8171,2017,https://understat.com/getLeagueData/La_liga/2017,2018-04-01,True
2018-04-01,Espanol,Alaves,0.638324,0.537352,8169,2017,https://understat.com/getLeagueData/La_liga/2017,2018-04-01,True
2018-04-01,Leganes,Valencia,0.824763,0.0824376,8178,2017,https://understat.com/getLeagueData/La_liga/2017,2018-04-01,True
2018-04-01,Malaga,Villarreal,1.53768,0.374247,8175,2017,https://understat.com/getLeagueData/La_liga/2017,2018-04-01,True
2018-04-02,Getafe,Betis,1.8449,0.792933,8170,2017,https://understat.com/getLeagueData/La_liga/2017,2018-04-02,True
2018-04-06,La Coruna,Malaga,2.38294,0.66021,8180,2017,https://understat.com/getLeagueData/La_liga/2017,2018-04-06,True
2018-04-07,Alaves,Getafe,1.48909,0.881652,8184,2017,https://understat.com/getLeagueData/La_liga/2017,2018-04-07,True
2018-04-07,Barcelona,Leganes,2.70223,0.64842,8182,2017,https://understat.com/getLeagueData/La_liga/2017,2018-04-07,True
2018-04-07,Betis,Eibar,2.26948,0.500493,8185,2017,https://understat.com/getLeagueData/La_liga/2017,2018-04-07,True
2018-04-07,Celta,Sevilla,2.31598,1.74101,8179,2017,https://understat.com/getLeagueData/La_liga/2017,2018-04-07,True
2018-04-08,Levante,Las Palmas,1.83153,1.55654,8187,2017,https://understat.com/getLeagueData/La_liga/2017,2018-04-08,True
2018-04-08,Real Madrid,Ath Madrid,2.34722,1.29841,8188,2017,https://understat.com/getLeagueData/La_liga/2017,2018-04-08,True
2018-04-08,Sociedad,Girona,3.53372,0.592456,8186,2017,https://understat.com/getLeagueData/La_liga/2017,2018-04-08,True
2018-04-08,Valencia,Espanol,1.99031,1.15464,8183,2017,https://understat.com/getLeagueData/La_liga/2017,2018-04-08,True
2018-04-09,Villarreal,Ath Bilbao,0.559924,3.71849,8181,2017,https://understat.com/getLeagueData/La_liga/2017,2018-04-09,True
2018-04-13,Girona,Betis,0.457016,1.37059,8191,2017,https://understat.com/getLeagueData/La_liga/2017,2018-04-13,True
2018-04-14,Ath Bilbao,La Coruna,0.765312,1.29636,8195,2017,https://understat.com/getLeagueData/La_liga/2017,2018-04-14,True
2018-04-14,Barcelona,Valencia,1.95235,2.24116,8197,2017,https://understat.com/getLeagueData/La_liga/2017,2018-04-14,True
2018-04-14,Las Palmas,Sociedad,0.706793,3.17928,8192,2017,https://understat.com/getLeagueData/La_liga/2017,2018-04-14,True
2018-04-14,Leganes,Celta,1.74594,0.791146,8198,2017,https://understat.com/getLeagueData/La_liga/2017,2018-04-14,True
2018-04-14,Sevilla,Villarreal,1.8496,1.13249,8196,2017,https://understat.com/getLeagueData/La_liga/2017,2018-04-14,True
2018-04-15,Ath Madrid,Levante,1.12328,0.675734,8193,2017,https://understat.com/getLeagueData/La_liga/2017,2018-04-15,True
2018-04-15,Eibar,Alaves,1.2615,0.118099,8190,2017,https://understat.com/getLeagueData/La_liga/2017,2018-04-15,True
2018-04-15,Getafe,Espanol,0.696539,0.515034,8189,2017,https://understat.com/getLeagueData/La_liga/2017,2018-04-15,True
2018-04-15,Malaga,Real Madrid,1.18107,2.29821,8194,2017,https://understat.com/getLeagueData/La_liga/2017,2018-04-15,True
2018-04-17,Celta,Barcelona,3.39681,2.27463,8208,2017,https://understat.com/getLeagueData/La_liga/2017,2018-04-17,True
2018-04-17,La Coruna,Sevilla,1.897,1.79029,8206,2017,https://understat.com/getLeagueData/La_liga/2017,2018-04-17,True
2018-04-17,Villarreal,Leganes,1.38187,0.206095,8207,2017,https://understat.com/getLeagueData/La_liga/2017,2018-04-17,True
2018-04-18,Espanol,Eibar,0.472484,0.287037,8199,2017,https://understat.com/getLeagueData/La_liga/2017,2018-04-18,True
2018-04-18,Real Madrid,Ath Bilbao,1.42965,0.929328,8205,2017,https://understat.com/getLeagueData/La_liga/2017,2018-04-18,True
2018-04-18,Valencia,Getafe,0.840314,0.535543,8200,2017,https://understat.com/getLeagueData/La_liga/2017,2018-04-18,True
2018-04-19,Alaves,Girona,0.908885,1.7941,8204,2017,https://understat.com/getLeagueData/La_liga/2017,2018-04-19,True
2018-04-19,Betis,Las Palmas,1.37854,0.0209842,8203,2017,https://understat.com/getLeagueData/La_liga/2017,2018-04-19,True
2018-04-19,Levante,Malaga,1.28691,0.547059,8201,2017,https://understat.com/getLeagueData/La_liga/2017,2018-04-19,True
2018-04-19,Sociedad,Ath Madrid,0.806834,0.463384,8202,2017,https://understat.com/getLeagueData/La_liga/2017,2018-04-19,True
2018-04-20,Leganes,La Coruna,0.719922,0.978814,8216,2017,https://understat.com/getLeagueData/La_liga/2017,2018-04-20,True
2018-04-21,Celta,Valencia,0.79777,2.36216,8218,2017,https://understat.com/getLeagueData/La_liga/2017,2018-04-21,True
2018-04-21,Eibar,Getafe,0.401553,0.618811,8209,2017,https://understat.com/getLeagueData/La_liga/2017,2018-04-21,True
2018-04-22,Ath Madrid,Betis,1.23503,0.674891,8212,2017,https://understat.com/getLeagueData/La_liga/2017,2018-04-22,True
2018-04-22,Girona,Espanol,1.95052,0.949254,8210,2017,https://understat.com/getLeagueData/La_liga/2017,2018-04-22,True
2018-04-22,Las Palmas,Alaves,0.349971,1.59228,8211,2017,https://understat.com/getLeagueData/La_liga/2017,2018-04-22,True
2018-04-22,Malaga,Sociedad,1.01179,1.24873,8213,2017,https://understat.com/getLeagueData/La_liga/2017,2018-04-22,True
2018-04-23,Ath Bilbao,Levante,1.7848,1.50007,8214,2017,https://understat.com/getLeagueData/La_liga/2017,2018-04-23,True
2018-04-27,Levante,Sevilla,1.83277,0.975459,8222,2017,https://understat.com/getLeagueData/La_liga/2017,2018-04-27,True
2018-04-28,Espanol,Las Palmas,2.35325,1.7456,8220,2017,https://understat.com/getLeagueData/La_liga/2017,2018-04-28,True
2018-04-28,Real Madrid,Leganes,1.77458,2.02363,8228,2017,https://understat.com/getLeagueData/La_liga/2017,2018-04-28,True
2018-04-28,Sociedad,Ath Bilbao,1.76162,1.09625,8223,2017,https://understat.com/getLeagueData/La_liga/2017,2018-04-28,True
2018-04-28,Villarreal,Celta,4.36585,1.51033,8226,2017,https://understat.com/getLeagueData/La_liga/2017,2018-04-28,True
2018-04-29,Alaves,Ath Madrid,0.52622,2.56109,8225,2017,https://understat.com/getLeagueData/La_liga/2017,2018-04-29,True
2018-04-29,Getafe,Girona,2.51533,2.07365,8221,2017,https://understat.com/getLeagueData/La_liga/2017,2018-04-29,True
2018-04-29,La Coruna,Barcelona,2.46343,3.65273,8227,2017,https://understat.com/getLeagueData/La_liga/2017,2018-04-29,True
2018-04-29,Valencia,Eibar,0.748181,1.29179,8219,2017,https://understat.com/getLeagueData/La_liga/2017,2018-04-29,True
2018-04-30,Betis,Malaga,1.91249,0.587902,8224,2017,https://understat.com/getLeagueData/La_liga/2017,2018-04-30,True
2018-05-04,Sevilla,Sociedad,1.66025,0.63922,8234,2017,https://understat.com/getLeagueData/La_liga/2017,2018-05-04,True
2018-05-05,Ath Bilbao,Betis,1.08298,0.179778,8233,2017,https://understat.com/getLeagueData/La_liga/2017,2018-05-05,True
2018-05-05,Celta,La Coruna,0.995172,0.802341,8237,2017,https://understat.com/getLeagueData/La_liga/2017,2018-05-05,True
2018-05-05,Girona,Eibar,1.57265,1.82278,8229,2017,https://understat.com/getLeagueData/La_liga/2017,2018-05-05,True
2018-05-05,Villarreal,Valencia,1.31831,0.531287,8238,2017,https://understat.com/getLeagueData/La_liga/2017,2018-05-05,True
2018-05-06,Ath Madrid,Espanol,0.39488,1.01747,8231,2017,https://understat.com/getLeagueData/La_liga/2017,2018-05-06,True
2018-05-06,Barcelona,Real Madrid,1.31039,1.69458,8236,2017,https://understat.com/getLeagueData/La_liga/2017,2018-05-06,True
2018-05-06,Las Palmas,Getafe,1.97436,1.26465,8230,2017,https://understat.com/getLeagueData/La_liga/2017,2018-05-06,True
2018-05-06,Malaga,Alaves,1.66977,1.75049,8232,2017,https://understat.com/getLeagueData/La_liga/2017,2018-05-06,True
2018-05-07,Leganes,Levante,1.31956,1.40887,8235,2017,https://understat.com/getLeagueData/La_liga/2017,2018-05-07,True
2018-05-09,Barcelona,Villarreal,3.06814,1.10579,8217,2017,https://understat.com/getLeagueData/La_liga/2017,2018-05-09,True
2018-05-09,Sevilla,Real Madrid,2.42064,2.27979,8215,2017,https://understat.com/getLeagueData/La_liga/2017,2018-05-09,True
2018-05-12,Alaves,Ath Bilbao,0.335029,1.03761,8243,2017,https://understat.com/getLeagueData/La_liga/2017,2018-05-12,True
2018-05-12,Betis,Sevilla,1.19618,1.76146,8244,2017,https://understat.com/getLeagueData/La_liga/2017,2018-05-12,True
2018-05-12,Eibar,Las Palmas,0.992038,0.514215,8240,2017,https://understat.com/getLeagueData/La_liga/2017,2018-05-12,True
2018-05-12,Getafe,Ath Madrid,1.08432,0.869538,8241,2017,https://understat.com/getLeagueData/La_liga/2017,2018-05-12,True
2018-05-12,Girona,Valencia,0.596538,0.896724,8239,2017,https://understat.com/getLeagueData/La_liga/2017,2018-05-12,True
2018-05-12,La Coruna,Villarreal,2.2106,3.02368,8248,2017,https://understat.com/getLeagueData/La_liga/2017,2018-05-12,True
2018-05-12,Real Madrid,Celta,1.95788,0.202932,8247,2017,https://understat.com/getLeagueData/La_liga/2017,2018-05-12,True
2018-05-12,Sociedad,Leganes,2.77676,1.44103,8245,2017,https://understat.com/getLeagueData/La_liga/2017,2018-05-12,True
2018-05-13,Espanol,Malaga,3.96999,1.72397,8242,2017,https://understat.com/getLeagueData/La_liga/2017,2018-05-13,True
2018-05-13,Levante,Barcelona,3.50895,1.95835,8246,2017,https://understat.com/getLeagueData/La_liga/2017,2018-05-13,True
2018-05-19,Celta,Levante,4.51406,0.26433,8257,2017,https://understat.com/getLeagueData/La_liga/2017,2018-05-19,True
2018-05-19,Las Palmas,Girona,1.09053,1.637,8249,2017,https://understat.com/getLeagueData/La_liga/2017,2018-05-19,True
2018-05-19,Leganes,Betis,1.24382,1.80096,8254,2017,https://understat.com/getLeagueData/La_liga/2017,2018-05-19,True
2018-05-19,Malaga,Getafe,0.804563,1.43517,8251,2017,https://understat.com/getLeagueData/La_liga/2017,2018-05-19,True
2018-05-19,Sevilla,Alaves,2.45526,1.08698,8253,2017,https://understat.com/getLeagueData/La_liga/2017,2018-05-19,True
2018-05-19,Villarreal,Real Madrid,1.35791,1.06317,8256,2017,https://understat.com/getLeagueData/La_liga/2017,2018-05-19,True
2018-05-20,Ath Bilbao,Espanol,0.851602,1.08743,8252,2017,https://understat.com/getLeagueData/La_liga/2017,2018-05-20,True
2018-05-20,Ath Madrid,Eibar,1.46822,0.953672,8250,2017,https://understat.com/getLeagueData/La_liga/2017,2018-05-20,True
2018-05-20,Barcelona,Sociedad,1.35941,0.817475,8258,2017,https://understat.com/getLeagueData/La_liga/2017,2018-05-20,True
2018-05-20,Valencia,La Coruna,2.41895,1.85263,8255,2017,https://understat.com/getLeagueData/La_liga/2017,2018-05-20,True
2018-08-17,Betis,Levante,1.00338,2.67481,9958,2018,https://understat.com/getLeagueData/La_liga/2018,2018-08-17,True
2018-08-17,Girona,Valladolid,0.626716,0.030934,9957,2018,https://understat.com/getLeagueData/La_liga/2018,2018-08-17,True
2018-08-18,Barcelona,Alaves,3.26753,0.248353,9961,2018,https://understat.com/getLeagueData/La_liga/2018,2018-08-18,True
2018-08-18,Celta,Espanol,0.428686,0.647286,9959,2018,https://understat.com/getLeagueData/La_liga/2018,2018-08-18,True
2018-08-18,Villarreal,Sociedad,1.39716,0.410646,9960,2018,https://understat.com/getLeagueData/La_liga/2018,2018-08-18,True
2018-08-19,Eibar,Huesca,1.49776,1.51617,9962,2018,https://understat.com/getLeagueData/La_liga/2018,2018-08-19,True
2018-08-19,Real Madrid,Getafe,1.16219,0.188446,9964,2018,https://understat.com/getLeagueData/La_liga/2018,2018-08-19,True
2018-08-19,Vallecano,Sevilla,2.39239,3.34997,9963,2018,https://understat.com/getLeagueData/La_liga/2018,2018-08-19,True
2018-08-20,Ath Bilbao,Leganes,2.45697,1.14522,9966,2018,https://understat.com/getLeagueData/La_liga/2018,2018-08-20,True
2018-08-20,Valencia,Ath Madrid,1.07885,0.979952,9965,2018,https://understat.com/getLeagueData/La_liga/2018,2018-08-20,True
2018-08-24,Getafe,Eibar,1.74287,0.529404,9967,2018,https://understat.com/getLeagueData/La_liga/2018,2018-08-24,True
2018-08-24,Leganes,Sociedad,1.67636,1.69572,9968,2018,https://understat.com/getLeagueData/La_liga/2018,2018-08-24,True
2018-08-25,Alaves,Betis,0.580983,1.5812,9969,2018,https://understat.com/getLeagueData/La_liga/2018,2018-08-25,True
2018-08-25,Ath Madrid,Vallecano,0.976216,1.48336,9970,2018,https://understat.com/getLeagueData/La_liga/2018,2018-08-25,True
2018-08-25,Valladolid,Barcelona,0.510742,1.20392,9971,2018,https://understat.com/getLeagueData/La_liga/2018,2018-08-25,True
2018-08-26,Espanol,Valencia,1.50101,1.0368,9972,2018,https://understat.com/getLeagueData/La_liga/2018,2018-08-26,True
2018-08-26,Girona,Real Madrid,0.502361,4.09404,9974,2018,https://understat.com/getLeagueData/La_liga/2018,2018-08-26,True
2018-08-26,Sevilla,Villarreal,1.97161,0.671429,9973,2018,https://understat.com/getLeagueData/La_liga/2018,2018-08-26,True
2018-08-27,Ath Bilbao,Huesca,0.852349,0.217866,9976,2018,https://understat.com/getLeagueData/La_liga/2018,2018-08-27,True
2018-08-27,Levante,Celta,1.84058,2.61735,9975,2018,https://understat.com/getLeagueData/La_liga/2018,2018-08-27,True
2018-08-31,Eibar,Sociedad,0.798059,1.32388,9978,2018,https://understat.com/getLeagueData/La_liga/2018,2018-08-31,True
2018-08-31,Getafe,Valladolid,1.0807,1.09505,9977,2018,https://understat.com/getLeagueData/La_liga/2018,2018-08-31,True
2018-08-31,Villarreal,Girona,1.13128,0.832999,9979,2018,https://understat.com/getLeagueData/La_liga/2018,2018-08-31,True
2018-09-01,Celta,Ath Madrid,0.678086,0.432703,9980,2018,https://understat.com/getLeagueData/La_liga/2018,2018-09-01,True
2018-09-01,Real Madrid,Leganes,2.31092,1.00157,9982,2018,https://understat.com/getLeagueData/La_liga/2018,2018-09-01,True
2018-09-02,Alaves,Espanol,1.15622,1.04802,9984,2018,https://understat.com/getLeagueData/La_liga/2018,2018-09-02,True
2018-09-02,Barcelona,Huesca,6.0418,1.63632,9985,2018,https://understat.com/getLeagueData/La_liga/2018,2018-09-02,True
2018-09-02,Betis,Sevilla,1.18295,0.784969,9986,2018,https://understat.com/getLeagueData/La_liga/2018,2018-09-02,True
2018-09-02,Levante,Valencia,1.50228,3.39969,9983,2018,https://understat.com/getLeagueData/La_liga/2018,2018-09-02,True
2018-09-14,Huesca,Vallecano,1.66772,1.20514,9987,2018,https://understat.com/getLeagueData/La_liga/2018,2018-09-14,True
2018-09-15,Ath Bilbao,Real Madrid,1.45129,1.95843,9991,2018,https://understat.com/getLeagueData/La_liga/2018,2018-09-15,True
2018-09-15,Ath Madrid,Eibar,2.4656,1.21431,9988,2018,https://understat.com/getLeagueData/La_liga/2018,2018-09-15,True
2018-09-15,Sociedad,Barcelona,1.47969,1.7617,9989,2018,https://understat.com/getLeagueData/La_liga/2018,2018-09-15,True
2018-09-15,Valencia,Betis,1.04644,1.22346,9990,2018,https://understat.com/getLeagueData/La_liga/2018,2018-09-15,True
2018-09-16,Espanol,Levante,1.61848,0.690773,9993,2018,https://understat.com/getLeagueData/La_liga/2018,2018-09-16,True
2018-09-16,Leganes,Villarreal,1.22184,0.533854,9992,2018,https://understat.com/getLeagueData/La_liga/2018,2018-09-16,True
2018-09-16,Sevilla,Getafe,1.08255,2.12717,9995,2018,https://understat.com/getLeagueData/La_liga/2018,2018-09-16,True
2018-09-16,Valladolid,Alaves,1.10397,0.848478,9994,2018,https://understat.com/getLeagueData/La_liga/2018,2018-09-16,True
2018-09-17,Girona,Celta,1.72168,0.901248,9996,2018,https://understat.com/getLeagueData/La_liga/2018,2018-09-17,True
2018-09-21,Huesca,Sociedad,0.565773,0.200875,10003,2018,https://understat.com/getLeagueData/La_liga/2018,2018-09-21,True
2018-09-22,Celta,Valladolid,2.13067,2.16098,10005,2018,https://understat.com/getLeagueData/La_liga/2018,2018-09-22,True
2018-09-22,Eibar,Leganes,1.78459,0.781041,10004,2018,https://understat.com/getLeagueData/La_liga/2018,2018-09-22,True
2018-09-22,Getafe,Ath Madrid,0.580433,1.4765,9999,2018,https://understat.com/getLeagueData/La_liga/2018,2018-09-22,True
2018-09-22,Real Madrid,Espanol,1.08701,0.424687,9998,2018,https://understat.com/getLeagueData/La_liga/2018,2018-09-22,True
2018-09-22,Vallecano,Alaves,1.08157,1.24884,10001,2018,https://understat.com/getLeagueData/La_liga/2018,2018-09-22,True
2018-09-23,Barcelona,Girona,1.67678,1.54969,9997,2018,https://understat.com/getLeagueData/La_liga/2018,2018-09-23,True
2018-09-23,Betis,Ath Bilbao,1.55308,0.947496,10000,2018,https://understat.com/getLeagueData/La_liga/2018,2018-09-23,True
2018-09-23,Levante,Sevilla,2.24847,3.40128,10002,2018,https://understat.com/getLeagueData/La_liga/2018,2018-09-23,True
2018-09-23,Villarreal,Valencia,0.480494,0.376192,10006,2018,https://understat.com/getLeagueData/La_liga/2018,2018-09-23,True
2018-09-25,Ath Madrid,Huesca,1.1563,0.500396,10014,2018,https://understat.com/getLeagueData/La_liga/2018,2018-09-25,True
2018-09-25,Espanol,Eibar,0.897083,0.200168,10010,2018,https://understat.com/getLeagueData/La_liga/2018,2018-09-25,True
2018-09-25,Sociedad,Vallecano,1.23911,1.77977,10008,2018,https://understat.com/getLeagueData/La_liga/2018,2018-09-25,True
2018-09-26,Ath Bilbao,Villarreal,0.754289,2.45205,10015,2018,https://understat.com/getLeagueData/La_liga/2018,2018-09-26,True
2018-09-26,Leganes,Barcelona,1.17874,0.40097,10013,2018,https://understat.com/getLeagueData/La_liga/2018,2018-09-26,True
2018-09-26,Sevilla,Real Madrid,2.29262,1.55351,10016,2018,https://understat.com/getLeagueData/La_liga/2018,2018-09-26,True
2018-09-26,Valencia,Celta,1.03637,0.404953,10011,2018,https://understat.com/getLeagueData/La_liga/2018,2018-09-26,True
2018-09-27,Alaves,Getafe,1.65223,1.20669,10007,2018,https://understat.com/getLeagueData/La_liga/2018,2018-09-27,True
2018-09-27,Girona,Betis,0.830935,1.56038,10012,2018,https://understat.com/getLeagueData/La_liga/2018,2018-09-27,True
2018-09-27,Valladolid,Levante,1.25362,1.09992,10009,2018,https://understat.com/getLeagueData/La_liga/2018,2018-09-27,True
2018-09-28,Vallecano,Espanol,1.22522,1.7919,10019,2018,https://understat.com/getLeagueData/La_liga/2018,2018-09-28,True
2018-09-29,Barcelona,Ath Bilbao,3.06389,0.889081,10020,2018,https://understat.com/getLeagueData/La_liga/2018,2018-09-29,True
2018-09-29,Eibar,Sevilla,0.563865,1.98532,10024,2018,https://understat.com/getLeagueData/La_liga/2018,2018-09-29,True
2018-09-29,Real Madrid,Ath Madrid,1.13552,0.661567,10022,2018,https://understat.com/getLeagueData/La_liga/2018,2018-09-29,True
2018-09-29,Sociedad,Valencia,1.12097,0.924746,10023,2018,https://understat.com/getLeagueData/La_liga/2018,2018-09-29,True
2018-09-30,Betis,Leganes,2.09064,0.410456,10017,2018,https://understat.com/getLeagueData/La_liga/2018,2018-09-30,True
2018-09-30,Huesca,Girona,1.6139,1.80702,10018,2018,https://understat.com/getLeagueData/La_liga/2018,2018-09-30,True
2018-09-30,Levante,Alaves,1.37126,0.703753,10021,2018,https://understat.com/getLeagueData/La_liga/2018,2018-09-30,True
2018-09-30,Villarreal,Valladolid,2.90806,0.848198,10026,2018,https://understat.com/getLeagueData/La_liga/2018,2018-09-30,True
2018-10-01,Celta,Getafe,0.481181,1.02662,10025,2018,https://understat.com/getLeagueData/La_liga/2018,2018-10-01,True
2018-10-05,Ath Bilbao,Sociedad,1.18842,2.11494,10035,2018,https://understat.com/getLeagueData/La_liga/2018,2018-10-05,True
2018-10-06,Alaves,Real Madrid,1.16947,0.872949,10027,2018,https://understat.com/getLeagueData/La_liga/2018,2018-10-06,True
2018-10-06,Getafe,Levante,1.04946,0.902661,10032,2018,https://understat.com/getLeagueData/La_liga/2018,2018-10-06,True
2018-10-06,Girona,Eibar,1.31255,2.11152,10028,2018,https://understat.com/getLeagueData/La_liga/2018,2018-10-06,True
2018-10-06,Leganes,Vallecano,1.18789,0.408158,10031,2018,https://understat.com/getLeagueData/La_liga/2018,2018-10-06,True
2018-10-07,Ath Madrid,Betis,0.573515,0.281257,10034,2018,https://understat.com/getLeagueData/La_liga/2018,2018-10-07,True
2018-10-07,Espanol,Villarreal,2.74615,1.59419,10033,2018,https://understat.com/getLeagueData/La_liga/2018,2018-10-07,True
2018-10-07,Sevilla,Celta,2.237,0.895831,10029,2018,https://understat.com/getLeagueData/La_liga/2018,2018-10-07,True
2018-10-07,Valencia,Barcelona,1.53635,0.373489,10030,2018,https://understat.com/getLeagueData/La_liga/2018,2018-10-07,True
2018-10-07,Valladolid,Huesca,0.927264,0.800191,10036,2018,https://understat.com/getLeagueData/La_liga/2018,2018-10-07,True
2018-10-19,Celta,Alaves,0.733589,0.988217,10044,2018,https://understat.com/getLeagueData/La_liga/2018,2018-10-19,True
2018-10-20,Barcelona,Sevilla,3.21948,1.89801,10037,2018,https://understat.com/getLeagueData/La_liga/2018,2018-10-20,True
2018-10-20,Real Madrid,Levante,3.02601,1.83965,10046,2018,https://understat.com/getLeagueData/La_liga/2018,2018-10-20,True
2018-10-20,Valencia,Leganes,1.18124,0.973224,10038,2018,https://understat.com/getLeagueData/La_liga/2018,2018-10-20,True
2018-10-20,Villarreal,Ath Madrid,1.86233,1.62367,10042,2018,https://understat.com/getLeagueData/La_liga/2018,2018-10-20,True
2018-10-21,Betis,Valladolid,0.820674,0.501587,10045,2018,https://understat.com/getLeagueData/La_liga/2018,2018-10-21,True
2018-10-21,Eibar,Ath Bilbao,1.68646,0.992745,10043,2018,https://understat.com/getLeagueData/La_liga/2018,2018-10-21,True
2018-10-21,Huesca,Espanol,0.264947,1.84992,10041,2018,https://understat.com/getLeagueData/La_liga/2018,2018-10-21,True
2018-10-21,Vallecano,Getafe,0.320919,0.498066,10040,2018,https://understat.com/getLeagueData/La_liga/2018,2018-10-21,True
2018-10-22,Sociedad,Girona,0.57678,0.53783,10039,2018,https://understat.com/getLeagueData/La_liga/2018,2018-10-22,True
2018-10-24,Vallecano,Ath Bilbao,1.35392,1.23764,9981,2018,https://understat.com/getLeagueData/La_liga/2018,2018-10-24,True
2018-10-26,Valladolid,Espanol,1.2412,0.508367,10049,2018,https://understat.com/getLeagueData/La_liga/2018,2018-10-26,True
2018-10-27,Ath Bilbao,Valencia,0.632913,0.723783,10054,2018,https://understat.com/getLeagueData/La_liga/2018,2018-10-27,True
2018-10-27,Ath Madrid,Sociedad,1.41243,0.211158,10053,2018,https://understat.com/getLeagueData/La_liga/2018,2018-10-27,True
2018-10-27,Celta,Eibar,1.28908,1.37498,10052,2018,https://understat.com/getLeagueData/La_liga/2018,2018-10-27,True
2018-10-27,Girona,Vallecano,2.73207,1.74235,10051,2018,https://understat.com/getLeagueData/La_liga/2018,2018-10-27,True
2018-10-27,Levante,Leganes,1.15766,1.46459,10056,2018,https://understat.com/getLeagueData/La_liga/2018,2018-10-27,True
2018-10-28,Alaves,Villarreal,1.97594,1.0916,10055,2018,https://understat.com/getLeagueData/La_liga/2018,2018-10-28,True
2018-10-28,Barcelona,Real Madrid,3.15939,2.11339,10047,2018,https://understat.com/getLeagueData/La_liga/2018,2018-10-28,True
2018-10-28,Getafe,Betis,2.5306,0.554027,10050,2018,https://understat.com/getLeagueData/La_liga/2018,2018-10-28,True
2018-10-28,Sevilla,Huesca,1.88431,1.01306,10048,2018,https://understat.com/getLeagueData/La_liga/2018,2018-10-28,True
2018-11-03,Leganes,Ath Madrid,1.35197,0.406811,10061,2018,https://understat.com/getLeagueData/La_liga/2018,2018-11-03,True
2018-11-03,Real Madrid,Valladolid,1.93382,1.1095,10065,2018,https://understat.com/getLeagueData/La_liga/2018,2018-11-03,True
2018-11-03,Valencia,Girona,2.25862,0.37733,10058,2018,https://understat.com/getLeagueData/La_liga/2018,2018-11-03,True
2018-11-03,Vallecano,Barcelona,1.62632,1.95386,10060,2018,https://understat.com/getLeagueData/La_liga/2018,2018-11-03,True
2018-11-04,Betis,Celta,1.86082,2.25389,10057,2018,https://understat.com/getLeagueData/La_liga/2018,2018-11-04,True
2018-11-04,Eibar,Alaves,1.161,0.596162,10063,2018,https://understat.com/getLeagueData/La_liga/2018,2018-11-04,True
2018-11-04,Huesca,Getafe,1.31412,0.470822,10059,2018,https://understat.com/getLeagueData/La_liga/2018,2018-11-04,True
2018-11-04,Sociedad,Sevilla,0.74078,0.413773,10064,2018,https://understat.com/getLeagueData/La_liga/2018,2018-11-04,True
2018-11-04,Villarreal,Levante,1.10744,0.761911,10066,2018,https://understat.com/getLeagueData/La_liga/2018,2018-11-04,True
2018-11-05,Espanol,Ath Bilbao,1.46389,0.782205,10062,2018,https://understat.com/getLeagueData/La_liga/2018,2018-11-05,True
2018-11-09,Levante,Sociedad,1.06813,1.43351,10071,2018,https://understat.com/getLeagueData/La_liga/2018,2018-11-09,True
2018-11-10,Ath Madrid,Ath Bilbao,1.10416,2.04637,10069,2018,https://understat.com/getLeagueData/La_liga/2018,2018-11-10,True
2018-11-10,Getafe,Valencia,1.61368,2.19428,10073,2018,https://understat.com/getLeagueData/La_liga/2018,2018-11-10,True
2018-11-10,Girona,Leganes,0.49139,1.39653,10072,2018,https://understat.com/getLeagueData/La_liga/2018,2018-11-10,True
2018-11-10,Valladolid,Eibar,0.407826,1.21893,10068,2018,https://understat.com/getLeagueData/La_liga/2018,2018-11-10,True
2018-11-11,Alaves,Huesca,1.44304,0.980901,10067,2018,https://understat.com/getLeagueData/La_liga/2018,2018-11-11,True
2018-11-11,Barcelona,Betis,4.11761,2.64063,10075,2018,https://understat.com/getLeagueData/La_liga/2018,2018-11-11,True
2018-11-11,Celta,Real Madrid,0.698688,2.7089,10074,2018,https://understat.com/getLeagueData/La_liga/2018,2018-11-11,True
2018-11-11,Sevilla,Espanol,3.95375,0.686451,10076,2018,https://understat.com/getLeagueData/La_liga/2018,2018-11-11,True
2018-11-11,Vallecano,Villarreal,2.35537,0.861644,10070,2018,https://understat.com/getLeagueData/La_liga/2018,2018-11-11,True
2018-11-23,Leganes,Alaves,0.92467,0.394518,10080,2018,https://understat.com/getLeagueData/La_liga/2018,2018-11-23,True
2018-11-24,Ath Madrid,Barcelona,0.432553,0.564664,10077,2018,https://understat.com/getLeagueData/La_liga/2018,2018-11-24,True
2018-11-24,Eibar,Real Madrid,3.98937,1.10765,10084,2018,https://understat.com/getLeagueData/La_liga/2018,2018-11-24,True
2018-11-24,Huesca,Levante,2.96039,0.564721,10082,2018,https://understat.com/getLeagueData/La_liga/2018,2018-11-24,True
2018-11-24,Valencia,Vallecano,2.14664,0.813582,10086,2018,https://understat.com/getLeagueData/La_liga/2018,2018-11-24,True
2018-11-25,Ath Bilbao,Getafe,0.75771,1.8113,10085,2018,https://understat.com/getLeagueData/La_liga/2018,2018-11-25,True
2018-11-25,Espanol,Girona,2.63865,2.56699,10083,2018,https://understat.com/getLeagueData/La_liga/2018,2018-11-25,True
2018-11-25,Sevilla,Valladolid,1.40358,0.53321,10081,2018,https://understat.com/getLeagueData/La_liga/2018,2018-11-25,True
2018-11-25,Villarreal,Betis,1.20925,0.991351,10079,2018,https://understat.com/getLeagueData/La_liga/2018,2018-11-25,True
2018-11-26,Sociedad,Celta,2.07409,0.545872,10078,2018,https://understat.com/getLeagueData/La_liga/2018,2018-11-26,True
2018-11-30,Vallecano,Eibar,0.815372,0.951549,10089,2018,https://understat.com/getLeagueData/La_liga/2018,2018-11-30,True
2018-12-01,Celta,Huesca,2.39172,1.24346,10093,2018,https://understat.com/getLeagueData/La_liga/2018,2018-12-01,True
2018-12-01,Getafe,Espanol,1.33323,0.97845,10088,2018,https://understat.com/getLeagueData/La_liga/2018,2018-12-01,True
2018-12-01,Real Madrid,Valencia,0.966947,0.974267,10092,2018,https://understat.com/getLeagueData/La_liga/2018,2018-12-01,True
2018-12-01,Valladolid,Leganes,1.85147,1.6677,10096,2018,https://understat.com/getLeagueData/La_liga/2018,2018-12-01,True
2018-12-02,Alaves,Sevilla,1.0211,1.64539,10087,2018,https://understat.com/getLeagueData/La_liga/2018,2018-12-02,True
2018-12-02,Barcelona,Villarreal,0.99822,0.941415,10095,2018,https://understat.com/getLeagueData/La_liga/2018,2018-12-02,True
2018-12-02,Betis,Sociedad,1.31385,1.39194,10094,2018,https://understat.com/getLeagueData/La_liga/2018,2018-12-02,True
2018-12-02,Girona,Ath Madrid,1.20781,1.60399,10090,2018,https://understat.com/getLeagueData/La_liga/2018,2018-12-02,True
2018-12-03,Levante,Ath Bilbao,2.15414,0.950526,10091,2018,https://understat.com/getLeagueData/La_liga/2018,2018-12-03,True
2018-12-07,Leganes,Getafe,1.49188,1.10842,10098,2018,https://understat.com/getLeagueData/La_liga/2018,2018-12-07,True
2018-12-08,Ath Madrid,Alaves,2.64303,1.36734,10101,2018,https://understat.com/getLeagueData/La_liga/2018,2018-12-08,True
2018-12-08,Espanol,Barcelona,0.812936,3.16793,10100,2018,https://understat.com/getLeagueData/La_liga/2018,2018-12-08,True
2018-12-08,Valencia,Sevilla,1.44342,1.64731,10106,2018,https://understat.com/getLeagueData/La_liga/2018,2018-12-08,True
2018-12-08,Villarreal,Celta,1.74178,2.48201,10099,2018,https://understat.com/getLeagueData/La_liga/2018,2018-12-08,True
2018-12-09,Betis,Vallecano,2.2468,0.671932,10105,2018,https://understat.com/getLeagueData/La_liga/2018,2018-12-09,True
2018-12-09,Eibar,Levante,4.25053,2.17449,10104,2018,https://understat.com/getLeagueData/La_liga/2018,2018-12-09,True
2018-12-09,Huesca,Real Madrid,1.04156,0.460413,10103,2018,https://understat.com/getLeagueData/La_liga/2018,2018-12-09,True
2018-12-09,Sociedad,Valladolid,1.7451,1.31256,10102,2018,https://understat.com/getLeagueData/La_liga/2018,2018-12-09,True
2018-12-10,Ath Bilbao,Girona,1.79501,0.145529,10097,2018,https://understat.com/getLeagueData/La_liga/2018,2018-12-10,True
2018-12-14,Celta,Leganes,1.24233,0.978595,10115,2018,https://understat.com/getLeagueData/La_liga/2018,2018-12-14,True
2018-12-15,Eibar,Valencia,1.60912,2.10397,10114,2018,https://understat.com/getLeagueData/La_liga/2018,2018-12-15,True
2018-12-15,Getafe,Sociedad,0.358274,0.608285,10113,2018,https://understat.com/getLeagueData/La_liga/2018,2018-12-15,True
2018-12-15,Real Madrid,Vallecano,1.25069,0.588603,10116,2018,https://understat.com/getLeagueData/La_liga/2018,2018-12-15,True
2018-12-15,Valladolid,Ath Madrid,0.691151,1.94316,10111,2018,https://understat.com/getLeagueData/La_liga/2018,2018-12-15,True
2018-12-16,Espanol,Betis,0.52284,1.8151,10109,2018,https://understat.com/getLeagueData/La_liga/2018,2018-12-16,True
2018-12-16,Huesca,Villarreal,3.99291,1.64884,10112,2018,https://understat.com/getLeagueData/La_liga/2018,2018-12-16,True
2018-12-16,Levante,Barcelona,0.830663,3.96017,10110,2018,https://understat.com/getLeagueData/La_liga/2018,2018-12-16,True
2018-12-16,Sevilla,Girona,2.28195,0.811788,10108,2018,https://understat.com/getLeagueData/La_liga/2018,2018-12-16,True
2018-12-17,Alaves,Ath Bilbao,0.479834,0.334381,10107,2018,https://understat.com/getLeagueData/La_liga/2018,2018-12-17,True
2018-12-21,Girona,Getafe,1.20739,0.581831,10122,2018,https://understat.com/getLeagueData/La_liga/2018,2018-12-21,True
2018-12-21,Sociedad,Alaves,1.06219,0.877996,10123,2018,https://understat.com/getLeagueData/La_liga/2018,2018-12-21,True
2018-12-22,Ath Bilbao,Valladolid,1.14498,0.59208,10119,2018,https://understat.com/getLeagueData/La_liga/2018,2018-12-22,True
2018-12-22,Ath Madrid,Espanol,1.03123,0.71456,10118,2018,https://understat.com/getLeagueData/La_liga/2018,2018-12-22,True
2018-12-22,Barcelona,Celta,1.56177,0.517005,10117,2018,https://understat.com/getLeagueData/La_liga/2018,2018-12-22,True
2018-12-22,Betis,Eibar,1.40023,2.06958,10125,2018,https://understat.com/getLeagueData/La_liga/2018,2018-12-22,True
2018-12-23,Leganes,Sevilla,1.13295,0.697523,10124,2018,https://understat.com/getLeagueData/La_liga/2018,2018-12-23,True
2018-12-23,Valencia,Huesca,3.83492,2.27108,10121,2018,https://understat.com/getLeagueData/La_liga/2018,2018-12-23,True
2018-12-23,Vallecano,Levante,2.51639,0.88589,10120,2018,https://understat.com/getLeagueData/La_liga/2018,2018-12-23,True
2019-01-03,Villarreal,Real Madrid,1.01914,1.39918,10126,2018,https://understat.com/getLeagueData/La_liga/2018,2019-01-03,True
2019-01-04,Espanol,Leganes,1.68261,0.358462,10134,2018,https://understat.com/getLeagueData/La_liga/2018,2019-01-04,True
2019-01-04,Levante,Girona,1.86969,1.03454,10128,2018,https://understat.com/getLeagueData/La_liga/2018,2019-01-04,True
2019-01-05,Alaves,Valencia,2.58897,1.06272,10127,2018,https://understat.com/getLeagueData/La_liga/2018,2019-01-05,True
2019-01-05,Huesca,Betis,1.33807,1.03632,10129,2018,https://understat.com/getLeagueData/La_liga/2018,2019-01-05,True
2019-01-05,Valladolid,Vallecano,1.7931,1.02768,10136,2018,https://understat.com/getLeagueData/La_liga/2018,2019-01-05,True
2019-01-06,Eibar,Villarreal,2.02017,1.05089,10135,2018,https://understat.com/getLeagueData/La_liga/2018,2019-01-06,True
2019-01-06,Getafe,Barcelona,1.08947,2.16266,10130,2018,https://understat.com/getLeagueData/La_liga/2018,2019-01-06,True
2019-01-06,Real Madrid,Sociedad,2.2027,2.29324,10133,2018,https://understat.com/getLeagueData/La_liga/2018,2019-01-06,True
2019-01-06,Sevilla,Ath Madrid,1.57396,0.758265,10131,2018,https://understat.com/getLeagueData/La_liga/2018,2019-01-06,True
2019-01-07,Celta,Ath Bilbao,2.1296,2.13661,10132,2018,https://understat.com/getLeagueData/La_liga/2018,2019-01-07,True
2019-01-11,Vallecano,Celta,2.07355,1.39354,10139,2018,https://understat.com/getLeagueData/La_liga/2018,2019-01-11,True
2019-01-12,Girona,Alaves,0.538744,1.04715,10140,2018,https://understat.com/getLeagueData/La_liga/2018,2019-01-12,True
2019-01-12,Leganes,Huesca,1.94908,0.440876,10141,2018,https://understat.com/getLeagueData/La_liga/2018,2019-01-12,True
2019-01-12,Valencia,Valladolid,3.62567,0.167732,10142,2018,https://understat.com/getLeagueData/La_liga/2018,2019-01-12,True
2019-01-12,Villarreal,Getafe,2.91695,0.845554,10137,2018,https://understat.com/getLeagueData/La_liga/2018,2019-01-12,True
2019-01-13,Ath Bilbao,Sevilla,1.20272,0.735092,10146,2018,https://understat.com/getLeagueData/La_liga/2018,2019-01-13,True
2019-01-13,Ath Madrid,Levante,2.42604,0.897143,10145,2018,https://understat.com/getLeagueData/La_liga/2018,2019-01-13,True
2019-01-13,Barcelona,Eibar,1.51059,0.708521,10144,2018,https://understat.com/getLeagueData/La_liga/2018,2019-01-13,True
2019-01-13,Betis,Real Madrid,0.688888,0.757727,10143,2018,https://understat.com/getLeagueData/La_liga/2018,2019-01-13,True
2019-01-14,Sociedad,Espanol,2.68319,2.4151,10138,2018,https://understat.com/getLeagueData/La_liga/2018,2019-01-14,True
2019-01-18,Getafe,Alaves,2.08041,0.272956,10151,2018,https://understat.com/getLeagueData/La_liga/2018,2019-01-18,True
2019-01-19,Celta,Valencia,0.805422,1.33595,10154,2018,https://understat.com/getLeagueData/La_liga/2018,2019-01-19,True
2019-01-19,Huesca,Ath Madrid,1.23016,2.74037,10147,2018,https://understat.com/getLeagueData/La_liga/2018,2019-01-19,True
2019-01-19,Real Madrid,Sevilla,1.59927,0.396637,10150,2018,https://understat.com/getLeagueData/La_liga/2018,2019-01-19,True
2019-01-20,Barcelona,Leganes,2.03933,0.815471,10148,2018,https://understat.com/getLeagueData/La_liga/2018,2019-01-20,True
2019-01-20,Betis,Girona,1.41803,0.918079,10153,2018,https://understat.com/getLeagueData/La_liga/2018,2019-01-20,True
2019-01-20,Levante,Valladolid,1.42912,1.49778,10156,2018,https://understat.com/getLeagueData/La_liga/2018,2019-01-20,True
2019-01-20,Vallecano,Sociedad,0.768424,1.82818,10149,2018,https://understat.com/getLeagueData/La_liga/2018,2019-01-20,True
2019-01-20,Villarreal,Ath Bilbao,1.06242,0.463927,10152,2018,https://understat.com/getLeagueData/La_liga/2018,2019-01-20,True
2019-01-21,Eibar,Espanol,2.18267,0.65215,10155,2018,https://understat.com/getLeagueData/La_liga/2018,2019-01-21,True
2019-01-26,Ath Madrid,Getafe,1.87881,0.277316,10164,2018,https://understat.com/getLeagueData/La_liga/2018,2019-01-26,True
2019-01-26,Leganes,Eibar,0.422612,0.491102,10159,2018,https://understat.com/getLeagueData/La_liga/2018,2019-01-26,True
2019-01-26,Sevilla,Levante,5.03124,0.299152,10166,2018,https://understat.com/getLeagueData/La_liga/2018,2019-01-26,True
2019-01-26,Valencia,Villarreal,1.63321,0.928755,10162,2018,https://understat.com/getLeagueData/La_liga/2018,2019-01-26,True
2019-01-27,Ath Bilbao,Betis,1.09062,0.322397,10165,2018,https://understat.com/getLeagueData/La_liga/2018,2019-01-27,True
2019-01-27,Espanol,Real Madrid,1.20349,2.37579,10163,2018,https://understat.com/getLeagueData/La_liga/2018,2019-01-27,True
2019-01-27,Girona,Barcelona,1.51969,2.62139,10161,2018,https://understat.com/getLeagueData/La_liga/2018,2019-01-27,True
2019-01-27,Sociedad,Huesca,0.307366,0.549205,10158,2018,https://understat.com/getLeagueData/La_liga/2018,2019-01-27,True
2019-01-27,Valladolid,Celta,1.95805,0.902965,10160,2018,https://understat.com/getLeagueData/La_liga/2018,2019-01-27,True
2019-01-28,Alaves,Vallecano,0.861666,1.19524,10157,2018,https://understat.com/getLeagueData/La_liga/2018,2019-01-28,True
2019-02-01,Huesca,Valladolid,1.97934,0.546436,10173,2018,https://understat.com/getLeagueData/La_liga/2018,2019-02-01,True
2019-02-02,Barcelona,Valencia,1.80518,3.53962,10167,2018,https://understat.com/getLeagueData/La_liga/2018,2019-02-02,True
2019-02-02,Celta,Sevilla,0.935214,0.682747,10175,2018,https://understat.com/getLeagueData/La_liga/2018,2019-02-02,True
2019-02-02,Levante,Getafe,0.579123,0.37179,10168,2018,https://understat.com/getLeagueData/La_liga/2018,2019-02-02,True
2019-02-02,Sociedad,Ath Bilbao,1.63134,1.22419,10171,2018,https://understat.com/getLeagueData/La_liga/2018,2019-02-02,True
2019-02-03,Betis,Ath Madrid,1.01873,0.553708,10170,2018,https://understat.com/getLeagueData/La_liga/2018,2019-02-03,True
2019-02-03,Eibar,Girona,1.8546,0.235641,10174,2018,https://understat.com/getLeagueData/La_liga/2018,2019-02-03,True
2019-02-03,Real Madrid,Alaves,2.9864,0.665729,10172,2018,https://understat.com/getLeagueData/La_liga/2018,2019-02-03,True
2019-02-03,Villarreal,Espanol,2.80288,1.34672,10169,2018,https://understat.com/getLeagueData/La_liga/2018,2019-02-03,True
2019-02-04,Vallecano,Leganes,1.86904,0.86924,10176,2018,https://understat.com/getLeagueData/La_liga/2018,2019-02-04,True
2019-02-08,Valladolid,Villarreal,0.504205,1.32176,10181,2018,https://understat.com/getLeagueData/La_liga/2018,2019-02-08,True
2019-02-09,Ath Madrid,Real Madrid,1.02136,1.4515,10177,2018,https://understat.com/getLeagueData/La_liga/2018,2019-02-09,True
2019-02-09,Espanol,Vallecano,1.70334,0.627993,10183,2018,https://understat.com/getLeagueData/La_liga/2018,2019-02-09,True
2019-02-09,Getafe,Celta,2.65279,1.10966,10179,2018,https://understat.com/getLeagueData/La_liga/2018,2019-02-09,True
2019-02-09,Girona,Huesca,1.37725,0.683864,10182,2018,https://understat.com/getLeagueData/La_liga/2018,2019-02-09,True
2019-02-10,Ath Bilbao,Barcelona,1.67679,0.697307,10184,2018,https://understat.com/getLeagueData/La_liga/2018,2019-02-10,True
2019-02-10,Leganes,Betis,2.08097,0.125797,10180,2018,https://understat.com/getLeagueData/La_liga/2018,2019-02-10,True
2019-02-10,Sevilla,Eibar,1.54912,1.43993,10178,2018,https://understat.com/getLeagueData/La_liga/2018,2019-02-10,True
2019-02-10,Valencia,Sociedad,1.62448,0.502054,10186,2018,https://understat.com/getLeagueData/La_liga/2018,2019-02-10,True
2019-02-11,Alaves,Levante,2.07543,0.269208,10185,2018,https://understat.com/getLeagueData/La_liga/2018,2019-02-11,True
2019-02-15,Eibar,Getafe,1.64574,0.845732,10194,2018,https://understat.com/getLeagueData/La_liga/2018,2019-02-15,True
2019-02-16,Barcelona,Valladolid,3.7496,0.306817,10187,2018,https://understat.com/getLeagueData/La_liga/2018,2019-02-16,True
2019-02-16,Celta,Levante,1.61531,2.9399,10195,2018,https://understat.com/getLeagueData/La_liga/2018,2019-02-16,True
2019-02-16,Sociedad,Leganes,1.87893,1.05178,10188,2018,https://understat.com/getLeagueData/La_liga/2018,2019-02-16,True
2019-02-16,Vallecano,Ath Madrid,1.07992,0.146851,10191,2018,https://understat.com/getLeagueData/La_liga/2018,2019-02-16,True
2019-02-17,Betis,Alaves,3.54904,1.15597,10193,2018,https://understat.com/getLeagueData/La_liga/2018,2019-02-17,True
2019-02-17,Real Madrid,Girona,1.74859,3.23428,10189,2018,https://understat.com/getLeagueData/La_liga/2018,2019-02-17,True
2019-02-17,Valencia,Espanol,1.44111,0.236317,10190,2018,https://understat.com/getLeagueData/La_liga/2018,2019-02-17,True
2019-02-17,Villarreal,Sevilla,1.85386,2.49386,10196,2018,https://understat.com/getLeagueData/La_liga/2018,2019-02-17,True
2019-02-18,Huesca,Ath Bilbao,1.16274,1.36952,10192,2018,https://understat.com/getLeagueData/La_liga/2018,2019-02-18,True
2019-02-22,Espanol,Huesca,1.02096,0.983427,10203,2018,https://understat.com/getLeagueData/La_liga/2018,2019-02-22,True
2019-02-23,Alaves,Celta,1.50901,0.489844,10197,2018,https://understat.com/getLeagueData/La_liga/2018,2019-02-23,True
2019-02-23,Ath Bilbao,Eibar,1.33391,0.597956,10205,2018,https://understat.com/getLeagueData/La_liga/2018,2019-02-23,True
2019-02-23,Getafe,Vallecano,1.17743,0.7164,10202,2018,https://understat.com/getLeagueData/La_liga/2018,2019-02-23,True
2019-02-23,Sevilla,Barcelona,1.64536,1.7385,10198,2018,https://understat.com/getLeagueData/La_liga/2018,2019-02-23,True
2019-02-24,Ath Madrid,Villarreal,1.70719,1.4124,10204,2018,https://understat.com/getLeagueData/La_liga/2018,2019-02-24,True
2019-02-24,Leganes,Valencia,1.51123,0.676896,10200,2018,https://understat.com/getLeagueData/La_liga/2018,2019-02-24,True
2019-02-24,Levante,Real Madrid,1.43781,2.7512,10199,2018,https://understat.com/getLeagueData/La_liga/2018,2019-02-24,True
2019-02-24,Valladolid,Betis,0.586609,0.826265,10206,2018,https://understat.com/getLeagueData/La_liga/2018,2019-02-24,True
2019-02-25,Girona,Sociedad,1.09767,0.422429,10201,2018,https://understat.com/getLeagueData/La_liga/2018,2019-02-25,True
2019-03-01,Vallecano,Girona,0.661372,1.72379,10216,2018,https://understat.com/getLeagueData/La_liga/2018,2019-03-01,True
2019-03-02,Espanol,Valladolid,2.93379,1.44858,10214,2018,https://understat.com/getLeagueData/La_liga/2018,2019-03-02,True
2019-03-02,Huesca,Sevilla,0.940056,2.52975,10213,2018,https://understat.com/getLeagueData/La_liga/2018,2019-03-02,True
2019-03-02,Real Madrid,Barcelona,0.7937,1.25228,10207,2018,https://understat.com/getLeagueData/La_liga/2018,2019-03-02,True
2019-03-02,Villarreal,Alaves,1.20694,1.3136,10211,2018,https://understat.com/getLeagueData/La_liga/2018,2019-03-02,True
2019-03-03,Betis,Getafe,0.572494,1.81382,10215,2018,https://understat.com/getLeagueData/La_liga/2018,2019-03-03,True
2019-03-03,Eibar,Celta,2.66738,0.563007,10208,2018,https://understat.com/getLeagueData/La_liga/2018,2019-03-03,True
2019-03-03,Sociedad,Ath Madrid,0.727428,2.1178,10209,2018,https://understat.com/getLeagueData/La_liga/2018,2019-03-03,True
2019-03-03,Valencia,Ath Bilbao,1.4862,0.442334,10210,2018,https://understat.com/getLeagueData/La_liga/2018,2019-03-03,True
2019-03-04,Leganes,Levante,2.26472,1.74561,10212,2018,https://understat.com/getLeagueData/La_liga/2018,2019-03-04,True
2019-03-08,Ath Bilbao,Espanol,0.590825,0.882653,10226,2018,https://understat.com/getLeagueData/La_liga/2018,2019-03-08,True
2019-03-09,Alaves,Eibar,2.39014,2.53855,10217,2018,https://understat.com/getLeagueData/La_liga/2018,2019-03-09,True
2019-03-09,Ath Madrid,Leganes,1.36052,0.102711,10224,2018,https://understat.com/getLeagueData/La_liga/2018,2019-03-09,True
2019-03-09,Barcelona,Vallecano,3.27738,0.283535,10223,2018,https://understat.com/getLeagueData/La_liga/2018,2019-03-09,True
2019-03-09,Getafe,Huesca,1.32144,0.930257,10222,2018,https://understat.com/getLeagueData/La_liga/2018,2019-03-09,True
2019-03-10,Celta,Betis,0.336565,1.4229,10219,2018,https://understat.com/getLeagueData/La_liga/2018,2019-03-10,True
2019-03-10,Girona,Valencia,2.26151,1.12034,10221,2018,https://understat.com/getLeagueData/La_liga/2018,2019-03-10,True
2019-03-10,Levante,Villarreal,1.12697,0.982637,10220,2018,https://understat.com/getLeagueData/La_liga/2018,2019-03-10,True
2019-03-10,Sevilla,Sociedad,2.88735,1.23303,10225,2018,https://understat.com/getLeagueData/La_liga/2018,2019-03-10,True
2019-03-10,Valladolid,Real Madrid,2.02975,2.61033,10218,2018,https://understat.com/getLeagueData/La_liga/2018,2019-03-10,True
2019-03-15,Sociedad,Levante,2.68033,1.05307,10228,2018,https://understat.com/getLeagueData/La_liga/2018,2019-03-15,True
2019-03-16,Ath Bilbao,Ath Madrid,1.32158,1.02312,10227,2018,https://understat.com/getLeagueData/La_liga/2018,2019-03-16,True
2019-03-16,Huesca,Alaves,1.89009,2.16298,10233,2018,https://understat.com/getLeagueData/La_liga/2018,2019-03-16,True
2019-03-16,Leganes,Girona,0.454611,1.78393,10229,2018,https://understat.com/getLeagueData/La_liga/2018,2019-03-16,True
2019-03-16,Real Madrid,Celta,3.02092,0.32231,10231,2018,https://understat.com/getLeagueData/La_liga/2018,2019-03-16,True
2019-03-17,Betis,Barcelona,1.15774,3.79708,10232,2018,https://understat.com/getLeagueData/La_liga/2018,2019-03-17,True
2019-03-17,Eibar,Valladolid,1.64354,2.20799,10235,2018,https://understat.com/getLeagueData/La_liga/2018,2019-03-17,True
2019-03-17,Espanol,Sevilla,0.665136,1.34192,10234,2018,https://understat.com/getLeagueData/La_liga/2018,2019-03-17,True
2019-03-17,Valencia,Getafe,0.506711,0.369827,10230,2018,https://understat.com/getLeagueData/La_liga/2018,2019-03-17,True
2019-03-17,Villarreal,Vallecano,2.6756,0.181501,10236,2018,https://understat.com/getLeagueData/La_liga/2018,2019-03-17,True
2019-03-29,Girona,Ath Bilbao,0.243937,1.06184,10243,2018,https://understat.com/getLeagueData/La_liga/2018,2019-03-29,True
2019-03-30,Alaves,Ath Madrid,0.859209,1.91501,10237,2018,https://understat.com/getLeagueData/La_liga/2018,2019-03-30,True
2019-03-30,Barcelona,Espanol,1.36012,0.278344,10241,2018,https://understat.com/getLeagueData/La_liga/2018,2019-03-30,True
2019-03-30,Celta,Villarreal,1.89174,2.58092,10240,2018,https://understat.com/getLeagueData/La_liga/2018,2019-03-30,True
2019-03-30,Getafe,Leganes,0.793024,1.28305,10239,2018,https://understat.com/getLeagueData/La_liga/2018,2019-03-30,True
2019-03-31,Levante,Eibar,1.15414,3.00118,10245,2018,https://understat.com/getLeagueData/La_liga/2018,2019-03-31,True
2019-03-31,Real Madrid,Huesca,4.62852,1.37203,10246,2018,https://understat.com/getLeagueData/La_liga/2018,2019-03-31,True
2019-03-31,Sevilla,Valencia,0.745225,0.923071,10238,2018,https://understat.com/getLeagueData/La_liga/2018,2019-03-31,True
2019-03-31,Valladolid,Sociedad,1.99145,0.736713,10242,2018,https://understat.com/getLeagueData/La_liga/2018,2019-03-31,True
2019-03-31,Vallecano,Betis,2.30907,0.494786,10244,2018,https://understat.com/getLeagueData/La_liga/2018,2019-03-31,True
2019-04-02,Ath Madrid,Girona,2.67949,0.687163,10255,2018,https://understat.com/getLeagueData/La_liga/2018,2019-04-02,True
2019-04-02,Espanol,Getafe,1.4931,1.61764,10253,2018,https://understat.com/getLeagueData/La_liga/2018,2019-04-02,True
2019-04-02,Villarreal,Barcelona,2.19549,3.08215,10250,2018,https://understat.com/getLeagueData/La_liga/2018,2019-04-02,True
2019-04-03,Ath Bilbao,Levante,1.86572,1.62609,10247,2018,https://understat.com/getLeagueData/La_liga/2018,2019-04-03,True
2019-04-03,Eibar,Vallecano,1.54524,0.960572,10254,2018,https://understat.com/getLeagueData/La_liga/2018,2019-04-03,True
2019-04-03,Huesca,Celta,3.48876,1.96582,10248,2018,https://understat.com/getLeagueData/La_liga/2018,2019-04-03,True
2019-04-03,Valencia,Real Madrid,1.76708,0.852925,10256,2018,https://understat.com/getLeagueData/La_liga/2018,2019-04-03,True
2019-04-04,Leganes,Valladolid,1.85079,0.902127,10252,2018,https://understat.com/getLeagueData/La_liga/2018,2019-04-04,True
2019-04-04,Sevilla,Alaves,2.02786,0.590085,10251,2018,https://understat.com/getLeagueData/La_liga/2018,2019-04-04,True
2019-04-04,Sociedad,Betis,2.57254,1.42634,10249,2018,https://understat.com/getLeagueData/La_liga/2018,2019-04-04,True
2019-04-06,Barcelona,Ath Madrid,2.57608,1.02054,10261,2018,https://understat.com/getLeagueData/La_liga/2018,2019-04-06,True
2019-04-06,Girona,Espanol,1.3644,0.408067,10259,2018,https://understat.com/getLeagueData/La_liga/2018,2019-04-06,True
2019-04-06,Real Madrid,Eibar,1.70378,0.679412,10260,2018,https://understat.com/getLeagueData/La_liga/2018,2019-04-06,True
2019-04-06,Vallecano,Valencia,1.73543,2.28937,10265,2018,https://understat.com/getLeagueData/La_liga/2018,2019-04-06,True
2019-04-07,Alaves,Leganes,0.908638,0.829461,10257,2018,https://understat.com/getLeagueData/La_liga/2018,2019-04-07,True
2019-04-07,Betis,Villarreal,1.80228,1.88778,10263,2018,https://understat.com/getLeagueData/La_liga/2018,2019-04-07,True
2019-04-07,Celta,Sociedad,3.30598,1.24845,10264,2018,https://understat.com/getLeagueData/La_liga/2018,2019-04-07,True
2019-04-07,Getafe,Ath Bilbao,1.29044,0.747402,10266,2018,https://understat.com/getLeagueData/La_liga/2018,2019-04-07,True
2019-04-07,Levante,Huesca,2.60648,1.76678,10258,2018,https://understat.com/getLeagueData/La_liga/2018,2019-04-07,True
2019-04-07,Valladolid,Sevilla,1.33089,2.24314,10262,2018,https://understat.com/getLeagueData/La_liga/2018,2019-04-07,True
2019-04-13,Ath Madrid,Celta,1.75463,0.617854,10273,2018,https://understat.com/getLeagueData/La_liga/2018,2019-04-13,True
2019-04-13,Espanol,Alaves,0.624479,1.09624,10276,2018,https://understat.com/getLeagueData/La_liga/2018,2019-04-13,True
2019-04-13,Huesca,Barcelona,0.21138,0.962057,10268,2018,https://understat.com/getLeagueData/La_liga/2018,2019-04-13,True
2019-04-13,Sevilla,Betis,2.32083,1.09294,10269,2018,https://understat.com/getLeagueData/La_liga/2018,2019-04-13,True
2019-04-14,Ath Bilbao,Vallecano,2.60334,0.73101,10267,2018,https://understat.com/getLeagueData/La_liga/2018,2019-04-14,True
2019-04-14,Girona,Villarreal,0.964694,1.39136,10274,2018,https://understat.com/getLeagueData/La_liga/2018,2019-04-14,True
2019-04-14,Sociedad,Eibar,0.293383,0.99834,10270,2018,https://understat.com/getLeagueData/La_liga/2018,2019-04-14,True
2019-04-14,Valencia,Levante,2.86682,0.279883,10272,2018,https://understat.com/getLeagueData/La_liga/2018,2019-04-14,True
2019-04-14,Valladolid,Getafe,1.39618,1.36776,10271,2018,https://understat.com/getLeagueData/La_liga/2018,2019-04-14,True
2019-04-15,Leganes,Real Madrid,0.651235,1.20942,10275,2018,https://understat.com/getLeagueData/La_liga/2018,2019-04-15,True
2019-04-19,Alaves,Valladolid,0.698942,1.87763,10277,2018,https://understat.com/getLeagueData/La_liga/2018,2019-04-19,True
2019-04-20,Barcelona,Sociedad,1.2673,0.883156,10285,2018,https://understat.com/getLeagueData/La_liga/2018,2019-04-20,True
2019-04-20,Celta,Girona,1.78831,0.331788,10283,2018,https://understat.com/getLeagueData/La_liga/2018,2019-04-20,True
2019-04-20,Eibar,Ath Madrid,0.860003,1.55196,10280,2018,https://understat.com/getLeagueData/La_liga/2018,2019-04-20,True
2019-04-20,Vallecano,Huesca,1.31996,1.04463,10282,2018,https://understat.com/getLeagueData/La_liga/2018,2019-04-20,True
2019-04-21,Betis,Valencia,2.02559,0.268434,10284,2018,https://understat.com/getLeagueData/La_liga/2018,2019-04-21,True
2019-04-21,Getafe,Sevilla,2.72704,0.625236,10278,2018,https://understat.com/getLeagueData/La_liga/2018,2019-04-21,True
2019-04-21,Levante,Espanol,2.0614,2.21288,10281,2018,https://understat.com/getLeagueData/La_liga/2018,2019-04-21,True
2019-04-21,Real Madrid,Ath Bilbao,1.94223,0.536637,10279,2018,https://understat.com/getLeagueData/La_liga/2018,2019-04-21,True
2019-04-21,Villarreal,Leganes,0.928267,1.0992,10286,2018,https://understat.com/getLeagueData/La_liga/2018,2019-04-21,True
2019-04-23,Alaves,Barcelona,0.220726,2.51344,10287,2018,https://understat.com/getLeagueData/La_liga/2018,2019-04-23,True
2019-04-23,Huesca,Eibar,1.19385,0.651098,10289,2018,https://understat.com/getLeagueData/La_liga/2018,2019-04-23,True
2019-04-23,Valladolid,Girona,0.939017,0.313348,10288,2018,https://understat.com/getLeagueData/La_liga/2018,2019-04-23,True
2019-04-24,Ath Madrid,Valencia,1.7288,2.05808,10295,2018,https://understat.com/getLeagueData/La_liga/2018,2019-04-24,True
2019-04-24,Espanol,Celta,1.88188,2.80839,10290,2018,https://understat.com/getLeagueData/La_liga/2018,2019-04-24,True
2019-04-24,Leganes,Ath Bilbao,0.517853,0.160435,10292,2018,https://understat.com/getLeagueData/La_liga/2018,2019-04-24,True
2019-04-24,Levante,Betis,1.56717,0.298749,10291,2018,https://understat.com/getLeagueData/La_liga/2018,2019-04-24,True
2019-04-25,Getafe,Real Madrid,0.56694,1.53593,10294,2018,https://understat.com/getLeagueData/La_liga/2018,2019-04-25,True
2019-04-25,Sevilla,Vallecano,3.63403,0.75592,10296,2018,https://understat.com/getLeagueData/La_liga/2018,2019-04-25,True
2019-04-25,Sociedad,Villarreal,0.843995,1.06313,10293,2018,https://understat.com/getLeagueData/La_liga/2018,2019-04-25,True
2019-04-27,Ath Bilbao,Alaves,1.35453,1.22488,10301,2018,https://understat.com/getLeagueData/La_liga/2018,2019-04-27,True
2019-04-27,Ath Madrid,Valladolid,0.510006,0.584597,10297,2018,https://understat.com/getLeagueData/La_liga/2018,2019-04-27,True
2019-04-27,Barcelona,Levante,2.39304,0.835832,10305,2018,https://understat.com/getLeagueData/La_liga/2018,2019-04-27,True
2019-04-27,Leganes,Celta,0.387737,0.284391,10300,2018,https://understat.com/getLeagueData/La_liga/2018,2019-04-27,True
2019-04-28,Girona,Sevilla,1.02214,1.06533,10303,2018,https://understat.com/getLeagueData/La_liga/2018,2019-04-28,True
2019-04-28,Sociedad,Getafe,2.18907,0.470273,10298,2018,https://understat.com/getLeagueData/La_liga/2018,2019-04-28,True
2019-04-28,Valencia,Eibar,0.494989,1.48526,10299,2018,https://understat.com/getLeagueData/La_liga/2018,2019-04-28,True
2019-04-28,Vallecano,Real Madrid,1.54574,0.460117,10302,2018,https://understat.com/getLeagueData/La_liga/2018,2019-04-28,True
2019-04-28,Villarreal,Huesca,1.15808,1.33098,10306,2018,https://understat.com/getLeagueData/La_liga/2018,2019-04-28,True
2019-04-29,Betis,Espanol,2.16463,2.04379,10304,2018,https://understat.com/getLeagueData/La_liga/2018,2019-04-29,True
2019-05-03,Sevilla,Leganes,0.298434,1.28827,10316,2018,https://understat.com/getLeagueData/La_liga/2018,2019-05-03,True
2019-05-04,Alaves,Sociedad,0.684194,0.746692,10307,2018,https://understat.com/getLeagueData/La_liga/2018,2019-05-04,True
2019-05-04,Celta,Barcelona,1.96282,0.338957,10309,2018,https://understat.com/getLeagueData/La_liga/2018,2019-05-04,True
2019-05-04,Espanol,Ath Madrid,1.72125,0.853337,10310,2018,https://understat.com/getLeagueData/La_liga/2018,2019-05-04,True
2019-05-04,Levante,Vallecano,3.23086,1.81692,10313,2018,https://understat.com/getLeagueData/La_liga/2018,2019-05-04,True
2019-05-05,Eibar,Betis,0.665523,2.38466,10308,2018,https://understat.com/getLeagueData/La_liga/2018,2019-05-05,True
2019-05-05,Getafe,Girona,2.462,0.600426,10315,2018,https://understat.com/getLeagueData/La_liga/2018,2019-05-05,True
2019-05-05,Huesca,Valencia,2.41782,2.60868,10314,2018,https://understat.com/getLeagueData/La_liga/2018,2019-05-05,True
2019-05-05,Real Madrid,Villarreal,3.13671,0.641476,10312,2018,https://understat.com/getLeagueData/La_liga/2018,2019-05-05,True
2019-05-05,Valladolid,Ath Bilbao,1.16372,1.34312,10311,2018,https://understat.com/getLeagueData/La_liga/2018,2019-05-05,True
2019-05-12,Ath Bilbao,Celta,2.05371,0.921241,10317,2018,https://understat.com/getLeagueData/La_liga/2018,2019-05-12,True
2019-05-12,Ath Madrid,Sevilla,1.4302,0.65825,10325,2018,https://understat.com/getLeagueData/La_liga/2018,2019-05-12,True
2019-05-12,Barcelona,Getafe,2.52958,1.2421,10324,2018,https://understat.com/getLeagueData/La_liga/2018,2019-05-12,True
2019-05-12,Betis,Huesca,2.00914,1.51781,10323,2018,https://understat.com/getLeagueData/La_liga/2018,2019-05-12,True
2019-05-12,Girona,Levante,1.42265,0.563093,10322,2018,https://understat.com/getLeagueData/La_liga/2018,2019-05-12,True
2019-05-12,Leganes,Espanol,0.558882,2.83936,10318,2018,https://understat.com/getLeagueData/La_liga/2018,2019-05-12,True
2019-05-12,Sociedad,Real Madrid,2.53737,0.901711,10326,2018,https://understat.com/getLeagueData/La_liga/2018,2019-05-12,True
2019-05-12,Valencia,Alaves,1.67697,0.716334,10320,2018,https://understat.com/getLeagueData/La_liga/2018,2019-05-12,True
2019-05-12,Vallecano,Valladolid,1.86651,1.48157,10321,2018,https://understat.com/getLeagueData/La_liga/2018,2019-05-12,True
2019-05-12,Villarreal,Eibar,1.36071,0.244236,10319,2018,https://understat.com/getLeagueData/La_liga/2018,2019-05-12,True
2019-05-18,Alaves,Girona,1.07769,1.04889,10327,2018,https://understat.com/getLeagueData/La_liga/2018,2019-05-18,True
2019-05-18,Celta,Vallecano,1.85768,1.32703,10335,2018,https://understat.com/getLeagueData/La_liga/2018,2019-05-18,True
2019-05-18,Espanol,Sociedad,1.06125,0.318551,10334,2018,https://understat.com/getLeagueData/La_liga/2018,2019-05-18,True
2019-05-18,Getafe,Villarreal,2.34277,0.725479,10333,2018,https://understat.com/getLeagueData/La_liga/2018,2019-05-18,True
2019-05-18,Huesca,Leganes,1.30468,0.916693,10332,2018,https://understat.com/getLeagueData/La_liga/2018,2019-05-18,True
2019-05-18,Levante,Ath Madrid,2.74916,1.77093,10330,2018,https://understat.com/getLeagueData/La_liga/2018,2019-05-18,True
2019-05-18,Sevilla,Ath Bilbao,1.74602,0.647189,10331,2018,https://understat.com/getLeagueData/La_liga/2018,2019-05-18,True
2019-05-18,Valladolid,Valencia,0.755975,1.58197,10336,2018,https://understat.com/getLeagueData/La_liga/2018,2019-05-18,True
2019-05-19,Eibar,Barcelona,1.70196,1.11234,10329,2018,https://understat.com/getLeagueData/La_liga/2018,2019-05-19,True
2019-05-19,Real Madrid,Betis,0.843734,1.71988,10328,2018,https://understat.com/getLeagueData/La_liga/2018,2019-05-19,True
2019-08-16,Ath Bilbao,Barcelona,0.457129,1.03621,12026,2019,https://understat.com/getLeagueData/La_liga/2019,2019-08-16,True
2019-08-17,Celta,Real Madrid,1.51166,1.99723,12023,2019,https://understat.com/getLeagueData/La_liga/2019,2019-08-17,True
2019-08-17,Leganes,Osasuna,1.26802,0.188265,12027,2019,https://understat.com/getLeagueData/La_liga/2019,2019-08-17,True
2019-08-17,Mallorca,Eibar,1.68856,0.794158,12025,2019,https://understat.com/getLeagueData/La_liga/2019,2019-08-17,True
2019-08-17,Valencia,Sociedad,2.31396,1.79528,12024,2019,https://understat.com/getLeagueData/La_liga/2019,2019-08-17,True
2019-08-17,Villarreal,Granada,1.93202,1.96668,12028,2019,https://understat.com/getLeagueData/La_liga/2019,2019-08-17,True
2019-08-18,Alaves,Levante,0.68416,0.859231,12029,2019,https://understat.com/getLeagueData/La_liga/2019,2019-08-18,True
2019-08-18,Ath Madrid,Getafe,2.44678,0.333556,12032,2019,https://understat.com/getLeagueData/La_liga/2019,2019-08-18,True
2019-08-18,Betis,Valladolid,1.24003,0.736026,12031,2019,https://understat.com/getLeagueData/La_liga/2019,2019-08-18,True
2019-08-18,Espanol,Sevilla,0.145879,2.40044,12030,2019,https://understat.com/getLeagueData/La_liga/2019,2019-08-18,True
2019-08-23,Granada,Sevilla,0.428332,1.39211,12035,2019,https://understat.com/getLeagueData/La_liga/2019,2019-08-23,True
2019-08-23,Levante,Villarreal,2.07744,2.82602,12041,2019,https://understat.com/getLeagueData/La_liga/2019,2019-08-23,True
2019-08-24,Celta,Valencia,2.37702,0.675601,12037,2019,https://understat.com/getLeagueData/La_liga/2019,2019-08-24,True
2019-08-24,Getafe,Ath Bilbao,0.265811,0.454246,12038,2019,https://understat.com/getLeagueData/La_liga/2019,2019-08-24,True
2019-08-24,Osasuna,Eibar,0.856433,0.65217,12033,2019,https://understat.com/getLeagueData/La_liga/2019,2019-08-24,True
2019-08-24,Real Madrid,Valladolid,1.72798,1.22209,12034,2019,https://understat.com/getLeagueData/La_liga/2019,2019-08-24,True
2019-08-25,Alaves,Espanol,0.675919,0.159461,12039,2019,https://understat.com/getLeagueData/La_liga/2019,2019-08-25,True
2019-08-25,Barcelona,Betis,2.85088,0.145785,12042,2019,https://understat.com/getLeagueData/La_liga/2019,2019-08-25,True
2019-08-25,Leganes,Ath Madrid,0.379878,1.39426,12036,2019,https://understat.com/getLeagueData/La_liga/2019,2019-08-25,True
2019-08-25,Mallorca,Sociedad,0.871995,1.59382,12040,2019,https://understat.com/getLeagueData/La_liga/2019,2019-08-25,True
2019-08-30,Ath Bilbao,Sociedad,1.16451,0.217717,12047,2019,https://understat.com/getLeagueData/La_liga/2019,2019-08-30,True
2019-08-30,Sevilla,Celta,1.50787,0.454026,12046,2019,https://understat.com/getLeagueData/La_liga/2019,2019-08-30,True
2019-08-31,Betis,Leganes,2.52444,1.44559,12048,2019,https://understat.com/getLeagueData/La_liga/2019,2019-08-31,True
2019-08-31,Getafe,Alaves,0.972134,1.01227,12044,2019,https://understat.com/getLeagueData/La_liga/2019,2019-08-31,True
2019-08-31,Levante,Valladolid,2.77857,1.02789,12045,2019,https://understat.com/getLeagueData/La_liga/2019,2019-08-31,True
2019-08-31,Osasuna,Barcelona,1.7305,0.360967,12043,2019,https://understat.com/getLeagueData/La_liga/2019,2019-08-31,True
2019-09-01,Ath Madrid,Eibar,1.8114,0.847966,12051,2019,https://understat.com/getLeagueData/La_liga/2019,2019-09-01,True
2019-09-01,Espanol,Granada,1.34324,1.58505,12050,2019,https://understat.com/getLeagueData/La_liga/2019,2019-09-01,True
2019-09-01,Valencia,Mallorca,2.09044,1.16388,12049,2019,https://understat.com/getLeagueData/La_liga/2019,2019-09-01,True
2019-09-01,Villarreal,Real Madrid,2.13825,1.76659,12052,2019,https://understat.com/getLeagueData/La_liga/2019,2019-09-01,True
2019-09-13,Mallorca,Ath Bilbao,2.1905,1.39203,12059,2019,https://understat.com/getLeagueData/La_liga/2019,2019-09-13,True
2019-09-14,Barcelona,Valencia,2.61069,1.27064,12054,2019,https://understat.com/getLeagueData/La_liga/2019,2019-09-14,True
2019-09-14,Leganes,Villarreal,0.399916,1.83013,12058,2019,https://understat.com/getLeagueData/La_liga/2019,2019-09-14,True
2019-09-14,Real Madrid,Levante,3.3111,1.81125,12060,2019,https://understat.com/getLeagueData/La_liga/2019,2019-09-14,True
2019-09-14,Sociedad,Ath Madrid,2.08851,1.06745,12061,2019,https://understat.com/getLeagueData/La_liga/2019,2019-09-14,True
2019-09-15,Alaves,Sevilla,0.773661,1.091,12053,2019,https://understat.com/getLeagueData/La_liga/2019,2019-09-15,True
2019-09-15,Betis,Getafe,1.00209,1.49492,12055,2019,https://understat.com/getLeagueData/La_liga/2019,2019-09-15,True
2019-09-15,Celta,Granada,0.233721,1.1436,12056,2019,https://understat.com/getLeagueData/La_liga/2019,2019-09-15,True
2019-09-15,Eibar,Espanol,0.567742,1.64516,12057,2019,https://understat.com/getLeagueData/La_liga/2019,2019-09-15,True
2019-09-15,Valladolid,Osasuna,0.790606,2.68375,12062,2019,https://understat.com/getLeagueData/La_liga/2019,2019-09-15,True
2019-09-20,Osasuna,Betis,2.20072,0.334273,12067,2019,https://understat.com/getLeagueData/La_liga/2019,2019-09-20,True
2019-09-21,Ath Madrid,Celta,1.71994,0.582564,12064,2019,https://understat.com/getLeagueData/La_liga/2019,2019-09-21,True
2019-09-21,Granada,Barcelona,1.87283,0.557709,12065,2019,https://understat.com/getLeagueData/La_liga/2019,2019-09-21,True
2019-09-21,Levante,Eibar,1.613,1.12755,12066,2019,https://understat.com/getLeagueData/La_liga/2019,2019-09-21,True
2019-09-21,Villarreal,Valladolid,2.03561,0.434119,12070,2019,https://understat.com/getLeagueData/La_liga/2019,2019-09-21,True
2019-09-22,Ath Bilbao,Alaves,1.9352,0.522331,12063,2019,https://understat.com/getLeagueData/La_liga/2019,2019-09-22,True
2019-09-22,Espanol,Sociedad,0.701868,1.49572,12072,2019,https://understat.com/getLeagueData/La_liga/2019,2019-09-22,True
2019-09-22,Getafe,Mallorca,2.70951,0.726341,12071,2019,https://understat.com/getLeagueData/La_liga/2019,2019-09-22,True
2019-09-22,Sevilla,Real Madrid,0.394624,1.23916,12068,2019,https://understat.com/getLeagueData/La_liga/2019,2019-09-22,True
2019-09-22,Valencia,Leganes,1.66574,1.52139,12069,2019,https://understat.com/getLeagueData/La_liga/2019,2019-09-22,True
2019-09-24,Barcelona,Villarreal,0.643865,0.54607,12073,2019,https://understat.com/getLeagueData/La_liga/2019,2019-09-24,True
2019-09-24,Betis,Levante,2.73836,1.93984,12074,2019,https://understat.com/getLeagueData/La_liga/2019,2019-09-24,True
2019-09-24,Valladolid,Granada,1.26726,0.650478,12075,2019,https://understat.com/getLeagueData/La_liga/2019,2019-09-24,True
2019-09-25,Leganes,Ath Bilbao,0.496204,1.29281,12080,2019,https://understat.com/getLeagueData/La_liga/2019,2019-09-25,True
2019-09-25,Mallorca,Ath Madrid,0.673477,1.21545,12079,2019,https://understat.com/getLeagueData/La_liga/2019,2019-09-25,True
2019-09-25,Real Madrid,Osasuna,1.98715,0.11469,12078,2019,https://understat.com/getLeagueData/La_liga/2019,2019-09-25,True
2019-09-25,Valencia,Getafe,1.67819,2.65542,12076,2019,https://understat.com/getLeagueData/La_liga/2019,2019-09-25,True
2019-09-26,Celta,Espanol,1.1247,1.50653,12082,2019,https://understat.com/getLeagueData/La_liga/2019,2019-09-26,True
2019-09-26,Eibar,Sevilla,1.69937,1.3532,12081,2019,https://understat.com/getLeagueData/La_liga/2019,2019-09-26,True
2019-09-26,Sociedad,Alaves,3.80899,0.195935,12077,2019,https://understat.com/getLeagueData/La_liga/2019,2019-09-26,True
2019-09-27,Villarreal,Betis,2.95644,0.667105,12092,2019,https://understat.com/getLeagueData/La_liga/2019,2019-09-27,True
2019-09-28,Ath Bilbao,Valencia,1.04848,2.10545,12084,2019,https://understat.com/getLeagueData/La_liga/2019,2019-09-28,True
2019-09-28,Ath Madrid,Real Madrid,0.819412,0.379757,12085,2019,https://understat.com/getLeagueData/La_liga/2019,2019-09-28,True
2019-09-28,Getafe,Barcelona,1.0808,1.3084,12088,2019,https://understat.com/getLeagueData/La_liga/2019,2019-09-28,True
2019-09-28,Granada,Leganes,0.718298,0.989332,12089,2019,https://understat.com/getLeagueData/La_liga/2019,2019-09-28,True
2019-09-29,Alaves,Mallorca,1.84115,0.16946,12083,2019,https://understat.com/getLeagueData/La_liga/2019,2019-09-29,True
2019-09-29,Eibar,Celta,1.02791,0.826593,12086,2019,https://understat.com/getLeagueData/La_liga/2019,2019-09-29,True
2019-09-29,Espanol,Valladolid,0.947178,2.13178,12087,2019,https://understat.com/getLeagueData/La_liga/2019,2019-09-29,True
2019-09-29,Levante,Osasuna,1.55287,0.758419,12090,2019,https://understat.com/getLeagueData/La_liga/2019,2019-09-29,True
2019-09-29,Sevilla,Sociedad,1.60195,0.774246,12091,2019,https://understat.com/getLeagueData/La_liga/2019,2019-09-29,True
2019-10-04,Betis,Eibar,1.74382,1.18435,12094,2019,https://understat.com/getLeagueData/La_liga/2019,2019-10-04,True
2019-10-05,Leganes,Levante,3.28469,1.08538,12096,2019,https://understat.com/getLeagueData/La_liga/2019,2019-10-05,True
2019-10-05,Osasuna,Villarreal,1.13814,2.52105,12098,2019,https://understat.com/getLeagueData/La_liga/2019,2019-10-05,True
2019-10-05,Real Madrid,Granada,2.7833,1.6065,12099,2019,https://understat.com/getLeagueData/La_liga/2019,2019-10-05,True
2019-10-05,Valencia,Alaves,1.7079,1.4742,12101,2019,https://understat.com/getLeagueData/La_liga/2019,2019-10-05,True
2019-10-06,Barcelona,Sevilla,2.40324,3.03653,12093,2019,https://understat.com/getLeagueData/La_liga/2019,2019-10-06,True
2019-10-06,Celta,Ath Bilbao,1.91529,0.127135,12095,2019,https://understat.com/getLeagueData/La_liga/2019,2019-10-06,True
2019-10-06,Mallorca,Espanol,1.02963,0.731578,12097,2019,https://understat.com/getLeagueData/La_liga/2019,2019-10-06,True
2019-10-06,Sociedad,Getafe,0.770489,0.86893,12100,2019,https://understat.com/getLeagueData/La_liga/2019,2019-10-06,True
2019-10-06,Valladolid,Ath Madrid,0.969549,0.768197,12102,2019,https://understat.com/getLeagueData/La_liga/2019,2019-10-06,True
2019-10-18,Granada,Osasuna,0.360979,0.658856,12109,2019,https://understat.com/getLeagueData/La_liga/2019,2019-10-18,True
2019-10-19,Ath Madrid,Valencia,1.54344,0.757907,12105,2019,https://understat.com/getLeagueData/La_liga/2019,2019-10-19,True
2019-10-19,Eibar,Barcelona,0.212797,1.72534,12106,2019,https://understat.com/getLeagueData/La_liga/2019,2019-10-19,True
2019-10-19,Getafe,Leganes,1.0435,0.372249,12108,2019,https://understat.com/getLeagueData/La_liga/2019,2019-10-19,True
2019-10-19,Mallorca,Real Madrid,0.245649,0.808026,12110,2019,https://understat.com/getLeagueData/La_liga/2019,2019-10-19,True
2019-10-20,Alaves,Celta,2.08309,1.1334,12103,2019,https://understat.com/getLeagueData/La_liga/2019,2019-10-20,True
2019-10-20,Ath Bilbao,Valladolid,1.50554,0.672979,12104,2019,https://understat.com/getLeagueData/La_liga/2019,2019-10-20,True
2019-10-20,Espanol,Villarreal,0.746222,1.64809,12107,2019,https://understat.com/getLeagueData/La_liga/2019,2019-10-20,True
2019-10-20,Sevilla,Levante,2.58436,0.459674,12112,2019,https://understat.com/getLeagueData/La_liga/2019,2019-10-20,True
2019-10-20,Sociedad,Betis,1.32948,0.63684,12111,2019,https://understat.com/getLeagueData/La_liga/2019,2019-10-20,True
2019-10-25,Villarreal,Alaves,2.56098,0.591294,12121,2019,https://understat.com/getLeagueData/La_liga/2019,2019-10-25,True
2019-10-26,Ath Madrid,Ath Bilbao,1.94897,0.328031,12115,2019,https://understat.com/getLeagueData/La_liga/2019,2019-10-26,True
2019-10-26,Leganes,Mallorca,1.7617,0.858516,12117,2019,https://understat.com/getLeagueData/La_liga/2019,2019-10-26,True
2019-10-26,Valladolid,Eibar,1.95496,0.395075,12122,2019,https://understat.com/getLeagueData/La_liga/2019,2019-10-26,True
2019-10-27,Celta,Sociedad,0.846315,0.967791,12114,2019,https://understat.com/getLeagueData/La_liga/2019,2019-10-27,True
2019-10-27,Granada,Betis,1.61831,0.683829,12116,2019,https://understat.com/getLeagueData/La_liga/2019,2019-10-27,True
2019-10-27,Levante,Espanol,0.331551,0.928166,12118,2019,https://understat.com/getLeagueData/La_liga/2019,2019-10-27,True
2019-10-27,Osasuna,Valencia,3.08572,0.836057,12119,2019,https://understat.com/getLeagueData/La_liga/2019,2019-10-27,True
2019-10-27,Sevilla,Getafe,2.14059,0.62652,12120,2019,https://understat.com/getLeagueData/La_liga/2019,2019-10-27,True
2019-10-29,Alaves,Ath Madrid,0.442747,1.72516,12123,2019,https://understat.com/getLeagueData/La_liga/2019,2019-10-29,True
2019-10-29,Barcelona,Valladolid,3.77856,1.2024,12125,2019,https://understat.com/getLeagueData/La_liga/2019,2019-10-29,True
2019-10-30,Ath Bilbao,Espanol,0.410171,0.561641,12124,2019,https://understat.com/getLeagueData/La_liga/2019,2019-10-30,True
2019-10-30,Betis,Celta,1.11761,1.59702,12126,2019,https://understat.com/getLeagueData/La_liga/2019,2019-10-30,True
2019-10-30,Real Madrid,Leganes,5.60648,0.240435,12130,2019,https://understat.com/getLeagueData/La_liga/2019,2019-10-30,True
2019-10-30,Sociedad,Levante,1.71528,2.03092,12131,2019,https://understat.com/getLeagueData/La_liga/2019,2019-10-30,True
2019-10-30,Valencia,Sevilla,1.0283,0.46703,12132,2019,https://understat.com/getLeagueData/La_liga/2019,2019-10-30,True
2019-10-31,Eibar,Villarreal,2.782,1.40491,12127,2019,https://understat.com/getLeagueData/La_liga/2019,2019-10-31,True
2019-10-31,Getafe,Granada,1.1273,1.91693,12128,2019,https://understat.com/getLeagueData/La_liga/2019,2019-10-31,True
2019-10-31,Mallorca,Osasuna,2.15631,0.869837,12129,2019,https://understat.com/getLeagueData/La_liga/2019,2019-10-31,True
2019-11-02,Espanol,Valencia,1.27932,1.9466,12134,2019,https://understat.com/getLeagueData/La_liga/2019,2019-11-02,True
2019-11-02,Levante,Barcelona,0.927053,2.13479,12137,2019,https://understat.com/getLeagueData/La_liga/2019,2019-11-02,True
2019-11-02,Real Madrid,Betis,2.81646,0.437853,12139,2019,https://understat.com/getLeagueData/La_liga/2019,2019-11-02,True
2019-11-02,Sevilla,Ath Madrid,0.888419,2.45211,12140,2019,https://understat.com/getLeagueData/La_liga/2019,2019-11-02,True
2019-11-03,Celta,Getafe,0.133684,0.389551,12133,2019,https://understat.com/getLeagueData/La_liga/2019,2019-11-03,True
2019-11-03,Granada,Sociedad,0.163677,1.02564,12135,2019,https://understat.com/getLeagueData/La_liga/2019,2019-11-03,True
2019-11-03,Leganes,Eibar,1.56154,1.0478,12136,2019,https://understat.com/getLeagueData/La_liga/2019,2019-11-03,True
2019-11-03,Osasuna,Alaves,3.87668,1.45796,12138,2019,https://understat.com/getLeagueData/La_liga/2019,2019-11-03,True
2019-11-03,Valladolid,Mallorca,1.96371,0.590538,12142,2019,https://understat.com/getLeagueData/La_liga/2019,2019-11-03,True
2019-11-03,Villarreal,Ath Bilbao,1.01674,1.31553,12141,2019,https://understat.com/getLeagueData/La_liga/2019,2019-11-03,True
2019-11-08,Sociedad,Leganes,1.19357,0.326909,12151,2019,https://understat.com/getLeagueData/La_liga/2019,2019-11-08,True
2019-11-09,Alaves,Valladolid,2.8505,0.280826,12143,2019,https://understat.com/getLeagueData/La_liga/2019,2019-11-09,True
2019-11-09,Barcelona,Celta,1.49638,0.317045,12146,2019,https://understat.com/getLeagueData/La_liga/2019,2019-11-09,True
2019-11-09,Eibar,Real Madrid,0.88387,2.84489,12148,2019,https://understat.com/getLeagueData/La_liga/2019,2019-11-09,True
2019-11-09,Valencia,Granada,1.04627,0.417522,12152,2019,https://understat.com/getLeagueData/La_liga/2019,2019-11-09,True
2019-11-10,Ath Bilbao,Levante,1.79133,0.873861,12144,2019,https://understat.com/getLeagueData/La_liga/2019,2019-11-10,True
2019-11-10,Ath Madrid,Espanol,3.05161,0.379993,12145,2019,https://understat.com/getLeagueData/La_liga/2019,2019-11-10,True
2019-11-10,Betis,Sevilla,1.56474,0.993088,12147,2019,https://understat.com/getLeagueData/La_liga/2019,2019-11-10,True
2019-11-10,Getafe,Osasuna,1.06639,0.065756,12149,2019,https://understat.com/getLeagueData/La_liga/2019,2019-11-10,True
2019-11-10,Mallorca,Villarreal,1.56727,3.04498,12150,2019,https://understat.com/getLeagueData/La_liga/2019,2019-11-10,True
2019-11-22,Levante,Mallorca,1.83517,1.41139,12158,2019,https://understat.com/getLeagueData/La_liga/2019,2019-11-22,True
2019-11-23,Betis,Valencia,1.62946,0.910796,12153,2019,https://understat.com/getLeagueData/La_liga/2019,2019-11-23,True
2019-11-23,Granada,Ath Madrid,0.669993,2.0596,12156,2019,https://understat.com/getLeagueData/La_liga/2019,2019-11-23,True
2019-11-23,Leganes,Barcelona,0.484105,1.68235,12157,2019,https://understat.com/getLeagueData/La_liga/2019,2019-11-23,True
2019-11-23,Real Madrid,Sociedad,1.69928,1.41126,12160,2019,https://understat.com/getLeagueData/La_liga/2019,2019-11-23,True
2019-11-24,Eibar,Alaves,1.61983,1.47648,12154,2019,https://understat.com/getLeagueData/La_liga/2019,2019-11-24,True
2019-11-24,Espanol,Getafe,1.12432,0.773228,12155,2019,https://understat.com/getLeagueData/La_liga/2019,2019-11-24,True
2019-11-24,Osasuna,Ath Bilbao,1.27092,1.21625,12159,2019,https://understat.com/getLeagueData/La_liga/2019,2019-11-24,True
2019-11-24,Valladolid,Sevilla,0.363545,1.11673,12162,2019,https://understat.com/getLeagueData/La_liga/2019,2019-11-24,True
2019-11-24,Villarreal,Celta,1.20262,1.75554,12161,2019,https://understat.com/getLeagueData/La_liga/2019,2019-11-24,True
2019-11-29,Celta,Valladolid,1.43181,0.263566,12166,2019,https://understat.com/getLeagueData/La_liga/2019,2019-11-29,True
2019-11-30,Alaves,Real Madrid,1.10771,2.08673,12163,2019,https://understat.com/getLeagueData/La_liga/2019,2019-11-30,True
2019-11-30,Mallorca,Betis,2.37108,2.27656,12169,2019,https://understat.com/getLeagueData/La_liga/2019,2019-11-30,True
2019-11-30,Sociedad,Eibar,1.39065,0.605108,12170,2019,https://understat.com/getLeagueData/La_liga/2019,2019-11-30,True
2019-11-30,Valencia,Villarreal,1.58912,1.94325,12172,2019,https://understat.com/getLeagueData/La_liga/2019,2019-11-30,True
2019-12-01,Ath Bilbao,Granada,1.82466,0.233324,12164,2019,https://understat.com/getLeagueData/La_liga/2019,2019-12-01,True
2019-12-01,Ath Madrid,Barcelona,1.16353,1.18842,12165,2019,https://understat.com/getLeagueData/La_liga/2019,2019-12-01,True
2019-12-01,Espanol,Osasuna,1.55803,3.03712,12167,2019,https://understat.com/getLeagueData/La_liga/2019,2019-12-01,True
2019-12-01,Getafe,Levante,2.05726,0.476355,12168,2019,https://understat.com/getLeagueData/La_liga/2019,2019-12-01,True
2019-12-01,Sevilla,Leganes,2.44081,1.05322,12171,2019,https://understat.com/getLeagueData/La_liga/2019,2019-12-01,True
2019-12-06,Villarreal,Ath Madrid,1.41318,1.71887,12181,2019,https://understat.com/getLeagueData/La_liga/2019,2019-12-06,True
2019-12-07,Barcelona,Mallorca,4.28236,1.0224,12173,2019,https://understat.com/getLeagueData/La_liga/2019,2019-12-07,True
2019-12-07,Granada,Alaves,2.63161,0.37368,12176,2019,https://understat.com/getLeagueData/La_liga/2019,2019-12-07,True
2019-12-07,Levante,Valencia,2.12541,2.95856,12178,2019,https://understat.com/getLeagueData/La_liga/2019,2019-12-07,True
2019-12-07,Real Madrid,Espanol,2.55366,0.286726,12180,2019,https://understat.com/getLeagueData/La_liga/2019,2019-12-07,True
2019-12-08,Betis,Ath Bilbao,1.98458,0.985449,12174,2019,https://understat.com/getLeagueData/La_liga/2019,2019-12-08,True
2019-12-08,Eibar,Getafe,0.267821,0.913932,12175,2019,https://understat.com/getLeagueData/La_liga/2019,2019-12-08,True
2019-12-08,Leganes,Celta,0.971054,0.47817,12177,2019,https://understat.com/getLeagueData/La_liga/2019,2019-12-08,True
2019-12-08,Osasuna,Sevilla,0.661362,1.46737,12179,2019,https://understat.com/getLeagueData/La_liga/2019,2019-12-08,True
2019-12-08,Valladolid,Sociedad,0.509978,1.87222,12182,2019,https://understat.com/getLeagueData/La_liga/2019,2019-12-08,True
2019-12-13,Alaves,Leganes,1.56275,0.915597,12183,2019,https://understat.com/getLeagueData/La_liga/2019,2019-12-13,True
2019-12-14,Ath Bilbao,Eibar,0.358952,0.276155,12184,2019,https://understat.com/getLeagueData/La_liga/2019,2019-12-14,True
2019-12-14,Ath Madrid,Osasuna,2.5649,0.528091,12185,2019,https://understat.com/getLeagueData/La_liga/2019,2019-12-14,True
2019-12-14,Granada,Levante,1.21053,0.917727,12189,2019,https://understat.com/getLeagueData/La_liga/2019,2019-12-14,True
2019-12-14,Sociedad,Barcelona,2.87892,1.18314,12190,2019,https://understat.com/getLeagueData/La_liga/2019,2019-12-14,True
2019-12-15,Celta,Mallorca,2.18849,1.51622,12186,2019,https://understat.com/getLeagueData/La_liga/2019,2019-12-15,True
2019-12-15,Espanol,Betis,1.58859,0.502557,12187,2019,https://understat.com/getLeagueData/La_liga/2019,2019-12-15,True
2019-12-15,Getafe,Valladolid,1.88065,0.435816,12188,2019,https://understat.com/getLeagueData/La_liga/2019,2019-12-15,True
2019-12-15,Sevilla,Villarreal,1.73952,1.62777,12191,2019,https://understat.com/getLeagueData/La_liga/2019,2019-12-15,True
2019-12-15,Valencia,Real Madrid,2.28638,1.97126,12192,2019,https://understat.com/getLeagueData/La_liga/2019,2019-12-15,True
2019-12-18,Barcelona,Real Madrid,0.72288,0.844042,12113,2019,https://understat.com/getLeagueData/La_liga/2019,2019-12-18,True
2019-12-20,Eibar,Granada,2.55405,1.72232,12195,2019,https://understat.com/getLeagueData/La_liga/2019,2019-12-20,True
2019-12-21,Barcelona,Alaves,1.43229,0.432162,12193,2019,https://understat.com/getLeagueData/La_liga/2019,2019-12-21,True
2019-12-21,Mallorca,Sevilla,0.788281,1.80841,12198,2019,https://understat.com/getLeagueData/La_liga/2019,2019-12-21,True
2019-12-21,Valladolid,Valencia,0.7245,0.835691,12202,2019,https://understat.com/getLeagueData/La_liga/2019,2019-12-21,True
2019-12-21,Villarreal,Getafe,2.63083,0.646333,12201,2019,https://understat.com/getLeagueData/La_liga/2019,2019-12-21,True
2019-12-22,Betis,Ath Madrid,0.922514,1.41727,12194,2019,https://understat.com/getLeagueData/La_liga/2019,2019-12-22,True
2019-12-22,Leganes,Espanol,0.84514,0.649033,12196,2019,https://understat.com/getLeagueData/La_liga/2019,2019-12-22,True
2019-12-22,Levante,Celta,2.68998,1.4501,12197,2019,https://understat.com/getLeagueData/La_liga/2019,2019-12-22,True
2019-12-22,Osasuna,Sociedad,3.10563,2.29198,12199,2019,https://understat.com/getLeagueData/La_liga/2019,2019-12-22,True
2019-12-22,Real Madrid,Ath Bilbao,2.95373,0.415201,12200,2019,https://understat.com/getLeagueData/La_liga/2019,2019-12-22,True
2020-01-03,Sevilla,Ath Bilbao,1.07523,0.237728,12210,2019,https://understat.com/getLeagueData/La_liga/2019,2020-01-03,True
2020-01-03,Valladolid,Leganes,1.56625,2.14709,12212,2019,https://understat.com/getLeagueData/La_liga/2019,2020-01-03,True
2020-01-04,Ath Madrid,Levante,1.56308,0.736284,12204,2019,https://understat.com/getLeagueData/La_liga/2019,2020-01-04,True
2020-01-04,Espanol,Barcelona,0.730874,2.3097,12206,2019,https://understat.com/getLeagueData/La_liga/2019,2020-01-04,True
2020-01-04,Getafe,Real Madrid,1.26627,2.09016,12207,2019,https://understat.com/getLeagueData/La_liga/2019,2020-01-04,True
2020-01-04,Valencia,Eibar,1.10197,0.817026,12211,2019,https://understat.com/getLeagueData/La_liga/2019,2020-01-04,True
2020-01-05,Alaves,Betis,0.304027,2.02653,12203,2019,https://understat.com/getLeagueData/La_liga/2019,2020-01-05,True
2020-01-05,Celta,Osasuna,1.91143,0.76674,12205,2019,https://understat.com/getLeagueData/La_liga/2019,2020-01-05,True
2020-01-05,Granada,Mallorca,1.38848,0.78276,12208,2019,https://understat.com/getLeagueData/La_liga/2019,2020-01-05,True
2020-01-05,Sociedad,Villarreal,1.01062,1.29087,12209,2019,https://understat.com/getLeagueData/La_liga/2019,2020-01-05,True
2020-01-17,Leganes,Getafe,0.280841,1.96098,12217,2019,https://understat.com/getLeagueData/La_liga/2019,2020-01-17,True
2020-01-18,Eibar,Ath Madrid,1.03493,1.03685,12216,2019,https://understat.com/getLeagueData/La_liga/2019,2020-01-18,True
2020-01-18,Levante,Alaves,1.16982,1.73657,12218,2019,https://understat.com/getLeagueData/La_liga/2019,2020-01-18,True
2020-01-18,Osasuna,Valladolid,1.59896,0.618269,12220,2019,https://understat.com/getLeagueData/La_liga/2019,2020-01-18,True
2020-01-18,Real Madrid,Sevilla,1.37156,0.373928,12221,2019,https://understat.com/getLeagueData/La_liga/2019,2020-01-18,True
2020-01-19,Ath Bilbao,Celta,3.43632,0.716642,12213,2019,https://understat.com/getLeagueData/La_liga/2019,2020-01-19,True
2020-01-19,Barcelona,Granada,1.43259,0.187953,12214,2019,https://understat.com/getLeagueData/La_liga/2019,2020-01-19,True
2020-01-19,Betis,Sociedad,2.26225,0.281591,12215,2019,https://understat.com/getLeagueData/La_liga/2019,2020-01-19,True
2020-01-19,Mallorca,Valencia,2.18221,0.449368,12219,2019,https://understat.com/getLeagueData/La_liga/2019,2020-01-19,True
2020-01-19,Villarreal,Espanol,2.23006,2.04252,12222,2019,https://understat.com/getLeagueData/La_liga/2019,2020-01-19,True
2020-01-24,Osasuna,Levante,1.94107,0.601469,12228,2019,https://understat.com/getLeagueData/La_liga/2019,2020-01-24,True
2020-01-25,Alaves,Villarreal,0.975012,1.07139,12223,2019,https://understat.com/getLeagueData/La_liga/2019,2020-01-25,True
2020-01-25,Espanol,Ath Bilbao,0.552668,0.660786,12226,2019,https://understat.com/getLeagueData/La_liga/2019,2020-01-25,True
2020-01-25,Sevilla,Granada,0.807577,0.475664,12230,2019,https://understat.com/getLeagueData/La_liga/2019,2020-01-25,True
2020-01-25,Valencia,Barcelona,1.43787,1.15303,12231,2019,https://understat.com/getLeagueData/La_liga/2019,2020-01-25,True
2020-01-26,Ath Madrid,Leganes,0.990297,0.37528,12224,2019,https://understat.com/getLeagueData/La_liga/2019,2020-01-26,True
2020-01-26,Celta,Eibar,1.03102,0.223406,12225,2019,https://understat.com/getLeagueData/La_liga/2019,2020-01-26,True
2020-01-26,Getafe,Betis,1.45193,1.33797,12227,2019,https://understat.com/getLeagueData/La_liga/2019,2020-01-26,True
2020-01-26,Sociedad,Mallorca,2.6866,0.885045,12229,2019,https://understat.com/getLeagueData/La_liga/2019,2020-01-26,True
2020-01-26,Valladolid,Real Madrid,0.190691,0.5486,12232,2019,https://understat.com/getLeagueData/La_liga/2019,2020-01-26,True
2020-02-01,Granada,Espanol,0.875651,2.69997,12235,2019,https://understat.com/getLeagueData/La_liga/2019,2020-02-01,True
2020-02-01,Mallorca,Valladolid,0.550096,1.09282,12237,2019,https://understat.com/getLeagueData/La_liga/2019,2020-02-01,True
2020-02-01,Real Madrid,Ath Madrid,1.08227,0.454401,12238,2019,https://understat.com/getLeagueData/La_liga/2019,2020-02-01,True
2020-02-01,Valencia,Celta,1.103,1.35798,12240,2019,https://understat.com/getLeagueData/La_liga/2019,2020-02-01,True
2020-02-02,Ath Bilbao,Getafe,0.734487,2.25172,12242,2019,https://understat.com/getLeagueData/La_liga/2019,2020-02-02,True
2020-02-02,Barcelona,Levante,3.38735,1.21881,12233,2019,https://understat.com/getLeagueData/La_liga/2019,2020-02-02,True
2020-02-02,Eibar,Betis,2.28348,0.959112,12234,2019,https://understat.com/getLeagueData/La_liga/2019,2020-02-02,True
2020-02-02,Leganes,Sociedad,1.42,0.108866,12236,2019,https://understat.com/getLeagueData/La_liga/2019,2020-02-02,True
2020-02-02,Sevilla,Alaves,1.64919,0.984092,12239,2019,https://understat.com/getLeagueData/La_liga/2019,2020-02-02,True
2020-02-02,Villarreal,Osasuna,1.9166,0.915717,12241,2019,https://understat.com/getLeagueData/La_liga/2019,2020-02-02,True
2020-02-07,Alaves,Eibar,1.44414,0.159152,12249,2019,https://understat.com/getLeagueData/La_liga/2019,2020-02-07,True
2020-02-08,Ath Madrid,Granada,0.92576,0.89501,12250,2019,https://understat.com/getLeagueData/La_liga/2019,2020-02-08,True
2020-02-08,Getafe,Valencia,3.27894,0.257146,12244,2019,https://understat.com/getLeagueData/La_liga/2019,2020-02-08,True
2020-02-08,Levante,Leganes,0.933595,1.18902,12245,2019,https://understat.com/getLeagueData/La_liga/2019,2020-02-08,True
2020-02-08,Valladolid,Villarreal,0.646254,1.38092,12248,2019,https://understat.com/getLeagueData/La_liga/2019,2020-02-08,True
2020-02-09,Betis,Barcelona,1.05905,1.85454,12251,2019,https://understat.com/getLeagueData/La_liga/2019,2020-02-09,True
2020-02-09,Celta,Sevilla,1.38338,1.13918,12252,2019,https://understat.com/getLeagueData/La_liga/2019,2020-02-09,True
2020-02-09,Espanol,Mallorca,1.81523,0.669911,12243,2019,https://understat.com/getLeagueData/La_liga/2019,2020-02-09,True
2020-02-09,Osasuna,Real Madrid,0.68297,2.74949,12246,2019,https://understat.com/getLeagueData/La_liga/2019,2020-02-09,True
2020-02-09,Sociedad,Ath Bilbao,2.27376,0.643736,12247,2019,https://understat.com/getLeagueData/La_liga/2019,2020-02-09,True
2020-02-14,Valencia,Ath Madrid,1.56219,1.07192,12261,2019,https://understat.com/getLeagueData/La_liga/2019,2020-02-14,True
2020-02-15,Barcelona,Getafe,1.87978,1.18616,12254,2019,https://understat.com/getLeagueData/La_liga/2019,2020-02-15,True
2020-02-15,Granada,Valladolid,2.13521,0.638079,12256,2019,https://understat.com/getLeagueData/La_liga/2019,2020-02-15,True
2020-02-15,Mallorca,Alaves,2.04009,0.784895,12258,2019,https://understat.com/getLeagueData/La_liga/2019,2020-02-15,True
2020-02-15,Villarreal,Levante,0.835883,1.24428,12262,2019,https://understat.com/getLeagueData/La_liga/2019,2020-02-15,True
2020-02-16,Ath Bilbao,Osasuna,0.763109,0.836206,12253,2019,https://understat.com/getLeagueData/La_liga/2019,2020-02-16,True
2020-02-16,Leganes,Betis,0.563219,0.487887,12257,2019,https://understat.com/getLeagueData/La_liga/2019,2020-02-16,True
2020-02-16,Real Madrid,Celta,1.90404,1.17019,12259,2019,https://understat.com/getLeagueData/La_liga/2019,2020-02-16,True
2020-02-16,Sevilla,Espanol,1.65914,0.622409,12260,2019,https://understat.com/getLeagueData/La_liga/2019,2020-02-16,True
2020-02-21,Betis,Mallorca,3.09931,0.913546,12266,2019,https://understat.com/getLeagueData/La_liga/2019,2020-02-21,True
2020-02-22,Barcelona,Eibar,4.66065,0.477994,12265,2019,https://understat.com/getLeagueData/La_liga/2019,2020-02-22,True
2020-02-22,Celta,Leganes,0.128175,0.371163,12267,2019,https://understat.com/getLeagueData/La_liga/2019,2020-02-22,True
2020-02-22,Levante,Real Madrid,0.70752,1.90806,12269,2019,https://understat.com/getLeagueData/La_liga/2019,2020-02-22,True
2020-02-22,Sociedad,Valencia,2.3988,0.25727,12271,2019,https://understat.com/getLeagueData/La_liga/2019,2020-02-22,True
2020-02-23,Alaves,Ath Bilbao,1.84055,0.593519,12263,2019,https://understat.com/getLeagueData/La_liga/2019,2020-02-23,True
2020-02-23,Ath Madrid,Villarreal,2.17916,0.440221,12264,2019,https://understat.com/getLeagueData/La_liga/2019,2020-02-23,True
2020-02-23,Getafe,Sevilla,0.460518,2.82001,12268,2019,https://understat.com/getLeagueData/La_liga/2019,2020-02-23,True
2020-02-23,Osasuna,Granada,0.783825,1.68194,12270,2019,https://understat.com/getLeagueData/La_liga/2019,2020-02-23,True
2020-02-23,Valladolid,Espanol,1.14839,1.26303,12272,2019,https://understat.com/getLeagueData/La_liga/2019,2020-02-23,True
2020-02-28,Sociedad,Valladolid,2.56307,0.86626,12280,2019,https://understat.com/getLeagueData/La_liga/2019,2020-02-28,True
2020-02-29,Eibar,Levante,3.07099,0.60028,12274,2019,https://understat.com/getLeagueData/La_liga/2019,2020-02-29,True
2020-02-29,Granada,Celta,0.918043,0.27654,12276,2019,https://understat.com/getLeagueData/La_liga/2019,2020-02-29,True
2020-02-29,Leganes,Alaves,0.982157,0.977076,12277,2019,https://understat.com/getLeagueData/La_liga/2019,2020-02-29,True
2020-02-29,Valencia,Betis,1.05167,0.793569,12282,2019,https://understat.com/getLeagueData/La_liga/2019,2020-02-29,True
2020-03-01,Ath Bilbao,Villarreal,2.72308,0.879429,12273,2019,https://understat.com/getLeagueData/La_liga/2019,2020-03-01,True
2020-03-01,Espanol,Ath Madrid,1.29128,0.761475,12275,2019,https://understat.com/getLeagueData/La_liga/2019,2020-03-01,True
2020-03-01,Mallorca,Getafe,0.0726554,0.913015,12278,2019,https://understat.com/getLeagueData/La_liga/2019,2020-03-01,True
2020-03-01,Real Madrid,Barcelona,1.0617,1.52303,12279,2019,https://understat.com/getLeagueData/La_liga/2019,2020-03-01,True
2020-03-01,Sevilla,Osasuna,1.64954,1.80118,12281,2019,https://understat.com/getLeagueData/La_liga/2019,2020-03-01,True
2020-03-06,Alaves,Valencia,0.938792,0.931772,12283,2019,https://understat.com/getLeagueData/La_liga/2019,2020-03-06,True
2020-03-07,Ath Madrid,Sevilla,2.04826,1.61538,12284,2019,https://understat.com/getLeagueData/La_liga/2019,2020-03-07,True
2020-03-07,Barcelona,Sociedad,2.2099,0.550322,12285,2019,https://understat.com/getLeagueData/La_liga/2019,2020-03-07,True
2020-03-07,Eibar,Mallorca,0.9664,0.90604,12287,2019,https://understat.com/getLeagueData/La_liga/2019,2020-03-07,True
2020-03-07,Getafe,Celta,1.15002,0.156144,12290,2019,https://understat.com/getLeagueData/La_liga/2019,2020-03-07,True
2020-03-08,Betis,Real Madrid,1.33577,1.39172,12286,2019,https://understat.com/getLeagueData/La_liga/2019,2020-03-08,True
2020-03-08,Levante,Granada,1.06858,1.22846,12291,2019,https://understat.com/getLeagueData/La_liga/2019,2020-03-08,True
2020-03-08,Osasuna,Espanol,2.2865,0.174034,12292,2019,https://understat.com/getLeagueData/La_liga/2019,2020-03-08,True
2020-03-08,Valladolid,Ath Bilbao,2.03703,1.59457,12289,2019,https://understat.com/getLeagueData/La_liga/2019,2020-03-08,True
2020-03-08,Villarreal,Leganes,2.38355,1.7502,12288,2019,https://understat.com/getLeagueData/La_liga/2019,2020-03-08,True
2020-03-10,Eibar,Sociedad,1.84648,1.30335,12255,2019,https://understat.com/getLeagueData/La_liga/2019,2020-03-10,True
2020-06-11,Sevilla,Betis,2.11983,0.481345,12301,2019,https://understat.com/getLeagueData/La_liga/2019,2020-06-11,True
2020-06-12,Granada,Getafe,2.17942,0.786113,12299,2019,https://understat.com/getLeagueData/La_liga/2019,2020-06-12,True
2020-06-12,Valencia,Levante,1.00063,1.45366,12300,2019,https://understat.com/getLeagueData/La_liga/2019,2020-06-12,True
2020-06-13,Celta,Villarreal,0.129638,1.61991,12295,2019,https://understat.com/getLeagueData/La_liga/2019,2020-06-13,True
2020-06-13,Espanol,Alaves,2.01521,0.0516535,12294,2019,https://understat.com/getLeagueData/La_liga/2019,2020-06-13,True
2020-06-13,Leganes,Valladolid,1.13073,1.23093,12298,2019,https://understat.com/getLeagueData/La_liga/2019,2020-06-13,True
2020-06-13,Mallorca,Barcelona,0.648782,2.69892,12297,2019,https://understat.com/getLeagueData/La_liga/2019,2020-06-13,True
2020-06-14,Ath Bilbao,Ath Madrid,0.362873,1.18398,12293,2019,https://understat.com/getLeagueData/La_liga/2019,2020-06-14,True
2020-06-14,Real Madrid,Eibar,1.27218,0.434682,12296,2019,https://understat.com/getLeagueData/La_liga/2019,2020-06-14,True
2020-06-14,Sociedad,Osasuna,0.89714,1.1455,12302,2019,https://understat.com/getLeagueData/La_liga/2019,2020-06-14,True
2020-06-15,Betis,Granada,1.49004,1.03374,12306,2019,https://understat.com/getLeagueData/La_liga/2019,2020-06-15,True
2020-06-15,Levante,Sevilla,0.807331,1.06949,12312,2019,https://understat.com/getLeagueData/La_liga/2019,2020-06-15,True
2020-06-16,Barcelona,Leganes,1.53086,0.85627,12307,2019,https://understat.com/getLeagueData/La_liga/2019,2020-06-16,True
2020-06-16,Getafe,Espanol,2.00352,0.786529,12304,2019,https://understat.com/getLeagueData/La_liga/2019,2020-06-16,True
2020-06-16,Villarreal,Mallorca,1.62532,1.65754,12309,2019,https://understat.com/getLeagueData/La_liga/2019,2020-06-16,True
2020-06-17,Eibar,Ath Bilbao,1.83348,1.72308,12305,2019,https://understat.com/getLeagueData/La_liga/2019,2020-06-17,True
2020-06-17,Osasuna,Ath Madrid,0.860898,2.40229,12311,2019,https://understat.com/getLeagueData/La_liga/2019,2020-06-17,True
2020-06-17,Valladolid,Celta,0.436127,1.0575,12310,2019,https://understat.com/getLeagueData/La_liga/2019,2020-06-17,True
2020-06-18,Alaves,Sociedad,1.52088,0.318266,12303,2019,https://understat.com/getLeagueData/La_liga/2019,2020-06-18,True
2020-06-18,Real Madrid,Valencia,2.02374,0.156776,12308,2019,https://understat.com/getLeagueData/La_liga/2019,2020-06-18,True
2020-06-19,Granada,Villarreal,0.883633,0.803321,12318,2019,https://understat.com/getLeagueData/La_liga/2019,2020-06-19,True
2020-06-19,Mallorca,Leganes,0.478364,1.08784,12319,2019,https://understat.com/getLeagueData/La_liga/2019,2020-06-19,True
2020-06-19,Sevilla,Barcelona,0.824926,0.741303,12321,2019,https://understat.com/getLeagueData/La_liga/2019,2020-06-19,True
2020-06-20,Ath Bilbao,Betis,2.24762,2.13638,12313,2019,https://understat.com/getLeagueData/La_liga/2019,2020-06-20,True
2020-06-20,Ath Madrid,Valladolid,0.768121,0.281386,12314,2019,https://understat.com/getLeagueData/La_liga/2019,2020-06-20,True
2020-06-20,Espanol,Levante,0.491778,2.56766,12316,2019,https://understat.com/getLeagueData/La_liga/2019,2020-06-20,True
2020-06-20,Getafe,Eibar,0.820376,0.816384,12317,2019,https://understat.com/getLeagueData/La_liga/2019,2020-06-20,True
2020-06-21,Celta,Alaves,2.82117,0.168445,12315,2019,https://understat.com/getLeagueData/La_liga/2019,2020-06-21,True
2020-06-21,Sociedad,Real Madrid,0.482127,1.30503,12320,2019,https://understat.com/getLeagueData/La_liga/2019,2020-06-21,True
2020-06-21,Valencia,Osasuna,1.8991,1.60978,12322,2019,https://understat.com/getLeagueData/La_liga/2019,2020-06-21,True
2020-06-22,Leganes,Granada,1.11797,0.147341,12327,2019,https://understat.com/getLeagueData/La_liga/2019,2020-06-22,True
2020-06-22,Villarreal,Sevilla,1.08857,1.2636,12331,2019,https://understat.com/getLeagueData/La_liga/2019,2020-06-22,True
2020-06-23,Barcelona,Ath Bilbao,1.8377,0.649841,12324,2019,https://understat.com/getLeagueData/La_liga/2019,2020-06-23,True
2020-06-23,Levante,Ath Madrid,0.748438,1.0251,12328,2019,https://understat.com/getLeagueData/La_liga/2019,2020-06-23,True
2020-06-23,Valladolid,Getafe,1.08861,0.675045,12332,2019,https://understat.com/getLeagueData/La_liga/2019,2020-06-23,True
2020-06-24,Alaves,Osasuna,0.389684,1.1029,12323,2019,https://understat.com/getLeagueData/La_liga/2019,2020-06-24,True
2020-06-24,Real Madrid,Mallorca,1.3538,0.573505,12329,2019,https://understat.com/getLeagueData/La_liga/2019,2020-06-24,True
2020-06-24,Sociedad,Celta,0.628775,0.848154,12330,2019,https://understat.com/getLeagueData/La_liga/2019,2020-06-24,True
2020-06-25,Betis,Espanol,1.07378,1.12604,12325,2019,https://understat.com/getLeagueData/La_liga/2019,2020-06-25,True
2020-06-25,Eibar,Valencia,0.555369,0.389713,12326,2019,https://understat.com/getLeagueData/La_liga/2019,2020-06-25,True
2020-06-26,Sevilla,Valladolid,1.59745,0.583726,12341,2019,https://understat.com/getLeagueData/La_liga/2019,2020-06-26,True
2020-06-27,Ath Bilbao,Mallorca,2.76806,1.16492,12333,2019,https://understat.com/getLeagueData/La_liga/2019,2020-06-27,True
2020-06-27,Ath Madrid,Alaves,1.86903,1.12577,12334,2019,https://understat.com/getLeagueData/La_liga/2019,2020-06-27,True
2020-06-27,Celta,Barcelona,1.93802,2.13485,12335,2019,https://understat.com/getLeagueData/La_liga/2019,2020-06-27,True
2020-06-27,Osasuna,Leganes,0.896141,1.48812,12340,2019,https://understat.com/getLeagueData/La_liga/2019,2020-06-27,True
2020-06-28,Espanol,Real Madrid,1.00521,2.41536,12336,2019,https://understat.com/getLeagueData/La_liga/2019,2020-06-28,True
2020-06-28,Granada,Eibar,1.49293,1.68478,12338,2019,https://understat.com/getLeagueData/La_liga/2019,2020-06-28,True
2020-06-28,Levante,Betis,1.6905,1.51929,12339,2019,https://understat.com/getLeagueData/La_liga/2019,2020-06-28,True
2020-06-28,Villarreal,Valencia,2.41493,0.182323,12342,2019,https://understat.com/getLeagueData/La_liga/2019,2020-06-28,True
2020-06-29,Getafe,Sociedad,1.3901,0.731053,12337,2019,https://understat.com/getLeagueData/La_liga/2019,2020-06-29,True
2020-06-30,Barcelona,Ath Madrid,1.80729,1.78128,12344,2019,https://understat.com/getLeagueData/La_liga/2019,2020-06-30,True
2020-06-30,Leganes,Sevilla,0.756658,0.710464,12347,2019,https://understat.com/getLeagueData/La_liga/2019,2020-06-30,True
2020-06-30,Mallorca,Celta,1.6815,1.55871,12348,2019,https://understat.com/getLeagueData/La_liga/2019,2020-06-30,True
2020-07-01,Alaves,Granada,1.01978,1.23821,12343,2019,https://understat.com/getLeagueData/La_liga/2019,2020-07-01,True
2020-07-01,Betis,Villarreal,0.400169,2.91561,12345,2019,https://understat.com/getLeagueData/La_liga/2019,2020-07-01,True
2020-07-01,Valencia,Ath Bilbao,1.27025,0.91393,12351,2019,https://understat.com/getLeagueData/La_liga/2019,2020-07-01,True
2020-07-01,Valladolid,Levante,1.37071,0.206917,12352,2019,https://understat.com/getLeagueData/La_liga/2019,2020-07-01,True
2020-07-02,Eibar,Osasuna,0.844993,0.965632,12346,2019,https://understat.com/getLeagueData/La_liga/2019,2020-07-02,True
2020-07-02,Real Madrid,Getafe,1.75594,0.35097,12349,2019,https://understat.com/getLeagueData/La_liga/2019,2020-07-02,True
2020-07-02,Sociedad,Espanol,1.38838,0.11827,12350,2019,https://understat.com/getLeagueData/La_liga/2019,2020-07-02,True
2020-07-03,Ath Madrid,Mallorca,2.65175,0.595505,12354,2019,https://understat.com/getLeagueData/La_liga/2019,2020-07-03,True
2020-07-04,Celta,Betis,0.238909,0.636627,12355,2019,https://understat.com/getLeagueData/La_liga/2019,2020-07-04,True
2020-07-04,Granada,Valencia,2.67712,0.851494,12357,2019,https://understat.com/getLeagueData/La_liga/2019,2020-07-04,True
2020-07-04,Valladolid,Alaves,0.591015,0.311545,12362,2019,https://understat.com/getLeagueData/La_liga/2019,2020-07-04,True
2020-07-05,Ath Bilbao,Real Madrid,0.240102,2.90047,12353,2019,https://understat.com/getLeagueData/La_liga/2019,2020-07-05,True
2020-07-05,Espanol,Leganes,0.705114,0.423597,12356,2019,https://understat.com/getLeagueData/La_liga/2019,2020-07-05,True
2020-07-05,Osasuna,Getafe,0.667423,0.293418,12359,2019,https://understat.com/getLeagueData/La_liga/2019,2020-07-05,True
2020-07-05,Villarreal,Barcelona,0.961984,2.75294,12361,2019,https://understat.com/getLeagueData/La_liga/2019,2020-07-05,True
2020-07-06,Levante,Sociedad,1.19147,1.06365,12358,2019,https://understat.com/getLeagueData/La_liga/2019,2020-07-06,True
2020-07-06,Sevilla,Eibar,1.29481,1.16838,12360,2019,https://understat.com/getLeagueData/La_liga/2019,2020-07-06,True
2020-07-07,Celta,Ath Madrid,0.281854,1.0928,12366,2019,https://understat.com/getLeagueData/La_liga/2019,2020-07-07,True
2020-07-07,Valencia,Valladolid,1.14695,0.407041,12368,2019,https://understat.com/getLeagueData/La_liga/2019,2020-07-07,True
2020-07-08,Barcelona,Espanol,0.897655,0.830636,12364,2019,https://understat.com/getLeagueData/La_liga/2019,2020-07-08,True
2020-07-08,Betis,Osasuna,2.12533,0.407994,12365,2019,https://understat.com/getLeagueData/La_liga/2019,2020-07-08,True
2020-07-08,Getafe,Villarreal,0.580238,1.95451,12370,2019,https://understat.com/getLeagueData/La_liga/2019,2020-07-08,True
2020-07-09,Ath Bilbao,Sevilla,1.6153,1.80682,12363,2019,https://understat.com/getLeagueData/La_liga/2019,2020-07-09,True
2020-07-09,Eibar,Leganes,0.156567,0.398122,12369,2019,https://understat.com/getLeagueData/La_liga/2019,2020-07-09,True
2020-07-09,Mallorca,Levante,1.48983,1.008,12371,2019,https://understat.com/getLeagueData/La_liga/2019,2020-07-09,True
2020-07-10,Real Madrid,Alaves,2.35582,1.31041,12372,2019,https://understat.com/getLeagueData/La_liga/2019,2020-07-10,True
2020-07-10,Sociedad,Granada,1.18927,0.312385,12367,2019,https://understat.com/getLeagueData/La_liga/2019,2020-07-10,True
2020-07-11,Ath Madrid,Betis,0.76357,1.1694,12378,2019,https://understat.com/getLeagueData/La_liga/2019,2020-07-11,True
2020-07-11,Osasuna,Celta,1.2561,0.985972,12375,2019,https://understat.com/getLeagueData/La_liga/2019,2020-07-11,True
2020-07-11,Valladolid,Barcelona,0.849569,1.02109,12380,2019,https://understat.com/getLeagueData/La_liga/2019,2020-07-11,True
2020-07-12,Espanol,Eibar,0.884621,2.0596,12379,2019,https://understat.com/getLeagueData/La_liga/2019,2020-07-12,True
2020-07-12,Leganes,Valencia,1.2593,1.28008,12377,2019,https://understat.com/getLeagueData/La_liga/2019,2020-07-12,True
2020-07-12,Levante,Ath Bilbao,1.10257,0.979209,12374,2019,https://understat.com/getLeagueData/La_liga/2019,2020-07-12,True
2020-07-12,Sevilla,Mallorca,1.91225,0.309223,12381,2019,https://understat.com/getLeagueData/La_liga/2019,2020-07-12,True
2020-07-13,Alaves,Getafe,0.118514,0.596646,12373,2019,https://understat.com/getLeagueData/La_liga/2019,2020-07-13,True
2020-07-13,Granada,Real Madrid,0.930144,0.527843,12376,2019,https://understat.com/getLeagueData/La_liga/2019,2020-07-13,True
2020-07-13,Villarreal,Sociedad,0.365973,1.24702,12382,2019,https://understat.com/getLeagueData/La_liga/2019,2020-07-13,True
2020-07-16,Ath Bilbao,Leganes,0.62086,1.84675,12386,2019,https://understat.com/getLeagueData/La_liga/2019,2020-07-16,True
2020-07-16,Barcelona,Osasuna,1.14981,0.672683,12385,2019,https://understat.com/getLeagueData/La_liga/2019,2020-07-16,True
2020-07-16,Betis,Alaves,1.80332,2.31274,12384,2019,https://understat.com/getLeagueData/La_liga/2019,2020-07-16,True
2020-07-16,Celta,Levante,1.64845,1.39618,12383,2019,https://understat.com/getLeagueData/La_liga/2019,2020-07-16,True
2020-07-16,Eibar,Valladolid,2.6027,2.14787,12387,2019,https://understat.com/getLeagueData/La_liga/2019,2020-07-16,True
2020-07-16,Getafe,Ath Madrid,1.13873,1.74341,12392,2019,https://understat.com/getLeagueData/La_liga/2019,2020-07-16,True
2020-07-16,Mallorca,Granada,1.21791,1.09278,12391,2019,https://understat.com/getLeagueData/La_liga/2019,2020-07-16,True
2020-07-16,Real Madrid,Villarreal,1.69772,1.14058,12390,2019,https://understat.com/getLeagueData/La_liga/2019,2020-07-16,True
2020-07-16,Sociedad,Sevilla,0.835797,0.611057,12389,2019,https://understat.com/getLeagueData/La_liga/2019,2020-07-16,True
2020-07-16,Valencia,Espanol,1.24164,1.20165,12388,2019,https://understat.com/getLeagueData/La_liga/2019,2020-07-16,True
2020-07-19,Alaves,Barcelona,0.274487,3.62799,12393,2019,https://understat.com/getLeagueData/La_liga/2019,2020-07-19,True
2020-07-19,Ath Madrid,Sociedad,1.50008,0.335651,12394,2019,https://understat.com/getLeagueData/La_liga/2019,2020-07-19,True
2020-07-19,Espanol,Celta,0.362807,0.444157,12395,2019,https://understat.com/getLeagueData/La_liga/2019,2020-07-19,True
2020-07-19,Granada,Ath Bilbao,2.33033,0.564731,12397,2019,https://understat.com/getLeagueData/La_liga/2019,2020-07-19,True
2020-07-19,Leganes,Real Madrid,1.16055,1.06489,12396,2019,https://understat.com/getLeagueData/La_liga/2019,2020-07-19,True
2020-07-19,Levante,Getafe,2.58924,1.73078,12398,2019,https://understat.com/getLeagueData/La_liga/2019,2020-07-19,True
2020-07-19,Osasuna,Mallorca,1.00938,0.595381,12399,2019,https://understat.com/getLeagueData/La_liga/2019,2020-07-19,True
2020-07-19,Sevilla,Valencia,0.731583,0.301441,12402,2019,https://understat.com/getLeagueData/La_liga/2019,2020-07-19,True
2020-07-19,Valladolid,Betis,0.915131,0.548953,12400,2019,https://understat.com/getLeagueData/La_liga/2019,2020-07-19,True
2020-07-19,Villarreal,Eibar,3.00793,0.762647,12401,2019,https://understat.com/getLeagueData/La_liga/2019,2020-07-19,True
2020-09-12,Cadiz,Osasuna,0.600934,0.633286,14138,2020,https://understat.com/getLeagueData/La_liga/2020,2020-09-12,True
2020-09-12,Eibar,Celta,0.344008,0.783653,14136,2020,https://understat.com/getLeagueData/La_liga/2020,2020-09-12,True
2020-09-12,Granada,Ath Bilbao,0.545144,0.483337,14137,2020,https://understat.com/getLeagueData/La_liga/2020,2020-09-12,True
2020-09-13,Alaves,Betis,1.17642,0.341233,14139,2020,https://understat.com/getLeagueData/La_liga/2020,2020-09-13,True
2020-09-13,Valencia,Levante,1.72531,2.37179,14144,2020,https://understat.com/getLeagueData/La_liga/2020,2020-09-13,True
2020-09-13,Valladolid,Sociedad,0.858211,0.31178,14140,2020,https://understat.com/getLeagueData/La_liga/2020,2020-09-13,True
2020-09-13,Villarreal,Huesca,2.01913,0.556003,14143,2020,https://understat.com/getLeagueData/La_liga/2020,2020-09-13,True
2020-09-19,Celta,Valencia,2.33534,0.456643,14147,2020,https://understat.com/getLeagueData/La_liga/2020,2020-09-19,True
2020-09-19,Getafe,Osasuna,0.702715,0.486466,14145,2020,https://understat.com/getLeagueData/La_liga/2020,2020-09-19,True
2020-09-19,Villarreal,Eibar,2.99286,1.112,14146,2020,https://understat.com/getLeagueData/La_liga/2020,2020-09-19,True
2020-09-20,Betis,Valladolid,1.76775,0.290702,14153,2020,https://understat.com/getLeagueData/La_liga/2020,2020-09-20,True
2020-09-20,Granada,Alaves,2.45453,0.77021,14151,2020,https://understat.com/getLeagueData/La_liga/2020,2020-09-20,True
2020-09-20,Huesca,Cadiz,0.223846,1.50522,14148,2020,https://understat.com/getLeagueData/La_liga/2020,2020-09-20,True
2020-09-20,Sociedad,Real Madrid,0.718119,0.769069,14152,2020,https://understat.com/getLeagueData/La_liga/2020,2020-09-20,True
2020-09-26,Alaves,Getafe,0.867165,1.31111,14154,2020,https://understat.com/getLeagueData/La_liga/2020,2020-09-26,True
2020-09-26,Betis,Real Madrid,1.41465,3.86499,14157,2020,https://understat.com/getLeagueData/La_liga/2020,2020-09-26,True
2020-09-26,Elche,Sociedad,1.23661,3.3738,14163,2020,https://understat.com/getLeagueData/La_liga/2020,2020-09-26,True
2020-09-26,Valencia,Huesca,0.306092,1.10618,14161,2020,https://understat.com/getLeagueData/La_liga/2020,2020-09-26,True
2020-09-27,Ath Madrid,Granada,3.60448,1.30515,14155,2020,https://understat.com/getLeagueData/La_liga/2020,2020-09-27,True
2020-09-27,Barcelona,Villarreal,3.50735,0.244835,14156,2020,https://understat.com/getLeagueData/La_liga/2020,2020-09-27,True
2020-09-27,Cadiz,Sevilla,1.0983,2.2102,14159,2020,https://understat.com/getLeagueData/La_liga/2020,2020-09-27,True
2020-09-27,Eibar,Ath Bilbao,0.325316,0.505645,14158,2020,https://understat.com/getLeagueData/La_liga/2020,2020-09-27,True
2020-09-27,Osasuna,Levante,0.724471,2.99435,14160,2020,https://understat.com/getLeagueData/La_liga/2020,2020-09-27,True
2020-09-27,Valladolid,Celta,1.52483,1.08307,14162,2020,https://understat.com/getLeagueData/La_liga/2020,2020-09-27,True
2020-09-29,Getafe,Betis,0.908069,0.442837,14167,2020,https://understat.com/getLeagueData/La_liga/2020,2020-09-29,True
2020-09-29,Sociedad,Valencia,0.589249,0.836796,14170,2020,https://understat.com/getLeagueData/La_liga/2020,2020-09-29,True
2020-09-30,Eibar,Elche,1.06052,0.378171,14166,2020,https://understat.com/getLeagueData/La_liga/2020,2020-09-30,True
2020-09-30,Huesca,Ath Madrid,0.631932,1.79241,14168,2020,https://understat.com/getLeagueData/La_liga/2020,2020-09-30,True
2020-09-30,Real Madrid,Valladolid,2.64599,0.540187,14169,2020,https://understat.com/getLeagueData/La_liga/2020,2020-09-30,True
2020-09-30,Villarreal,Alaves,2.65908,0.618672,14172,2020,https://understat.com/getLeagueData/La_liga/2020,2020-09-30,True
2020-10-01,Ath Bilbao,Cadiz,0.545027,0.263675,14164,2020,https://understat.com/getLeagueData/La_liga/2020,2020-10-01,True
2020-10-01,Celta,Barcelona,0.568201,0.931689,14165,2020,https://understat.com/getLeagueData/La_liga/2020,2020-10-01,True
2020-10-01,Sevilla,Levante,1.04729,0.375244,14171,2020,https://understat.com/getLeagueData/La_liga/2020,2020-10-01,True
2020-10-03,Ath Madrid,Villarreal,0.610002,0.201508,14816,2020,https://understat.com/getLeagueData/La_liga/2020,2020-10-03,True
2020-10-03,Elche,Huesca,0.188885,1.70374,14824,2020,https://understat.com/getLeagueData/La_liga/2020,2020-10-03,True
2020-10-03,Sociedad,Getafe,2.19684,0.315862,14821,2020,https://understat.com/getLeagueData/La_liga/2020,2020-10-03,True
2020-10-03,Valencia,Betis,0.475219,1.87508,14822,2020,https://understat.com/getLeagueData/La_liga/2020,2020-10-03,True
2020-10-03,Valladolid,Eibar,1.09473,1.6913,14823,2020,https://understat.com/getLeagueData/La_liga/2020,2020-10-03,True
2020-10-04,Alaves,Ath Bilbao,0.520642,0.487749,14815,2020,https://understat.com/getLeagueData/La_liga/2020,2020-10-04,True
2020-10-04,Barcelona,Sevilla,1.05717,1.25522,14817,2020,https://understat.com/getLeagueData/La_liga/2020,2020-10-04,True
2020-10-04,Cadiz,Granada,1.09095,0.820558,14818,2020,https://understat.com/getLeagueData/La_liga/2020,2020-10-04,True
2020-10-04,Levante,Real Madrid,0.577329,1.87714,14819,2020,https://understat.com/getLeagueData/La_liga/2020,2020-10-04,True
2020-10-04,Osasuna,Celta,1.12188,0.360866,14820,2020,https://understat.com/getLeagueData/La_liga/2020,2020-10-04,True
2020-10-17,Celta,Ath Madrid,1.89737,1.51399,14828,2020,https://understat.com/getLeagueData/La_liga/2020,2020-10-17,True
2020-10-17,Getafe,Barcelona,1.70992,0.62541,14830,2020,https://understat.com/getLeagueData/La_liga/2020,2020-10-17,True
2020-10-17,Granada,Sevilla,1.08721,0.699011,14831,2020,https://understat.com/getLeagueData/La_liga/2020,2020-10-17,True
2020-10-17,Real Madrid,Cadiz,1.1359,1.768,14833,2020,https://understat.com/getLeagueData/La_liga/2020,2020-10-17,True
2020-10-18,Alaves,Elche,0.90822,0.902261,14825,2020,https://understat.com/getLeagueData/La_liga/2020,2020-10-18,True
2020-10-18,Ath Bilbao,Levante,2.07013,0.281482,14826,2020,https://understat.com/getLeagueData/La_liga/2020,2020-10-18,True
2020-10-18,Betis,Sociedad,0.304528,1.58336,14827,2020,https://understat.com/getLeagueData/La_liga/2020,2020-10-18,True
2020-10-18,Eibar,Osasuna,0.371361,1.2646,14829,2020,https://understat.com/getLeagueData/La_liga/2020,2020-10-18,True
2020-10-18,Huesca,Valladolid,1.25439,0.907963,14832,2020,https://understat.com/getLeagueData/La_liga/2020,2020-10-18,True
2020-10-18,Villarreal,Valencia,1.59975,0.677588,14834,2020,https://understat.com/getLeagueData/La_liga/2020,2020-10-18,True
2020-10-23,Elche,Valencia,0.165573,1.23519,14844,2020,https://understat.com/getLeagueData/La_liga/2020,2020-10-23,True
2020-10-24,Ath Madrid,Betis,1.24304,1.01541,14835,2020,https://understat.com/getLeagueData/La_liga/2020,2020-10-24,True
2020-10-24,Barcelona,Real Madrid,1.57351,3.20848,14836,2020,https://understat.com/getLeagueData/La_liga/2020,2020-10-24,True
2020-10-24,Osasuna,Ath Bilbao,0.989319,0.5791,14840,2020,https://understat.com/getLeagueData/La_liga/2020,2020-10-24,True
2020-10-24,Sevilla,Eibar,1.98558,0.198368,14842,2020,https://understat.com/getLeagueData/La_liga/2020,2020-10-24,True
2020-10-25,Cadiz,Villarreal,0.20914,0.752296,14838,2020,https://understat.com/getLeagueData/La_liga/2020,2020-10-25,True
2020-10-25,Getafe,Granada,1.33438,0.949811,14837,2020,https://understat.com/getLeagueData/La_liga/2020,2020-10-25,True
2020-10-25,Sociedad,Huesca,1.79773,0.591473,14841,2020,https://understat.com/getLeagueData/La_liga/2020,2020-10-25,True
2020-10-25,Valladolid,Alaves,0.305213,2.3128,14843,2020,https://understat.com/getLeagueData/La_liga/2020,2020-10-25,True
2020-10-26,Levante,Celta,1.19249,0.818389,14839,2020,https://understat.com/getLeagueData/La_liga/2020,2020-10-26,True
2020-10-30,Eibar,Cadiz,0.466935,0.932416,14849,2020,https://understat.com/getLeagueData/La_liga/2020,2020-10-30,True
2020-10-31,Alaves,Barcelona,1.11324,2.07747,14845,2020,https://understat.com/getLeagueData/La_liga/2020,2020-10-31,True
2020-10-31,Ath Bilbao,Sevilla,1.32876,1.15091,14846,2020,https://understat.com/getLeagueData/La_liga/2020,2020-10-31,True
2020-10-31,Osasuna,Ath Madrid,1.42768,3.06286,14851,2020,https://understat.com/getLeagueData/La_liga/2020,2020-10-31,True
2020-10-31,Real Madrid,Huesca,2.23898,0.79915,14852,2020,https://understat.com/getLeagueData/La_liga/2020,2020-10-31,True
2020-11-01,Betis,Elche,3.06462,0.478252,14847,2020,https://understat.com/getLeagueData/La_liga/2020,2020-11-01,True
2020-11-01,Celta,Sociedad,2.12312,2.27628,14848,2020,https://understat.com/getLeagueData/La_liga/2020,2020-11-01,True
2020-11-01,Granada,Levante,0.230886,0.813588,14850,2020,https://understat.com/getLeagueData/La_liga/2020,2020-11-01,True
2020-11-01,Valencia,Getafe,1.75934,2.35774,14853,2020,https://understat.com/getLeagueData/La_liga/2020,2020-11-01,True
2020-11-02,Villarreal,Valladolid,1.85014,0.793913,14854,2020,https://understat.com/getLeagueData/La_liga/2020,2020-11-02,True
2020-11-06,Elche,Celta,1.6055,2.15551,14864,2020,https://understat.com/getLeagueData/La_liga/2020,2020-11-06,True
2020-11-07,Ath Madrid,Cadiz,2.62556,0.395983,14855,2020,https://understat.com/getLeagueData/La_liga/2020,2020-11-07,True
2020-11-07,Barcelona,Betis,4.44487,0.86991,14856,2020,https://understat.com/getLeagueData/La_liga/2020,2020-11-07,True
2020-11-07,Huesca,Eibar,2.23211,0.839508,14858,2020,https://understat.com/getLeagueData/La_liga/2020,2020-11-07,True
2020-11-07,Sevilla,Osasuna,1.151,0.499107,14861,2020,https://understat.com/getLeagueData/La_liga/2020,2020-11-07,True
2020-11-08,Getafe,Villarreal,0.55465,2.32114,14857,2020,https://understat.com/getLeagueData/La_liga/2020,2020-11-08,True
2020-11-08,Levante,Alaves,1.99148,1.01595,14859,2020,https://understat.com/getLeagueData/La_liga/2020,2020-11-08,True
2020-11-08,Sociedad,Granada,3.72416,0.780649,14860,2020,https://understat.com/getLeagueData/La_liga/2020,2020-11-08,True
2020-11-08,Valencia,Real Madrid,2.34693,1.05824,14862,2020,https://understat.com/getLeagueData/La_liga/2020,2020-11-08,True
2020-11-08,Valladolid,Ath Bilbao,2.28498,1.57936,14863,2020,https://understat.com/getLeagueData/La_liga/2020,2020-11-08,True
2020-11-20,Osasuna,Huesca,0.878778,0.807899,14872,2020,https://understat.com/getLeagueData/La_liga/2020,2020-11-20,True
2020-11-21,Ath Madrid,Barcelona,0.812108,1.29964,14867,2020,https://understat.com/getLeagueData/La_liga/2020,2020-11-21,True
2020-11-21,Levante,Elche,0.902091,0.832435,14871,2020,https://understat.com/getLeagueData/La_liga/2020,2020-11-21,True
2020-11-21,Sevilla,Celta,2.22603,2.08172,14873,2020,https://understat.com/getLeagueData/La_liga/2020,2020-11-21,True
2020-11-21,Villarreal,Real Madrid,1.72712,0.652049,14874,2020,https://understat.com/getLeagueData/La_liga/2020,2020-11-21,True
2020-11-22,Alaves,Valencia,1.82668,1.79824,14865,2020,https://understat.com/getLeagueData/La_liga/2020,2020-11-22,True
2020-11-22,Cadiz,Sociedad,0.0824748,1.90588,14869,2020,https://understat.com/getLeagueData/La_liga/2020,2020-11-22,True
2020-11-22,Eibar,Getafe,1.45225,0.352628,14868,2020,https://understat.com/getLeagueData/La_liga/2020,2020-11-22,True
2020-11-22,Granada,Valladolid,1.40253,1.45546,14870,2020,https://understat.com/getLeagueData/La_liga/2020,2020-11-22,True
2020-11-23,Ath Bilbao,Betis,2.75202,0.385631,14866,2020,https://understat.com/getLeagueData/La_liga/2020,2020-11-23,True
2020-11-27,Valladolid,Levante,1.25969,1.11009,14883,2020,https://understat.com/getLeagueData/La_liga/2020,2020-11-27,True
2020-11-28,Elche,Cadiz,0.0867292,0.678171,14884,2020,https://understat.com/getLeagueData/La_liga/2020,2020-11-28,True
2020-11-28,Huesca,Sevilla,0.167609,1.69981,14879,2020,https://understat.com/getLeagueData/La_liga/2020,2020-11-28,True
2020-11-28,Real Madrid,Alaves,1.66068,2.35024,14880,2020,https://understat.com/getLeagueData/La_liga/2020,2020-11-28,True
2020-11-28,Valencia,Ath Madrid,0.181436,1.10533,14882,2020,https://understat.com/getLeagueData/La_liga/2020,2020-11-28,True
2020-11-29,Barcelona,Osasuna,3.91416,1.56118,14875,2020,https://understat.com/getLeagueData/La_liga/2020,2020-11-29,True
2020-11-29,Celta,Granada,4.64116,1.49416,14877,2020,https://understat.com/getLeagueData/La_liga/2020,2020-11-29,True
2020-11-29,Getafe,Ath Bilbao,0.536725,0.277502,14878,2020,https://understat.com/getLeagueData/La_liga/2020,2020-11-29,True
2020-11-29,Sociedad,Villarreal,1.91705,1.10165,14881,2020,https://understat.com/getLeagueData/La_liga/2020,2020-11-29,True
2020-11-30,Betis,Eibar,0.51761,3.24869,14876,2020,https://understat.com/getLeagueData/La_liga/2020,2020-11-30,True
2020-12-04,Ath Bilbao,Celta,0.454057,1.20044,14892,2020,https://understat.com/getLeagueData/La_liga/2020,2020-12-04,True
2020-12-05,Ath Madrid,Valladolid,1.2755,0.440427,14893,2020,https://understat.com/getLeagueData/La_liga/2020,2020-12-05,True
2020-12-05,Cadiz,Barcelona,2.61118,1.71026,14885,2020,https://understat.com/getLeagueData/La_liga/2020,2020-12-05,True
2020-12-05,Levante,Getafe,2.56696,0.49433,14887,2020,https://understat.com/getLeagueData/La_liga/2020,2020-12-05,True
2020-12-05,Sevilla,Real Madrid,0.533909,1.69653,14889,2020,https://understat.com/getLeagueData/La_liga/2020,2020-12-05,True
2020-12-06,Alaves,Sociedad,0.249462,1.39953,14891,2020,https://understat.com/getLeagueData/La_liga/2020,2020-12-06,True
2020-12-06,Granada,Huesca,1.82994,1.68663,14886,2020,https://understat.com/getLeagueData/La_liga/2020,2020-12-06,True
2020-12-06,Osasuna,Betis,0.366687,1.52162,14888,2020,https://understat.com/getLeagueData/La_liga/2020,2020-12-06,True
2020-12-06,Villarreal,Elche,0.520422,0.0544723,14890,2020,https://understat.com/getLeagueData/La_liga/2020,2020-12-06,True
2020-12-07,Eibar,Valencia,1.09317,0.648196,14894,2020,https://understat.com/getLeagueData/La_liga/2020,2020-12-07,True
2020-12-11,Valladolid,Osasuna,1.87748,1.33403,14896,2020,https://understat.com/getLeagueData/La_liga/2020,2020-12-11,True
2020-12-12,Getafe,Sevilla,0.374252,0.507527,14901,2020,https://understat.com/getLeagueData/La_liga/2020,2020-12-12,True
2020-12-12,Huesca,Alaves,0.380766,0.171439,14902,2020,https://understat.com/getLeagueData/La_liga/2020,2020-12-12,True
2020-12-12,Real Madrid,Ath Madrid,0.6517,0.784775,14903,2020,https://understat.com/getLeagueData/La_liga/2020,2020-12-12,True
2020-12-12,Valencia,Ath Bilbao,2.17259,1.73307,14895,2020,https://understat.com/getLeagueData/La_liga/2020,2020-12-12,True
2020-12-13,Barcelona,Levante,2.62077,0.97888,14898,2020,https://understat.com/getLeagueData/La_liga/2020,2020-12-13,True
2020-12-13,Betis,Villarreal,0.475008,1.10577,14899,2020,https://understat.com/getLeagueData/La_liga/2020,2020-12-13,True
2020-12-13,Elche,Granada,0.534289,1.40539,14897,2020,https://understat.com/getLeagueData/La_liga/2020,2020-12-13,True
2020-12-13,Sociedad,Eibar,1.33912,1.55401,14904,2020,https://understat.com/getLeagueData/La_liga/2020,2020-12-13,True
2020-12-14,Celta,Cadiz,1.51712,0.906249,14900,2020,https://understat.com/getLeagueData/La_liga/2020,2020-12-14,True
2020-12-15,Real Madrid,Ath Bilbao,2.58032,0.728304,14906,2020,https://understat.com/getLeagueData/La_liga/2020,2020-12-15,True
2020-12-16,Barcelona,Sociedad,2.58133,1.82452,14905,2020,https://understat.com/getLeagueData/La_liga/2020,2020-12-16,True
2020-12-18,Ath Bilbao,Huesca,1.51945,0.182818,14907,2020,https://understat.com/getLeagueData/La_liga/2020,2020-12-18,True
2020-12-19,Ath Madrid,Elche,2.10005,0.522281,14908,2020,https://understat.com/getLeagueData/La_liga/2020,2020-12-19,True
2020-12-19,Barcelona,Valencia,3.2847,1.97181,14909,2020,https://understat.com/getLeagueData/La_liga/2020,2020-12-19,True
2020-12-19,Levante,Sociedad,1.52776,2.1027,14914,2020,https://understat.com/getLeagueData/La_liga/2020,2020-12-19,True
2020-12-19,Osasuna,Villarreal,0.925068,2.79417,14915,2020,https://understat.com/getLeagueData/La_liga/2020,2020-12-19,True
2020-12-19,Sevilla,Valladolid,1.73966,0.878614,14916,2020,https://understat.com/getLeagueData/La_liga/2020,2020-12-19,True
2020-12-20,Cadiz,Getafe,0.356498,1.10435,14912,2020,https://understat.com/getLeagueData/La_liga/2020,2020-12-20,True
2020-12-20,Celta,Alaves,1.62567,0.404844,14910,2020,https://understat.com/getLeagueData/La_liga/2020,2020-12-20,True
2020-12-20,Eibar,Real Madrid,0.642099,2.35916,14911,2020,https://understat.com/getLeagueData/La_liga/2020,2020-12-20,True
2020-12-20,Granada,Betis,1.38241,1.04957,14913,2020,https://understat.com/getLeagueData/La_liga/2020,2020-12-20,True
2020-12-22,Elche,Osasuna,1.25398,1.69506,14922,2020,https://understat.com/getLeagueData/La_liga/2020,2020-12-22,True
2020-12-22,Huesca,Levante,1.36969,0.581363,14920,2020,https://understat.com/getLeagueData/La_liga/2020,2020-12-22,True
2020-12-22,Sociedad,Ath Madrid,0.230082,0.546595,14926,2020,https://understat.com/getLeagueData/La_liga/2020,2020-12-22,True
2020-12-22,Valencia,Sevilla,0.559111,1.85011,14925,2020,https://understat.com/getLeagueData/La_liga/2020,2020-12-22,True
2020-12-22,Valladolid,Barcelona,0.499141,3.23865,14924,2020,https://understat.com/getLeagueData/La_liga/2020,2020-12-22,True
2020-12-22,Villarreal,Ath Bilbao,1.32193,0.910796,14923,2020,https://understat.com/getLeagueData/La_liga/2020,2020-12-22,True
2020-12-23,Alaves,Eibar,1.88686,0.786669,14917,2020,https://understat.com/getLeagueData/La_liga/2020,2020-12-23,True
2020-12-23,Betis,Cadiz,0.342496,0.282205,14918,2020,https://understat.com/getLeagueData/La_liga/2020,2020-12-23,True
2020-12-23,Getafe,Celta,0.265652,0.767168,14919,2020,https://understat.com/getLeagueData/La_liga/2020,2020-12-23,True
2020-12-23,Real Madrid,Granada,2.04414,0.79963,14921,2020,https://understat.com/getLeagueData/La_liga/2020,2020-12-23,True
2020-12-29,Barcelona,Eibar,2.05695,0.592271,14928,2020,https://understat.com/getLeagueData/La_liga/2020,2020-12-29,True
2020-12-29,Cadiz,Valladolid,0.786846,0.299749,14932,2020,https://understat.com/getLeagueData/La_liga/2020,2020-12-29,True
2020-12-29,Levante,Betis,1.67536,2.63943,14930,2020,https://understat.com/getLeagueData/La_liga/2020,2020-12-29,True
2020-12-29,Sevilla,Villarreal,2.7317,0.346419,14935,2020,https://understat.com/getLeagueData/La_liga/2020,2020-12-29,True
2020-12-30,Ath Madrid,Getafe,0.919165,0.941238,14929,2020,https://understat.com/getLeagueData/La_liga/2020,2020-12-30,True
2020-12-30,Celta,Huesca,2.85208,1.0513,14933,2020,https://understat.com/getLeagueData/La_liga/2020,2020-12-30,True
2020-12-30,Elche,Real Madrid,1.02416,1.55495,14934,2020,https://understat.com/getLeagueData/La_liga/2020,2020-12-30,True
2020-12-30,Granada,Valencia,2.23615,1.27314,14931,2020,https://understat.com/getLeagueData/La_liga/2020,2020-12-30,True
2020-12-31,Ath Bilbao,Sociedad,0.172341,1.84296,14927,2020,https://understat.com/getLeagueData/La_liga/2020,2020-12-31,True
2020-12-31,Osasuna,Alaves,0.318257,1.35028,14936,2020,https://understat.com/getLeagueData/La_liga/2020,2020-12-31,True
2021-01-02,Betis,Sevilla,2.03775,0.248156,14939,2020,https://understat.com/getLeagueData/La_liga/2020,2021-01-02,True
2021-01-02,Getafe,Valladolid,0.768671,1.16924,14941,2020,https://understat.com/getLeagueData/La_liga/2020,2021-01-02,True
2021-01-02,Real Madrid,Celta,1.24672,0.564784,14943,2020,https://understat.com/getLeagueData/La_liga/2020,2021-01-02,True
2021-01-02,Villarreal,Levante,1.72781,0.554357,14946,2020,https://understat.com/getLeagueData/La_liga/2020,2021-01-02,True
2021-01-03,Alaves,Ath Madrid,0.154899,2.31899,14937,2020,https://understat.com/getLeagueData/La_liga/2020,2021-01-03,True
2021-01-03,Ath Bilbao,Elche,1.38777,0.137448,14938,2020,https://understat.com/getLeagueData/La_liga/2020,2021-01-03,True
2021-01-03,Eibar,Granada,1.84192,0.917602,14940,2020,https://understat.com/getLeagueData/La_liga/2020,2021-01-03,True
2021-01-03,Huesca,Barcelona,0.259005,3.21201,14942,2020,https://understat.com/getLeagueData/La_liga/2020,2021-01-03,True
2021-01-03,Sociedad,Osasuna,0.78536,0.609915,14944,2020,https://understat.com/getLeagueData/La_liga/2020,2021-01-03,True
2021-01-04,Valencia,Cadiz,0.942061,0.522228,14945,2020,https://understat.com/getLeagueData/La_liga/2020,2021-01-04,True
2021-01-06,Ath Bilbao,Barcelona,0.638117,1.39939,14947,2020,https://understat.com/getLeagueData/La_liga/2020,2021-01-06,True
2021-01-08,Celta,Villarreal,0.363035,2.88163,14949,2020,https://understat.com/getLeagueData/La_liga/2020,2021-01-08,True
2021-01-09,Granada,Barcelona,0.490441,1.64578,14951,2020,https://understat.com/getLeagueData/La_liga/2020,2021-01-09,True
2021-01-09,Osasuna,Real Madrid,0.589148,0.42235,14954,2020,https://understat.com/getLeagueData/La_liga/2020,2021-01-09,True
2021-01-09,Sevilla,Sociedad,2.9243,1.05731,14955,2020,https://understat.com/getLeagueData/La_liga/2020,2021-01-09,True
2021-01-10,Cadiz,Alaves,2.59473,0.829834,14950,2020,https://understat.com/getLeagueData/La_liga/2020,2021-01-10,True
2021-01-10,Levante,Eibar,0.857988,1.34206,14953,2020,https://understat.com/getLeagueData/La_liga/2020,2021-01-10,True
2021-01-10,Valladolid,Valencia,0.562807,1.09369,14956,2020,https://understat.com/getLeagueData/La_liga/2020,2021-01-10,True
2021-01-11,Elche,Getafe,1.21278,3.17089,14957,2020,https://understat.com/getLeagueData/La_liga/2020,2021-01-11,True
2021-01-11,Huesca,Betis,1.15245,2.98435,14952,2020,https://understat.com/getLeagueData/La_liga/2020,2021-01-11,True
2021-01-12,Ath Madrid,Sevilla,0.577443,1.19957,14959,2020,https://understat.com/getLeagueData/La_liga/2020,2021-01-12,True
2021-01-12,Granada,Osasuna,0.831007,0.624174,14958,2020,https://understat.com/getLeagueData/La_liga/2020,2021-01-12,True
2021-01-19,Alaves,Sevilla,1.40643,1.03209,14960,2020,https://understat.com/getLeagueData/La_liga/2020,2021-01-19,True
2021-01-19,Cadiz,Levante,0.725743,2.00702,14964,2020,https://understat.com/getLeagueData/La_liga/2020,2021-01-19,True
2021-01-19,Valladolid,Elche,1.02082,0.575886,14966,2020,https://understat.com/getLeagueData/La_liga/2020,2021-01-19,True
2021-01-20,Betis,Celta,0.646493,0.966752,14961,2020,https://understat.com/getLeagueData/La_liga/2020,2021-01-20,True
2021-01-20,Getafe,Huesca,0.656624,0.712964,14963,2020,https://understat.com/getLeagueData/La_liga/2020,2021-01-20,True
2021-01-20,Villarreal,Granada,2.15885,0.135256,14967,2020,https://understat.com/getLeagueData/La_liga/2020,2021-01-20,True
2021-01-21,Eibar,Ath Madrid,1.27041,1.23064,14962,2020,https://understat.com/getLeagueData/La_liga/2020,2021-01-21,True
2021-01-21,Valencia,Osasuna,0.439791,1.63527,14965,2020,https://understat.com/getLeagueData/La_liga/2020,2021-01-21,True
2021-01-22,Levante,Valladolid,1.04736,0.631096,14976,2020,https://understat.com/getLeagueData/La_liga/2020,2021-01-22,True
2021-01-23,Alaves,Real Madrid,0.762571,1.42254,14968,2020,https://understat.com/getLeagueData/La_liga/2020,2021-01-23,True
2021-01-23,Huesca,Villarreal,0.177253,0.484831,14975,2020,https://understat.com/getLeagueData/La_liga/2020,2021-01-23,True
2021-01-23,Sevilla,Cadiz,2.51675,1.16695,14971,2020,https://understat.com/getLeagueData/La_liga/2020,2021-01-23,True
2021-01-23,Sociedad,Betis,2.24597,0.638534,14970,2020,https://understat.com/getLeagueData/La_liga/2020,2021-01-23,True
2021-01-24,Ath Madrid,Valencia,2.05311,0.250249,14973,2020,https://understat.com/getLeagueData/La_liga/2020,2021-01-24,True
2021-01-24,Celta,Eibar,1.53045,0.591142,14974,2020,https://understat.com/getLeagueData/La_liga/2020,2021-01-24,True
2021-01-24,Elche,Barcelona,0.477298,3.12144,14972,2020,https://understat.com/getLeagueData/La_liga/2020,2021-01-24,True
2021-01-24,Osasuna,Granada,1.88102,0.592689,14977,2020,https://understat.com/getLeagueData/La_liga/2020,2021-01-24,True
2021-01-25,Ath Bilbao,Getafe,1.87633,1.29166,14969,2020,https://understat.com/getLeagueData/La_liga/2020,2021-01-25,True
2021-01-29,Valladolid,Huesca,1.74924,1.18337,14986,2020,https://understat.com/getLeagueData/La_liga/2020,2021-01-29,True
2021-01-30,Eibar,Sevilla,1.02238,1.66557,14980,2020,https://understat.com/getLeagueData/La_liga/2020,2021-01-30,True
2021-01-30,Real Madrid,Levante,1.23555,1.82881,14984,2020,https://understat.com/getLeagueData/La_liga/2020,2021-01-30,True
2021-01-30,Valencia,Elche,3.00838,0.328905,14985,2020,https://understat.com/getLeagueData/La_liga/2020,2021-01-30,True
2021-01-30,Villarreal,Sociedad,0.232475,1.16681,14987,2020,https://understat.com/getLeagueData/La_liga/2020,2021-01-30,True
2021-01-31,Barcelona,Ath Bilbao,2.53148,0.275356,14978,2020,https://understat.com/getLeagueData/La_liga/2020,2021-01-31,True
2021-01-31,Cadiz,Ath Madrid,0.861261,1.79542,14982,2020,https://understat.com/getLeagueData/La_liga/2020,2021-01-31,True
2021-01-31,Getafe,Alaves,0.530765,0.20139,14981,2020,https://understat.com/getLeagueData/La_liga/2020,2021-01-31,True
2021-01-31,Granada,Celta,0.3242,0.339262,14983,2020,https://understat.com/getLeagueData/La_liga/2020,2021-01-31,True
2021-02-01,Betis,Osasuna,1.9333,1.38521,14979,2020,https://understat.com/getLeagueData/La_liga/2020,2021-02-01,True
2021-02-05,Alaves,Valladolid,1.60639,0.0534012,14988,2020,https://understat.com/getLeagueData/La_liga/2020,2021-02-05,True
2021-02-06,Elche,Villarreal,1.13518,1.51126,14997,2020,https://understat.com/getLeagueData/La_liga/2020,2021-02-06,True
2021-02-06,Huesca,Real Madrid,0.920971,3.53921,14992,2020,https://understat.com/getLeagueData/La_liga/2020,2021-02-06,True
2021-02-06,Levante,Granada,1.52404,1.26925,14993,2020,https://understat.com/getLeagueData/La_liga/2020,2021-02-06,True
2021-02-06,Sevilla,Getafe,2.03342,0.209522,14996,2020,https://understat.com/getLeagueData/La_liga/2020,2021-02-06,True
2021-02-07,Ath Bilbao,Valencia,1.34704,0.841344,14989,2020,https://understat.com/getLeagueData/La_liga/2020,2021-02-07,True
2021-02-07,Betis,Barcelona,1.87521,1.33284,14991,2020,https://understat.com/getLeagueData/La_liga/2020,2021-02-07,True
2021-02-07,Osasuna,Eibar,2.62128,1.07628,14994,2020,https://understat.com/getLeagueData/La_liga/2020,2021-02-07,True
2021-02-07,Sociedad,Cadiz,4.7946,0.354151,14995,2020,https://understat.com/getLeagueData/La_liga/2020,2021-02-07,True
2021-02-08,Ath Madrid,Celta,1.22973,1.71926,14990,2020,https://understat.com/getLeagueData/La_liga/2020,2021-02-08,True
2021-02-09,Real Madrid,Getafe,1.86359,0.0930356,14142,2020,https://understat.com/getLeagueData/La_liga/2020,2021-02-09,True
2021-02-12,Celta,Elche,2.31967,0.836576,14999,2020,https://understat.com/getLeagueData/La_liga/2020,2021-02-12,True
2021-02-13,Barcelona,Alaves,2.86032,0.710997,14998,2020,https://understat.com/getLeagueData/La_liga/2020,2021-02-13,True
2021-02-13,Eibar,Valladolid,1.92231,0.968574,15000,2020,https://understat.com/getLeagueData/La_liga/2020,2021-02-13,True
2021-02-13,Granada,Ath Madrid,0.827088,0.929672,15003,2020,https://understat.com/getLeagueData/La_liga/2020,2021-02-13,True
2021-02-13,Sevilla,Huesca,1.329,1.39522,15006,2020,https://understat.com/getLeagueData/La_liga/2020,2021-02-13,True
2021-02-14,Getafe,Sociedad,0.263007,1.03317,15001,2020,https://understat.com/getLeagueData/La_liga/2020,2021-02-14,True
2021-02-14,Levante,Osasuna,1.73006,0.685142,15004,2020,https://understat.com/getLeagueData/La_liga/2020,2021-02-14,True
2021-02-14,Real Madrid,Valencia,0.862855,0.0596554,15005,2020,https://understat.com/getLeagueData/La_liga/2020,2021-02-14,True
2021-02-14,Villarreal,Betis,1.17957,1.35008,15007,2020,https://understat.com/getLeagueData/La_liga/2020,2021-02-14,True
2021-02-15,Cadiz,Ath Bilbao,0.567254,2.36113,15002,2020,https://understat.com/getLeagueData/La_liga/2020,2021-02-15,True
2021-02-17,Levante,Ath Madrid,0.642423,1.16962,14149,2020,https://understat.com/getLeagueData/La_liga/2020,2021-02-17,True
2021-02-19,Betis,Getafe,2.67474,0.277079,15011,2020,https://understat.com/getLeagueData/La_liga/2020,2021-02-19,True
2021-02-20,Ath Madrid,Levante,2.06148,0.767582,15009,2020,https://understat.com/getLeagueData/La_liga/2020,2021-02-20,True
2021-02-20,Elche,Eibar,0.397175,1.66898,15017,2020,https://understat.com/getLeagueData/La_liga/2020,2021-02-20,True
2021-02-20,Valencia,Celta,1.16675,0.689216,15015,2020,https://understat.com/getLeagueData/La_liga/2020,2021-02-20,True
2021-02-20,Valladolid,Real Madrid,0.909714,1.30987,15016,2020,https://understat.com/getLeagueData/La_liga/2020,2021-02-20,True
2021-02-21,Ath Bilbao,Villarreal,2.32222,0.0679965,15008,2020,https://understat.com/getLeagueData/La_liga/2020,2021-02-21,True
2021-02-21,Barcelona,Cadiz,2.39005,1.32905,15010,2020,https://understat.com/getLeagueData/La_liga/2020,2021-02-21,True
2021-02-21,Huesca,Granada,2.47156,0.854609,15012,2020,https://understat.com/getLeagueData/La_liga/2020,2021-02-21,True
2021-02-21,Sociedad,Alaves,2.50353,0.307378,15014,2020,https://understat.com/getLeagueData/La_liga/2020,2021-02-21,True
2021-02-22,Osasuna,Sevilla,0.457508,1.05344,15013,2020,https://understat.com/getLeagueData/La_liga/2020,2021-02-22,True
2021-02-24,Barcelona,Elche,2.66084,0.351113,14141,2020,https://understat.com/getLeagueData/La_liga/2020,2021-02-24,True
2021-02-26,Levante,Ath Bilbao,1.05928,1.99686,15024,2020,https://understat.com/getLeagueData/La_liga/2020,2021-02-26,True
2021-02-27,Alaves,Osasuna,0.483459,0.994243,15018,2020,https://understat.com/getLeagueData/La_liga/2020,2021-02-27,True
2021-02-27,Eibar,Huesca,1.79661,0.480747,15020,2020,https://understat.com/getLeagueData/La_liga/2020,2021-02-27,True
2021-02-27,Getafe,Valencia,0.895893,0.173822,15021,2020,https://understat.com/getLeagueData/La_liga/2020,2021-02-27,True
2021-02-27,Sevilla,Barcelona,0.117061,1.58696,15026,2020,https://understat.com/getLeagueData/La_liga/2020,2021-02-27,True
2021-02-28,Cadiz,Betis,0.227972,0.596164,15022,2020,https://understat.com/getLeagueData/La_liga/2020,2021-02-28,True
2021-02-28,Celta,Valladolid,0.86079,0.762391,15019,2020,https://understat.com/getLeagueData/La_liga/2020,2021-02-28,True
2021-02-28,Granada,Elche,1.45197,1.28521,15023,2020,https://understat.com/getLeagueData/La_liga/2020,2021-02-28,True
2021-02-28,Villarreal,Ath Madrid,1.941,0.839764,15027,2020,https://understat.com/getLeagueData/La_liga/2020,2021-02-28,True
2021-03-01,Real Madrid,Sociedad,1.98534,1.21953,15025,2020,https://understat.com/getLeagueData/La_liga/2020,2021-03-01,True
2021-03-05,Valencia,Villarreal,1.75518,1.84626,15035,2020,https://understat.com/getLeagueData/La_liga/2020,2021-03-05,True
2021-03-06,Cadiz,Eibar,1.6239,1.6003,15031,2020,https://understat.com/getLeagueData/La_liga/2020,2021-03-06,True
2021-03-06,Elche,Sevilla,1.0131,0.964034,15037,2020,https://understat.com/getLeagueData/La_liga/2020,2021-03-06,True
2021-03-06,Osasuna,Barcelona,0.756534,1.30761,15033,2020,https://understat.com/getLeagueData/La_liga/2020,2021-03-06,True
2021-03-06,Valladolid,Getafe,1.31724,0.971736,15036,2020,https://understat.com/getLeagueData/La_liga/2020,2021-03-06,True
2021-03-07,Ath Bilbao,Granada,1.28132,1.45524,15028,2020,https://understat.com/getLeagueData/La_liga/2020,2021-03-07,True
2021-03-07,Ath Madrid,Real Madrid,1.9832,1.88411,15029,2020,https://understat.com/getLeagueData/La_liga/2020,2021-03-07,True
2021-03-07,Huesca,Celta,3.13618,0.655624,15032,2020,https://understat.com/getLeagueData/La_liga/2020,2021-03-07,True
2021-03-07,Sociedad,Levante,4.95179,0.186229,15034,2020,https://understat.com/getLeagueData/La_liga/2020,2021-03-07,True
2021-03-08,Betis,Alaves,2.01921,0.798216,15030,2020,https://understat.com/getLeagueData/La_liga/2020,2021-03-08,True
2021-03-10,Ath Madrid,Ath Bilbao,1.53875,0.701495,14948,2020,https://understat.com/getLeagueData/La_liga/2020,2021-03-10,True
2021-03-12,Levante,Valencia,0.853066,0.493596,15044,2020,https://understat.com/getLeagueData/La_liga/2020,2021-03-12,True
2021-03-13,Alaves,Cadiz,1.48992,1.74684,15038,2020,https://understat.com/getLeagueData/La_liga/2020,2021-03-13,True
2021-03-13,Getafe,Ath Madrid,0.409679,1.81829,15042,2020,https://understat.com/getLeagueData/La_liga/2020,2021-03-13,True
2021-03-13,Osasuna,Valladolid,0.467892,0.891,15045,2020,https://understat.com/getLeagueData/La_liga/2020,2021-03-13,True
2021-03-13,Real Madrid,Elche,1.72628,0.726991,15046,2020,https://understat.com/getLeagueData/La_liga/2020,2021-03-13,True
2021-03-14,Celta,Ath Bilbao,1.18876,0.725139,15040,2020,https://understat.com/getLeagueData/La_liga/2020,2021-03-14,True
2021-03-14,Eibar,Villarreal,1.32358,2.84919,15041,2020,https://understat.com/getLeagueData/La_liga/2020,2021-03-14,True
2021-03-14,Granada,Sociedad,0.331961,0.306083,15043,2020,https://understat.com/getLeagueData/La_liga/2020,2021-03-14,True
2021-03-14,Sevilla,Betis,0.841992,0.662923,15047,2020,https://understat.com/getLeagueData/La_liga/2020,2021-03-14,True
2021-03-15,Barcelona,Huesca,1.52419,2.19819,15039,2020,https://understat.com/getLeagueData/La_liga/2020,2021-03-15,True
2021-03-17,Sevilla,Elche,1.95263,0.612799,14150,2020,https://understat.com/getLeagueData/La_liga/2020,2021-03-17,True
2021-03-19,Betis,Levante,2.46001,0.568605,15050,2020,https://understat.com/getLeagueData/La_liga/2020,2021-03-19,True
2021-03-20,Ath Bilbao,Eibar,1.72731,0.532399,15048,2020,https://understat.com/getLeagueData/La_liga/2020,2021-03-20,True
2021-03-20,Celta,Real Madrid,0.686996,2.79574,15051,2020,https://understat.com/getLeagueData/La_liga/2020,2021-03-20,True
2021-03-20,Huesca,Osasuna,0.89442,0.734886,15053,2020,https://understat.com/getLeagueData/La_liga/2020,2021-03-20,True
2021-03-20,Valladolid,Sevilla,0.809957,1.11252,15056,2020,https://understat.com/getLeagueData/La_liga/2020,2021-03-20,True
2021-03-21,Ath Madrid,Alaves,0.64656,1.1132,15049,2020,https://understat.com/getLeagueData/La_liga/2020,2021-03-21,True
2021-03-21,Getafe,Elche,1.79357,1.38712,15052,2020,https://understat.com/getLeagueData/La_liga/2020,2021-03-21,True
2021-03-21,Sociedad,Barcelona,0.917148,3.3338,15054,2020,https://understat.com/getLeagueData/La_liga/2020,2021-03-21,True
2021-03-21,Valencia,Granada,1.4357,0.924202,15055,2020,https://understat.com/getLeagueData/La_liga/2020,2021-03-21,True
2021-03-21,Villarreal,Cadiz,2.50648,0.90665,15057,2020,https://understat.com/getLeagueData/La_liga/2020,2021-03-21,True
2021-04-02,Levante,Huesca,0.462819,0.857773,15062,2020,https://understat.com/getLeagueData/La_liga/2020,2021-04-02,True
2021-04-03,Granada,Villarreal,1.22939,3.49755,15061,2020,https://understat.com/getLeagueData/La_liga/2020,2021-04-03,True
2021-04-03,Osasuna,Getafe,0.198501,0.316201,15063,2020,https://understat.com/getLeagueData/La_liga/2020,2021-04-03,True
2021-04-03,Real Madrid,Eibar,1.96177,0.299961,15064,2020,https://understat.com/getLeagueData/La_liga/2020,2021-04-03,True
2021-04-04,Alaves,Celta,1.868,2.58943,15058,2020,https://understat.com/getLeagueData/La_liga/2020,2021-04-04,True
2021-04-04,Cadiz,Valencia,1.02818,0.858442,15060,2020,https://understat.com/getLeagueData/La_liga/2020,2021-04-04,True
2021-04-04,Elche,Betis,0.797759,1.90364,15067,2020,https://understat.com/getLeagueData/La_liga/2020,2021-04-04,True
2021-04-04,Sevilla,Ath Madrid,1.89943,0.551951,15066,2020,https://understat.com/getLeagueData/La_liga/2020,2021-04-04,True
2021-04-05,Barcelona,Valladolid,1.68796,0.435921,15059,2020,https://understat.com/getLeagueData/La_liga/2020,2021-04-05,True
2021-04-07,Sociedad,Ath Bilbao,0.724498,0.990446,15065,2020,https://understat.com/getLeagueData/La_liga/2020,2021-04-07,True
2021-04-09,Huesca,Elche,1.09388,0.880685,15073,2020,https://understat.com/getLeagueData/La_liga/2020,2021-04-09,True
2021-04-10,Ath Bilbao,Alaves,1.81094,0.448906,15068,2020,https://understat.com/getLeagueData/La_liga/2020,2021-04-10,True
2021-04-10,Eibar,Levante,0.360623,0.309936,15071,2020,https://understat.com/getLeagueData/La_liga/2020,2021-04-10,True
2021-04-10,Getafe,Cadiz,2.78378,0.640397,15072,2020,https://understat.com/getLeagueData/La_liga/2020,2021-04-10,True
2021-04-10,Real Madrid,Barcelona,1.64993,1.15567,15074,2020,https://understat.com/getLeagueData/La_liga/2020,2021-04-10,True
2021-04-11,Betis,Ath Madrid,0.613966,1.34136,15069,2020,https://understat.com/getLeagueData/La_liga/2020,2021-04-11,True
2021-04-11,Valencia,Sociedad,2.34115,1.13047,15075,2020,https://understat.com/getLeagueData/La_liga/2020,2021-04-11,True
2021-04-11,Valladolid,Granada,1.19214,1.22464,15076,2020,https://understat.com/getLeagueData/La_liga/2020,2021-04-11,True
2021-04-11,Villarreal,Osasuna,1.60338,1.29078,15077,2020,https://understat.com/getLeagueData/La_liga/2020,2021-04-11,True
2021-04-12,Celta,Sevilla,2.09186,1.59713,15070,2020,https://understat.com/getLeagueData/La_liga/2020,2021-04-12,True
2021-04-18,Alaves,Huesca,0.316991,0.747867,15098,2020,https://understat.com/getLeagueData/La_liga/2020,2021-04-18,True
2021-04-18,Ath Madrid,Eibar,2.75029,0.0,15100,2020,https://understat.com/getLeagueData/La_liga/2020,2021-04-18,True
2021-04-18,Betis,Valencia,0.62725,1.61735,15102,2020,https://understat.com/getLeagueData/La_liga/2020,2021-04-18,True
2021-04-18,Cadiz,Celta,0.322965,0.436078,15104,2020,https://understat.com/getLeagueData/La_liga/2020,2021-04-18,True
2021-04-18,Getafe,Real Madrid,2.19426,0.618079,15103,2020,https://understat.com/getLeagueData/La_liga/2020,2021-04-18,True
2021-04-18,Levante,Villarreal,0.844482,1.87811,15105,2020,https://understat.com/getLeagueData/La_liga/2020,2021-04-18,True
2021-04-18,Osasuna,Elche,0.531975,0.699627,15106,2020,https://understat.com/getLeagueData/La_liga/2020,2021-04-18,True
2021-04-18,Sociedad,Sevilla,0.292775,3.65426,15107,2020,https://understat.com/getLeagueData/La_liga/2020,2021-04-18,True
2021-04-21,Alaves,Villarreal,1.40963,1.45071,15078,2020,https://understat.com/getLeagueData/La_liga/2020,2021-04-21,True
2021-04-21,Betis,Ath Bilbao,0.244787,0.845575,15081,2020,https://understat.com/getLeagueData/La_liga/2020,2021-04-21,True
2021-04-21,Cadiz,Real Madrid,1.31917,3.52537,15082,2020,https://understat.com/getLeagueData/La_liga/2020,2021-04-21,True
2021-04-21,Elche,Valladolid,1.33615,1.30359,15087,2020,https://understat.com/getLeagueData/La_liga/2020,2021-04-21,True
2021-04-21,Levante,Sevilla,0.310335,2.05149,15084,2020,https://understat.com/getLeagueData/La_liga/2020,2021-04-21,True
2021-04-21,Osasuna,Valencia,3.63596,1.20337,15085,2020,https://understat.com/getLeagueData/La_liga/2020,2021-04-21,True
2021-04-22,Ath Madrid,Huesca,2.32831,1.40665,15079,2020,https://understat.com/getLeagueData/La_liga/2020,2021-04-22,True
2021-04-22,Barcelona,Getafe,2.15458,1.39543,15080,2020,https://understat.com/getLeagueData/La_liga/2020,2021-04-22,True
2021-04-22,Granada,Eibar,1.76204,1.34566,15083,2020,https://understat.com/getLeagueData/La_liga/2020,2021-04-22,True
2021-04-22,Sociedad,Celta,2.19014,0.504303,15086,2020,https://understat.com/getLeagueData/La_liga/2020,2021-04-22,True
2021-04-24,Elche,Levante,0.43368,0.236951,15097,2020,https://understat.com/getLeagueData/La_liga/2020,2021-04-24,True
2021-04-24,Real Madrid,Betis,0.985387,0.898058,15092,2020,https://understat.com/getLeagueData/La_liga/2020,2021-04-24,True
2021-04-24,Valencia,Alaves,1.00912,0.893913,15094,2020,https://understat.com/getLeagueData/La_liga/2020,2021-04-24,True
2021-04-24,Valladolid,Cadiz,3.23903,1.55697,15095,2020,https://understat.com/getLeagueData/La_liga/2020,2021-04-24,True
2021-04-25,Ath Bilbao,Ath Madrid,1.42809,0.745334,15088,2020,https://understat.com/getLeagueData/La_liga/2020,2021-04-25,True
2021-04-25,Celta,Osasuna,0.601898,1.41709,15089,2020,https://understat.com/getLeagueData/La_liga/2020,2021-04-25,True
2021-04-25,Huesca,Getafe,0.472579,0.711933,15091,2020,https://understat.com/getLeagueData/La_liga/2020,2021-04-25,True
2021-04-25,Sevilla,Granada,1.27314,0.902764,15093,2020,https://understat.com/getLeagueData/La_liga/2020,2021-04-25,True
2021-04-25,Villarreal,Barcelona,0.964915,3.38056,15096,2020,https://understat.com/getLeagueData/La_liga/2020,2021-04-25,True
2021-04-26,Eibar,Sociedad,0.729653,0.706358,15090,2020,https://understat.com/getLeagueData/La_liga/2020,2021-04-26,True
2021-04-28,Ath Bilbao,Valladolid,1.73076,0.640604,15099,2020,https://understat.com/getLeagueData/La_liga/2020,2021-04-28,True
2021-04-29,Barcelona,Granada,1.43667,0.811246,15101,2020,https://understat.com/getLeagueData/La_liga/2020,2021-04-29,True
2021-04-30,Celta,Levante,2.3642,0.976661,15113,2020,https://understat.com/getLeagueData/La_liga/2020,2021-04-30,True
2021-05-01,Eibar,Alaves,1.64332,0.154274,15114,2020,https://understat.com/getLeagueData/La_liga/2020,2021-05-01,True
2021-05-01,Elche,Ath Madrid,1.38118,1.01516,15112,2020,https://understat.com/getLeagueData/La_liga/2020,2021-05-01,True
2021-05-01,Huesca,Sociedad,0.446278,0.298366,15116,2020,https://understat.com/getLeagueData/La_liga/2020,2021-05-01,True
2021-05-01,Real Madrid,Osasuna,1.6256,0.0721582,15117,2020,https://understat.com/getLeagueData/La_liga/2020,2021-05-01,True
2021-05-02,Granada,Cadiz,0.924434,1.60276,15115,2020,https://understat.com/getLeagueData/La_liga/2020,2021-05-02,True
2021-05-02,Valencia,Barcelona,1.41404,3.98456,15109,2020,https://understat.com/getLeagueData/La_liga/2020,2021-05-02,True
2021-05-02,Valladolid,Betis,0.76247,1.88115,15110,2020,https://understat.com/getLeagueData/La_liga/2020,2021-05-02,True
2021-05-02,Villarreal,Getafe,0.184151,0.487189,15111,2020,https://understat.com/getLeagueData/La_liga/2020,2021-05-02,True
2021-05-03,Sevilla,Ath Bilbao,0.792995,0.6882,15108,2020,https://understat.com/getLeagueData/La_liga/2020,2021-05-03,True
2021-05-07,Sociedad,Elche,2.39443,0.0778732,15125,2020,https://understat.com/getLeagueData/La_liga/2020,2021-05-07,True
2021-05-08,Alaves,Levante,1.32991,0.987587,15118,2020,https://understat.com/getLeagueData/La_liga/2020,2021-05-08,True
2021-05-08,Ath Bilbao,Osasuna,1.39303,1.55726,15119,2020,https://understat.com/getLeagueData/La_liga/2020,2021-05-08,True
2021-05-08,Barcelona,Ath Madrid,0.853587,0.685355,15120,2020,https://understat.com/getLeagueData/La_liga/2020,2021-05-08,True
2021-05-08,Cadiz,Huesca,0.990604,0.43525,15123,2020,https://understat.com/getLeagueData/La_liga/2020,2021-05-08,True
2021-05-09,Getafe,Eibar,0.767031,1.06817,15122,2020,https://understat.com/getLeagueData/La_liga/2020,2021-05-09,True
2021-05-09,Real Madrid,Sevilla,0.99637,1.07261,15124,2020,https://understat.com/getLeagueData/La_liga/2020,2021-05-09,True
2021-05-09,Valencia,Valladolid,1.26443,0.754813,15126,2020,https://understat.com/getLeagueData/La_liga/2020,2021-05-09,True
2021-05-09,Villarreal,Celta,2.50872,1.98001,15127,2020,https://understat.com/getLeagueData/La_liga/2020,2021-05-09,True
2021-05-10,Betis,Granada,1.84702,2.08496,15121,2020,https://understat.com/getLeagueData/La_liga/2020,2021-05-10,True
2021-05-11,Elche,Alaves,0.886211,1.66141,15137,2020,https://understat.com/getLeagueData/La_liga/2020,2021-05-11,True
2021-05-11,Levante,Barcelona,1.27727,3.0801,15133,2020,https://understat.com/getLeagueData/La_liga/2020,2021-05-11,True
2021-05-11,Osasuna,Cadiz,2.14746,1.54692,15134,2020,https://understat.com/getLeagueData/La_liga/2020,2021-05-11,True
2021-05-12,Ath Madrid,Sociedad,1.7908,1.53283,15128,2020,https://understat.com/getLeagueData/La_liga/2020,2021-05-12,True
2021-05-12,Celta,Getafe,0.209945,1.14081,15129,2020,https://understat.com/getLeagueData/La_liga/2020,2021-05-12,True
2021-05-12,Huesca,Ath Bilbao,1.56368,0.401551,15132,2020,https://understat.com/getLeagueData/La_liga/2020,2021-05-12,True
2021-05-12,Sevilla,Valencia,0.865705,0.343195,15135,2020,https://understat.com/getLeagueData/La_liga/2020,2021-05-12,True
2021-05-13,Eibar,Betis,1.10754,0.605825,15130,2020,https://understat.com/getLeagueData/La_liga/2020,2021-05-13,True
2021-05-13,Granada,Real Madrid,1.69529,1.39286,15131,2020,https://understat.com/getLeagueData/La_liga/2020,2021-05-13,True
2021-05-13,Valladolid,Villarreal,1.38976,0.600771,15136,2020,https://understat.com/getLeagueData/La_liga/2020,2021-05-13,True
2021-05-16,Alaves,Granada,2.83763,0.841672,15138,2020,https://understat.com/getLeagueData/La_liga/2020,2021-05-16,True
2021-05-16,Ath Bilbao,Real Madrid,0.705495,1.21866,15139,2020,https://understat.com/getLeagueData/La_liga/2020,2021-05-16,True
2021-05-16,Ath Madrid,Osasuna,2.97525,0.673558,15140,2020,https://understat.com/getLeagueData/La_liga/2020,2021-05-16,True
2021-05-16,Barcelona,Celta,2.10966,0.631271,15141,2020,https://understat.com/getLeagueData/La_liga/2020,2021-05-16,True
2021-05-16,Betis,Huesca,1.17298,0.249221,15142,2020,https://understat.com/getLeagueData/La_liga/2020,2021-05-16,True
2021-05-16,Cadiz,Elche,1.07259,2.83914,15144,2020,https://understat.com/getLeagueData/La_liga/2020,2021-05-16,True
2021-05-16,Getafe,Levante,0.769611,0.441218,15143,2020,https://understat.com/getLeagueData/La_liga/2020,2021-05-16,True
2021-05-16,Sociedad,Valladolid,1.67996,1.04641,15145,2020,https://understat.com/getLeagueData/La_liga/2020,2021-05-16,True
2021-05-16,Valencia,Eibar,1.33301,2.68303,15146,2020,https://understat.com/getLeagueData/La_liga/2020,2021-05-16,True
2021-05-16,Villarreal,Sevilla,1.60717,2.51965,15147,2020,https://understat.com/getLeagueData/La_liga/2020,2021-05-16,True
2021-05-21,Levante,Cadiz,1.51266,0.424135,15152,2020,https://understat.com/getLeagueData/La_liga/2020,2021-05-21,True
2021-05-22,Celta,Betis,1.21829,2.06863,15148,2020,https://understat.com/getLeagueData/La_liga/2020,2021-05-22,True
2021-05-22,Eibar,Barcelona,1.44968,0.284589,15149,2020,https://understat.com/getLeagueData/La_liga/2020,2021-05-22,True
2021-05-22,Elche,Ath Bilbao,1.33082,0.303264,15157,2020,https://understat.com/getLeagueData/La_liga/2020,2021-05-22,True
2021-05-22,Huesca,Valencia,0.974788,0.421299,15151,2020,https://understat.com/getLeagueData/La_liga/2020,2021-05-22,True
2021-05-22,Osasuna,Sociedad,0.41494,2.08092,15153,2020,https://understat.com/getLeagueData/La_liga/2020,2021-05-22,True
2021-05-22,Real Madrid,Villarreal,0.804298,0.614418,15154,2020,https://understat.com/getLeagueData/La_liga/2020,2021-05-22,True
2021-05-22,Valladolid,Ath Madrid,0.995635,1.2916,15156,2020,https://understat.com/getLeagueData/La_liga/2020,2021-05-22,True
2021-05-23,Granada,Getafe,0.444987,0.46059,15150,2020,https://understat.com/getLeagueData/La_liga/2020,2021-05-23,True
2021-05-23,Sevilla,Alaves,0.35705,0.785012,15155,2020,https://understat.com/getLeagueData/La_liga/2020,2021-05-23,True
2021-08-13,Valencia,Getafe,1.57861,1.19326,17136,2021,https://understat.com/getLeagueData/La_liga/2021,2021-08-13,True
2021-08-14,Alaves,Real Madrid,1.41097,2.15551,17140,2021,https://understat.com/getLeagueData/La_liga/2021,2021-08-14,True
2021-08-14,Cadiz,Levante,0.993589,0.915954,17139,2021,https://understat.com/getLeagueData/La_liga/2021,2021-08-14,True
2021-08-14,Mallorca,Betis,0.569578,0.814085,17138,2021,https://understat.com/getLeagueData/La_liga/2021,2021-08-14,True
2021-08-14,Osasuna,Espanol,0.579404,0.583698,17137,2021,https://understat.com/getLeagueData/La_liga/2021,2021-08-14,True
2021-08-15,Barcelona,Sociedad,3.46484,0.902312,17142,2021,https://understat.com/getLeagueData/La_liga/2021,2021-08-15,True
2021-08-15,Celta,Ath Madrid,1.59399,1.805,17141,2021,https://understat.com/getLeagueData/La_liga/2021,2021-08-15,True
2021-08-15,Sevilla,Vallecano,3.67402,0.484078,17143,2021,https://understat.com/getLeagueData/La_liga/2021,2021-08-15,True
2021-08-16,Elche,Ath Bilbao,0.933565,0.634866,17145,2021,https://understat.com/getLeagueData/La_liga/2021,2021-08-16,True
2021-08-16,Villarreal,Granada,1.21791,0.246735,17144,2021,https://understat.com/getLeagueData/La_liga/2021,2021-08-16,True
2021-08-20,Betis,Cadiz,1.82337,1.4533,17146,2021,https://understat.com/getLeagueData/La_liga/2021,2021-08-20,True
2021-08-21,Alaves,Mallorca,0.920977,0.82407,17147,2021,https://understat.com/getLeagueData/La_liga/2021,2021-08-21,True
2021-08-21,Ath Bilbao,Barcelona,1.43436,1.18383,17150,2021,https://understat.com/getLeagueData/La_liga/2021,2021-08-21,True
2021-08-21,Espanol,Villarreal,1.68861,0.597171,17149,2021,https://understat.com/getLeagueData/La_liga/2021,2021-08-21,True
2021-08-21,Granada,Valencia,0.752693,1.50025,17148,2021,https://understat.com/getLeagueData/La_liga/2021,2021-08-21,True
2021-08-22,Ath Madrid,Elche,1.04508,0.168373,17152,2021,https://understat.com/getLeagueData/La_liga/2021,2021-08-22,True
2021-08-22,Levante,Real Madrid,1.63837,2.14125,17153,2021,https://understat.com/getLeagueData/La_liga/2021,2021-08-22,True
2021-08-22,Sociedad,Vallecano,2.26913,0.76322,17151,2021,https://understat.com/getLeagueData/La_liga/2021,2021-08-22,True
2021-08-23,Getafe,Sevilla,0.391853,0.813891,17154,2021,https://understat.com/getLeagueData/La_liga/2021,2021-08-23,True
2021-08-23,Osasuna,Celta,2.58218,0.084571,17155,2021,https://understat.com/getLeagueData/La_liga/2021,2021-08-23,True
2021-08-27,Mallorca,Espanol,1.28733,0.296878,17156,2021,https://understat.com/getLeagueData/La_liga/2021,2021-08-27,True
2021-08-27,Valencia,Alaves,2.33998,0.360675,17157,2021,https://understat.com/getLeagueData/La_liga/2021,2021-08-27,True
2021-08-28,Betis,Real Madrid,0.420687,0.94097,17161,2021,https://understat.com/getLeagueData/La_liga/2021,2021-08-28,True
2021-08-28,Celta,Ath Bilbao,0.934567,1.45227,17158,2021,https://understat.com/getLeagueData/La_liga/2021,2021-08-28,True
2021-08-28,Elche,Sevilla,0.855435,1.70035,17160,2021,https://understat.com/getLeagueData/La_liga/2021,2021-08-28,True
2021-08-28,Sociedad,Levante,0.855875,0.521015,17159,2021,https://understat.com/getLeagueData/La_liga/2021,2021-08-28,True
2021-08-29,Ath Madrid,Villarreal,1.773,0.448731,17165,2021,https://understat.com/getLeagueData/La_liga/2021,2021-08-29,True
2021-08-29,Barcelona,Getafe,1.05122,0.283315,17162,2021,https://understat.com/getLeagueData/La_liga/2021,2021-08-29,True
2021-08-29,Cadiz,Osasuna,1.36149,2.28418,17163,2021,https://understat.com/getLeagueData/La_liga/2021,2021-08-29,True
2021-08-29,Vallecano,Granada,2.19631,0.586302,17164,2021,https://understat.com/getLeagueData/La_liga/2021,2021-08-29,True
2021-09-11,Ath Bilbao,Mallorca,1.855,0.22503,17166,2021,https://understat.com/getLeagueData/La_liga/2021,2021-09-11,True
2021-09-11,Levante,Vallecano,1.10993,2.7683,17171,2021,https://understat.com/getLeagueData/La_liga/2021,2021-09-11,True
2021-09-12,Cadiz,Sociedad,0.607763,2.36611,17168,2021,https://understat.com/getLeagueData/La_liga/2021,2021-09-12,True
2021-09-12,Espanol,Ath Madrid,0.373891,0.732283,17170,2021,https://understat.com/getLeagueData/La_liga/2021,2021-09-12,True
2021-09-12,Osasuna,Valencia,0.457252,0.924929,17172,2021,https://understat.com/getLeagueData/La_liga/2021,2021-09-12,True
2021-09-12,Real Madrid,Celta,3.03734,1.99062,17173,2021,https://understat.com/getLeagueData/La_liga/2021,2021-09-12,True
2021-09-13,Getafe,Elche,0.3796,1.07401,17167,2021,https://understat.com/getLeagueData/La_liga/2021,2021-09-13,True
2021-09-13,Granada,Betis,0.780077,2.43767,17169,2021,https://understat.com/getLeagueData/La_liga/2021,2021-09-13,True
2021-09-17,Celta,Cadiz,0.993864,1.07407,17180,2021,https://understat.com/getLeagueData/La_liga/2021,2021-09-17,True
2021-09-18,Alaves,Osasuna,0.251601,1.32313,17176,2021,https://understat.com/getLeagueData/La_liga/2021,2021-09-18,True
2021-09-18,Ath Madrid,Ath Bilbao,1.10053,1.10578,17177,2021,https://understat.com/getLeagueData/La_liga/2021,2021-09-18,True
2021-09-18,Elche,Levante,0.536512,1.12463,17185,2021,https://understat.com/getLeagueData/La_liga/2021,2021-09-18,True
2021-09-18,Vallecano,Getafe,1.98661,1.15428,17184,2021,https://understat.com/getLeagueData/La_liga/2021,2021-09-18,True
2021-09-19,Betis,Espanol,2.36891,1.21693,17179,2021,https://understat.com/getLeagueData/La_liga/2021,2021-09-19,True
2021-09-19,Mallorca,Villarreal,0.529054,1.63437,17181,2021,https://understat.com/getLeagueData/La_liga/2021,2021-09-19,True
2021-09-19,Sociedad,Sevilla,1.17723,0.7654,17182,2021,https://understat.com/getLeagueData/La_liga/2021,2021-09-19,True
2021-09-19,Valencia,Real Madrid,0.647432,1.36343,17183,2021,https://understat.com/getLeagueData/La_liga/2021,2021-09-19,True
2021-09-20,Barcelona,Granada,1.88236,0.612728,17178,2021,https://understat.com/getLeagueData/La_liga/2021,2021-09-20,True
2021-09-21,Ath Bilbao,Vallecano,0.956027,1.04121,17186,2021,https://understat.com/getLeagueData/La_liga/2021,2021-09-21,True
2021-09-21,Getafe,Ath Madrid,0.330581,1.47906,17187,2021,https://understat.com/getLeagueData/La_liga/2021,2021-09-21,True
2021-09-21,Levante,Celta,1.40702,0.739683,17194,2021,https://understat.com/getLeagueData/La_liga/2021,2021-09-21,True
2021-09-22,Espanol,Alaves,1.61796,0.424815,17193,2021,https://understat.com/getLeagueData/La_liga/2021,2021-09-22,True
2021-09-22,Real Madrid,Mallorca,2.3746,1.19165,17190,2021,https://understat.com/getLeagueData/La_liga/2021,2021-09-22,True
2021-09-22,Sevilla,Valencia,1.20708,0.442431,17189,2021,https://understat.com/getLeagueData/La_liga/2021,2021-09-22,True
2021-09-22,Villarreal,Elche,2.77855,1.09551,17188,2021,https://understat.com/getLeagueData/La_liga/2021,2021-09-22,True
2021-09-23,Cadiz,Barcelona,1.40061,0.361756,17191,2021,https://understat.com/getLeagueData/La_liga/2021,2021-09-23,True
2021-09-23,Granada,Sociedad,1.25019,1.58153,17192,2021,https://understat.com/getLeagueData/La_liga/2021,2021-09-23,True
2021-09-23,Osasuna,Betis,0.820269,2.20306,17195,2021,https://understat.com/getLeagueData/La_liga/2021,2021-09-23,True
2021-09-25,Alaves,Ath Madrid,1.19699,0.558059,17197,2021,https://understat.com/getLeagueData/La_liga/2021,2021-09-25,True
2021-09-25,Real Madrid,Villarreal,1.53636,0.666401,17202,2021,https://understat.com/getLeagueData/La_liga/2021,2021-09-25,True
2021-09-25,Sevilla,Espanol,1.57528,0.478568,17200,2021,https://understat.com/getLeagueData/La_liga/2021,2021-09-25,True
2021-09-25,Valencia,Ath Bilbao,1.08633,0.830524,17199,2021,https://understat.com/getLeagueData/La_liga/2021,2021-09-25,True
2021-09-26,Barcelona,Levante,3.11328,0.712689,17196,2021,https://understat.com/getLeagueData/La_liga/2021,2021-09-26,True
2021-09-26,Betis,Getafe,2.4642,0.590585,17205,2021,https://understat.com/getLeagueData/La_liga/2021,2021-09-26,True
2021-09-26,Mallorca,Osasuna,2.74158,1.63553,17203,2021,https://understat.com/getLeagueData/La_liga/2021,2021-09-26,True
2021-09-26,Sociedad,Elche,2.11835,0.573483,17201,2021,https://understat.com/getLeagueData/La_liga/2021,2021-09-26,True
2021-09-26,Vallecano,Cadiz,1.89007,1.09997,17198,2021,https://understat.com/getLeagueData/La_liga/2021,2021-09-26,True
2021-09-27,Celta,Granada,1.26658,0.541862,17204,2021,https://understat.com/getLeagueData/La_liga/2021,2021-09-27,True
2021-10-01,Ath Bilbao,Alaves,2.49402,0.808018,17211,2021,https://understat.com/getLeagueData/La_liga/2021,2021-10-01,True
2021-10-02,Ath Madrid,Barcelona,1.37412,0.74746,17212,2021,https://understat.com/getLeagueData/La_liga/2021,2021-10-02,True
2021-10-02,Cadiz,Valencia,0.156791,1.43757,17215,2021,https://understat.com/getLeagueData/La_liga/2021,2021-10-02,True
2021-10-02,Mallorca,Levante,0.442135,1.43388,17213,2021,https://understat.com/getLeagueData/La_liga/2021,2021-10-02,True
2021-10-02,Osasuna,Vallecano,0.657174,0.148539,17208,2021,https://understat.com/getLeagueData/La_liga/2021,2021-10-02,True
2021-10-03,Elche,Celta,1.39817,0.713553,17210,2021,https://understat.com/getLeagueData/La_liga/2021,2021-10-03,True
2021-10-03,Espanol,Real Madrid,1.29119,1.62384,17207,2021,https://understat.com/getLeagueData/La_liga/2021,2021-10-03,True
2021-10-03,Getafe,Sociedad,0.523662,0.799948,17214,2021,https://understat.com/getLeagueData/La_liga/2021,2021-10-03,True
2021-10-03,Granada,Sevilla,0.0843984,1.4028,17206,2021,https://understat.com/getLeagueData/La_liga/2021,2021-10-03,True
2021-10-03,Villarreal,Betis,2.58641,0.527081,17209,2021,https://understat.com/getLeagueData/La_liga/2021,2021-10-03,True
2021-10-16,Levante,Getafe,0.83295,0.557421,17221,2021,https://understat.com/getLeagueData/La_liga/2021,2021-10-16,True
2021-10-16,Sociedad,Mallorca,0.404506,0.35977,17223,2021,https://understat.com/getLeagueData/La_liga/2021,2021-10-16,True
2021-10-17,Barcelona,Valencia,2.37862,0.378333,17217,2021,https://understat.com/getLeagueData/La_liga/2021,2021-10-17,True
2021-10-17,Celta,Sevilla,0.888941,0.828384,17218,2021,https://understat.com/getLeagueData/La_liga/2021,2021-10-17,True
2021-10-17,Vallecano,Elche,1.10651,0.326072,17224,2021,https://understat.com/getLeagueData/La_liga/2021,2021-10-17,True
2021-10-17,Villarreal,Osasuna,0.713142,0.957297,17225,2021,https://understat.com/getLeagueData/La_liga/2021,2021-10-17,True
2021-10-18,Alaves,Betis,1.35769,1.47785,17216,2021,https://understat.com/getLeagueData/La_liga/2021,2021-10-18,True
2021-10-18,Espanol,Cadiz,1.73503,0.603648,17220,2021,https://understat.com/getLeagueData/La_liga/2021,2021-10-18,True
2021-10-22,Osasuna,Granada,1.24456,0.434896,17230,2021,https://understat.com/getLeagueData/La_liga/2021,2021-10-22,True
2021-10-23,Ath Bilbao,Villarreal,2.64328,0.605636,17226,2021,https://understat.com/getLeagueData/La_liga/2021,2021-10-23,True
2021-10-23,Cadiz,Alaves,2.00294,1.86733,17231,2021,https://understat.com/getLeagueData/La_liga/2021,2021-10-23,True
2021-10-23,Elche,Espanol,0.998945,1.05435,17227,2021,https://understat.com/getLeagueData/La_liga/2021,2021-10-23,True
2021-10-23,Valencia,Mallorca,1.47094,0.807566,17228,2021,https://understat.com/getLeagueData/La_liga/2021,2021-10-23,True
2021-10-24,Ath Madrid,Sociedad,1.75286,0.834092,17235,2021,https://understat.com/getLeagueData/La_liga/2021,2021-10-24,True
2021-10-24,Barcelona,Real Madrid,1.58789,1.5463,17234,2021,https://understat.com/getLeagueData/La_liga/2021,2021-10-24,True
2021-10-24,Betis,Vallecano,1.43375,1.16768,17233,2021,https://understat.com/getLeagueData/La_liga/2021,2021-10-24,True
2021-10-24,Sevilla,Levante,1.82952,1.28779,17229,2021,https://understat.com/getLeagueData/La_liga/2021,2021-10-24,True
2021-10-25,Getafe,Celta,0.461119,2.48108,17232,2021,https://understat.com/getLeagueData/La_liga/2021,2021-10-25,True
2021-10-26,Alaves,Elche,1.81349,0.281657,17239,2021,https://understat.com/getLeagueData/La_liga/2021,2021-10-26,True
2021-10-26,Espanol,Ath Bilbao,1.23306,3.68446,17243,2021,https://understat.com/getLeagueData/La_liga/2021,2021-10-26,True
2021-10-26,Villarreal,Cadiz,1.95102,1.53615,17238,2021,https://understat.com/getLeagueData/La_liga/2021,2021-10-26,True
2021-10-27,Betis,Valencia,2.58067,2.17844,17241,2021,https://understat.com/getLeagueData/La_liga/2021,2021-10-27,True
2021-10-27,Mallorca,Sevilla,2.27366,1.42068,17245,2021,https://understat.com/getLeagueData/La_liga/2021,2021-10-27,True
2021-10-27,Real Madrid,Osasuna,0.655438,0.71046,17237,2021,https://understat.com/getLeagueData/La_liga/2021,2021-10-27,True
2021-10-27,Vallecano,Barcelona,0.786282,2.85731,17236,2021,https://understat.com/getLeagueData/La_liga/2021,2021-10-27,True
2021-10-28,Celta,Sociedad,0.995591,1.42714,17240,2021,https://understat.com/getLeagueData/La_liga/2021,2021-10-28,True
2021-10-28,Granada,Getafe,2.26351,0.581107,17244,2021,https://understat.com/getLeagueData/La_liga/2021,2021-10-28,True
2021-10-28,Levante,Ath Madrid,2.12426,1.33383,17242,2021,https://understat.com/getLeagueData/La_liga/2021,2021-10-28,True
2021-10-30,Barcelona,Alaves,1.56007,0.599628,17252,2021,https://understat.com/getLeagueData/La_liga/2021,2021-10-30,True
2021-10-30,Elche,Real Madrid,1.15068,1.60735,17246,2021,https://understat.com/getLeagueData/La_liga/2021,2021-10-30,True
2021-10-30,Sevilla,Osasuna,2.43378,0.790454,17249,2021,https://understat.com/getLeagueData/La_liga/2021,2021-10-30,True
2021-10-30,Valencia,Villarreal,1.66395,0.804209,17247,2021,https://understat.com/getLeagueData/La_liga/2021,2021-10-30,True
2021-10-31,Ath Madrid,Betis,2.5506,0.521096,17251,2021,https://understat.com/getLeagueData/La_liga/2021,2021-10-31,True
2021-10-31,Cadiz,Mallorca,1.80233,1.03662,17254,2021,https://understat.com/getLeagueData/La_liga/2021,2021-10-31,True
2021-10-31,Getafe,Espanol,0.951784,0.619895,17253,2021,https://understat.com/getLeagueData/La_liga/2021,2021-10-31,True
2021-10-31,Sociedad,Ath Bilbao,1.05807,1.01149,17250,2021,https://understat.com/getLeagueData/La_liga/2021,2021-10-31,True
2021-11-01,Levante,Granada,1.33088,1.46089,17255,2021,https://understat.com/getLeagueData/La_liga/2021,2021-11-01,True
2021-11-01,Vallecano,Celta,0.467972,0.43779,17248,2021,https://understat.com/getLeagueData/La_liga/2021,2021-11-01,True
2021-11-05,Ath Bilbao,Cadiz,0.584754,0.491777,17257,2021,https://understat.com/getLeagueData/La_liga/2021,2021-11-05,True
2021-11-06,Alaves,Levante,1.53471,0.802633,17256,2021,https://understat.com/getLeagueData/La_liga/2021,2021-11-06,True
2021-11-06,Celta,Barcelona,1.77068,1.13925,17259,2021,https://understat.com/getLeagueData/La_liga/2021,2021-11-06,True
2021-11-06,Espanol,Granada,1.76367,2.06874,17261,2021,https://understat.com/getLeagueData/La_liga/2021,2021-11-06,True
2021-11-06,Real Madrid,Vallecano,2.72626,1.78044,17263,2021,https://understat.com/getLeagueData/La_liga/2021,2021-11-06,True
2021-11-07,Betis,Sevilla,0.389163,1.42156,17258,2021,https://understat.com/getLeagueData/La_liga/2021,2021-11-07,True
2021-11-07,Mallorca,Elche,2.04894,0.679919,17260,2021,https://understat.com/getLeagueData/La_liga/2021,2021-11-07,True
2021-11-07,Osasuna,Sociedad,0.495749,1.43263,17262,2021,https://understat.com/getLeagueData/La_liga/2021,2021-11-07,True
2021-11-07,Valencia,Ath Madrid,1.57167,2.63804,17264,2021,https://understat.com/getLeagueData/La_liga/2021,2021-11-07,True
2021-11-07,Villarreal,Getafe,1.49263,0.153162,17265,2021,https://understat.com/getLeagueData/La_liga/2021,2021-11-07,True
2021-11-19,Levante,Ath Bilbao,0.630763,0.452179,17271,2021,https://understat.com/getLeagueData/La_liga/2021,2021-11-19,True
2021-11-20,Ath Madrid,Osasuna,1.61044,0.378974,17266,2021,https://understat.com/getLeagueData/La_liga/2021,2021-11-20,True
2021-11-20,Barcelona,Espanol,1.51262,1.41291,17267,2021,https://understat.com/getLeagueData/La_liga/2021,2021-11-20,True
2021-11-20,Celta,Villarreal,0.90981,2.71931,17268,2021,https://understat.com/getLeagueData/La_liga/2021,2021-11-20,True
2021-11-20,Sevilla,Alaves,1.37509,1.47367,17273,2021,https://understat.com/getLeagueData/La_liga/2021,2021-11-20,True
2021-11-21,Elche,Betis,0.824849,1.60069,17275,2021,https://understat.com/getLeagueData/La_liga/2021,2021-11-21,True
2021-11-21,Getafe,Cadiz,1.54295,0.370193,17269,2021,https://understat.com/getLeagueData/La_liga/2021,2021-11-21,True
2021-11-21,Granada,Real Madrid,0.56422,3.77854,17270,2021,https://understat.com/getLeagueData/La_liga/2021,2021-11-21,True
2021-11-21,Sociedad,Valencia,0.405372,0.584859,17272,2021,https://understat.com/getLeagueData/La_liga/2021,2021-11-21,True
2021-11-22,Vallecano,Mallorca,1.94957,0.827606,17274,2021,https://understat.com/getLeagueData/La_liga/2021,2021-11-22,True
2021-11-26,Ath Bilbao,Granada,1.33935,0.977596,17277,2021,https://understat.com/getLeagueData/La_liga/2021,2021-11-26,True
2021-11-27,Alaves,Celta,0.677245,1.54308,17276,2021,https://understat.com/getLeagueData/La_liga/2021,2021-11-27,True
2021-11-27,Mallorca,Getafe,0.472696,0.739333,17279,2021,https://understat.com/getLeagueData/La_liga/2021,2021-11-27,True
2021-11-27,Valencia,Vallecano,1.58132,2.02852,17284,2021,https://understat.com/getLeagueData/La_liga/2021,2021-11-27,True
2021-11-27,Villarreal,Barcelona,1.55977,3.37249,17285,2021,https://understat.com/getLeagueData/La_liga/2021,2021-11-27,True
2021-11-28,Betis,Levante,2.3097,0.645945,17278,2021,https://understat.com/getLeagueData/La_liga/2021,2021-11-28,True
2021-11-28,Cadiz,Ath Madrid,0.766477,3.32569,17280,2021,https://understat.com/getLeagueData/La_liga/2021,2021-11-28,True
2021-11-28,Espanol,Sociedad,0.378098,1.32638,17281,2021,https://understat.com/getLeagueData/La_liga/2021,2021-11-28,True
2021-11-28,Real Madrid,Sevilla,1.2476,1.30167,17283,2021,https://understat.com/getLeagueData/La_liga/2021,2021-11-28,True
2021-11-29,Osasuna,Elche,2.13729,1.05682,17282,2021,https://understat.com/getLeagueData/La_liga/2021,2021-11-29,True
2021-12-01,Real Madrid,Ath Bilbao,1.60531,2.70199,17222,2021,https://understat.com/getLeagueData/La_liga/2021,2021-12-01,True
2021-12-03,Granada,Alaves,1.08266,1.38466,17290,2021,https://understat.com/getLeagueData/La_liga/2021,2021-12-03,True
2021-12-04,Ath Madrid,Mallorca,2.07045,0.775913,17286,2021,https://understat.com/getLeagueData/La_liga/2021,2021-12-04,True
2021-12-04,Barcelona,Betis,1.20871,0.642697,17287,2021,https://understat.com/getLeagueData/La_liga/2021,2021-12-04,True
2021-12-04,Sevilla,Villarreal,0.46965,1.90918,17292,2021,https://understat.com/getLeagueData/La_liga/2021,2021-12-04,True
2021-12-04,Sociedad,Real Madrid,0.585154,2.19245,17295,2021,https://understat.com/getLeagueData/La_liga/2021,2021-12-04,True
2021-12-05,Celta,Valencia,0.645079,1.01149,17288,2021,https://understat.com/getLeagueData/La_liga/2021,2021-12-05,True
2021-12-05,Elche,Cadiz,2.33084,1.50592,17294,2021,https://understat.com/getLeagueData/La_liga/2021,2021-12-05,True
2021-12-05,Levante,Osasuna,0.510046,0.250564,17291,2021,https://understat.com/getLeagueData/La_liga/2021,2021-12-05,True
2021-12-05,Vallecano,Espanol,0.649198,0.474816,17293,2021,https://understat.com/getLeagueData/La_liga/2021,2021-12-05,True
2021-12-06,Getafe,Ath Bilbao,1.35736,0.466017,17289,2021,https://understat.com/getLeagueData/La_liga/2021,2021-12-06,True
2021-12-10,Mallorca,Celta,0.898098,1.33476,17299,2021,https://understat.com/getLeagueData/La_liga/2021,2021-12-10,True
2021-12-11,Alaves,Getafe,0.989074,1.04682,17296,2021,https://understat.com/getLeagueData/La_liga/2021,2021-12-11,True
2021-12-11,Ath Bilbao,Sevilla,2.35659,0.214536,17297,2021,https://understat.com/getLeagueData/La_liga/2021,2021-12-11,True
2021-12-11,Espanol,Levante,2.1352,3.38759,17301,2021,https://understat.com/getLeagueData/La_liga/2021,2021-12-11,True
2021-12-11,Valencia,Elche,1.67544,1.12996,17304,2021,https://understat.com/getLeagueData/La_liga/2021,2021-12-11,True
2021-12-12,Betis,Sociedad,1.21698,1.06737,17298,2021,https://understat.com/getLeagueData/La_liga/2021,2021-12-12,True
2021-12-12,Osasuna,Barcelona,0.367626,1.3894,17302,2021,https://understat.com/getLeagueData/La_liga/2021,2021-12-12,True
2021-12-12,Real Madrid,Ath Madrid,0.587828,0.769681,17303,2021,https://understat.com/getLeagueData/La_liga/2021,2021-12-12,True
2021-12-12,Villarreal,Vallecano,2.10964,1.41255,17305,2021,https://understat.com/getLeagueData/La_liga/2021,2021-12-12,True
2021-12-13,Cadiz,Granada,0.6189,1.12436,17300,2021,https://understat.com/getLeagueData/La_liga/2021,2021-12-13,True
2021-12-17,Celta,Espanol,1.6562,0.377711,17308,2021,https://understat.com/getLeagueData/La_liga/2021,2021-12-17,True
2021-12-18,Barcelona,Elche,2.96397,1.26552,17307,2021,https://understat.com/getLeagueData/La_liga/2021,2021-12-18,True
2021-12-18,Sevilla,Ath Madrid,0.373147,1.24499,17311,2021,https://understat.com/getLeagueData/La_liga/2021,2021-12-18,True
2021-12-18,Sociedad,Villarreal,1.34561,3.02243,17312,2021,https://understat.com/getLeagueData/La_liga/2021,2021-12-18,True
2021-12-18,Vallecano,Alaves,1.87281,0.198501,17315,2021,https://understat.com/getLeagueData/La_liga/2021,2021-12-18,True
2021-12-19,Ath Bilbao,Betis,1.1909,2.01927,17306,2021,https://understat.com/getLeagueData/La_liga/2021,2021-12-19,True
2021-12-19,Getafe,Osasuna,1.09096,0.712207,17310,2021,https://understat.com/getLeagueData/La_liga/2021,2021-12-19,True
2021-12-19,Granada,Mallorca,2.71538,1.08613,17309,2021,https://understat.com/getLeagueData/La_liga/2021,2021-12-19,True
2021-12-19,Real Madrid,Cadiz,2.79615,0.242189,17313,2021,https://understat.com/getLeagueData/La_liga/2021,2021-12-19,True
2021-12-20,Levante,Valencia,2.73541,2.10622,17314,2021,https://understat.com/getLeagueData/La_liga/2021,2021-12-20,True
2021-12-21,Sevilla,Barcelona,0.299426,1.90576,17174,2021,https://understat.com/getLeagueData/La_liga/2021,2021-12-21,True
2021-12-21,Villarreal,Alaves,3.87986,0.310052,17175,2021,https://understat.com/getLeagueData/La_liga/2021,2021-12-21,True
2021-12-22,Ath Bilbao,Real Madrid,1.0933,1.58518,17336,2021,https://understat.com/getLeagueData/La_liga/2021,2021-12-22,True
2021-12-22,Granada,Ath Madrid,0.911053,1.77937,17219,2021,https://understat.com/getLeagueData/La_liga/2021,2021-12-22,True
2021-12-31,Valencia,Espanol,0.864078,2.14833,17317,2021,https://understat.com/getLeagueData/La_liga/2021,2021-12-31,True
2022-01-02,Alaves,Sociedad,1.5407,1.38111,17319,2021,https://understat.com/getLeagueData/La_liga/2021,2022-01-02,True
2022-01-02,Ath Madrid,Vallecano,1.98103,0.104074,17320,2021,https://understat.com/getLeagueData/La_liga/2021,2022-01-02,True
2022-01-02,Betis,Celta,0.889436,1.872,17321,2021,https://understat.com/getLeagueData/La_liga/2021,2022-01-02,True
2022-01-02,Elche,Granada,1.44824,0.965958,17316,2021,https://understat.com/getLeagueData/La_liga/2021,2022-01-02,True
2022-01-02,Getafe,Real Madrid,0.900039,0.913167,17323,2021,https://understat.com/getLeagueData/La_liga/2021,2022-01-02,True
2022-01-02,Mallorca,Barcelona,0.988536,1.61795,17322,2021,https://understat.com/getLeagueData/La_liga/2021,2022-01-02,True
2022-01-03,Cadiz,Sevilla,0.238594,1.28387,17324,2021,https://understat.com/getLeagueData/La_liga/2021,2022-01-03,True
2022-01-03,Osasuna,Ath Bilbao,0.521945,2.48538,17325,2021,https://understat.com/getLeagueData/La_liga/2021,2022-01-03,True
2022-01-03,Villarreal,Levante,4.19047,0.423407,17318,2021,https://understat.com/getLeagueData/La_liga/2021,2022-01-03,True
2022-01-08,Granada,Barcelona,0.747757,0.967234,17327,2021,https://understat.com/getLeagueData/La_liga/2021,2022-01-08,True
2022-01-08,Levante,Mallorca,1.32485,1.16534,17329,2021,https://understat.com/getLeagueData/La_liga/2021,2022-01-08,True
2022-01-08,Real Madrid,Valencia,4.1129,1.12054,17331,2021,https://understat.com/getLeagueData/La_liga/2021,2022-01-08,True
2022-01-08,Sociedad,Celta,2.32107,0.313993,17332,2021,https://understat.com/getLeagueData/La_liga/2021,2022-01-08,True
2022-01-09,Alaves,Ath Bilbao,0.585505,0.463719,17326,2021,https://understat.com/getLeagueData/La_liga/2021,2022-01-09,True
2022-01-09,Osasuna,Cadiz,3.13396,0.210192,17330,2021,https://understat.com/getLeagueData/La_liga/2021,2022-01-09,True
2022-01-09,Sevilla,Getafe,0.592329,0.114607,17333,2021,https://understat.com/getLeagueData/La_liga/2021,2022-01-09,True
2022-01-09,Vallecano,Betis,1.47922,1.26688,17334,2021,https://understat.com/getLeagueData/La_liga/2021,2022-01-09,True
2022-01-09,Villarreal,Ath Madrid,2.56125,0.882404,17335,2021,https://understat.com/getLeagueData/La_liga/2021,2022-01-09,True
2022-01-10,Espanol,Elche,1.30222,0.662335,17328,2021,https://understat.com/getLeagueData/La_liga/2021,2022-01-10,True
2022-01-16,Elche,Villarreal,0.204155,0.755426,17345,2021,https://understat.com/getLeagueData/La_liga/2021,2022-01-16,True
2022-01-18,Betis,Alaves,2.10165,0.260065,17339,2021,https://understat.com/getLeagueData/La_liga/2021,2022-01-18,True
2022-01-18,Cadiz,Espanol,0.801983,1.91578,17343,2021,https://understat.com/getLeagueData/La_liga/2021,2022-01-18,True
2022-01-19,Celta,Osasuna,1.52433,0.46556,17340,2021,https://understat.com/getLeagueData/La_liga/2021,2022-01-19,True
2022-01-19,Valencia,Sevilla,0.573449,1.17995,17344,2021,https://understat.com/getLeagueData/La_liga/2021,2022-01-19,True
2022-01-20,Getafe,Granada,1.18065,0.856476,17342,2021,https://understat.com/getLeagueData/La_liga/2021,2022-01-20,True
2022-01-21,Espanol,Betis,1.57092,2.85687,17349,2021,https://understat.com/getLeagueData/La_liga/2021,2022-01-21,True
2022-01-22,Ath Madrid,Valencia,2.25966,0.726623,17347,2021,https://understat.com/getLeagueData/La_liga/2021,2022-01-22,True
2022-01-22,Levante,Cadiz,1.08487,0.911469,17350,2021,https://understat.com/getLeagueData/La_liga/2021,2022-01-22,True
2022-01-22,Sevilla,Celta,0.885077,0.469693,17353,2021,https://understat.com/getLeagueData/La_liga/2021,2022-01-22,True
2022-01-22,Villarreal,Mallorca,2.19824,1.59983,17355,2021,https://understat.com/getLeagueData/La_liga/2021,2022-01-22,True
2022-01-23,Alaves,Barcelona,0.733223,1.14948,17346,2021,https://understat.com/getLeagueData/La_liga/2021,2022-01-23,True
2022-01-23,Granada,Osasuna,0.582823,2.17061,17348,2021,https://understat.com/getLeagueData/La_liga/2021,2022-01-23,True
2022-01-23,Real Madrid,Elche,3.82847,0.725434,17351,2021,https://understat.com/getLeagueData/La_liga/2021,2022-01-23,True
2022-01-23,Sociedad,Getafe,1.21342,0.350506,17352,2021,https://understat.com/getLeagueData/La_liga/2021,2022-01-23,True
2022-01-23,Vallecano,Ath Bilbao,1.45337,0.412898,17354,2021,https://understat.com/getLeagueData/La_liga/2021,2022-01-23,True
2022-02-04,Getafe,Levante,1.1718,0.556029,17361,2021,https://understat.com/getLeagueData/La_liga/2021,2022-02-04,True
2022-02-05,Celta,Vallecano,0.65442,0.678815,17359,2021,https://understat.com/getLeagueData/La_liga/2021,2022-02-05,True
2022-02-05,Elche,Alaves,1.77379,1.12234,17365,2021,https://understat.com/getLeagueData/La_liga/2021,2022-02-05,True
2022-02-05,Mallorca,Cadiz,2.23498,0.887418,17360,2021,https://understat.com/getLeagueData/La_liga/2021,2022-02-05,True
2022-02-05,Osasuna,Sevilla,0.397154,1.34983,17362,2021,https://understat.com/getLeagueData/La_liga/2021,2022-02-05,True
2022-02-06,Barcelona,Ath Madrid,0.926663,1.61465,17357,2021,https://understat.com/getLeagueData/La_liga/2021,2022-02-06,True
2022-02-06,Betis,Villarreal,0.737524,1.34131,17358,2021,https://understat.com/getLeagueData/La_liga/2021,2022-02-06,True
2022-02-06,Real Madrid,Granada,1.47173,0.39522,17363,2021,https://understat.com/getLeagueData/La_liga/2021,2022-02-06,True
2022-02-06,Valencia,Sociedad,1.19065,0.539612,17364,2021,https://understat.com/getLeagueData/La_liga/2021,2022-02-06,True
2022-02-07,Ath Bilbao,Espanol,1.07545,0.580028,17356,2021,https://understat.com/getLeagueData/La_liga/2021,2022-02-07,True
2022-02-11,Sevilla,Elche,0.767939,0.28732,17373,2021,https://understat.com/getLeagueData/La_liga/2021,2022-02-11,True
2022-02-12,Ath Madrid,Getafe,3.20819,2.2661,17367,2021,https://understat.com/getLeagueData/La_liga/2021,2022-02-12,True
2022-02-12,Cadiz,Celta,0.880656,0.900788,17369,2021,https://understat.com/getLeagueData/La_liga/2021,2022-02-12,True
2022-02-12,Vallecano,Osasuna,0.590034,2.12321,17374,2021,https://understat.com/getLeagueData/La_liga/2021,2022-02-12,True
2022-02-12,Villarreal,Real Madrid,0.460031,2.11101,17375,2021,https://understat.com/getLeagueData/La_liga/2021,2022-02-12,True
2022-02-13,Alaves,Valencia,2.03492,1.18082,17366,2021,https://understat.com/getLeagueData/La_liga/2021,2022-02-13,True
2022-02-13,Espanol,Barcelona,0.624266,1.62221,17370,2021,https://understat.com/getLeagueData/La_liga/2021,2022-02-13,True
2022-02-13,Levante,Betis,1.66764,2.09703,17371,2021,https://understat.com/getLeagueData/La_liga/2021,2022-02-13,True
2022-02-13,Sociedad,Granada,3.43761,0.773811,17372,2021,https://understat.com/getLeagueData/La_liga/2021,2022-02-13,True
2022-02-14,Mallorca,Ath Bilbao,1.81722,1.54391,17368,2021,https://understat.com/getLeagueData/La_liga/2021,2022-02-14,True
2022-02-16,Ath Madrid,Levante,1.10602,0.813252,17337,2021,https://understat.com/getLeagueData/La_liga/2021,2022-02-16,True
2022-02-18,Elche,Vallecano,2.95715,0.832156,17385,2021,https://understat.com/getLeagueData/La_liga/2021,2022-02-18,True
2022-02-19,Cadiz,Getafe,0.653762,0.885378,17379,2021,https://understat.com/getLeagueData/La_liga/2021,2022-02-19,True
2022-02-19,Granada,Villarreal,2.12749,5.34192,17380,2021,https://understat.com/getLeagueData/La_liga/2021,2022-02-19,True
2022-02-19,Osasuna,Ath Madrid,0.689493,0.928671,17382,2021,https://understat.com/getLeagueData/La_liga/2021,2022-02-19,True
2022-02-19,Real Madrid,Alaves,3.02281,0.63724,17383,2021,https://understat.com/getLeagueData/La_liga/2021,2022-02-19,True
2022-02-20,Ath Bilbao,Sociedad,3.08821,0.528403,17376,2021,https://understat.com/getLeagueData/La_liga/2021,2022-02-20,True
2022-02-20,Betis,Mallorca,1.47285,0.33988,17377,2021,https://understat.com/getLeagueData/La_liga/2021,2022-02-20,True
2022-02-20,Espanol,Sevilla,1.60205,0.958453,17381,2021,https://understat.com/getLeagueData/La_liga/2021,2022-02-20,True
2022-02-20,Valencia,Barcelona,0.774868,2.4686,17384,2021,https://understat.com/getLeagueData/La_liga/2021,2022-02-20,True
2022-02-21,Celta,Levante,1.40465,1.54675,17378,2021,https://understat.com/getLeagueData/La_liga/2021,2022-02-21,True
2022-02-25,Levante,Elche,2.13075,1.0394,17391,2021,https://understat.com/getLeagueData/La_liga/2021,2022-02-25,True
2022-02-26,Ath Madrid,Celta,0.771653,0.724951,17386,2021,https://understat.com/getLeagueData/La_liga/2021,2022-02-26,True
2022-02-26,Getafe,Alaves,1.2384,1.33865,17389,2021,https://understat.com/getLeagueData/La_liga/2021,2022-02-26,True
2022-02-26,Mallorca,Valencia,1.38849,0.71964,17388,2021,https://understat.com/getLeagueData/La_liga/2021,2022-02-26,True
2022-02-26,Vallecano,Real Madrid,1.19813,1.92697,17394,2021,https://understat.com/getLeagueData/La_liga/2021,2022-02-26,True
2022-02-27,Barcelona,Ath Bilbao,3.24274,0.332521,17387,2021,https://understat.com/getLeagueData/La_liga/2021,2022-02-27,True
2022-02-27,Sevilla,Betis,1.73411,0.745673,17393,2021,https://understat.com/getLeagueData/La_liga/2021,2022-02-27,True
2022-02-27,Sociedad,Osasuna,1.52268,0.410683,17392,2021,https://understat.com/getLeagueData/La_liga/2021,2022-02-27,True
2022-02-27,Villarreal,Espanol,4.80545,0.641431,17395,2021,https://understat.com/getLeagueData/La_liga/2021,2022-02-27,True
2022-02-28,Granada,Cadiz,0.240876,0.902122,17390,2021,https://understat.com/getLeagueData/La_liga/2021,2022-02-28,True
2022-03-02,Mallorca,Sociedad,0.455768,1.44904,17341,2021,https://understat.com/getLeagueData/La_liga/2021,2022-03-02,True
2022-03-04,Alaves,Sevilla,2.03396,1.07969,17396,2021,https://understat.com/getLeagueData/La_liga/2021,2022-03-04,True
2022-03-05,Espanol,Getafe,0.12167,0.477665,17401,2021,https://understat.com/getLeagueData/La_liga/2021,2022-03-05,True
2022-03-05,Osasuna,Villarreal,1.52659,0.522906,17402,2021,https://understat.com/getLeagueData/La_liga/2021,2022-03-05,True
2022-03-05,Real Madrid,Sociedad,2.08769,0.743278,17403,2021,https://understat.com/getLeagueData/La_liga/2021,2022-03-05,True
2022-03-05,Valencia,Granada,1.83454,0.209802,17404,2021,https://understat.com/getLeagueData/La_liga/2021,2022-03-05,True
2022-03-06,Betis,Ath Madrid,1.31499,2.6744,17398,2021,https://understat.com/getLeagueData/La_liga/2021,2022-03-06,True
2022-03-06,Cadiz,Vallecano,1.1663,0.908358,17400,2021,https://understat.com/getLeagueData/La_liga/2021,2022-03-06,True
2022-03-06,Celta,Mallorca,2.80024,1.59076,17399,2021,https://understat.com/getLeagueData/La_liga/2021,2022-03-06,True
2022-03-06,Elche,Barcelona,0.850008,4.0864,17405,2021,https://understat.com/getLeagueData/La_liga/2021,2022-03-06,True
2022-03-07,Ath Bilbao,Levante,3.4866,0.552215,17397,2021,https://understat.com/getLeagueData/La_liga/2021,2022-03-07,True
2022-03-11,Ath Madrid,Cadiz,0.659742,0.817457,17406,2021,https://understat.com/getLeagueData/La_liga/2021,2022-03-11,True
2022-03-12,Getafe,Valencia,1.20664,0.250843,17410,2021,https://understat.com/getLeagueData/La_liga/2021,2022-03-12,True
2022-03-12,Granada,Elche,1.34208,1.32937,17411,2021,https://understat.com/getLeagueData/La_liga/2021,2022-03-12,True
2022-03-12,Levante,Espanol,1.25649,0.47916,17412,2021,https://understat.com/getLeagueData/La_liga/2021,2022-03-12,True
2022-03-12,Villarreal,Celta,1.16993,0.933297,17415,2021,https://understat.com/getLeagueData/La_liga/2021,2022-03-12,True
2022-03-13,Barcelona,Osasuna,3.90343,0.110884,17407,2021,https://understat.com/getLeagueData/La_liga/2021,2022-03-13,True
2022-03-13,Betis,Ath Bilbao,0.846393,0.707634,17408,2021,https://understat.com/getLeagueData/La_liga/2021,2022-03-13,True
2022-03-13,Sociedad,Alaves,3.04773,0.666399,17413,2021,https://understat.com/getLeagueData/La_liga/2021,2022-03-13,True
2022-03-13,Vallecano,Sevilla,0.626895,0.412843,17414,2021,https://understat.com/getLeagueData/La_liga/2021,2022-03-13,True
2022-03-14,Mallorca,Real Madrid,1.17685,1.81712,17409,2021,https://understat.com/getLeagueData/La_liga/2021,2022-03-14,True
2022-03-18,Ath Bilbao,Getafe,2.64347,0.562831,17417,2021,https://understat.com/getLeagueData/La_liga/2021,2022-03-18,True
2022-03-19,Alaves,Granada,2.13094,2.19056,17416,2021,https://understat.com/getLeagueData/La_liga/2021,2022-03-19,True
2022-03-19,Elche,Valencia,0.509372,0.979663,17425,2021,https://understat.com/getLeagueData/La_liga/2021,2022-03-19,True
2022-03-19,Osasuna,Levante,2.67397,1.21866,17421,2021,https://understat.com/getLeagueData/La_liga/2021,2022-03-19,True
2022-03-19,Vallecano,Ath Madrid,1.88474,1.1919,17424,2021,https://understat.com/getLeagueData/La_liga/2021,2022-03-19,True
2022-03-20,Cadiz,Villarreal,1.4273,0.192945,17419,2021,https://understat.com/getLeagueData/La_liga/2021,2022-03-20,True
2022-03-20,Celta,Betis,1.26157,0.444295,17418,2021,https://understat.com/getLeagueData/La_liga/2021,2022-03-20,True
2022-03-20,Espanol,Mallorca,1.54033,0.306153,17420,2021,https://understat.com/getLeagueData/La_liga/2021,2022-03-20,True
2022-03-20,Real Madrid,Barcelona,0.627785,4.25983,17422,2021,https://understat.com/getLeagueData/La_liga/2021,2022-03-20,True
2022-03-20,Sevilla,Sociedad,0.355365,1.22058,17423,2021,https://understat.com/getLeagueData/La_liga/2021,2022-03-20,True
2022-04-02,Ath Madrid,Alaves,2.86429,0.518108,17427,2021,https://understat.com/getLeagueData/La_liga/2021,2022-04-02,True
2022-04-02,Celta,Real Madrid,1.07389,2.94585,17430,2021,https://understat.com/getLeagueData/La_liga/2021,2022-04-02,True
2022-04-02,Getafe,Mallorca,1.69452,0.308149,17431,2021,https://understat.com/getLeagueData/La_liga/2021,2022-04-02,True
2022-04-02,Levante,Villarreal,1.71737,1.10171,17433,2021,https://understat.com/getLeagueData/La_liga/2021,2022-04-02,True
2022-04-03,Ath Bilbao,Elche,2.08095,0.45189,17426,2021,https://understat.com/getLeagueData/La_liga/2021,2022-04-03,True
2022-04-03,Barcelona,Sevilla,1.93362,0.488161,17428,2021,https://understat.com/getLeagueData/La_liga/2021,2022-04-03,True
2022-04-03,Betis,Osasuna,4.85779,0.310951,17429,2021,https://understat.com/getLeagueData/La_liga/2021,2022-04-03,True
2022-04-03,Granada,Vallecano,2.26365,1.04645,17432,2021,https://understat.com/getLeagueData/La_liga/2021,2022-04-03,True
2022-04-03,Valencia,Cadiz,0.107859,0.196233,17435,2021,https://understat.com/getLeagueData/La_liga/2021,2022-04-03,True
2022-04-04,Sociedad,Espanol,1.95778,0.714821,17434,2021,https://understat.com/getLeagueData/La_liga/2021,2022-04-04,True
2022-04-08,Sevilla,Granada,3.30823,0.981555,17442,2021,https://understat.com/getLeagueData/La_liga/2021,2022-04-08,True
2022-04-09,Cadiz,Betis,1.15546,1.22849,17437,2021,https://understat.com/getLeagueData/La_liga/2021,2022-04-09,True
2022-04-09,Mallorca,Ath Madrid,1.08047,0.575266,17436,2021,https://understat.com/getLeagueData/La_liga/2021,2022-04-09,True
2022-04-09,Real Madrid,Getafe,1.62196,0.407933,17441,2021,https://understat.com/getLeagueData/La_liga/2021,2022-04-09,True
2022-04-09,Villarreal,Ath Bilbao,0.919935,2.04982,17444,2021,https://understat.com/getLeagueData/La_liga/2021,2022-04-09,True
2022-04-10,Elche,Sociedad,1.0483,2.08213,17445,2021,https://understat.com/getLeagueData/La_liga/2021,2022-04-10,True
2022-04-10,Espanol,Celta,1.55824,0.6961,17438,2021,https://understat.com/getLeagueData/La_liga/2021,2022-04-10,True
2022-04-10,Levante,Barcelona,2.98698,1.36074,17439,2021,https://understat.com/getLeagueData/La_liga/2021,2022-04-10,True
2022-04-10,Osasuna,Alaves,2.67295,0.779772,17440,2021,https://understat.com/getLeagueData/La_liga/2021,2022-04-10,True
2022-04-11,Vallecano,Valencia,0.556213,0.56958,17443,2021,https://understat.com/getLeagueData/La_liga/2021,2022-04-11,True
2022-04-15,Sociedad,Betis,0.86796,0.377534,17452,2021,https://understat.com/getLeagueData/La_liga/2021,2022-04-15,True
2022-04-16,Alaves,Vallecano,0.531373,1.22034,17446,2021,https://understat.com/getLeagueData/La_liga/2021,2022-04-16,True
2022-04-16,Elche,Mallorca,1.49995,1.06428,17455,2021,https://understat.com/getLeagueData/La_liga/2021,2022-04-16,True
2022-04-16,Getafe,Villarreal,0.939154,2.82388,17450,2021,https://understat.com/getLeagueData/La_liga/2021,2022-04-16,True
2022-04-16,Valencia,Osasuna,1.20904,1.06317,17454,2021,https://understat.com/getLeagueData/La_liga/2021,2022-04-16,True
2022-04-17,Ath Bilbao,Celta,0.910556,0.882589,17447,2021,https://understat.com/getLeagueData/La_liga/2021,2022-04-17,True
2022-04-17,Ath Madrid,Espanol,1.58913,0.814562,17448,2021,https://understat.com/getLeagueData/La_liga/2021,2022-04-17,True
2022-04-17,Granada,Levante,1.15642,4.45893,17451,2021,https://understat.com/getLeagueData/La_liga/2021,2022-04-17,True
2022-04-17,Sevilla,Real Madrid,1.17236,1.53527,17453,2021,https://understat.com/getLeagueData/La_liga/2021,2022-04-17,True
2022-04-18,Barcelona,Cadiz,1.35403,1.92768,17449,2021,https://understat.com/getLeagueData/La_liga/2021,2022-04-18,True
2022-04-19,Betis,Elche,1.34387,0.834721,17457,2021,https://understat.com/getLeagueData/La_liga/2021,2022-04-19,True
2022-04-19,Mallorca,Alaves,0.91373,0.561806,17459,2021,https://understat.com/getLeagueData/La_liga/2021,2022-04-19,True
2022-04-19,Villarreal,Valencia,2.79507,0.313345,17465,2021,https://understat.com/getLeagueData/La_liga/2021,2022-04-19,True
2022-04-20,Ath Madrid,Granada,1.14761,0.150986,17456,2021,https://understat.com/getLeagueData/La_liga/2021,2022-04-20,True
2022-04-20,Celta,Getafe,0.326278,1.45896,17458,2021,https://understat.com/getLeagueData/La_liga/2021,2022-04-20,True
2022-04-20,Osasuna,Real Madrid,0.872915,4.60461,17463,2021,https://understat.com/getLeagueData/La_liga/2021,2022-04-20,True
2022-04-21,Cadiz,Ath Bilbao,3.42624,2.33226,17460,2021,https://understat.com/getLeagueData/La_liga/2021,2022-04-21,True
2022-04-21,Espanol,Vallecano,0.454741,1.01579,17461,2021,https://understat.com/getLeagueData/La_liga/2021,2022-04-21,True
2022-04-21,Levante,Sevilla,2.62106,2.46009,17462,2021,https://understat.com/getLeagueData/La_liga/2021,2022-04-21,True
2022-04-21,Sociedad,Barcelona,1.0324,1.96498,17464,2021,https://understat.com/getLeagueData/La_liga/2021,2022-04-21,True
2022-04-24,Barcelona,Vallecano,1.10806,0.247749,17338,2021,https://understat.com/getLeagueData/La_liga/2021,2022-04-24,True
2022-04-29,Sevilla,Cadiz,0.873458,0.899478,17472,2021,https://understat.com/getLeagueData/La_liga/2021,2022-04-29,True
2022-04-30,Alaves,Villarreal,1.85307,1.14043,17466,2021,https://understat.com/getLeagueData/La_liga/2021,2022-04-30,True
2022-04-30,Ath Bilbao,Ath Madrid,1.24712,0.503211,17467,2021,https://understat.com/getLeagueData/La_liga/2021,2022-04-30,True
2022-04-30,Real Madrid,Espanol,2.31704,1.64156,17471,2021,https://understat.com/getLeagueData/La_liga/2021,2022-04-30,True
2022-04-30,Valencia,Levante,0.737326,1.70278,17473,2021,https://understat.com/getLeagueData/La_liga/2021,2022-04-30,True
2022-05-01,Barcelona,Mallorca,1.64114,1.23981,17468,2021,https://understat.com/getLeagueData/La_liga/2021,2022-05-01,True
2022-05-01,Elche,Osasuna,0.80936,1.11898,17475,2021,https://understat.com/getLeagueData/La_liga/2021,2022-05-01,True
2022-05-01,Granada,Celta,0.999398,1.30137,17470,2021,https://understat.com/getLeagueData/La_liga/2021,2022-05-01,True
2022-05-01,Vallecano,Sociedad,1.19946,0.87498,17474,2021,https://understat.com/getLeagueData/La_liga/2021,2022-05-01,True
2022-05-02,Getafe,Betis,0.851757,0.470229,17469,2021,https://understat.com/getLeagueData/La_liga/2021,2022-05-02,True
2022-05-06,Levante,Sociedad,2.22217,2.30649,17484,2021,https://understat.com/getLeagueData/La_liga/2021,2022-05-06,True
2022-05-07,Ath Bilbao,Valencia,1.54495,0.127375,17476,2021,https://understat.com/getLeagueData/La_liga/2021,2022-05-07,True
2022-05-07,Betis,Barcelona,0.627814,1.19659,17478,2021,https://understat.com/getLeagueData/La_liga/2021,2022-05-07,True
2022-05-07,Cadiz,Elche,2.02383,0.0634173,17482,2021,https://understat.com/getLeagueData/La_liga/2021,2022-05-07,True
2022-05-07,Celta,Alaves,2.99933,0.136283,17479,2021,https://understat.com/getLeagueData/La_liga/2021,2022-05-07,True
2022-05-07,Mallorca,Granada,1.77941,2.64631,17480,2021,https://understat.com/getLeagueData/La_liga/2021,2022-05-07,True
2022-05-08,Ath Madrid,Real Madrid,2.45366,1.13607,17477,2021,https://understat.com/getLeagueData/La_liga/2021,2022-05-08,True
2022-05-08,Espanol,Osasuna,0.56923,1.11008,17483,2021,https://understat.com/getLeagueData/La_liga/2021,2022-05-08,True
2022-05-08,Getafe,Vallecano,0.629264,0.816549,17481,2021,https://understat.com/getLeagueData/La_liga/2021,2022-05-08,True
2022-05-08,Villarreal,Sevilla,2.70051,0.986887,17485,2021,https://understat.com/getLeagueData/La_liga/2021,2022-05-08,True
2022-05-10,Barcelona,Celta,1.23358,0.851127,17487,2021,https://understat.com/getLeagueData/La_liga/2021,2022-05-10,True
2022-05-10,Granada,Ath Bilbao,1.01967,0.35575,17488,2021,https://understat.com/getLeagueData/La_liga/2021,2022-05-10,True
2022-05-10,Valencia,Betis,1.11931,1.83636,17493,2021,https://understat.com/getLeagueData/La_liga/2021,2022-05-10,True
2022-05-11,Alaves,Espanol,2.4573,0.902191,17486,2021,https://understat.com/getLeagueData/La_liga/2021,2022-05-11,True
2022-05-11,Elche,Ath Madrid,0.169168,2.61258,17495,2021,https://understat.com/getLeagueData/La_liga/2021,2022-05-11,True
2022-05-11,Osasuna,Getafe,0.608205,0.582724,17489,2021,https://understat.com/getLeagueData/La_liga/2021,2022-05-11,True
2022-05-11,Sevilla,Mallorca,1.65199,0.553368,17492,2021,https://understat.com/getLeagueData/La_liga/2021,2022-05-11,True
2022-05-12,Real Madrid,Levante,4.89552,0.695945,17490,2021,https://understat.com/getLeagueData/La_liga/2021,2022-05-12,True
2022-05-12,Sociedad,Cadiz,2.65814,0.675387,17491,2021,https://understat.com/getLeagueData/La_liga/2021,2022-05-12,True
2022-05-12,Vallecano,Villarreal,1.8933,2.9178,17494,2021,https://understat.com/getLeagueData/La_liga/2021,2022-05-12,True
2022-05-14,Espanol,Valencia,0.59873,2.2262,17503,2021,https://understat.com/getLeagueData/La_liga/2021,2022-05-15,True
2022-05-15,Ath Bilbao,Osasuna,1.47829,0.764272,17496,2021,https://understat.com/getLeagueData/La_liga/2021,2022-05-15,True
2022-05-15,Ath Madrid,Sevilla,0.892826,0.794179,17497,2021,https://understat.com/getLeagueData/La_liga/2021,2022-05-15,True
2022-05-15,Betis,Granada,1.70154,1.15584,17498,2021,https://understat.com/getLeagueData/La_liga/2021,2022-05-15,True
2022-05-15,Cadiz,Real Madrid,2.66633,1.92483,17502,2021,https://understat.com/getLeagueData/La_liga/2021,2022-05-15,True
2022-05-15,Celta,Elche,1.5573,0.445721,17499,2021,https://understat.com/getLeagueData/La_liga/2021,2022-05-15,True
2022-05-15,Getafe,Barcelona,0.237476,0.19547,17501,2021,https://understat.com/getLeagueData/La_liga/2021,2022-05-15,True
2022-05-15,Levante,Alaves,2.14717,0.571687,17504,2021,https://understat.com/getLeagueData/La_liga/2021,2022-05-15,True
2022-05-15,Mallorca,Vallecano,0.945419,2.04546,17500,2021,https://understat.com/getLeagueData/La_liga/2021,2022-05-15,True
2022-05-15,Villarreal,Sociedad,1.01013,2.72677,17505,2021,https://understat.com/getLeagueData/La_liga/2021,2022-05-15,True
2022-05-20,Real Madrid,Betis,1.8155,1.43562,17510,2021,https://understat.com/getLeagueData/La_liga/2021,2022-05-20,True
2022-05-20,Vallecano,Levante,2.7327,3.28491,17514,2021,https://understat.com/getLeagueData/La_liga/2021,2022-05-20,True
2022-05-21,Valencia,Celta,1.47889,1.40936,17513,2021,https://understat.com/getLeagueData/La_liga/2021,2022-05-21,True
2022-05-22,Alaves,Cadiz,0.391505,1.84089,17506,2021,https://understat.com/getLeagueData/La_liga/2021,2022-05-22,True
2022-05-22,Barcelona,Villarreal,0.628178,0.68657,17507,2021,https://understat.com/getLeagueData/La_liga/2021,2022-05-22,True
2022-05-22,Elche,Getafe,3.02536,1.06857,17515,2021,https://understat.com/getLeagueData/La_liga/2021,2022-05-22,True
2022-05-22,Granada,Espanol,2.0332,0.386799,17508,2021,https://understat.com/getLeagueData/La_liga/2021,2022-05-22,True
2022-05-22,Osasuna,Mallorca,0.897014,1.2351,17509,2021,https://understat.com/getLeagueData/La_liga/2021,2022-05-22,True
2022-05-22,Sevilla,Ath Bilbao,1.41239,0.487249,17512,2021,https://understat.com/getLeagueData/La_liga/2021,2022-05-22,True
2022-05-22,Sociedad,Ath Madrid,2.21737,0.586617,17511,2021,https://understat.com/getLeagueData/La_liga/2021,2022-05-22,True
2022-08-12,Osasuna,Sevilla,1.35571,0.965574,18962,2022,https://understat.com/getLeagueData/La_liga/2022,2022-08-12,True
2022-08-13,Barcelona,Vallecano,1.37129,0.77153,18965,2022,https://understat.com/getLeagueData/La_liga/2022,2022-08-13,True
2022-08-13,Celta,Espanol,0.347363,1.0334,18963,2022,https://understat.com/getLeagueData/La_liga/2022,2022-08-13,True
2022-08-13,Valladolid,Villarreal,0.859075,1.39509,18964,2022,https://understat.com/getLeagueData/La_liga/2022,2022-08-13,True
2022-08-14,Almeria,Real Madrid,0.80073,3.11412,18968,2022,https://understat.com/getLeagueData/La_liga/2022,2022-08-14,True
2022-08-14,Cadiz,Sociedad,0.294358,2.64367,18966,2022,https://understat.com/getLeagueData/La_liga/2022,2022-08-14,True
2022-08-14,Valencia,Girona,1.87878,0.132198,18967,2022,https://understat.com/getLeagueData/La_liga/2022,2022-08-14,True
2022-08-15,Ath Bilbao,Mallorca,1.60559,0.476414,18969,2022,https://understat.com/getLeagueData/La_liga/2022,2022-08-15,True
2022-08-15,Betis,Elche,3.99664,0.29379,18971,2022,https://understat.com/getLeagueData/La_liga/2022,2022-08-15,True
2022-08-15,Getafe,Ath Madrid,1.14045,1.48417,18970,2022,https://understat.com/getLeagueData/La_liga/2022,2022-08-15,True
2022-08-19,Espanol,Vallecano,0.904012,1.69789,18972,2022,https://understat.com/getLeagueData/La_liga/2022,2022-08-19,True
2022-08-19,Sevilla,Valladolid,1.95115,0.557629,18973,2022,https://understat.com/getLeagueData/La_liga/2022,2022-08-19,True
2022-08-20,Celta,Real Madrid,1.31973,3.59631,18976,2022,https://understat.com/getLeagueData/La_liga/2022,2022-08-20,True
2022-08-20,Mallorca,Betis,1.46761,2.21648,18975,2022,https://understat.com/getLeagueData/La_liga/2022,2022-08-20,True
2022-08-20,Osasuna,Cadiz,2.92362,1.01741,18974,2022,https://understat.com/getLeagueData/La_liga/2022,2022-08-20,True
2022-08-21,Ath Bilbao,Valencia,0.761587,0.676158,18977,2022,https://understat.com/getLeagueData/La_liga/2022,2022-08-21,True
2022-08-21,Ath Madrid,Villarreal,1.5852,1.9825,18978,2022,https://understat.com/getLeagueData/La_liga/2022,2022-08-21,True
2022-08-21,Sociedad,Barcelona,0.79913,2.04035,18979,2022,https://understat.com/getLeagueData/La_liga/2022,2022-08-21,True
2022-08-22,Elche,Almeria,0.899007,0.969747,18980,2022,https://understat.com/getLeagueData/La_liga/2022,2022-08-22,True
2022-08-22,Girona,Getafe,1.52171,0.692785,18981,2022,https://understat.com/getLeagueData/La_liga/2022,2022-08-22,True
2022-08-26,Betis,Osasuna,0.507146,0.910349,18983,2022,https://understat.com/getLeagueData/La_liga/2022,2022-08-26,True
2022-08-26,Girona,Celta,0.566228,0.625546,18982,2022,https://understat.com/getLeagueData/La_liga/2022,2022-08-26,True
2022-08-27,Almeria,Sevilla,2.15407,1.37889,18986,2022,https://understat.com/getLeagueData/La_liga/2022,2022-08-27,True
2022-08-27,Elche,Sociedad,1.23504,1.81171,18984,2022,https://understat.com/getLeagueData/La_liga/2022,2022-08-27,True
2022-08-27,Vallecano,Mallorca,0.864794,0.855715,18985,2022,https://understat.com/getLeagueData/La_liga/2022,2022-08-27,True
2022-08-28,Barcelona,Valladolid,3.28674,0.720063,18988,2022,https://understat.com/getLeagueData/La_liga/2022,2022-08-28,True
2022-08-28,Espanol,Real Madrid,1.63359,2.04602,18989,2022,https://understat.com/getLeagueData/La_liga/2022,2022-08-28,True
2022-08-28,Getafe,Villarreal,0.273957,1.13195,18987,2022,https://understat.com/getLeagueData/La_liga/2022,2022-08-28,True
2022-08-29,Cadiz,Ath Bilbao,0.239303,3.18677,18990,2022,https://understat.com/getLeagueData/La_liga/2022,2022-08-29,True
2022-08-29,Valencia,Ath Madrid,0.65396,1.97507,18991,2022,https://understat.com/getLeagueData/La_liga/2022,2022-08-29,True
2022-09-02,Celta,Cadiz,1.50986,0.234828,18999,2022,https://understat.com/getLeagueData/La_liga/2022,2022-09-02,True
2022-09-03,Mallorca,Girona,0.895835,1.09499,19001,2022,https://understat.com/getLeagueData/La_liga/2022,2022-09-03,True
2022-09-03,Real Madrid,Betis,3.20593,0.333406,18996,2022,https://understat.com/getLeagueData/La_liga/2022,2022-09-03,True
2022-09-03,Sevilla,Barcelona,0.829157,4.67838,18995,2022,https://understat.com/getLeagueData/La_liga/2022,2022-09-03,True
2022-09-03,Sociedad,Ath Madrid,1.75154,2.24791,18994,2022,https://understat.com/getLeagueData/La_liga/2022,2022-09-03,True
2022-09-04,Ath Bilbao,Espanol,1.24661,1.11365,18992,2022,https://understat.com/getLeagueData/La_liga/2022,2022-09-04,True
2022-09-04,Osasuna,Vallecano,3.1751,0.179917,18993,2022,https://understat.com/getLeagueData/La_liga/2022,2022-09-04,True
2022-09-04,Valencia,Getafe,2.92757,0.572495,18998,2022,https://understat.com/getLeagueData/La_liga/2022,2022-09-04,True
2022-09-04,Villarreal,Elche,3.5829,0.21919,18997,2022,https://understat.com/getLeagueData/La_liga/2022,2022-09-04,True
2022-09-05,Valladolid,Almeria,2.12493,0.505353,19000,2022,https://understat.com/getLeagueData/La_liga/2022,2022-09-05,True
2022-09-09,Girona,Valladolid,2.59252,0.510622,19008,2022,https://understat.com/getLeagueData/La_liga/2022,2022-09-09,True
2022-09-10,Ath Madrid,Celta,0.92341,1.30565,19002,2022,https://understat.com/getLeagueData/La_liga/2022,2022-09-10,True
2022-09-10,Cadiz,Barcelona,0.24818,2.66856,19010,2022,https://understat.com/getLeagueData/La_liga/2022,2022-09-10,True
2022-09-10,Espanol,Sevilla,2.37055,2.32043,19005,2022,https://understat.com/getLeagueData/La_liga/2022,2022-09-10,True
2022-09-10,Vallecano,Valencia,2.01158,2.18195,19006,2022,https://understat.com/getLeagueData/La_liga/2022,2022-09-10,True
2022-09-11,Betis,Villarreal,1.61505,2.44235,19003,2022,https://understat.com/getLeagueData/La_liga/2022,2022-09-11,True
2022-09-11,Elche,Ath Bilbao,0.748083,3.2386,19009,2022,https://understat.com/getLeagueData/La_liga/2022,2022-09-11,True
2022-09-11,Getafe,Sociedad,1.06907,1.32142,19004,2022,https://understat.com/getLeagueData/La_liga/2022,2022-09-11,True
2022-09-11,Real Madrid,Mallorca,2.21791,0.950984,19011,2022,https://understat.com/getLeagueData/La_liga/2022,2022-09-11,True
2022-09-12,Almeria,Osasuna,0.166505,2.14,19007,2022,https://understat.com/getLeagueData/La_liga/2022,2022-09-12,True
2022-09-16,Valladolid,Cadiz,1.98829,0.523314,19017,2022,https://understat.com/getLeagueData/La_liga/2022,2022-09-16,True
2022-09-17,Ath Bilbao,Vallecano,2.17305,0.62187,19012,2022,https://understat.com/getLeagueData/La_liga/2022,2022-09-17,True
2022-09-17,Barcelona,Elche,5.17903,0.0129931,19013,2022,https://understat.com/getLeagueData/La_liga/2022,2022-09-17,True
2022-09-17,Mallorca,Almeria,0.968715,0.297582,19020,2022,https://understat.com/getLeagueData/La_liga/2022,2022-09-17,True
2022-09-17,Valencia,Celta,1.91153,0.587167,19015,2022,https://understat.com/getLeagueData/La_liga/2022,2022-09-17,True
2022-09-18,Ath Madrid,Real Madrid,1.10431,1.09277,19021,2022,https://understat.com/getLeagueData/La_liga/2022,2022-09-18,True
2022-09-18,Betis,Girona,1.49153,1.34699,19014,2022,https://understat.com/getLeagueData/La_liga/2022,2022-09-18,True
2022-09-18,Osasuna,Getafe,1.1323,1.43239,19016,2022,https://understat.com/getLeagueData/La_liga/2022,2022-09-18,True
2022-09-18,Sociedad,Espanol,2.35791,1.28945,19018,2022,https://understat.com/getLeagueData/La_liga/2022,2022-09-18,True
2022-09-18,Villarreal,Sevilla,2.10358,0.436539,19019,2022,https://understat.com/getLeagueData/La_liga/2022,2022-09-18,True
2022-09-30,Ath Bilbao,Almeria,2.55531,0.42606,19031,2022,https://understat.com/getLeagueData/La_liga/2022,2022-09-30,True
2022-10-01,Cadiz,Villarreal,1.06071,1.43089,19023,2022,https://understat.com/getLeagueData/La_liga/2022,2022-10-01,True
2022-10-01,Getafe,Valladolid,2.50588,1.32186,19022,2022,https://understat.com/getLeagueData/La_liga/2022,2022-10-01,True
2022-10-01,Mallorca,Barcelona,0.925106,0.636371,19027,2022,https://understat.com/getLeagueData/La_liga/2022,2022-10-01,True
2022-10-01,Sevilla,Ath Madrid,0.362804,2.12095,19026,2022,https://understat.com/getLeagueData/La_liga/2022,2022-10-01,True
2022-10-02,Celta,Betis,0.892987,1.10607,19028,2022,https://understat.com/getLeagueData/La_liga/2022,2022-10-02,True
2022-10-02,Espanol,Valencia,0.738099,1.35604,19024,2022,https://understat.com/getLeagueData/La_liga/2022,2022-10-02,True
2022-10-02,Girona,Sociedad,0.932579,2.23639,19025,2022,https://understat.com/getLeagueData/La_liga/2022,2022-10-02,True
2022-10-02,Real Madrid,Osasuna,2.56301,0.466155,19030,2022,https://understat.com/getLeagueData/La_liga/2022,2022-10-02,True
2022-10-03,Vallecano,Elche,0.651238,0.924633,19029,2022,https://understat.com/getLeagueData/La_liga/2022,2022-10-03,True
2022-10-07,Osasuna,Valencia,1.96282,2.73352,19037,2022,https://understat.com/getLeagueData/La_liga/2022,2022-10-07,True
2022-10-08,Almeria,Vallecano,1.05684,0.893142,19039,2022,https://understat.com/getLeagueData/La_liga/2022,2022-10-08,True
2022-10-08,Ath Madrid,Girona,2.19801,0.721587,19032,2022,https://understat.com/getLeagueData/La_liga/2022,2022-10-08,True
2022-10-08,Getafe,Real Madrid,0.262283,1.48053,19035,2022,https://understat.com/getLeagueData/La_liga/2022,2022-10-08,True
2022-10-08,Sevilla,Ath Bilbao,1.35598,1.91863,19040,2022,https://understat.com/getLeagueData/La_liga/2022,2022-10-08,True
2022-10-09,Barcelona,Celta,1.98459,1.35022,19033,2022,https://understat.com/getLeagueData/La_liga/2022,2022-10-09,True
2022-10-09,Cadiz,Espanol,1.33811,1.47057,19036,2022,https://understat.com/getLeagueData/La_liga/2022,2022-10-09,True
2022-10-09,Sociedad,Villarreal,2.37138,0.221593,19038,2022,https://understat.com/getLeagueData/La_liga/2022,2022-10-09,True
2022-10-09,Valladolid,Betis,0.662444,0.545154,19041,2022,https://understat.com/getLeagueData/La_liga/2022,2022-10-09,True
2022-10-10,Elche,Mallorca,0.334856,2.69714,19034,2022,https://understat.com/getLeagueData/La_liga/2022,2022-10-10,True
2022-10-14,Vallecano,Getafe,1.11946,0.395734,19048,2022,https://understat.com/getLeagueData/La_liga/2022,2022-10-14,True
2022-10-15,Ath Bilbao,Ath Madrid,1.33263,0.463248,19042,2022,https://understat.com/getLeagueData/La_liga/2022,2022-10-15,True
2022-10-15,Girona,Cadiz,2.36044,1.3467,19049,2022,https://understat.com/getLeagueData/La_liga/2022,2022-10-15,True
2022-10-15,Mallorca,Sevilla,1.41043,0.176713,19044,2022,https://understat.com/getLeagueData/La_liga/2022,2022-10-15,True
2022-10-15,Valencia,Elche,3.04132,1.30317,19047,2022,https://understat.com/getLeagueData/La_liga/2022,2022-10-15,True
2022-10-16,Betis,Almeria,3.19417,1.11551,19051,2022,https://understat.com/getLeagueData/La_liga/2022,2022-10-16,True
2022-10-16,Celta,Sociedad,0.482536,1.17936,19043,2022,https://understat.com/getLeagueData/La_liga/2022,2022-10-16,True
2022-10-16,Espanol,Valladolid,1.63127,0.552288,19045,2022,https://understat.com/getLeagueData/La_liga/2022,2022-10-16,True
2022-10-16,Real Madrid,Barcelona,1.46965,1.66548,19046,2022,https://understat.com/getLeagueData/La_liga/2022,2022-10-16,True
2022-10-17,Villarreal,Osasuna,2.15273,0.33234,19050,2022,https://understat.com/getLeagueData/La_liga/2022,2022-10-17,True
2022-10-18,Ath Madrid,Vallecano,0.817771,1.61962,19052,2022,https://understat.com/getLeagueData/La_liga/2022,2022-10-18,True
2022-10-18,Getafe,Ath Bilbao,0.753077,1.10208,19057,2022,https://understat.com/getLeagueData/La_liga/2022,2022-10-18,True
2022-10-18,Sevilla,Valencia,1.19743,1.71123,19055,2022,https://understat.com/getLeagueData/La_liga/2022,2022-10-18,True
2022-10-19,Cadiz,Betis,0.74688,1.22222,19058,2022,https://understat.com/getLeagueData/La_liga/2022,2022-10-19,True
2022-10-19,Elche,Real Madrid,1.04972,1.6151,19054,2022,https://understat.com/getLeagueData/La_liga/2022,2022-10-19,True
2022-10-19,Sociedad,Mallorca,2.16436,1.09436,19060,2022,https://understat.com/getLeagueData/La_liga/2022,2022-10-19,True
2022-10-19,Valladolid,Celta,1.63342,2.03107,19059,2022,https://understat.com/getLeagueData/La_liga/2022,2022-10-19,True
2022-10-20,Almeria,Girona,2.08595,2.65444,19056,2022,https://understat.com/getLeagueData/La_liga/2022,2022-10-20,True
2022-10-20,Barcelona,Villarreal,3.61604,0.503294,19053,2022,https://understat.com/getLeagueData/La_liga/2022,2022-10-20,True
2022-10-20,Osasuna,Espanol,1.02851,1.44867,19061,2022,https://understat.com/getLeagueData/La_liga/2022,2022-10-20,True
2022-10-22,Real Madrid,Sevilla,2.17678,0.518059,19063,2022,https://understat.com/getLeagueData/La_liga/2022,2022-10-22,True
2022-10-22,Valencia,Mallorca,1.07022,1.25148,19068,2022,https://understat.com/getLeagueData/La_liga/2022,2022-10-22,True
2022-10-22,Valladolid,Sociedad,0.785666,0.82513,19070,2022,https://understat.com/getLeagueData/La_liga/2022,2022-10-22,True
2022-10-22,Vallecano,Cadiz,3.88516,0.642193,19069,2022,https://understat.com/getLeagueData/La_liga/2022,2022-10-22,True
2022-10-23,Barcelona,Ath Bilbao,2.13539,0.240803,19065,2022,https://understat.com/getLeagueData/La_liga/2022,2022-10-23,True
2022-10-23,Betis,Ath Madrid,1.33076,0.585496,19066,2022,https://understat.com/getLeagueData/La_liga/2022,2022-10-23,True
2022-10-23,Espanol,Elche,2.18547,0.318561,19067,2022,https://understat.com/getLeagueData/La_liga/2022,2022-10-23,True
2022-10-23,Girona,Osasuna,0.666875,0.693721,19064,2022,https://understat.com/getLeagueData/La_liga/2022,2022-10-23,True
2022-10-23,Villarreal,Almeria,0.852495,1.24152,19071,2022,https://understat.com/getLeagueData/La_liga/2022,2022-10-23,True
2022-10-24,Celta,Getafe,0.821869,0.226128,19062,2022,https://understat.com/getLeagueData/La_liga/2022,2022-10-24,True
2022-10-28,Mallorca,Espanol,1.19,0.248446,19079,2022,https://understat.com/getLeagueData/La_liga/2022,2022-10-28,True
2022-10-29,Almeria,Celta,2.30529,0.197875,19075,2022,https://understat.com/getLeagueData/La_liga/2022,2022-10-29,True
2022-10-29,Cadiz,Ath Madrid,1.58908,1.79745,19076,2022,https://understat.com/getLeagueData/La_liga/2022,2022-10-29,True
2022-10-29,Sevilla,Vallecano,0.978055,0.773435,19080,2022,https://understat.com/getLeagueData/La_liga/2022,2022-10-29,True
2022-10-29,Valencia,Barcelona,0.187414,2.33418,19077,2022,https://understat.com/getLeagueData/La_liga/2022,2022-10-29,True
2022-10-30,Ath Bilbao,Villarreal,2.05689,0.221451,19072,2022,https://understat.com/getLeagueData/La_liga/2022,2022-10-30,True
2022-10-30,Osasuna,Valladolid,1.90028,0.330479,19074,2022,https://understat.com/getLeagueData/La_liga/2022,2022-10-30,True
2022-10-30,Real Madrid,Girona,2.65755,1.99848,19081,2022,https://understat.com/getLeagueData/La_liga/2022,2022-10-30,True
2022-10-30,Sociedad,Betis,1.28165,1.34514,19078,2022,https://understat.com/getLeagueData/La_liga/2022,2022-10-30,True
2022-10-31,Elche,Getafe,1.22713,0.372744,19073,2022,https://understat.com/getLeagueData/La_liga/2022,2022-10-31,True
2022-11-04,Girona,Ath Bilbao,1.06554,0.81175,19087,2022,https://understat.com/getLeagueData/La_liga/2022,2022-11-04,True
2022-11-05,Barcelona,Almeria,4.33587,0.538049,19091,2022,https://understat.com/getLeagueData/La_liga/2022,2022-11-05,True
2022-11-05,Celta,Osasuna,0.824768,0.360091,19084,2022,https://understat.com/getLeagueData/La_liga/2022,2022-11-05,True
2022-11-05,Getafe,Cadiz,0.517067,1.24542,19090,2022,https://understat.com/getLeagueData/La_liga/2022,2022-11-05,True
2022-11-05,Valladolid,Elche,2.81292,0.198499,19088,2022,https://understat.com/getLeagueData/La_liga/2022,2022-11-05,True
2022-11-06,Ath Madrid,Espanol,2.02314,0.870622,19082,2022,https://understat.com/getLeagueData/La_liga/2022,2022-11-06,True
2022-11-06,Betis,Sevilla,1.13067,1.49591,19083,2022,https://understat.com/getLeagueData/La_liga/2022,2022-11-06,True
2022-11-06,Sociedad,Valencia,1.45821,0.795825,19085,2022,https://understat.com/getLeagueData/La_liga/2022,2022-11-06,True
2022-11-06,Villarreal,Mallorca,0.429852,0.704012,19089,2022,https://understat.com/getLeagueData/La_liga/2022,2022-11-06,True
2022-11-07,Vallecano,Real Madrid,1.65854,2.21264,19086,2022,https://understat.com/getLeagueData/La_liga/2022,2022-11-07,True
2022-11-08,Ath Bilbao,Valladolid,2.65727,0.481138,19092,2022,https://understat.com/getLeagueData/La_liga/2022,2022-11-08,True
2022-11-08,Elche,Girona,0.914455,2.20883,19093,2022,https://understat.com/getLeagueData/La_liga/2022,2022-11-08,True
2022-11-08,Osasuna,Barcelona,1.23564,1.01467,19097,2022,https://understat.com/getLeagueData/La_liga/2022,2022-11-08,True
2022-11-09,Almeria,Getafe,0.346293,0.451929,19095,2022,https://understat.com/getLeagueData/La_liga/2022,2022-11-09,True
2022-11-09,Espanol,Villarreal,0.841866,0.750078,19094,2022,https://understat.com/getLeagueData/La_liga/2022,2022-11-09,True
2022-11-09,Mallorca,Ath Madrid,1.46593,1.50598,19096,2022,https://understat.com/getLeagueData/La_liga/2022,2022-11-09,True
2022-11-09,Sevilla,Sociedad,0.69755,2.18846,19101,2022,https://understat.com/getLeagueData/La_liga/2022,2022-11-09,True
2022-11-10,Real Madrid,Cadiz,1.73107,1.11674,19100,2022,https://understat.com/getLeagueData/La_liga/2022,2022-11-10,True
2022-11-10,Valencia,Betis,2.2469,0.307626,19098,2022,https://understat.com/getLeagueData/La_liga/2022,2022-11-10,True
2022-11-10,Vallecano,Celta,0.442488,0.677591,19099,2022,https://understat.com/getLeagueData/La_liga/2022,2022-11-10,True
2022-12-29,Ath Madrid,Elche,1.74436,0.568911,19102,2022,https://understat.com/getLeagueData/La_liga/2022,2022-12-29,True
2022-12-29,Betis,Ath Bilbao,0.541791,0.358148,19107,2022,https://understat.com/getLeagueData/La_liga/2022,2022-12-29,True
2022-12-29,Girona,Vallecano,2.26829,1.3213,19106,2022,https://understat.com/getLeagueData/La_liga/2022,2022-12-29,True
2022-12-30,Cadiz,Almeria,1.57833,2.22992,19111,2022,https://understat.com/getLeagueData/La_liga/2022,2022-12-30,True
2022-12-30,Celta,Sevilla,1.66459,0.594381,19104,2022,https://understat.com/getLeagueData/La_liga/2022,2022-12-30,True
2022-12-30,Getafe,Mallorca,1.32751,0.359715,19105,2022,https://understat.com/getLeagueData/La_liga/2022,2022-12-30,True
2022-12-30,Valladolid,Real Madrid,0.535068,2.5342,19109,2022,https://understat.com/getLeagueData/La_liga/2022,2022-12-30,True
2022-12-31,Barcelona,Espanol,2.74555,0.846842,19103,2022,https://understat.com/getLeagueData/La_liga/2022,2022-12-31,True
2022-12-31,Sociedad,Osasuna,1.54314,0.305627,19108,2022,https://understat.com/getLeagueData/La_liga/2022,2022-12-31,True
2022-12-31,Villarreal,Valencia,2.37349,1.16707,19110,2022,https://understat.com/getLeagueData/La_liga/2022,2022-12-31,True
2023-01-06,Elche,Celta,1.14494,1.9713,19118,2022,https://understat.com/getLeagueData/La_liga/2022,2023-01-06,True
2023-01-06,Valencia,Cadiz,0.495475,0.434224,19120,2022,https://understat.com/getLeagueData/La_liga/2022,2023-01-06,True
2023-01-07,Espanol,Girona,1.26728,1.65781,19115,2022,https://understat.com/getLeagueData/La_liga/2022,2023-01-07,True
2023-01-07,Mallorca,Valladolid,1.52838,0.434531,19114,2022,https://understat.com/getLeagueData/La_liga/2022,2023-01-07,True
2023-01-07,Villarreal,Real Madrid,2.41742,2.16674,19121,2022,https://understat.com/getLeagueData/La_liga/2022,2023-01-07,True
2023-01-08,Almeria,Sociedad,0.30978,2.11666,19116,2022,https://understat.com/getLeagueData/La_liga/2022,2023-01-08,True
2023-01-08,Ath Madrid,Barcelona,1.93573,1.23617,19113,2022,https://understat.com/getLeagueData/La_liga/2022,2023-01-08,True
2023-01-08,Sevilla,Getafe,1.21643,1.17518,19119,2022,https://understat.com/getLeagueData/La_liga/2022,2023-01-08,True
2023-01-08,Vallecano,Betis,1.38976,0.735098,19117,2022,https://understat.com/getLeagueData/La_liga/2022,2023-01-08,True
2023-01-09,Ath Bilbao,Osasuna,1.17556,0.427681,19112,2022,https://understat.com/getLeagueData/La_liga/2022,2023-01-09,True
2023-01-13,Celta,Villarreal,2.45811,0.105032,19122,2022,https://understat.com/getLeagueData/La_liga/2022,2023-01-13,True
2023-01-14,Girona,Sevilla,2.8461,0.784402,19126,2022,https://understat.com/getLeagueData/La_liga/2022,2023-01-14,True
2023-01-14,Osasuna,Mallorca,1.19142,0.523266,19129,2022,https://understat.com/getLeagueData/La_liga/2022,2023-01-14,True
2023-01-14,Sociedad,Ath Bilbao,1.88839,0.265103,19127,2022,https://understat.com/getLeagueData/La_liga/2022,2023-01-14,True
2023-01-14,Valladolid,Vallecano,0.611009,1.16996,19131,2022,https://understat.com/getLeagueData/La_liga/2022,2023-01-14,True
2023-01-15,Almeria,Ath Madrid,1.08212,2.08354,19125,2022,https://understat.com/getLeagueData/La_liga/2022,2023-01-15,True
2023-01-15,Getafe,Espanol,0.496479,0.460177,19130,2022,https://understat.com/getLeagueData/La_liga/2022,2023-01-15,True
2023-01-16,Cadiz,Elche,1.40204,0.654686,19123,2022,https://understat.com/getLeagueData/La_liga/2022,2023-01-16,True
2023-01-20,Mallorca,Celta,0.403993,0.425448,19138,2022,https://understat.com/getLeagueData/La_liga/2022,2023-01-20,True
2023-01-21,Ath Madrid,Valladolid,4.11414,0.421793,19133,2022,https://understat.com/getLeagueData/La_liga/2022,2023-01-21,True
2023-01-21,Espanol,Betis,2.16171,0.835514,19137,2022,https://understat.com/getLeagueData/La_liga/2022,2023-01-21,True
2023-01-21,Sevilla,Cadiz,1.66028,0.0765073,19139,2022,https://understat.com/getLeagueData/La_liga/2022,2023-01-21,True
2023-01-21,Vallecano,Sociedad,0.64183,1.43612,19136,2022,https://understat.com/getLeagueData/La_liga/2022,2023-01-21,True
2023-01-22,Ath Bilbao,Real Madrid,1.15604,0.946951,19132,2022,https://understat.com/getLeagueData/La_liga/2022,2023-01-22,True
2023-01-22,Barcelona,Getafe,0.712066,1.2457,19134,2022,https://understat.com/getLeagueData/La_liga/2022,2023-01-22,True
2023-01-22,Elche,Osasuna,2.36237,0.607835,19135,2022,https://understat.com/getLeagueData/La_liga/2022,2023-01-22,True
2023-01-22,Villarreal,Girona,2.79546,0.637476,19141,2022,https://understat.com/getLeagueData/La_liga/2022,2023-01-22,True
2023-01-23,Valencia,Almeria,2.70702,1.68834,19140,2022,https://understat.com/getLeagueData/La_liga/2022,2023-01-23,True
2023-01-27,Almeria,Espanol,2.17998,0.805809,19144,2022,https://understat.com/getLeagueData/La_liga/2022,2023-01-27,True
2023-01-28,Cadiz,Mallorca,1.8313,0.306812,19142,2022,https://understat.com/getLeagueData/La_liga/2022,2023-01-28,True
2023-01-28,Getafe,Betis,0.206383,2.00036,19148,2022,https://understat.com/getLeagueData/La_liga/2022,2023-01-28,True
2023-01-28,Girona,Barcelona,0.893789,0.981042,19147,2022,https://understat.com/getLeagueData/La_liga/2022,2023-01-28,True
2023-01-28,Sevilla,Elche,3.27297,0.340633,19149,2022,https://understat.com/getLeagueData/La_liga/2022,2023-01-28,True
2023-01-29,Celta,Ath Bilbao,0.614646,0.232576,19145,2022,https://understat.com/getLeagueData/La_liga/2022,2023-01-29,True
2023-01-29,Osasuna,Ath Madrid,0.741393,1.29745,19146,2022,https://understat.com/getLeagueData/La_liga/2022,2023-01-29,True
2023-01-29,Real Madrid,Sociedad,1.40476,0.370087,19143,2022,https://understat.com/getLeagueData/La_liga/2022,2023-01-29,True
2023-01-29,Valladolid,Valencia,1.47049,1.05725,19150,2022,https://understat.com/getLeagueData/La_liga/2022,2023-01-29,True
2023-01-30,Villarreal,Vallecano,1.19676,0.830107,19151,2022,https://understat.com/getLeagueData/La_liga/2022,2023-01-30,True
2023-02-01,Betis,Barcelona,0.760581,2.38335,19128,2022,https://understat.com/getLeagueData/La_liga/2022,2023-02-01,True
2023-02-02,Real Madrid,Valencia,2.60454,0.213484,19124,2022,https://understat.com/getLeagueData/La_liga/2022,2023-02-02,True
2023-02-03,Ath Bilbao,Cadiz,2.30209,1.55348,19152,2022,https://understat.com/getLeagueData/La_liga/2022,2023-02-03,True
2023-02-04,Ath Madrid,Getafe,1.01341,1.13659,19153,2022,https://understat.com/getLeagueData/La_liga/2022,2023-02-04,True
2023-02-04,Betis,Celta,3.54117,2.30434,19155,2022,https://understat.com/getLeagueData/La_liga/2022,2023-02-04,True
2023-02-04,Elche,Villarreal,2.88986,1.48923,19156,2022,https://understat.com/getLeagueData/La_liga/2022,2023-02-04,True
2023-02-04,Espanol,Osasuna,1.56394,0.919455,19158,2022,https://understat.com/getLeagueData/La_liga/2022,2023-02-04,True
2023-02-05,Barcelona,Sevilla,3.09763,0.0413799,19154,2022,https://understat.com/getLeagueData/La_liga/2022,2023-02-05,True
2023-02-05,Girona,Valencia,2.57015,0.877751,19160,2022,https://understat.com/getLeagueData/La_liga/2022,2023-02-05,True
2023-02-05,Mallorca,Real Madrid,0.241595,1.39842,19157,2022,https://understat.com/getLeagueData/La_liga/2022,2023-02-05,True
2023-02-05,Sociedad,Valladolid,1.21593,0.781504,19159,2022,https://understat.com/getLeagueData/La_liga/2022,2023-02-05,True
2023-02-06,Vallecano,Almeria,1.38079,1.37549,19161,2022,https://understat.com/getLeagueData/La_liga/2022,2023-02-06,True
2023-02-10,Cadiz,Girona,0.717862,0.213596,19163,2022,https://understat.com/getLeagueData/La_liga/2022,2023-02-10,True
2023-02-11,Almeria,Betis,2.00937,3.30673,19165,2022,https://understat.com/getLeagueData/La_liga/2022,2023-02-11,True
2023-02-11,Sevilla,Mallorca,2.16804,0.206824,19170,2022,https://understat.com/getLeagueData/La_liga/2022,2023-02-11,True
2023-02-11,Valencia,Ath Bilbao,1.6755,1.34748,19166,2022,https://understat.com/getLeagueData/La_liga/2022,2023-02-11,True
2023-02-12,Celta,Ath Madrid,1.057,0.955578,19167,2022,https://understat.com/getLeagueData/La_liga/2022,2023-02-12,True
2023-02-12,Getafe,Vallecano,1.23739,1.70522,19162,2022,https://understat.com/getLeagueData/La_liga/2022,2023-02-12,True
2023-02-12,Valladolid,Osasuna,1.96448,1.03574,19171,2022,https://understat.com/getLeagueData/La_liga/2022,2023-02-12,True
2023-02-12,Villarreal,Barcelona,1.05151,1.37827,19168,2022,https://understat.com/getLeagueData/La_liga/2022,2023-02-12,True
2023-02-13,Espanol,Sociedad,1.25733,1.20722,19164,2022,https://understat.com/getLeagueData/La_liga/2022,2023-02-13,True
2023-02-15,Real Madrid,Elche,4.04364,0.619125,19169,2022,https://understat.com/getLeagueData/La_liga/2022,2023-02-15,True
2023-02-17,Girona,Almeria,3.22586,1.23696,19181,2022,https://understat.com/getLeagueData/La_liga/2022,2023-02-17,True
2023-02-18,Betis,Valladolid,2.21822,0.97905,19173,2022,https://understat.com/getLeagueData/La_liga/2022,2023-02-18,True
2023-02-18,Mallorca,Villarreal,2.74393,1.01893,19175,2022,https://understat.com/getLeagueData/La_liga/2022,2023-02-18,True
2023-02-18,Osasuna,Real Madrid,0.400542,1.86475,19177,2022,https://understat.com/getLeagueData/La_liga/2022,2023-02-18,True
2023-02-18,Sociedad,Celta,1.52902,1.34253,19180,2022,https://understat.com/getLeagueData/La_liga/2022,2023-02-18,True
2023-02-19,Ath Madrid,Ath Bilbao,1.06493,1.00816,19179,2022,https://understat.com/getLeagueData/La_liga/2022,2023-02-19,True
2023-02-19,Barcelona,Cadiz,2.28935,1.404,19172,2022,https://understat.com/getLeagueData/La_liga/2022,2023-02-19,True
2023-02-19,Elche,Espanol,1.60154,1.35887,19174,2022,https://understat.com/getLeagueData/La_liga/2022,2023-02-19,True
2023-02-19,Vallecano,Sevilla,1.37468,0.476153,19178,2022,https://understat.com/getLeagueData/La_liga/2022,2023-02-19,True
2023-02-20,Getafe,Valencia,2.13388,1.09398,19176,2022,https://understat.com/getLeagueData/La_liga/2022,2023-02-20,True
2023-02-24,Elche,Betis,0.883935,4.05176,19190,2022,https://understat.com/getLeagueData/La_liga/2022,2023-02-24,True
2023-02-25,Cadiz,Vallecano,0.816453,0.407208,19186,2022,https://understat.com/getLeagueData/La_liga/2022,2023-02-25,True
2023-02-25,Espanol,Mallorca,1.99389,0.557974,19187,2022,https://understat.com/getLeagueData/La_liga/2022,2023-02-25,True
2023-02-25,Real Madrid,Ath Madrid,1.56317,0.217661,19189,2022,https://understat.com/getLeagueData/La_liga/2022,2023-02-25,True
2023-02-25,Valencia,Sociedad,0.636111,0.817876,19183,2022,https://understat.com/getLeagueData/La_liga/2022,2023-02-25,True
2023-02-26,Almeria,Barcelona,0.828027,1.15571,19188,2022,https://understat.com/getLeagueData/La_liga/2022,2023-02-26,True
2023-02-26,Ath Bilbao,Girona,1.34464,1.33877,19184,2022,https://understat.com/getLeagueData/La_liga/2022,2023-02-26,True
2023-02-26,Celta,Valladolid,2.97597,0.902118,19185,2022,https://understat.com/getLeagueData/La_liga/2022,2023-02-26,True
2023-02-26,Sevilla,Osasuna,2.38177,1.34283,19182,2022,https://understat.com/getLeagueData/La_liga/2022,2023-02-26,True
2023-02-27,Villarreal,Getafe,1.9115,0.467981,19191,2022,https://understat.com/getLeagueData/La_liga/2022,2023-02-27,True
2023-03-03,Sociedad,Cadiz,1.07575,0.847252,19200,2022,https://understat.com/getLeagueData/La_liga/2022,2023-03-03,True
2023-03-04,Almeria,Villarreal,0.371041,2.37286,19196,2022,https://understat.com/getLeagueData/La_liga/2022,2023-03-04,True
2023-03-04,Ath Madrid,Sevilla,3.05182,1.76791,19192,2022,https://understat.com/getLeagueData/La_liga/2022,2023-03-04,True
2023-03-04,Getafe,Girona,1.86918,0.845978,19195,2022,https://understat.com/getLeagueData/La_liga/2022,2023-03-04,True
2023-03-04,Mallorca,Elche,0.96231,0.957134,19199,2022,https://understat.com/getLeagueData/La_liga/2022,2023-03-04,True
2023-03-05,Barcelona,Valencia,2.09199,0.629336,19193,2022,https://understat.com/getLeagueData/La_liga/2022,2023-03-05,True
2023-03-05,Betis,Real Madrid,0.59294,1.14462,19194,2022,https://understat.com/getLeagueData/La_liga/2022,2023-03-05,True
2023-03-05,Valladolid,Espanol,1.38048,0.946065,19201,2022,https://understat.com/getLeagueData/La_liga/2022,2023-03-05,True
2023-03-05,Vallecano,Ath Bilbao,0.853959,1.25683,19197,2022,https://understat.com/getLeagueData/La_liga/2022,2023-03-05,True
2023-03-06,Osasuna,Celta,1.16313,0.726128,19198,2022,https://understat.com/getLeagueData/La_liga/2022,2023-03-06,True
2023-03-10,Cadiz,Getafe,1.73207,2.6986,19206,2022,https://understat.com/getLeagueData/La_liga/2022,2023-03-10,True
2023-03-11,Celta,Vallecano,2.13766,0.697265,19203,2022,https://understat.com/getLeagueData/La_liga/2022,2023-03-11,True
2023-03-11,Elche,Valladolid,2.80287,0.246865,19204,2022,https://understat.com/getLeagueData/La_liga/2022,2023-03-11,True
2023-03-11,Real Madrid,Espanol,1.78234,1.10182,19209,2022,https://understat.com/getLeagueData/La_liga/2022,2023-03-11,True
2023-03-11,Valencia,Osasuna,1.84171,0.257674,19210,2022,https://understat.com/getLeagueData/La_liga/2022,2023-03-11,True
2023-03-12,Ath Bilbao,Barcelona,1.13701,0.724931,19202,2022,https://understat.com/getLeagueData/La_liga/2022,2023-03-12,True
2023-03-12,Mallorca,Sociedad,1.4638,0.683339,19205,2022,https://understat.com/getLeagueData/La_liga/2022,2023-03-12,True
2023-03-12,Sevilla,Almeria,3.15875,1.51939,19211,2022,https://understat.com/getLeagueData/La_liga/2022,2023-03-12,True
2023-03-12,Villarreal,Betis,1.33264,1.03133,19208,2022,https://understat.com/getLeagueData/La_liga/2022,2023-03-12,True
2023-03-13,Girona,Ath Madrid,0.301909,1.80682,19207,2022,https://understat.com/getLeagueData/La_liga/2022,2023-03-13,True
2023-03-17,Valladolid,Ath Bilbao,1.08382,2.34513,19218,2022,https://understat.com/getLeagueData/La_liga/2022,2023-03-17,True
2023-03-18,Almeria,Cadiz,2.69365,1.13127,19217,2022,https://understat.com/getLeagueData/La_liga/2022,2023-03-18,True
2023-03-18,Ath Madrid,Valencia,3.36294,0.68946,19212,2022,https://understat.com/getLeagueData/La_liga/2022,2023-03-18,True
2023-03-18,Espanol,Celta,1.7106,1.63211,19219,2022,https://understat.com/getLeagueData/La_liga/2022,2023-03-18,True
2023-03-18,Vallecano,Girona,1.71981,1.50856,19221,2022,https://understat.com/getLeagueData/La_liga/2022,2023-03-18,True
2023-03-19,Barcelona,Real Madrid,1.66532,0.524212,19213,2022,https://understat.com/getLeagueData/La_liga/2022,2023-03-19,True
2023-03-19,Betis,Mallorca,0.606846,0.140478,19214,2022,https://understat.com/getLeagueData/La_liga/2022,2023-03-19,True
2023-03-19,Getafe,Sevilla,2.0733,0.81914,19215,2022,https://understat.com/getLeagueData/La_liga/2022,2023-03-19,True
2023-03-19,Osasuna,Villarreal,1.15562,1.5875,19216,2022,https://understat.com/getLeagueData/La_liga/2022,2023-03-19,True
2023-03-19,Sociedad,Elche,2.69405,0.0819691,19220,2022,https://understat.com/getLeagueData/La_liga/2022,2023-03-19,True
2023-03-31,Mallorca,Osasuna,0.433196,0.507781,19224,2022,https://understat.com/getLeagueData/La_liga/2022,2023-03-31,True
2023-04-01,Ath Bilbao,Getafe,0.751393,0.723494,19222,2022,https://understat.com/getLeagueData/La_liga/2022,2023-04-01,True
2023-04-01,Cadiz,Sevilla,0.691241,1.72869,19225,2022,https://understat.com/getLeagueData/La_liga/2022,2023-04-01,True
2023-04-01,Elche,Barcelona,0.508304,1.61804,19227,2022,https://understat.com/getLeagueData/La_liga/2022,2023-04-01,True
2023-04-01,Girona,Espanol,1.45036,0.946182,19228,2022,https://understat.com/getLeagueData/La_liga/2022,2023-04-01,True
2023-04-02,Ath Madrid,Betis,1.70131,0.371436,19223,2022,https://understat.com/getLeagueData/La_liga/2022,2023-04-02,True
2023-04-02,Celta,Almeria,2.13933,1.23651,19231,2022,https://understat.com/getLeagueData/La_liga/2022,2023-04-02,True
2023-04-02,Real Madrid,Valladolid,4.82721,0.719567,19226,2022,https://understat.com/getLeagueData/La_liga/2022,2023-04-02,True
2023-04-02,Villarreal,Sociedad,2.80501,0.912497,19229,2022,https://understat.com/getLeagueData/La_liga/2022,2023-04-02,True
2023-04-03,Valencia,Vallecano,2.71116,0.645345,19230,2022,https://understat.com/getLeagueData/La_liga/2022,2023-04-03,True
2023-04-07,Sevilla,Celta,0.475247,0.611169,19238,2022,https://understat.com/getLeagueData/La_liga/2022,2023-04-07,True
2023-04-08,Espanol,Ath Bilbao,1.16752,2.73876,19236,2022,https://understat.com/getLeagueData/La_liga/2022,2023-04-08,True
2023-04-08,Osasuna,Elche,1.68972,0.657812,19239,2022,https://understat.com/getLeagueData/La_liga/2022,2023-04-08,True
2023-04-08,Real Madrid,Villarreal,2.23296,1.24489,19234,2022,https://understat.com/getLeagueData/La_liga/2022,2023-04-08,True
2023-04-08,Sociedad,Getafe,2.1178,0.243923,19241,2022,https://understat.com/getLeagueData/La_liga/2022,2023-04-08,True
2023-04-09,Almeria,Valencia,1.49927,1.08869,19235,2022,https://understat.com/getLeagueData/La_liga/2022,2023-04-09,True
2023-04-09,Betis,Cadiz,1.58835,2.85597,19233,2022,https://understat.com/getLeagueData/La_liga/2022,2023-04-09,True
2023-04-09,Valladolid,Mallorca,0.948859,1.98329,19240,2022,https://understat.com/getLeagueData/La_liga/2022,2023-04-09,True
2023-04-09,Vallecano,Ath Madrid,0.564426,2.36535,19237,2022,https://understat.com/getLeagueData/La_liga/2022,2023-04-09,True
2023-04-10,Barcelona,Girona,1.05077,0.491057,19232,2022,https://understat.com/getLeagueData/La_liga/2022,2023-04-10,True
2023-04-14,Vallecano,Osasuna,1.08431,0.373133,19249,2022,https://understat.com/getLeagueData/La_liga/2022,2023-04-14,True
2023-04-15,Ath Bilbao,Sociedad,1.00026,1.71232,19242,2022,https://understat.com/getLeagueData/La_liga/2022,2023-04-15,True
2023-04-15,Betis,Espanol,1.965,0.616302,19243,2022,https://understat.com/getLeagueData/La_liga/2022,2023-04-15,True
2023-04-15,Cadiz,Real Madrid,0.583718,4.49059,19245,2022,https://understat.com/getLeagueData/La_liga/2022,2023-04-15,True
2023-04-15,Villarreal,Valladolid,1.99484,2.41465,19246,2022,https://understat.com/getLeagueData/La_liga/2022,2023-04-15,True
2023-04-16,Ath Madrid,Almeria,2.51151,0.058186,19251,2022,https://understat.com/getLeagueData/La_liga/2022,2023-04-16,True
2023-04-16,Getafe,Barcelona,0.621219,1.04627,19247,2022,https://understat.com/getLeagueData/La_liga/2022,2023-04-16,True
2023-04-16,Girona,Elche,1.22906,0.577847,19248,2022,https://understat.com/getLeagueData/La_liga/2022,2023-04-16,True
2023-04-16,Valencia,Sevilla,0.527847,1.46976,19250,2022,https://understat.com/getLeagueData/La_liga/2022,2023-04-16,True
2023-04-17,Celta,Mallorca,0.469148,1.18361,19244,2022,https://understat.com/getLeagueData/La_liga/2022,2023-04-17,True
2023-04-21,Espanol,Cadiz,1.52285,1.12699,19259,2022,https://understat.com/getLeagueData/La_liga/2022,2023-04-21,True
2023-04-22,Almeria,Ath Bilbao,0.573355,1.83476,19254,2022,https://understat.com/getLeagueData/La_liga/2022,2023-04-22,True
2023-04-22,Osasuna,Betis,1.63275,1.99331,19256,2022,https://understat.com/getLeagueData/La_liga/2022,2023-04-22,True
2023-04-22,Real Madrid,Celta,1.81403,0.744532,19257,2022,https://understat.com/getLeagueData/La_liga/2022,2023-04-22,True
2023-04-22,Sociedad,Vallecano,0.814682,0.359842,19260,2022,https://understat.com/getLeagueData/La_liga/2022,2023-04-22,True
2023-04-22,Valladolid,Girona,1.11143,1.0586,19261,2022,https://understat.com/getLeagueData/La_liga/2022,2023-04-22,True
2023-04-23,Barcelona,Ath Madrid,2.12803,0.714419,19255,2022,https://understat.com/getLeagueData/La_liga/2022,2023-04-23,True
2023-04-23,Elche,Valencia,0.795158,1.05313,19252,2022,https://understat.com/getLeagueData/La_liga/2022,2023-04-23,True
2023-04-23,Mallorca,Getafe,1.917,0.118861,19258,2022,https://understat.com/getLeagueData/La_liga/2022,2023-04-23,True
2023-04-23,Sevilla,Villarreal,0.853114,2.13506,19253,2022,https://understat.com/getLeagueData/La_liga/2022,2023-04-23,True
2023-04-25,Betis,Sociedad,0.7286,0.607061,19264,2022,https://understat.com/getLeagueData/La_liga/2022,2023-04-25,True
2023-04-25,Cadiz,Osasuna,1.4054,0.865548,19266,2022,https://understat.com/getLeagueData/La_liga/2022,2023-04-25,True
2023-04-25,Girona,Real Madrid,2.4202,1.63006,19268,2022,https://understat.com/getLeagueData/La_liga/2022,2023-04-25,True
2023-04-26,Ath Madrid,Mallorca,2.61545,0.741129,19263,2022,https://understat.com/getLeagueData/La_liga/2022,2023-04-26,True
2023-04-26,Celta,Elche,1.4351,1.48138,19265,2022,https://understat.com/getLeagueData/La_liga/2022,2023-04-26,True
2023-04-26,Getafe,Almeria,1.66712,2.08963,19271,2022,https://understat.com/getLeagueData/La_liga/2022,2023-04-26,True
2023-04-26,Vallecano,Barcelona,0.862266,1.00988,19269,2022,https://understat.com/getLeagueData/La_liga/2022,2023-04-26,True
2023-04-27,Ath Bilbao,Sevilla,0.194682,1.00143,19262,2022,https://understat.com/getLeagueData/La_liga/2022,2023-04-27,True
2023-04-27,Valencia,Valladolid,0.900084,0.993149,19267,2022,https://understat.com/getLeagueData/La_liga/2022,2023-04-27,True
2023-04-27,Villarreal,Espanol,4.94822,1.12119,19270,2022,https://understat.com/getLeagueData/La_liga/2022,2023-04-27,True
2023-04-28,Osasuna,Sociedad,0.987164,2.09575,19276,2022,https://understat.com/getLeagueData/La_liga/2022,2023-04-28,True
2023-04-29,Barcelona,Betis,3.0864,0.231066,19272,2022,https://understat.com/getLeagueData/La_liga/2022,2023-04-29,True
2023-04-29,Elche,Vallecano,3.37969,0.565048,19273,2022,https://understat.com/getLeagueData/La_liga/2022,2023-04-29,True
2023-04-29,Real Madrid,Almeria,3.20538,1.375,19280,2022,https://understat.com/getLeagueData/La_liga/2022,2023-04-29,True
2023-04-30,Cadiz,Valencia,2.16593,1.05204,19274,2022,https://understat.com/getLeagueData/La_liga/2022,2023-04-30,True
2023-04-30,Espanol,Getafe,2.44417,0.410072,19275,2022,https://understat.com/getLeagueData/La_liga/2022,2023-04-30,True
2023-04-30,Valladolid,Ath Madrid,1.46642,2.75586,19278,2022,https://understat.com/getLeagueData/La_liga/2022,2023-04-30,True
2023-04-30,Villarreal,Celta,2.36969,0.746823,19279,2022,https://understat.com/getLeagueData/La_liga/2022,2023-04-30,True
2023-05-01,Mallorca,Ath Bilbao,1.2911,1.3765,19277,2022,https://understat.com/getLeagueData/La_liga/2022,2023-05-01,True
2023-05-01,Sevilla,Girona,2.35198,1.13007,19281,2022,https://understat.com/getLeagueData/La_liga/2022,2023-05-01,True
2023-05-02,Almeria,Elche,1.82539,1.01416,19288,2022,https://understat.com/getLeagueData/La_liga/2022,2023-05-02,True
2023-05-02,Barcelona,Osasuna,2.40046,0.355588,19284,2022,https://understat.com/getLeagueData/La_liga/2022,2023-05-02,True
2023-05-02,Sociedad,Real Madrid,2.26252,0.867228,19285,2022,https://understat.com/getLeagueData/La_liga/2022,2023-05-02,True
2023-05-03,Ath Madrid,Cadiz,4.25954,0.0260457,19283,2022,https://understat.com/getLeagueData/La_liga/2022,2023-05-03,True
2023-05-03,Getafe,Celta,2.8705,0.219098,19290,2022,https://understat.com/getLeagueData/La_liga/2022,2023-05-03,True
2023-05-03,Valencia,Villarreal,1.04163,0.742844,19286,2022,https://understat.com/getLeagueData/La_liga/2022,2023-05-03,True
2023-05-04,Ath Bilbao,Betis,1.01449,0.753982,19282,2022,https://understat.com/getLeagueData/La_liga/2022,2023-05-04,True
2023-05-04,Girona,Mallorca,2.20534,1.34254,19289,2022,https://understat.com/getLeagueData/La_liga/2022,2023-05-04,True
2023-05-04,Sevilla,Espanol,2.902,0.61847,19291,2022,https://understat.com/getLeagueData/La_liga/2022,2023-05-04,True
2023-05-04,Vallecano,Valladolid,1.57028,0.571427,19287,2022,https://understat.com/getLeagueData/La_liga/2022,2023-05-04,True
2023-05-12,Mallorca,Cadiz,1.6025,0.611231,19301,2022,https://understat.com/getLeagueData/La_liga/2022,2023-05-12,True
2023-05-13,Osasuna,Almeria,1.87424,0.507884,19293,2022,https://understat.com/getLeagueData/La_liga/2022,2023-05-13,True
2023-05-13,Real Madrid,Getafe,0.879325,0.586304,19300,2022,https://understat.com/getLeagueData/La_liga/2022,2023-05-13,True
2023-05-13,Sociedad,Girona,3.05494,1.4691,19292,2022,https://understat.com/getLeagueData/La_liga/2022,2023-05-13,True
2023-05-13,Villarreal,Ath Bilbao,3.09272,1.82199,19297,2022,https://understat.com/getLeagueData/La_liga/2022,2023-05-13,True
2023-05-14,Celta,Valencia,1.216,1.86638,19296,2022,https://understat.com/getLeagueData/La_liga/2022,2023-05-14,True
2023-05-14,Elche,Ath Madrid,2.28487,1.44785,19298,2022,https://understat.com/getLeagueData/La_liga/2022,2023-05-14,True
2023-05-14,Espanol,Barcelona,2.72734,3.6498,19299,2022,https://understat.com/getLeagueData/La_liga/2022,2023-05-14,True
2023-05-14,Valladolid,Sevilla,2.01745,3.05781,19294,2022,https://understat.com/getLeagueData/La_liga/2022,2023-05-14,True
2023-05-15,Betis,Vallecano,2.69596,1.71956,19295,2022,https://understat.com/getLeagueData/La_liga/2022,2023-05-15,True
2023-05-19,Cadiz,Valladolid,2.1319,0.20683,19302,2022,https://understat.com/getLeagueData/La_liga/2022,2023-05-19,True
2023-05-20,Almeria,Mallorca,1.70726,0.35959,19303,2022,https://understat.com/getLeagueData/La_liga/2022,2023-05-20,True
2023-05-20,Ath Bilbao,Celta,1.04201,0.283064,19309,2022,https://understat.com/getLeagueData/La_liga/2022,2023-05-20,True
2023-05-20,Barcelona,Sociedad,1.8413,2.8035,19310,2022,https://understat.com/getLeagueData/La_liga/2022,2023-05-20,True
2023-05-20,Getafe,Elche,1.58846,1.34186,19306,2022,https://understat.com/getLeagueData/La_liga/2022,2023-05-20,True
2023-05-20,Girona,Villarreal,1.31674,1.71579,19304,2022,https://understat.com/getLeagueData/La_liga/2022,2023-05-20,True
2023-05-21,Ath Madrid,Osasuna,2.08773,0.714505,19311,2022,https://understat.com/getLeagueData/La_liga/2022,2023-05-21,True
2023-05-21,Sevilla,Betis,1.51947,0.114129,19305,2022,https://understat.com/getLeagueData/La_liga/2022,2023-05-21,True
2023-05-21,Valencia,Real Madrid,1.49126,2.08896,19308,2022,https://understat.com/getLeagueData/La_liga/2022,2023-05-21,True
2023-05-21,Vallecano,Espanol,1.83113,1.3061,19307,2022,https://understat.com/getLeagueData/La_liga/2022,2023-05-21,True
2023-05-23,Celta,Girona,0.933339,1.40034,19313,2022,https://understat.com/getLeagueData/La_liga/2022,2023-05-23,True
2023-05-23,Sociedad,Almeria,1.91983,0.0996009,19321,2022,https://understat.com/getLeagueData/La_liga/2022,2023-05-23,True
2023-05-23,Valladolid,Barcelona,2.20591,1.72866,19318,2022,https://understat.com/getLeagueData/La_liga/2022,2023-05-23,True
2023-05-24,Betis,Getafe,1.09282,0.344449,19312,2022,https://understat.com/getLeagueData/La_liga/2022,2023-05-24,True
2023-05-24,Elche,Sevilla,1.35854,0.889054,19314,2022,https://understat.com/getLeagueData/La_liga/2022,2023-05-24,True
2023-05-24,Espanol,Ath Madrid,3.03603,2.76349,19317,2022,https://understat.com/getLeagueData/La_liga/2022,2023-05-24,True
2023-05-24,Real Madrid,Vallecano,1.66281,0.446413,19320,2022,https://understat.com/getLeagueData/La_liga/2022,2023-05-24,True
2023-05-24,Villarreal,Cadiz,2.9741,2.09634,19319,2022,https://understat.com/getLeagueData/La_liga/2022,2023-05-24,True
2023-05-25,Mallorca,Valencia,0.538476,2.073,19315,2022,https://understat.com/getLeagueData/La_liga/2022,2023-05-25,True
2023-05-25,Osasuna,Ath Bilbao,0.906699,0.534145,19316,2022,https://understat.com/getLeagueData/La_liga/2022,2023-05-25,True
2023-05-27,Sevilla,Real Madrid,0.980153,0.815661,19331,2022,https://understat.com/getLeagueData/La_liga/2022,2023-05-27,True
2023-05-28,Almeria,Valladolid,1.5528,0.364363,19328,2022,https://understat.com/getLeagueData/La_liga/2022,2023-05-28,True
2023-05-28,Ath Bilbao,Elche,2.91389,0.769369,19322,2022,https://understat.com/getLeagueData/La_liga/2022,2023-05-28,True
2023-05-28,Ath Madrid,Sociedad,0.818599,0.943774,19323,2022,https://understat.com/getLeagueData/La_liga/2022,2023-05-28,True
2023-05-28,Barcelona,Mallorca,4.40817,0.124265,19324,2022,https://understat.com/getLeagueData/La_liga/2022,2023-05-28,True
2023-05-28,Cadiz,Celta,1.59827,0.599427,19326,2022,https://understat.com/getLeagueData/La_liga/2022,2023-05-28,True
2023-05-28,Getafe,Osasuna,2.7187,0.432264,19325,2022,https://understat.com/getLeagueData/La_liga/2022,2023-05-28,True
2023-05-28,Girona,Betis,1.63315,2.32066,19329,2022,https://understat.com/getLeagueData/La_liga/2022,2023-05-28,True
2023-05-28,Valencia,Espanol,2.5327,1.78056,19330,2022,https://understat.com/getLeagueData/La_liga/2022,2023-05-28,True
2023-05-28,Vallecano,Villarreal,1.16605,0.622891,19327,2022,https://understat.com/getLeagueData/La_liga/2022,2023-05-28,True
2023-06-04,Betis,Valencia,0.677919,0.845969,19339,2022,https://understat.com/getLeagueData/La_liga/2022,2023-06-04,True
2023-06-04,Celta,Barcelona,0.565601,1.41678,19334,2022,https://understat.com/getLeagueData/La_liga/2022,2023-06-04,True
2023-06-04,Elche,Cadiz,1.534,2.22255,19336,2022,https://understat.com/getLeagueData/La_liga/2022,2023-06-04,True
2023-06-04,Espanol,Almeria,0.500084,2.03499,19337,2022,https://understat.com/getLeagueData/La_liga/2022,2023-06-04,True
2023-06-04,Mallorca,Vallecano,2.25123,1.04004,19340,2022,https://understat.com/getLeagueData/La_liga/2022,2023-06-04,True
2023-06-04,Osasuna,Girona,1.91718,0.822488,19338,2022,https://understat.com/getLeagueData/La_liga/2022,2023-06-04,True
2023-06-04,Real Madrid,Ath Bilbao,1.72224,2.17987,19332,2022,https://understat.com/getLeagueData/La_liga/2022,2023-06-04,True
2023-06-04,Sociedad,Sevilla,2.35387,0.461529,19341,2022,https://understat.com/getLeagueData/La_liga/2022,2023-06-04,True
2023-06-04,Valladolid,Getafe,0.686831,0.27917,19335,2022,https://understat.com/getLeagueData/La_liga/2022,2023-06-04,True
2023-06-04,Villarreal,Ath Madrid,2.06391,1.16068,19333,2022,https://understat.com/getLeagueData/La_liga/2022,2023-06-04,True
2023-08-11,Almeria,Vallecano,1.1196,2.09532,22685,2023,https://understat.com/getLeagueData/La_liga/2023,2023-08-11,True
2023-08-11,Sevilla,Valencia,0.714148,1.06796,22686,2023,https://understat.com/getLeagueData/La_liga/2023,2023-08-11,True
2023-08-12,Ath Bilbao,Real Madrid,0.700577,1.33266,22689,2023,https://understat.com/getLeagueData/La_liga/2023,2023-08-12,True
2023-08-12,Las Palmas,Mallorca,0.871699,1.49411,22688,2023,https://understat.com/getLeagueData/La_liga/2023,2023-08-12,True
2023-08-12,Sociedad,Girona,1.46019,1.27791,22687,2023,https://understat.com/getLeagueData/La_liga/2023,2023-08-12,True
2023-08-13,Celta,Osasuna,0.783184,0.964645,22690,2023,https://understat.com/getLeagueData/La_liga/2023,2023-08-13,True
2023-08-13,Getafe,Barcelona,0.804505,1.67817,22692,2023,https://understat.com/getLeagueData/La_liga/2023,2023-08-13,True
2023-08-13,Villarreal,Betis,0.737812,0.969349,22691,2023,https://understat.com/getLeagueData/La_liga/2023,2023-08-13,True
2023-08-14,Ath Madrid,Granada,3.01246,1.13452,22694,2023,https://understat.com/getLeagueData/La_liga/2023,2023-08-14,True
2023-08-14,Cadiz,Alaves,0.822358,0.227442,22693,2023,https://understat.com/getLeagueData/La_liga/2023,2023-08-14,True
2023-08-18,Mallorca,Villarreal,0.370077,2.12458,22695,2023,https://understat.com/getLeagueData/La_liga/2023,2023-08-18,True
2023-08-18,Valencia,Las Palmas,1.50324,0.741978,22696,2023,https://understat.com/getLeagueData/La_liga/2023,2023-08-18,True
2023-08-19,Almeria,Real Madrid,1.81328,2.8802,22698,2023,https://understat.com/getLeagueData/La_liga/2023,2023-08-19,True
2023-08-19,Osasuna,Ath Bilbao,1.33582,1.88906,22699,2023,https://understat.com/getLeagueData/La_liga/2023,2023-08-19,True
2023-08-19,Sociedad,Celta,0.917678,1.77937,22697,2023,https://understat.com/getLeagueData/La_liga/2023,2023-08-19,True
2023-08-20,Barcelona,Cadiz,3.42524,1.11132,22701,2023,https://understat.com/getLeagueData/La_liga/2023,2023-08-20,True
2023-08-20,Betis,Ath Madrid,1.02642,0.34492,22702,2023,https://understat.com/getLeagueData/La_liga/2023,2023-08-20,True
2023-08-20,Girona,Getafe,1.86612,0.754861,22700,2023,https://understat.com/getLeagueData/La_liga/2023,2023-08-20,True
2023-08-21,Alaves,Sevilla,2.17962,0.958638,22703,2023,https://understat.com/getLeagueData/La_liga/2023,2023-08-21,True
2023-08-21,Granada,Vallecano,0.837141,2.7851,22704,2023,https://understat.com/getLeagueData/La_liga/2023,2023-08-21,True
2023-08-25,Celta,Real Madrid,1.17827,1.6167,22712,2023,https://understat.com/getLeagueData/La_liga/2023,2023-08-25,True
2023-08-25,Las Palmas,Sociedad,1.56933,1.11751,22705,2023,https://understat.com/getLeagueData/La_liga/2023,2023-08-25,True
2023-08-26,Cadiz,Almeria,1.56203,0.271622,22707,2023,https://understat.com/getLeagueData/La_liga/2023,2023-08-26,True
2023-08-26,Granada,Mallorca,1.81377,2.50232,22708,2023,https://understat.com/getLeagueData/La_liga/2023,2023-08-26,True
2023-08-26,Sevilla,Girona,1.93643,1.07498,22709,2023,https://understat.com/getLeagueData/La_liga/2023,2023-08-26,True
2023-08-27,Ath Bilbao,Betis,2.86727,0.346198,22706,2023,https://understat.com/getLeagueData/La_liga/2023,2023-08-27,True
2023-08-27,Valencia,Osasuna,1.87647,1.45939,22711,2023,https://understat.com/getLeagueData/La_liga/2023,2023-08-27,True
2023-08-27,Villarreal,Barcelona,1.87195,2.95807,22710,2023,https://understat.com/getLeagueData/La_liga/2023,2023-08-27,True
2023-08-28,Getafe,Alaves,2.67029,0.860623,22713,2023,https://understat.com/getLeagueData/La_liga/2023,2023-08-28,True
2023-08-28,Vallecano,Ath Madrid,0.542939,3.29424,22714,2023,https://understat.com/getLeagueData/La_liga/2023,2023-08-28,True
2023-09-01,Almeria,Celta,3.16421,1.96028,22715,2023,https://understat.com/getLeagueData/La_liga/2023,2023-09-01,True
2023-09-01,Cadiz,Villarreal,1.97214,0.494033,22718,2023,https://understat.com/getLeagueData/La_liga/2023,2023-09-01,True
2023-09-02,Alaves,Valencia,1.90475,0.715753,22720,2023,https://understat.com/getLeagueData/La_liga/2023,2023-09-02,True
2023-09-02,Betis,Vallecano,0.91924,1.53554,22717,2023,https://understat.com/getLeagueData/La_liga/2023,2023-09-02,True
2023-09-02,Real Madrid,Getafe,2.64665,0.893748,22723,2023,https://understat.com/getLeagueData/La_liga/2023,2023-09-02,True
2023-09-02,Sociedad,Granada,2.08686,0.549509,22724,2023,https://understat.com/getLeagueData/La_liga/2023,2023-09-02,True
2023-09-03,Girona,Las Palmas,1.42397,1.18696,22719,2023,https://understat.com/getLeagueData/La_liga/2023,2023-09-03,True
2023-09-03,Mallorca,Ath Bilbao,0.403052,0.645541,22721,2023,https://understat.com/getLeagueData/La_liga/2023,2023-09-03,True
2023-09-03,Osasuna,Barcelona,0.801843,1.77255,22722,2023,https://understat.com/getLeagueData/La_liga/2023,2023-09-03,True
2023-09-15,Vallecano,Alaves,2.64605,0.556231,22734,2023,https://understat.com/getLeagueData/La_liga/2023,2023-09-15,True
2023-09-16,Ath Bilbao,Cadiz,4.05837,0.238836,22725,2023,https://understat.com/getLeagueData/La_liga/2023,2023-09-16,True
2023-09-16,Barcelona,Betis,2.54628,0.852869,22726,2023,https://understat.com/getLeagueData/La_liga/2023,2023-09-16,True
2023-09-16,Celta,Mallorca,2.06489,0.853213,22727,2023,https://understat.com/getLeagueData/La_liga/2023,2023-09-16,True
2023-09-16,Valencia,Ath Madrid,2.22142,0.564083,22731,2023,https://understat.com/getLeagueData/La_liga/2023,2023-09-16,True
2023-09-17,Getafe,Osasuna,0.736469,1.29606,22728,2023,https://understat.com/getLeagueData/La_liga/2023,2023-09-17,True
2023-09-17,Real Madrid,Sociedad,2.56902,2.1546,22729,2023,https://understat.com/getLeagueData/La_liga/2023,2023-09-17,True
2023-09-17,Sevilla,Las Palmas,2.43059,1.03513,22733,2023,https://understat.com/getLeagueData/La_liga/2023,2023-09-17,True
2023-09-17,Villarreal,Almeria,1.43205,1.76794,22730,2023,https://understat.com/getLeagueData/La_liga/2023,2023-09-17,True
2023-09-18,Granada,Girona,1.97263,2.1418,22732,2023,https://understat.com/getLeagueData/La_liga/2023,2023-09-18,True
2023-09-22,Alaves,Ath Bilbao,1.97317,1.77623,22742,2023,https://understat.com/getLeagueData/La_liga/2023,2023-09-22,True
2023-09-23,Almeria,Valencia,2.46387,0.995742,22735,2023,https://understat.com/getLeagueData/La_liga/2023,2023-09-23,True
2023-09-23,Barcelona,Celta,1.82246,1.67938,22737,2023,https://understat.com/getLeagueData/La_liga/2023,2023-09-23,True
2023-09-23,Girona,Mallorca,4.19225,2.42602,22739,2023,https://understat.com/getLeagueData/La_liga/2023,2023-09-23,True
2023-09-23,Osasuna,Sevilla,1.57361,0.693906,22740,2023,https://understat.com/getLeagueData/La_liga/2023,2023-09-23,True
2023-09-24,Ath Madrid,Real Madrid,1.79578,0.847915,22736,2023,https://understat.com/getLeagueData/La_liga/2023,2023-09-24,True
2023-09-24,Betis,Cadiz,2.70742,0.570946,22738,2023,https://understat.com/getLeagueData/La_liga/2023,2023-09-24,True
2023-09-24,Las Palmas,Granada,0.701293,0.0378648,22744,2023,https://understat.com/getLeagueData/La_liga/2023,2023-09-24,True
2023-09-24,Sociedad,Getafe,2.13384,1.59398,22743,2023,https://understat.com/getLeagueData/La_liga/2023,2023-09-24,True
2023-09-24,Vallecano,Villarreal,1.0345,1.0365,22741,2023,https://understat.com/getLeagueData/La_liga/2023,2023-09-24,True
2023-09-26,Mallorca,Barcelona,1.21366,1.62815,22749,2023,https://understat.com/getLeagueData/La_liga/2023,2023-09-26,True
2023-09-26,Sevilla,Almeria,2.90509,1.37069,22747,2023,https://understat.com/getLeagueData/La_liga/2023,2023-09-26,True
2023-09-27,Ath Bilbao,Getafe,0.60877,1.30782,22745,2023,https://understat.com/getLeagueData/La_liga/2023,2023-09-27,True
2023-09-27,Cadiz,Vallecano,0.35761,0.258447,22746,2023,https://understat.com/getLeagueData/La_liga/2023,2023-09-27,True
2023-09-27,Real Madrid,Las Palmas,2.71542,0.618032,22753,2023,https://understat.com/getLeagueData/La_liga/2023,2023-09-27,True
2023-09-27,Valencia,Sociedad,0.356756,0.29355,22752,2023,https://understat.com/getLeagueData/La_liga/2023,2023-09-27,True
2023-09-27,Villarreal,Girona,1.89071,2.29941,22751,2023,https://understat.com/getLeagueData/La_liga/2023,2023-09-27,True
2023-09-28,Celta,Alaves,0.497466,2.39712,22754,2023,https://understat.com/getLeagueData/La_liga/2023,2023-09-28,True
2023-09-28,Granada,Betis,1.55108,0.870668,22750,2023,https://understat.com/getLeagueData/La_liga/2023,2023-09-28,True
2023-09-28,Osasuna,Ath Madrid,0.759357,1.22827,22748,2023,https://understat.com/getLeagueData/La_liga/2023,2023-09-28,True
2023-09-29,Barcelona,Sevilla,2.5598,1.07557,22757,2023,https://understat.com/getLeagueData/La_liga/2023,2023-09-29,True
2023-09-30,Getafe,Villarreal,0.768368,0.112227,22759,2023,https://understat.com/getLeagueData/La_liga/2023,2023-09-30,True
2023-09-30,Girona,Real Madrid,2.17781,2.78602,22760,2023,https://understat.com/getLeagueData/La_liga/2023,2023-09-30,True
2023-09-30,Sociedad,Ath Bilbao,1.38238,1.96039,22762,2023,https://understat.com/getLeagueData/La_liga/2023,2023-09-30,True
2023-09-30,Vallecano,Mallorca,1.78616,1.33689,22764,2023,https://understat.com/getLeagueData/La_liga/2023,2023-09-30,True
2023-10-01,Alaves,Osasuna,1.5824,1.26744,22761,2023,https://understat.com/getLeagueData/La_liga/2023,2023-10-01,True
2023-10-01,Almeria,Granada,2.24188,3.51421,22755,2023,https://understat.com/getLeagueData/La_liga/2023,2023-10-01,True
2023-10-01,Ath Madrid,Cadiz,3.10102,0.677345,22756,2023,https://understat.com/getLeagueData/La_liga/2023,2023-10-01,True
2023-10-01,Betis,Valencia,2.53745,0.510459,22758,2023,https://understat.com/getLeagueData/La_liga/2023,2023-10-01,True
2023-10-02,Las Palmas,Celta,1.46382,1.54337,22763,2023,https://understat.com/getLeagueData/La_liga/2023,2023-10-02,True
2023-10-06,Ath Bilbao,Almeria,3.02889,0.0892217,22770,2023,https://understat.com/getLeagueData/La_liga/2023,2023-10-06,True
2023-10-07,Cadiz,Girona,0.653575,1.26462,22766,2023,https://understat.com/getLeagueData/La_liga/2023,2023-10-07,True
2023-10-07,Mallorca,Valencia,0.919992,0.509313,22768,2023,https://understat.com/getLeagueData/La_liga/2023,2023-10-07,True
2023-10-07,Real Madrid,Osasuna,4.47802,0.164111,22772,2023,https://understat.com/getLeagueData/La_liga/2023,2023-10-07,True
2023-10-07,Sevilla,Vallecano,0.807105,0.998714,22773,2023,https://understat.com/getLeagueData/La_liga/2023,2023-10-07,True
2023-10-08,Alaves,Betis,1.89594,0.872851,22769,2023,https://understat.com/getLeagueData/La_liga/2023,2023-10-08,True
2023-10-08,Ath Madrid,Sociedad,2.94239,0.928071,22765,2023,https://understat.com/getLeagueData/La_liga/2023,2023-10-08,True
2023-10-08,Celta,Getafe,3.02859,1.00866,22767,2023,https://understat.com/getLeagueData/La_liga/2023,2023-10-08,True
2023-10-08,Granada,Barcelona,0.611577,2.99552,22771,2023,https://understat.com/getLeagueData/La_liga/2023,2023-10-08,True
2023-10-08,Villarreal,Las Palmas,1.16305,1.1602,22774,2023,https://understat.com/getLeagueData/La_liga/2023,2023-10-08,True
2023-10-20,Osasuna,Granada,1.79846,0.776224,22783,2023,https://understat.com/getLeagueData/La_liga/2023,2023-10-20,True
2023-10-21,Celta,Ath Madrid,1.26757,2.39246,22778,2023,https://understat.com/getLeagueData/La_liga/2023,2023-10-21,True
2023-10-21,Getafe,Betis,1.86677,1.42816,22779,2023,https://understat.com/getLeagueData/La_liga/2023,2023-10-21,True
2023-10-21,Sevilla,Real Madrid,1.8723,2.17904,22782,2023,https://understat.com/getLeagueData/La_liga/2023,2023-10-21,True
2023-10-21,Sociedad,Mallorca,2.0056,2.03914,22781,2023,https://understat.com/getLeagueData/La_liga/2023,2023-10-21,True
2023-10-22,Barcelona,Ath Bilbao,1.70266,0.453295,22777,2023,https://understat.com/getLeagueData/La_liga/2023,2023-10-22,True
2023-10-22,Girona,Almeria,2.1972,0.878392,22776,2023,https://understat.com/getLeagueData/La_liga/2023,2023-10-22,True
2023-10-22,Las Palmas,Vallecano,1.18559,1.25598,22775,2023,https://understat.com/getLeagueData/La_liga/2023,2023-10-22,True
2023-10-22,Villarreal,Alaves,1.71642,1.79896,22784,2023,https://understat.com/getLeagueData/La_liga/2023,2023-10-22,True
2023-10-23,Valencia,Cadiz,1.6763,0.551967,22780,2023,https://understat.com/getLeagueData/La_liga/2023,2023-10-23,True
2023-10-27,Girona,Celta,0.619488,0.174681,22792,2023,https://understat.com/getLeagueData/La_liga/2023,2023-10-27,True
2023-10-28,Almeria,Las Palmas,0.275712,1.06446,22785,2023,https://understat.com/getLeagueData/La_liga/2023,2023-10-28,True
2023-10-28,Barcelona,Real Madrid,1.32038,0.959404,22787,2023,https://understat.com/getLeagueData/La_liga/2023,2023-10-28,True
2023-10-28,Cadiz,Sevilla,1.42705,1.28392,22789,2023,https://understat.com/getLeagueData/La_liga/2023,2023-10-28,True
2023-10-28,Mallorca,Getafe,0.722341,0.292202,22793,2023,https://understat.com/getLeagueData/La_liga/2023,2023-10-28,True
2023-10-29,Ath Bilbao,Valencia,1.63308,2.17868,22786,2023,https://understat.com/getLeagueData/La_liga/2023,2023-10-29,True
2023-10-29,Ath Madrid,Alaves,1.94088,0.385398,22794,2023,https://understat.com/getLeagueData/La_liga/2023,2023-10-29,True
2023-10-29,Betis,Osasuna,1.43393,0.446425,22788,2023,https://understat.com/getLeagueData/La_liga/2023,2023-10-29,True
2023-10-29,Vallecano,Sociedad,0.844003,1.93178,22790,2023,https://understat.com/getLeagueData/La_liga/2023,2023-10-29,True
2023-10-30,Granada,Villarreal,2.80131,1.90197,22791,2023,https://understat.com/getLeagueData/La_liga/2023,2023-10-30,True
2023-11-03,Las Palmas,Ath Madrid,0.452709,1.52768,22799,2023,https://understat.com/getLeagueData/La_liga/2023,2023-11-03,True
2023-11-04,Betis,Mallorca,2.84664,0.540374,22795,2023,https://understat.com/getLeagueData/La_liga/2023,2023-11-04,True
2023-11-04,Celta,Sevilla,3.01524,1.25089,22796,2023,https://understat.com/getLeagueData/La_liga/2023,2023-11-04,True
2023-11-04,Osasuna,Girona,2.18398,2.78694,22802,2023,https://understat.com/getLeagueData/La_liga/2023,2023-11-04,True
2023-11-04,Sociedad,Barcelona,0.84705,1.22041,22800,2023,https://understat.com/getLeagueData/La_liga/2023,2023-11-04,True
2023-11-05,Alaves,Almeria,2.57982,0.893084,22797,2023,https://understat.com/getLeagueData/La_liga/2023,2023-11-05,True
2023-11-05,Real Madrid,Vallecano,1.85349,0.134981,22803,2023,https://understat.com/getLeagueData/La_liga/2023,2023-11-05,True
2023-11-05,Valencia,Granada,1.18921,0.344591,22804,2023,https://understat.com/getLeagueData/La_liga/2023,2023-11-05,True
2023-11-05,Villarreal,Ath Bilbao,1.78074,2.22797,22798,2023,https://understat.com/getLeagueData/La_liga/2023,2023-11-05,True
2023-11-06,Getafe,Cadiz,1.21452,0.821864,22801,2023,https://understat.com/getLeagueData/La_liga/2023,2023-11-06,True
2023-11-10,Ath Bilbao,Celta,4.72334,2.25302,22806,2023,https://understat.com/getLeagueData/La_liga/2023,2023-11-10,True
2023-11-11,Almeria,Sociedad,0.637245,2.53693,22805,2023,https://understat.com/getLeagueData/La_liga/2023,2023-11-11,True
2023-11-11,Granada,Getafe,1.4404,2.30149,22811,2023,https://understat.com/getLeagueData/La_liga/2023,2023-11-11,True
2023-11-11,Osasuna,Las Palmas,1.44069,0.291858,22813,2023,https://understat.com/getLeagueData/La_liga/2023,2023-11-11,True
2023-11-11,Real Madrid,Valencia,1.90598,2.03068,22808,2023,https://understat.com/getLeagueData/La_liga/2023,2023-11-11,True
2023-11-11,Vallecano,Girona,1.67584,4.2691,22812,2023,https://understat.com/getLeagueData/La_liga/2023,2023-11-11,True
2023-11-12,Ath Madrid,Villarreal,3.93786,0.868854,22807,2023,https://understat.com/getLeagueData/La_liga/2023,2023-11-12,True
2023-11-12,Barcelona,Alaves,1.81139,1.83858,22814,2023,https://understat.com/getLeagueData/La_liga/2023,2023-11-12,True
2023-11-12,Sevilla,Betis,0.615603,2.17922,22809,2023,https://understat.com/getLeagueData/La_liga/2023,2023-11-12,True
2023-11-24,Alaves,Granada,0.871813,1.13855,22819,2023,https://understat.com/getLeagueData/La_liga/2023,2023-11-24,True
2023-11-25,Ath Madrid,Mallorca,2.29683,0.945212,22815,2023,https://understat.com/getLeagueData/La_liga/2023,2023-11-25,True
2023-11-25,Getafe,Almeria,1.39391,1.72918,22820,2023,https://understat.com/getLeagueData/La_liga/2023,2023-11-25,True
2023-11-25,Valencia,Celta,0.247015,0.609862,22823,2023,https://understat.com/getLeagueData/La_liga/2023,2023-11-25,True
2023-11-25,Vallecano,Barcelona,0.912299,1.30627,22822,2023,https://understat.com/getLeagueData/La_liga/2023,2023-11-25,True
2023-11-26,Betis,Las Palmas,1.92649,0.751589,22816,2023,https://understat.com/getLeagueData/La_liga/2023,2023-11-26,True
2023-11-26,Cadiz,Real Madrid,1.13056,1.84054,22817,2023,https://understat.com/getLeagueData/La_liga/2023,2023-11-26,True
2023-11-26,Sociedad,Sevilla,1.05204,0.374082,22818,2023,https://understat.com/getLeagueData/La_liga/2023,2023-11-26,True
2023-11-26,Villarreal,Osasuna,2.84591,1.26437,22824,2023,https://understat.com/getLeagueData/La_liga/2023,2023-11-26,True
2023-11-27,Girona,Ath Bilbao,1.36177,1.67266,22821,2023,https://understat.com/getLeagueData/La_liga/2023,2023-11-27,True
2023-11-29,Mallorca,Cadiz,0.8514,0.251799,22810,2023,https://understat.com/getLeagueData/La_liga/2023,2023-11-29,True
2023-12-01,Las Palmas,Getafe,1.8817,0.76355,22832,2023,https://understat.com/getLeagueData/La_liga/2023,2023-12-01,True
2023-12-02,Ath Bilbao,Vallecano,1.6869,0.34629,22826,2023,https://understat.com/getLeagueData/La_liga/2023,2023-12-02,True
2023-12-02,Girona,Valencia,1.85396,1.00981,22827,2023,https://understat.com/getLeagueData/La_liga/2023,2023-12-02,True
2023-12-02,Osasuna,Sociedad,1.01822,1.69944,22828,2023,https://understat.com/getLeagueData/La_liga/2023,2023-12-02,True
2023-12-02,Real Madrid,Granada,2.2606,0.110085,22833,2023,https://understat.com/getLeagueData/La_liga/2023,2023-12-02,True
2023-12-03,Almeria,Betis,2.69938,0.769817,22825,2023,https://understat.com/getLeagueData/La_liga/2023,2023-12-03,True
2023-12-03,Barcelona,Ath Madrid,3.18789,0.996297,22830,2023,https://understat.com/getLeagueData/La_liga/2023,2023-12-03,True
2023-12-03,Mallorca,Alaves,0.909609,0.277842,22834,2023,https://understat.com/getLeagueData/La_liga/2023,2023-12-03,True
2023-12-03,Sevilla,Villarreal,2.4784,1.47061,22829,2023,https://understat.com/getLeagueData/La_liga/2023,2023-12-03,True
2023-12-04,Celta,Cadiz,2.73216,0.346727,22831,2023,https://understat.com/getLeagueData/La_liga/2023,2023-12-04,True
2023-12-08,Getafe,Valencia,0.841976,0.183916,22838,2023,https://understat.com/getLeagueData/La_liga/2023,2023-12-08,True
2023-12-09,Alaves,Las Palmas,2.20546,0.473883,22840,2023,https://understat.com/getLeagueData/La_liga/2023,2023-12-09,True
2023-12-09,Betis,Real Madrid,1.51575,0.803862,22836,2023,https://understat.com/getLeagueData/La_liga/2023,2023-12-09,True
2023-12-09,Mallorca,Sevilla,0.533315,0.554467,22839,2023,https://understat.com/getLeagueData/La_liga/2023,2023-12-09,True
2023-12-09,Villarreal,Sociedad,2.37019,2.19834,22844,2023,https://understat.com/getLeagueData/La_liga/2023,2023-12-09,True
2023-12-10,Ath Madrid,Almeria,2.16876,1.6656,22841,2023,https://understat.com/getLeagueData/La_liga/2023,2023-12-10,True
2023-12-10,Barcelona,Girona,4.25448,2.93797,22835,2023,https://understat.com/getLeagueData/La_liga/2023,2023-12-10,True
2023-12-10,Cadiz,Osasuna,1.15321,1.81825,22837,2023,https://understat.com/getLeagueData/La_liga/2023,2023-12-10,True
2023-12-11,Granada,Ath Bilbao,0.543471,1.68816,22842,2023,https://understat.com/getLeagueData/La_liga/2023,2023-12-12,True
2023-12-11,Vallecano,Celta,1.32415,0.126167,22843,2023,https://understat.com/getLeagueData/La_liga/2023,2023-12-11,True
2023-12-15,Osasuna,Vallecano,1.77561,1.15316,22848,2023,https://understat.com/getLeagueData/La_liga/2023,2023-12-15,True
2023-12-16,Ath Bilbao,Ath Madrid,2.73082,0.342126,22846,2023,https://understat.com/getLeagueData/La_liga/2023,2023-12-16,True
2023-12-16,Celta,Granada,1.33261,0.690175,22847,2023,https://understat.com/getLeagueData/La_liga/2023,2023-12-16,True
2023-12-16,Sevilla,Getafe,0.80788,2.83746,22853,2023,https://understat.com/getLeagueData/La_liga/2023,2023-12-16,True
2023-12-16,Valencia,Barcelona,0.78681,3.16129,22850,2023,https://understat.com/getLeagueData/La_liga/2023,2023-12-16,True
2023-12-17,Almeria,Mallorca,0.314828,1.51369,22845,2023,https://understat.com/getLeagueData/La_liga/2023,2023-12-17,True
2023-12-17,Las Palmas,Cadiz,0.826817,1.42619,22852,2023,https://understat.com/getLeagueData/La_liga/2023,2023-12-17,True
2023-12-17,Real Madrid,Villarreal,3.22478,0.421986,22849,2023,https://understat.com/getLeagueData/La_liga/2023,2023-12-17,True
2023-12-17,Sociedad,Betis,0.989954,1.37163,22851,2023,https://understat.com/getLeagueData/La_liga/2023,2023-12-17,True
2023-12-18,Girona,Alaves,1.92988,0.546438,22854,2023,https://understat.com/getLeagueData/La_liga/2023,2023-12-18,True
2023-12-19,Ath Madrid,Getafe,2.02936,2.53681,22856,2023,https://understat.com/getLeagueData/La_liga/2023,2023-12-19,True
2023-12-19,Granada,Sevilla,1.12822,0.514939,22861,2023,https://understat.com/getLeagueData/La_liga/2023,2023-12-19,True
2023-12-19,Vallecano,Valencia,0.51265,0.33485,22860,2023,https://understat.com/getLeagueData/La_liga/2023,2023-12-19,True
2023-12-20,Ath Bilbao,Las Palmas,3.53577,0.2514,22855,2023,https://understat.com/getLeagueData/La_liga/2023,2023-12-20,True
2023-12-20,Barcelona,Almeria,4.04903,1.39703,22863,2023,https://understat.com/getLeagueData/La_liga/2023,2023-12-20,True
2023-12-20,Villarreal,Celta,2.59564,1.98503,22864,2023,https://understat.com/getLeagueData/La_liga/2023,2023-12-20,True
2023-12-21,Alaves,Real Madrid,0.388196,0.947483,22862,2023,https://understat.com/getLeagueData/La_liga/2023,2023-12-21,True
2023-12-21,Betis,Girona,1.61394,1.64551,22857,2023,https://understat.com/getLeagueData/La_liga/2023,2023-12-21,True
2023-12-21,Cadiz,Sociedad,0.856097,0.6603,22858,2023,https://understat.com/getLeagueData/La_liga/2023,2023-12-21,True
2023-12-21,Mallorca,Osasuna,1.68391,1.5871,22859,2023,https://understat.com/getLeagueData/La_liga/2023,2023-12-21,True
2023-12-23,Ath Madrid,Sevilla,1.53277,0.279969,22716,2023,https://understat.com/getLeagueData/La_liga/2023,2023-12-23,True
2024-01-02,Getafe,Vallecano,0.651184,2.73568,22865,2023,https://understat.com/getLeagueData/La_liga/2023,2024-01-02,True
2024-01-02,Sociedad,Alaves,0.98082,0.969339,22874,2023,https://understat.com/getLeagueData/La_liga/2023,2024-01-02,True
2024-01-02,Valencia,Villarreal,2.78114,1.15004,22866,2023,https://understat.com/getLeagueData/La_liga/2023,2024-01-02,True
2024-01-03,Celta,Betis,2.54675,1.73674,22871,2023,https://understat.com/getLeagueData/La_liga/2023,2024-01-03,True
2024-01-03,Girona,Ath Madrid,2.32369,2.67389,22869,2023,https://understat.com/getLeagueData/La_liga/2023,2024-01-03,True
2024-01-03,Granada,Cadiz,3.87666,0.746073,22872,2023,https://understat.com/getLeagueData/La_liga/2023,2024-01-03,True
2024-01-03,Real Madrid,Mallorca,1.87575,0.840414,22873,2023,https://understat.com/getLeagueData/La_liga/2023,2024-01-03,True
2024-01-04,Las Palmas,Barcelona,0.967341,2.3608,22870,2023,https://understat.com/getLeagueData/La_liga/2023,2024-01-04,True
2024-01-04,Osasuna,Almeria,2.03356,0.239636,22867,2023,https://understat.com/getLeagueData/La_liga/2023,2024-01-04,True
2024-01-04,Sevilla,Ath Bilbao,0.54777,1.99704,22868,2023,https://understat.com/getLeagueData/La_liga/2023,2024-01-04,True
2024-01-12,Sevilla,Alaves,2.49561,2.08895,22884,2023,https://understat.com/getLeagueData/La_liga/2023,2024-01-12,True
2024-01-13,Ath Bilbao,Sociedad,1.73042,1.02381,22876,2023,https://understat.com/getLeagueData/La_liga/2023,2024-01-13,True
2024-01-13,Betis,Granada,2.00904,0.658067,22879,2023,https://understat.com/getLeagueData/La_liga/2023,2024-01-13,True
2024-01-13,Las Palmas,Villarreal,0.963955,1.71198,22882,2023,https://understat.com/getLeagueData/La_liga/2023,2024-01-13,True
2024-01-13,Mallorca,Celta,2.59976,0.711693,22883,2023,https://understat.com/getLeagueData/La_liga/2023,2024-01-13,True
2024-01-14,Almeria,Girona,2.20551,0.246622,22875,2023,https://understat.com/getLeagueData/La_liga/2023,2024-01-14,True
2024-01-14,Cadiz,Valencia,1.55289,1.7596,22880,2023,https://understat.com/getLeagueData/La_liga/2023,2024-01-14,True
2024-01-19,Alaves,Cadiz,1.83115,0.670357,22887,2023,https://understat.com/getLeagueData/La_liga/2023,2024-01-19,True
2024-01-20,Celta,Sociedad,0.257377,0.630224,22885,2023,https://understat.com/getLeagueData/La_liga/2023,2024-01-20,True
2024-01-20,Valencia,Ath Bilbao,0.7444,0.351363,22889,2023,https://understat.com/getLeagueData/La_liga/2023,2024-01-20,True
2024-01-20,Vallecano,Las Palmas,2.16832,0.786109,22894,2023,https://understat.com/getLeagueData/La_liga/2023,2024-01-20,True
2024-01-20,Villarreal,Mallorca,1.7328,0.430539,22893,2023,https://understat.com/getLeagueData/La_liga/2023,2024-01-20,True
2024-01-21,Betis,Barcelona,1.61122,2.71025,22891,2023,https://understat.com/getLeagueData/La_liga/2023,2024-01-21,True
2024-01-21,Girona,Sevilla,2.95279,0.947841,22886,2023,https://understat.com/getLeagueData/La_liga/2023,2024-01-21,True
2024-01-21,Osasuna,Getafe,1.57055,1.50775,22892,2023,https://understat.com/getLeagueData/La_liga/2023,2024-01-21,True
2024-01-21,Real Madrid,Almeria,3.07258,0.928735,22888,2023,https://understat.com/getLeagueData/La_liga/2023,2024-01-21,True
2024-01-22,Granada,Ath Madrid,0.684269,1.42876,22890,2023,https://understat.com/getLeagueData/La_liga/2023,2024-01-22,True
2024-01-26,Almeria,Alaves,1.80182,2.061,22904,2023,https://understat.com/getLeagueData/La_liga/2023,2024-01-26,True
2024-01-27,Barcelona,Villarreal,2.02779,2.36875,22896,2023,https://understat.com/getLeagueData/La_liga/2023,2024-01-27,True
2024-01-27,Las Palmas,Real Madrid,0.929969,2.05683,22899,2023,https://understat.com/getLeagueData/La_liga/2023,2024-01-27,True
2024-01-27,Mallorca,Betis,1.72961,0.400759,22901,2023,https://understat.com/getLeagueData/La_liga/2023,2024-01-27,True
2024-01-27,Sociedad,Vallecano,0.251108,0.129675,22903,2023,https://understat.com/getLeagueData/La_liga/2023,2024-01-27,True
2024-01-28,Ath Madrid,Valencia,2.80234,0.406631,22895,2023,https://understat.com/getLeagueData/La_liga/2023,2024-01-28,True
2024-01-28,Cadiz,Ath Bilbao,0.367526,0.25604,22900,2023,https://understat.com/getLeagueData/La_liga/2023,2024-01-28,True
2024-01-28,Celta,Girona,1.03961,1.60712,22897,2023,https://understat.com/getLeagueData/La_liga/2023,2024-01-28,True
2024-01-28,Sevilla,Osasuna,1.42372,1.07779,22902,2023,https://understat.com/getLeagueData/La_liga/2023,2024-01-28,True
2024-01-29,Getafe,Granada,1.03385,1.504,22898,2023,https://understat.com/getLeagueData/La_liga/2023,2024-01-29,True
2024-01-31,Ath Madrid,Vallecano,1.29884,0.426602,22877,2023,https://understat.com/getLeagueData/La_liga/2023,2024-01-31,True
2024-01-31,Barcelona,Osasuna,2.21737,1.41966,22878,2023,https://understat.com/getLeagueData/La_liga/2023,2024-01-31,True
2024-02-01,Getafe,Real Madrid,0.791039,2.72231,22881,2023,https://understat.com/getLeagueData/La_liga/2023,2024-02-01,True
2024-02-02,Ath Bilbao,Mallorca,1.95995,0.469702,22905,2023,https://understat.com/getLeagueData/La_liga/2023,2024-02-02,True
2024-02-03,Alaves,Barcelona,1.04716,1.55781,22910,2023,https://understat.com/getLeagueData/La_liga/2023,2024-02-03,True
2024-02-03,Girona,Sociedad,1.04543,0.583723,22907,2023,https://understat.com/getLeagueData/La_liga/2023,2024-02-03,True
2024-02-03,Granada,Las Palmas,0.155607,1.27614,22909,2023,https://understat.com/getLeagueData/La_liga/2023,2024-02-03,True
2024-02-03,Valencia,Almeria,1.38646,1.5882,22911,2023,https://understat.com/getLeagueData/La_liga/2023,2024-02-03,True
2024-02-04,Betis,Getafe,1.54414,1.9002,22906,2023,https://understat.com/getLeagueData/La_liga/2023,2024-02-04,True
2024-02-04,Osasuna,Celta,1.00524,1.37845,22914,2023,https://understat.com/getLeagueData/La_liga/2023,2024-02-04,True
2024-02-04,Real Madrid,Ath Madrid,2.36334,1.35012,22912,2023,https://understat.com/getLeagueData/La_liga/2023,2024-02-04,True
2024-02-04,Villarreal,Cadiz,1.00089,0.686978,22913,2023,https://understat.com/getLeagueData/La_liga/2023,2024-02-04,True
2024-02-05,Vallecano,Sevilla,2.1306,1.77647,22908,2023,https://understat.com/getLeagueData/La_liga/2023,2024-02-05,True
2024-02-09,Cadiz,Betis,0.755069,1.43872,22921,2023,https://understat.com/getLeagueData/La_liga/2023,2024-02-09,True
2024-02-10,Alaves,Villarreal,2.09111,1.29002,22919,2023,https://understat.com/getLeagueData/La_liga/2023,2024-02-10,True
2024-02-10,Las Palmas,Valencia,1.41954,0.251178,22918,2023,https://understat.com/getLeagueData/La_liga/2023,2024-02-10,True
2024-02-10,Real Madrid,Girona,3.32636,0.180194,22923,2023,https://understat.com/getLeagueData/La_liga/2023,2024-02-10,True
2024-02-10,Sociedad,Osasuna,2.50503,0.704714,22924,2023,https://understat.com/getLeagueData/La_liga/2023,2024-02-10,True
2024-02-11,Barcelona,Granada,2.5229,1.20453,22916,2023,https://understat.com/getLeagueData/La_liga/2023,2024-02-11,True
2024-02-11,Getafe,Celta,2.22295,1.2733,22922,2023,https://understat.com/getLeagueData/La_liga/2023,2024-02-11,True
2024-02-11,Mallorca,Vallecano,0.82898,1.40787,22917,2023,https://understat.com/getLeagueData/La_liga/2023,2024-02-11,True
2024-02-11,Sevilla,Ath Madrid,2.15338,1.67549,22920,2023,https://understat.com/getLeagueData/La_liga/2023,2024-02-11,True
2024-02-12,Almeria,Ath Bilbao,0.900611,0.621857,22915,2023,https://understat.com/getLeagueData/La_liga/2023,2024-02-12,True
2024-02-16,Villarreal,Getafe,1.61961,0.976893,22932,2023,https://understat.com/getLeagueData/La_liga/2023,2024-02-16,True
2024-02-17,Ath Madrid,Las Palmas,2.79269,0.660284,22926,2023,https://understat.com/getLeagueData/La_liga/2023,2024-02-17,True
2024-02-17,Celta,Barcelona,0.636492,1.5046,22930,2023,https://understat.com/getLeagueData/La_liga/2023,2024-02-17,True
2024-02-17,Osasuna,Cadiz,1.37854,0.919753,22931,2023,https://understat.com/getLeagueData/La_liga/2023,2024-02-17,True
2024-02-17,Valencia,Sevilla,1.11987,0.0457854,22933,2023,https://understat.com/getLeagueData/La_liga/2023,2024-02-17,True
2024-02-18,Betis,Alaves,1.18267,0.490778,22934,2023,https://understat.com/getLeagueData/La_liga/2023,2024-02-18,True
2024-02-18,Granada,Almeria,1.79616,0.693843,22929,2023,https://understat.com/getLeagueData/La_liga/2023,2024-02-18,True
2024-02-18,Mallorca,Sociedad,0.188904,1.20859,22927,2023,https://understat.com/getLeagueData/La_liga/2023,2024-02-18,True
2024-02-18,Vallecano,Real Madrid,1.1431,1.0219,22928,2023,https://understat.com/getLeagueData/La_liga/2023,2024-02-18,True
2024-02-19,Ath Bilbao,Girona,2.7904,1.80583,22925,2023,https://understat.com/getLeagueData/La_liga/2023,2024-02-19,True
2024-02-23,Sociedad,Villarreal,1.48985,1.6421,22940,2023,https://understat.com/getLeagueData/La_liga/2023,2024-02-23,True
2024-02-24,Alaves,Mallorca,0.501891,1.80166,22943,2023,https://understat.com/getLeagueData/La_liga/2023,2024-02-24,True
2024-02-24,Almeria,Ath Madrid,0.352281,1.87638,22935,2023,https://understat.com/getLeagueData/La_liga/2023,2024-02-24,True
2024-02-24,Barcelona,Getafe,2.65095,0.316762,22936,2023,https://understat.com/getLeagueData/La_liga/2023,2024-02-24,True
2024-02-25,Betis,Ath Bilbao,0.921277,0.137757,22944,2023,https://understat.com/getLeagueData/La_liga/2023,2024-02-25,True
2024-02-25,Cadiz,Celta,1.87476,0.680213,22937,2023,https://understat.com/getLeagueData/La_liga/2023,2024-02-25,True
2024-02-25,Las Palmas,Osasuna,0.942659,0.387933,22942,2023,https://understat.com/getLeagueData/La_liga/2023,2024-02-25,True
2024-02-25,Real Madrid,Sevilla,1.01644,0.967099,22939,2023,https://understat.com/getLeagueData/La_liga/2023,2024-02-25,True
2024-02-26,Girona,Vallecano,2.81311,0.564655,22938,2023,https://understat.com/getLeagueData/La_liga/2023,2024-02-26,True
2024-03-01,Celta,Almeria,1.82317,0.3259,22948,2023,https://understat.com/getLeagueData/La_liga/2023,2024-03-01,True
2024-03-02,Getafe,Las Palmas,2.38804,1.37145,22947,2023,https://understat.com/getLeagueData/La_liga/2023,2024-03-02,True
2024-03-02,Sevilla,Sociedad,2.15506,1.27238,22952,2023,https://understat.com/getLeagueData/La_liga/2023,2024-03-02,True
2024-03-02,Valencia,Real Madrid,1.33185,1.45798,22951,2023,https://understat.com/getLeagueData/La_liga/2023,2024-03-02,True
2024-03-02,Vallecano,Cadiz,0.688061,1.21648,22949,2023,https://understat.com/getLeagueData/La_liga/2023,2024-03-02,True
2024-03-03,Ath Bilbao,Barcelona,0.468397,0.714592,22945,2023,https://understat.com/getLeagueData/La_liga/2023,2024-03-03,True
2024-03-03,Ath Madrid,Betis,3.54138,0.588581,22946,2023,https://understat.com/getLeagueData/La_liga/2023,2024-03-03,True
2024-03-03,Mallorca,Girona,0.943297,1.08616,22950,2023,https://understat.com/getLeagueData/La_liga/2023,2024-03-03,True
2024-03-03,Villarreal,Granada,3.02991,0.276758,22953,2023,https://understat.com/getLeagueData/La_liga/2023,2024-03-03,True
2024-03-04,Osasuna,Alaves,1.71646,1.14533,22954,2023,https://understat.com/getLeagueData/La_liga/2023,2024-03-04,True
2024-03-08,Barcelona,Mallorca,2.06225,0.504754,22956,2023,https://understat.com/getLeagueData/La_liga/2023,2024-03-08,True
2024-03-09,Cadiz,Ath Madrid,1.18033,0.895711,22962,2023,https://understat.com/getLeagueData/La_liga/2023,2024-03-09,True
2024-03-09,Girona,Osasuna,2.1772,0.185235,22958,2023,https://understat.com/getLeagueData/La_liga/2023,2024-03-09,True
2024-03-09,Granada,Sociedad,2.0551,1.88323,22959,2023,https://understat.com/getLeagueData/La_liga/2023,2024-03-09,True
2024-03-09,Valencia,Getafe,1.27245,1.17773,22964,2023,https://understat.com/getLeagueData/La_liga/2023,2024-03-09,True
2024-03-10,Alaves,Vallecano,0.640241,0.579451,22960,2023,https://understat.com/getLeagueData/La_liga/2023,2024-03-10,True
2024-03-10,Betis,Villarreal,1.39975,1.30814,22957,2023,https://understat.com/getLeagueData/La_liga/2023,2024-03-10,True
2024-03-10,Las Palmas,Ath Bilbao,0.834663,1.27321,22961,2023,https://understat.com/getLeagueData/La_liga/2023,2024-03-10,True
2024-03-10,Real Madrid,Celta,3.6885,0.53726,22963,2023,https://understat.com/getLeagueData/La_liga/2023,2024-03-10,True
2024-03-11,Almeria,Sevilla,1.81235,2.6495,22955,2023,https://understat.com/getLeagueData/La_liga/2023,2024-03-11,True
2024-03-15,Sociedad,Cadiz,2.34962,0.695705,22970,2023,https://understat.com/getLeagueData/La_liga/2023,2024-03-15,True
2024-03-16,Ath Bilbao,Alaves,2.31129,1.38702,22974,2023,https://understat.com/getLeagueData/La_liga/2023,2024-03-16,True
2024-03-16,Getafe,Girona,1.10963,1.70185,22966,2023,https://understat.com/getLeagueData/La_liga/2023,2024-03-16,True
2024-03-16,Mallorca,Granada,1.65502,0.295993,22973,2023,https://understat.com/getLeagueData/La_liga/2023,2024-03-16,True
2024-03-16,Osasuna,Real Madrid,0.669756,3.05767,22967,2023,https://understat.com/getLeagueData/La_liga/2023,2024-03-16,True
2024-03-17,Ath Madrid,Barcelona,0.570805,1.94966,22965,2023,https://understat.com/getLeagueData/La_liga/2023,2024-03-17,True
2024-03-17,Las Palmas,Almeria,0.793707,0.688106,22968,2023,https://understat.com/getLeagueData/La_liga/2023,2024-03-17,True
2024-03-17,Sevilla,Celta,1.75591,2.23423,22971,2023,https://understat.com/getLeagueData/La_liga/2023,2024-03-17,True
2024-03-17,Vallecano,Betis,0.790186,0.69375,22969,2023,https://understat.com/getLeagueData/La_liga/2023,2024-03-17,True
2024-03-17,Villarreal,Valencia,2.1872,1.07722,22972,2023,https://understat.com/getLeagueData/La_liga/2023,2024-03-17,True
2024-03-29,Cadiz,Granada,1.19169,0.412637,22977,2023,https://understat.com/getLeagueData/La_liga/2023,2024-03-29,True
2024-03-30,Almeria,Osasuna,0.745696,1.00888,22975,2023,https://understat.com/getLeagueData/La_liga/2023,2024-03-30,True
2024-03-30,Barcelona,Las Palmas,1.72947,0.314295,22976,2023,https://understat.com/getLeagueData/La_liga/2023,2024-03-30,True
2024-03-30,Getafe,Sevilla,1.57791,0.901033,22979,2023,https://understat.com/getLeagueData/La_liga/2023,2024-03-30,True
2024-03-30,Valencia,Mallorca,1.33845,0.673736,22984,2023,https://understat.com/getLeagueData/La_liga/2023,2024-03-30,True
2024-03-31,Alaves,Sociedad,0.142958,1.29248,22980,2023,https://understat.com/getLeagueData/La_liga/2023,2024-03-31,True
2024-03-31,Celta,Vallecano,0.838396,0.515128,22978,2023,https://understat.com/getLeagueData/La_liga/2023,2024-03-31,True
2024-03-31,Girona,Betis,2.43161,0.524961,22983,2023,https://understat.com/getLeagueData/La_liga/2023,2024-03-31,True
2024-03-31,Real Madrid,Ath Bilbao,1.1877,0.304704,22981,2023,https://understat.com/getLeagueData/La_liga/2023,2024-03-31,True
2024-04-01,Villarreal,Ath Madrid,0.681964,1.2402,22982,2023,https://understat.com/getLeagueData/La_liga/2023,2024-04-01,True
2024-04-04,Granada,Valencia,0.729135,0.718558,22941,2023,https://understat.com/getLeagueData/La_liga/2023,2024-04-04,True
2024-04-12,Betis,Celta,1.22903,1.58129,22987,2023,https://understat.com/getLeagueData/La_liga/2023,2024-04-12,True
2024-04-13,Ath Madrid,Girona,2.58629,2.20992,22986,2023,https://understat.com/getLeagueData/La_liga/2023,2024-04-13,True
2024-04-13,Cadiz,Barcelona,0.79048,0.833415,22992,2023,https://understat.com/getLeagueData/La_liga/2023,2024-04-13,True
2024-04-13,Mallorca,Real Madrid,0.592998,1.81161,22988,2023,https://understat.com/getLeagueData/La_liga/2023,2024-04-13,True
2024-04-13,Vallecano,Getafe,0.777828,0.25153,22993,2023,https://understat.com/getLeagueData/La_liga/2023,2024-04-13,True
2024-04-14,Ath Bilbao,Villarreal,0.823044,2.1913,22985,2023,https://understat.com/getLeagueData/La_liga/2023,2024-04-14,True
2024-04-14,Granada,Alaves,1.86823,0.279326,22994,2023,https://understat.com/getLeagueData/La_liga/2023,2024-04-14,True
2024-04-14,Las Palmas,Sevilla,0.0909476,2.06406,22990,2023,https://understat.com/getLeagueData/La_liga/2023,2024-04-14,True
2024-04-14,Sociedad,Almeria,1.68743,1.77546,22991,2023,https://understat.com/getLeagueData/La_liga/2023,2024-04-14,True
2024-04-15,Osasuna,Valencia,2.26875,0.235711,22989,2023,https://understat.com/getLeagueData/La_liga/2023,2024-04-15,True
2024-04-19,Ath Bilbao,Granada,1.64137,0.150973,22996,2023,https://understat.com/getLeagueData/La_liga/2023,2024-04-19,True
2024-04-20,Celta,Las Palmas,3.58931,0.90843,22997,2023,https://understat.com/getLeagueData/La_liga/2023,2024-04-20,True
2024-04-20,Girona,Cadiz,2.30941,1.82433,23002,2023,https://understat.com/getLeagueData/La_liga/2023,2024-04-20,True
2024-04-20,Valencia,Betis,0.951475,1.82123,23001,2023,https://understat.com/getLeagueData/La_liga/2023,2024-04-20,True
2024-04-20,Vallecano,Osasuna,0.560289,0.930714,23004,2023,https://understat.com/getLeagueData/La_liga/2023,2024-04-20,True
2024-04-21,Alaves,Ath Madrid,0.521018,0.715212,22999,2023,https://understat.com/getLeagueData/La_liga/2023,2024-04-21,True
2024-04-21,Almeria,Villarreal,2.14538,1.60008,22995,2023,https://understat.com/getLeagueData/La_liga/2023,2024-04-21,True
2024-04-21,Getafe,Sociedad,1.19821,1.03517,22998,2023,https://understat.com/getLeagueData/La_liga/2023,2024-04-21,True
2024-04-21,Real Madrid,Barcelona,2.7698,1.34666,23000,2023,https://understat.com/getLeagueData/La_liga/2023,2024-04-21,True
2024-04-22,Sevilla,Mallorca,1.72842,0.879845,23003,2023,https://understat.com/getLeagueData/La_liga/2023,2024-04-22,True
2024-04-26,Sociedad,Real Madrid,0.380904,0.462672,23014,2023,https://understat.com/getLeagueData/La_liga/2023,2024-04-26,True
2024-04-27,Alaves,Celta,3.41094,0.188273,23010,2023,https://understat.com/getLeagueData/La_liga/2023,2024-04-27,True
2024-04-27,Almeria,Getafe,2.748,1.67485,23005,2023,https://understat.com/getLeagueData/La_liga/2023,2024-04-27,True
2024-04-27,Ath Madrid,Ath Bilbao,0.62028,0.894572,23011,2023,https://understat.com/getLeagueData/La_liga/2023,2024-04-27,True
2024-04-27,Las Palmas,Girona,1.41676,2.0472,23012,2023,https://understat.com/getLeagueData/La_liga/2023,2024-04-27,True
2024-04-28,Betis,Sevilla,2.39465,1.26484,23007,2023,https://understat.com/getLeagueData/La_liga/2023,2024-04-28,True
2024-04-28,Cadiz,Mallorca,0.441837,0.827497,23008,2023,https://understat.com/getLeagueData/La_liga/2023,2024-04-28,True
2024-04-28,Granada,Osasuna,2.31468,0.989028,23009,2023,https://understat.com/getLeagueData/La_liga/2023,2024-04-28,True
2024-04-28,Villarreal,Vallecano,1.98091,0.896929,23013,2023,https://understat.com/getLeagueData/La_liga/2023,2024-04-28,True
2024-04-29,Barcelona,Valencia,2.59636,1.49346,23006,2023,https://understat.com/getLeagueData/La_liga/2023,2024-04-29,True
2024-05-03,Getafe,Ath Bilbao,4.41644,0.925588,23017,2023,https://understat.com/getLeagueData/La_liga/2023,2024-05-03,True
2024-05-04,Girona,Barcelona,2.31519,2.6053,23019,2023,https://understat.com/getLeagueData/La_liga/2023,2024-05-04,True
2024-05-04,Mallorca,Ath Madrid,0.328479,0.874778,23018,2023,https://understat.com/getLeagueData/La_liga/2023,2024-05-04,True
2024-05-04,Real Madrid,Cadiz,2.63447,0.998827,23021,2023,https://understat.com/getLeagueData/La_liga/2023,2024-05-04,True
2024-05-04,Sociedad,Las Palmas,0.899129,0.56693,23023,2023,https://understat.com/getLeagueData/La_liga/2023,2024-05-04,True
2024-05-05,Celta,Villarreal,4.41257,0.544766,23015,2023,https://understat.com/getLeagueData/La_liga/2023,2024-05-05,True
2024-05-05,Osasuna,Betis,1.02463,1.44688,23020,2023,https://understat.com/getLeagueData/La_liga/2023,2024-05-05,True
2024-05-05,Sevilla,Granada,2.45224,0.227083,23022,2023,https://understat.com/getLeagueData/La_liga/2023,2024-05-05,True
2024-05-05,Valencia,Alaves,1.40821,1.16915,23024,2023,https://understat.com/getLeagueData/La_liga/2023,2024-05-05,True
2024-05-05,Vallecano,Almeria,2.09609,0.555982,23016,2023,https://understat.com/getLeagueData/La_liga/2023,2024-05-05,True
2024-05-10,Alaves,Girona,2.40148,1.53657,23030,2023,https://understat.com/getLeagueData/La_liga/2023,2024-05-10,True
2024-05-11,Ath Bilbao,Osasuna,2.17034,1.05326,23025,2023,https://understat.com/getLeagueData/La_liga/2023,2024-05-11,True
2024-05-11,Granada,Real Madrid,0.699759,2.7909,23029,2023,https://understat.com/getLeagueData/La_liga/2023,2024-05-11,True
2024-05-11,Mallorca,Las Palmas,0.45718,0.313172,23034,2023,https://understat.com/getLeagueData/La_liga/2023,2024-05-11,True
2024-05-11,Villarreal,Sevilla,3.10775,1.95835,23033,2023,https://understat.com/getLeagueData/La_liga/2023,2024-05-11,True
2024-05-12,Ath Madrid,Celta,1.81009,0.370026,23026,2023,https://understat.com/getLeagueData/La_liga/2023,2024-05-12,True
2024-05-12,Betis,Almeria,1.69343,1.08304,23031,2023,https://understat.com/getLeagueData/La_liga/2023,2024-05-12,True
2024-05-12,Cadiz,Getafe,1.42818,0.310309,23028,2023,https://understat.com/getLeagueData/La_liga/2023,2024-05-12,True
2024-05-12,Valencia,Vallecano,1.1633,0.785651,23032,2023,https://understat.com/getLeagueData/La_liga/2023,2024-05-12,True
2024-05-13,Barcelona,Sociedad,1.66029,0.799193,23027,2023,https://understat.com/getLeagueData/La_liga/2023,2024-05-13,True
2024-05-14,Girona,Villarreal,2.28453,0.776468,23036,2023,https://understat.com/getLeagueData/La_liga/2023,2024-05-14,True
2024-05-14,Osasuna,Mallorca,0.428998,0.919263,23042,2023,https://understat.com/getLeagueData/La_liga/2023,2024-05-14,True
2024-05-14,Real Madrid,Alaves,2.88216,1.50657,23044,2023,https://understat.com/getLeagueData/La_liga/2023,2024-05-14,True
2024-05-15,Celta,Ath Bilbao,0.758179,0.377111,23038,2023,https://understat.com/getLeagueData/La_liga/2023,2024-05-15,True
2024-05-15,Getafe,Ath Madrid,0.446969,1.67036,23039,2023,https://understat.com/getLeagueData/La_liga/2023,2024-05-15,True
2024-05-15,Sevilla,Cadiz,1.43788,2.85137,23041,2023,https://understat.com/getLeagueData/La_liga/2023,2024-05-15,True
2024-05-15,Vallecano,Granada,3.00296,0.933417,23043,2023,https://understat.com/getLeagueData/La_liga/2023,2024-05-15,True
2024-05-16,Almeria,Barcelona,1.03949,2.13122,23035,2023,https://understat.com/getLeagueData/La_liga/2023,2024-05-16,True
2024-05-16,Las Palmas,Betis,2.61533,1.3277,23040,2023,https://understat.com/getLeagueData/La_liga/2023,2024-05-16,True
2024-05-16,Sociedad,Valencia,1.13192,0.774644,23037,2023,https://understat.com/getLeagueData/La_liga/2023,2024-05-16,True
2024-05-18,Alaves,Getafe,1.57753,0.658124,23050,2023,https://understat.com/getLeagueData/La_liga/2023,2024-05-18,True
2024-05-19,Ath Bilbao,Sevilla,1.78593,1.29208,23045,2023,https://understat.com/getLeagueData/La_liga/2023,2024-05-19,True
2024-05-19,Ath Madrid,Osasuna,1.76117,1.88434,23046,2023,https://understat.com/getLeagueData/La_liga/2023,2024-05-19,True
2024-05-19,Barcelona,Vallecano,1.69959,1.68527,23047,2023,https://understat.com/getLeagueData/La_liga/2023,2024-05-19,True
2024-05-19,Betis,Sociedad,1.60754,0.792849,23048,2023,https://understat.com/getLeagueData/La_liga/2023,2024-05-19,True
2024-05-19,Cadiz,Las Palmas,1.36112,0.966249,23049,2023,https://understat.com/getLeagueData/La_liga/2023,2024-05-19,True
2024-05-19,Granada,Celta,1.75765,2.02078,23052,2023,https://understat.com/getLeagueData/La_liga/2023,2024-05-19,True
2024-05-19,Mallorca,Almeria,2.45608,0.238391,23051,2023,https://understat.com/getLeagueData/La_liga/2023,2024-05-19,True
2024-05-19,Valencia,Girona,3.35606,2.90299,23053,2023,https://understat.com/getLeagueData/La_liga/2023,2024-05-19,True
2024-05-19,Villarreal,Real Madrid,2.21178,1.59129,23054,2023,https://understat.com/getLeagueData/La_liga/2023,2024-05-19,True
2024-05-24,Girona,Granada,4.75092,0.987219,23058,2023,https://understat.com/getLeagueData/La_liga/2023,2024-05-24,True
2024-05-25,Almeria,Cadiz,3.23442,0.494605,23055,2023,https://understat.com/getLeagueData/La_liga/2023,2024-05-25,True
2024-05-25,Osasuna,Villarreal,1.09355,0.835313,23059,2023,https://understat.com/getLeagueData/La_liga/2023,2024-05-25,True
2024-05-25,Real Madrid,Betis,1.24417,1.15552,23063,2023,https://understat.com/getLeagueData/La_liga/2023,2024-05-25,True
2024-05-25,Sociedad,Ath Madrid,0.570544,2.19824,23061,2023,https://understat.com/getLeagueData/La_liga/2023,2024-05-25,True
2024-05-25,Vallecano,Ath Bilbao,1.47462,0.930597,23060,2023,https://understat.com/getLeagueData/La_liga/2023,2024-05-25,True
2024-05-26,Celta,Valencia,1.50162,2.16042,23056,2023,https://understat.com/getLeagueData/La_liga/2023,2024-05-26,True
2024-05-26,Getafe,Mallorca,1.07908,1.34437,23057,2023,https://understat.com/getLeagueData/La_liga/2023,2024-05-26,True
2024-05-26,Las Palmas,Alaves,1.15618,2.23542,23064,2023,https://understat.com/getLeagueData/La_liga/2023,2024-05-26,True
2024-05-26,Sevilla,Barcelona,1.96266,1.4772,23062,2023,https://understat.com/getLeagueData/La_liga/2023,2024-05-26,True
2024-08-15,Ath Bilbao,Getafe,0.290195,0.537517,26982,2024,https://understat.com/getLeagueData/La_liga/2024,2024-08-15,True
2024-08-15,Betis,Girona,1.80582,1.54726,26983,2024,https://understat.com/getLeagueData/La_liga/2024,2024-08-15,True
2024-08-16,Celta,Alaves,0.793797,1.9391,26984,2024,https://understat.com/getLeagueData/La_liga/2024,2024-08-16,True
2024-08-16,Las Palmas,Sevilla,1.3187,2.09987,26985,2024,https://understat.com/getLeagueData/La_liga/2024,2024-08-16,True
2024-08-17,Osasuna,Leganes,1.7631,1.33949,26986,2024,https://understat.com/getLeagueData/La_liga/2024,2024-08-17,True
2024-08-17,Valencia,Barcelona,1.55206,3.48824,26987,2024,https://understat.com/getLeagueData/La_liga/2024,2024-08-17,True
2024-08-18,Mallorca,Real Madrid,1.30561,0.608052,26989,2024,https://understat.com/getLeagueData/La_liga/2024,2024-08-18,True
2024-08-18,Sociedad,Vallecano,1.56608,1.60148,26988,2024,https://understat.com/getLeagueData/La_liga/2024,2024-08-18,True
2024-08-19,Valladolid,Espanol,1.17753,0.515586,26990,2024,https://understat.com/getLeagueData/La_liga/2024,2024-08-19,True
2024-08-19,Villarreal,Ath Madrid,0.68684,1.13868,26991,2024,https://understat.com/getLeagueData/La_liga/2024,2024-08-19,True
2024-08-23,Celta,Valencia,1.30571,1.1544,26992,2024,https://understat.com/getLeagueData/La_liga/2024,2024-08-23,True
2024-08-23,Sevilla,Villarreal,1.23826,1.39825,26993,2024,https://understat.com/getLeagueData/La_liga/2024,2024-08-23,True
2024-08-24,Barcelona,Ath Bilbao,2.41577,1.09985,26995,2024,https://understat.com/getLeagueData/La_liga/2024,2024-08-24,True
2024-08-24,Espanol,Sociedad,1.79566,0.796104,26997,2024,https://understat.com/getLeagueData/La_liga/2024,2024-08-24,True
2024-08-24,Getafe,Vallecano,0.512723,0.161076,26996,2024,https://understat.com/getLeagueData/La_liga/2024,2024-08-24,True
2024-08-24,Osasuna,Mallorca,0.887678,0.427602,26994,2024,https://understat.com/getLeagueData/La_liga/2024,2024-08-24,True
2024-08-25,Alaves,Betis,0.172545,1.36012,27000,2024,https://understat.com/getLeagueData/La_liga/2024,2024-08-25,True
2024-08-25,Ath Madrid,Girona,1.42393,0.596524,27001,2024,https://understat.com/getLeagueData/La_liga/2024,2024-08-25,True
2024-08-25,Leganes,Las Palmas,1.58998,1.23438,26999,2024,https://understat.com/getLeagueData/La_liga/2024,2024-08-25,True
2024-08-25,Real Madrid,Valladolid,2.17954,0.378528,26998,2024,https://understat.com/getLeagueData/La_liga/2024,2024-08-25,True
2024-08-26,Villarreal,Celta,4.3817,3.79183,27002,2024,https://understat.com/getLeagueData/La_liga/2024,2024-08-26,True
2024-08-27,Mallorca,Sevilla,0.940858,0.60976,27003,2024,https://understat.com/getLeagueData/La_liga/2024,2024-08-27,True
2024-08-27,Vallecano,Barcelona,0.392473,1.51872,27004,2024,https://understat.com/getLeagueData/La_liga/2024,2024-08-27,True
2024-08-28,Ath Bilbao,Valencia,1.51595,0.0996371,27006,2024,https://understat.com/getLeagueData/La_liga/2024,2024-08-28,True
2024-08-28,Ath Madrid,Espanol,3.88587,0.855829,27009,2024,https://understat.com/getLeagueData/La_liga/2024,2024-08-28,True
2024-08-28,Sociedad,Alaves,0.951647,2.62561,27008,2024,https://understat.com/getLeagueData/La_liga/2024,2024-08-28,True
2024-08-28,Valladolid,Leganes,0.773785,0.184577,27005,2024,https://understat.com/getLeagueData/La_liga/2024,2024-08-28,True
2024-08-29,Girona,Osasuna,2.6015,0.0199618,27010,2024,https://understat.com/getLeagueData/La_liga/2024,2024-08-29,True
2024-08-29,Las Palmas,Real Madrid,0.809213,3.28322,27011,2024,https://understat.com/getLeagueData/La_liga/2024,2024-08-29,True
2024-08-31,Ath Bilbao,Ath Madrid,0.252231,1.58613,27013,2024,https://understat.com/getLeagueData/La_liga/2024,2024-08-31,True
2024-08-31,Barcelona,Valladolid,4.94022,0.422493,27012,2024,https://understat.com/getLeagueData/La_liga/2024,2024-08-31,True
2024-08-31,Espanol,Vallecano,1.84679,1.0088,27014,2024,https://understat.com/getLeagueData/La_liga/2024,2024-08-31,True
2024-08-31,Leganes,Mallorca,0.52078,1.48758,27016,2024,https://understat.com/getLeagueData/La_liga/2024,2024-08-31,True
2024-08-31,Valencia,Villarreal,1.14322,0.885369,27015,2024,https://understat.com/getLeagueData/La_liga/2024,2024-08-31,True
2024-09-01,Alaves,Las Palmas,2.01026,0.547308,27017,2024,https://understat.com/getLeagueData/La_liga/2024,2024-09-01,True
2024-09-01,Getafe,Sociedad,0.547095,0.0209183,27020,2024,https://understat.com/getLeagueData/La_liga/2024,2024-09-01,True
2024-09-01,Osasuna,Celta,0.779621,1.72329,27018,2024,https://understat.com/getLeagueData/La_liga/2024,2024-09-01,True
2024-09-01,Real Madrid,Betis,2.37168,0.831429,27021,2024,https://understat.com/getLeagueData/La_liga/2024,2024-09-01,True
2024-09-01,Sevilla,Girona,0.812687,2.36355,27019,2024,https://understat.com/getLeagueData/La_liga/2024,2024-09-01,True
2024-09-13,Betis,Leganes,1.72201,0.107021,27024,2024,https://understat.com/getLeagueData/La_liga/2024,2024-09-13,True
2024-09-14,Espanol,Alaves,1.95102,2.3693,27022,2024,https://understat.com/getLeagueData/La_liga/2024,2024-09-14,True
2024-09-14,Mallorca,Villarreal,0.345425,2.41884,27026,2024,https://understat.com/getLeagueData/La_liga/2024,2024-09-14,True
2024-09-14,Sevilla,Getafe,1.64801,0.971555,27029,2024,https://understat.com/getLeagueData/La_liga/2024,2024-09-14,True
2024-09-14,Sociedad,Real Madrid,1.41828,2.2759,27031,2024,https://understat.com/getLeagueData/La_liga/2024,2024-09-14,True
2024-09-15,Ath Madrid,Valencia,3.22965,0.18311,27023,2024,https://understat.com/getLeagueData/La_liga/2024,2024-09-15,True
2024-09-15,Celta,Valladolid,1.99273,0.382657,27025,2024,https://understat.com/getLeagueData/La_liga/2024,2024-09-15,True
2024-09-15,Girona,Barcelona,1.09568,2.5936,27028,2024,https://understat.com/getLeagueData/La_liga/2024,2024-09-15,True
2024-09-15,Las Palmas,Ath Bilbao,1.5194,1.80432,27027,2024,https://understat.com/getLeagueData/La_liga/2024,2024-09-15,True
2024-09-16,Vallecano,Osasuna,1.48433,0.530311,27030,2024,https://understat.com/getLeagueData/La_liga/2024,2024-09-16,True
2024-09-17,Mallorca,Sociedad,1.56932,0.499139,27045,2024,https://understat.com/getLeagueData/La_liga/2024,2024-09-17,True
2024-09-18,Betis,Getafe,3.06176,0.864309,27007,2024,https://understat.com/getLeagueData/La_liga/2024,2024-09-18,True
2024-09-19,Leganes,Ath Bilbao,0.666594,1.32325,27047,2024,https://understat.com/getLeagueData/La_liga/2024,2024-09-19,True
2024-09-20,Alaves,Sevilla,1.40641,0.623937,27035,2024,https://understat.com/getLeagueData/La_liga/2024,2024-09-20,True
2024-09-21,Osasuna,Las Palmas,1.97167,1.28282,27040,2024,https://understat.com/getLeagueData/La_liga/2024,2024-09-21,True
2024-09-21,Real Madrid,Espanol,4.89487,0.318831,27041,2024,https://understat.com/getLeagueData/La_liga/2024,2024-09-21,True
2024-09-21,Valencia,Girona,0.350785,0.387698,27038,2024,https://understat.com/getLeagueData/La_liga/2024,2024-09-21,True
2024-09-21,Valladolid,Sociedad,0.952589,1.3906,27039,2024,https://understat.com/getLeagueData/La_liga/2024,2024-09-21,True
2024-09-22,Ath Bilbao,Celta,0.864304,1.21547,27032,2024,https://understat.com/getLeagueData/La_liga/2024,2024-09-22,True
2024-09-22,Getafe,Leganes,1.24276,0.783211,27034,2024,https://understat.com/getLeagueData/La_liga/2024,2024-09-22,True
2024-09-22,Vallecano,Ath Madrid,1.68952,0.554066,27036,2024,https://understat.com/getLeagueData/La_liga/2024,2024-09-22,True
2024-09-22,Villarreal,Barcelona,2.39605,4.1937,27037,2024,https://understat.com/getLeagueData/La_liga/2024,2024-09-22,True
2024-09-23,Betis,Mallorca,1.37084,1.4369,27033,2024,https://understat.com/getLeagueData/La_liga/2024,2024-09-23,True
2024-09-24,Real Madrid,Alaves,1.79791,0.853455,27051,2024,https://understat.com/getLeagueData/La_liga/2024,2024-09-24,True
2024-09-24,Sevilla,Valladolid,1.67099,0.411515,27046,2024,https://understat.com/getLeagueData/La_liga/2024,2024-09-24,True
2024-09-24,Valencia,Osasuna,1.17527,0.377552,27050,2024,https://understat.com/getLeagueData/La_liga/2024,2024-09-24,True
2024-09-25,Barcelona,Getafe,2.20799,0.929851,27043,2024,https://understat.com/getLeagueData/La_liga/2024,2024-09-25,True
2024-09-25,Girona,Vallecano,2.1579,0.377734,27044,2024,https://understat.com/getLeagueData/La_liga/2024,2024-09-25,True
2024-09-26,Celta,Ath Madrid,1.76126,0.778357,27048,2024,https://understat.com/getLeagueData/La_liga/2024,2024-09-26,True
2024-09-26,Espanol,Villarreal,0.355072,1.96233,27042,2024,https://understat.com/getLeagueData/La_liga/2024,2024-09-26,True
2024-09-26,Las Palmas,Betis,1.10799,2.66646,27049,2024,https://understat.com/getLeagueData/La_liga/2024,2024-09-26,True
2024-09-27,Valladolid,Mallorca,1.31551,2.49026,27057,2024,https://understat.com/getLeagueData/La_liga/2024,2024-09-27,True
2024-09-28,Getafe,Alaves,2.55847,0.415348,27059,2024,https://understat.com/getLeagueData/La_liga/2024,2024-09-28,True
2024-09-28,Osasuna,Barcelona,2.50067,0.751814,27056,2024,https://understat.com/getLeagueData/La_liga/2024,2024-09-28,True
2024-09-28,Sociedad,Valencia,3.6853,0.805963,27055,2024,https://understat.com/getLeagueData/La_liga/2024,2024-09-28,True
2024-09-28,Vallecano,Leganes,1.15229,0.852356,27060,2024,https://understat.com/getLeagueData/La_liga/2024,2024-09-28,True
2024-09-29,Ath Bilbao,Sevilla,1.82961,1.24147,27052,2024,https://understat.com/getLeagueData/La_liga/2024,2024-09-29,True
2024-09-29,Ath Madrid,Real Madrid,1.05477,0.660987,27053,2024,https://understat.com/getLeagueData/La_liga/2024,2024-09-29,True
2024-09-29,Betis,Espanol,1.97922,0.569387,27061,2024,https://understat.com/getLeagueData/La_liga/2024,2024-09-29,True
2024-09-29,Celta,Girona,0.52399,1.41269,27054,2024,https://understat.com/getLeagueData/La_liga/2024,2024-09-29,True
2024-09-30,Villarreal,Las Palmas,4.07869,0.802357,27058,2024,https://understat.com/getLeagueData/La_liga/2024,2024-09-30,True
2024-10-04,Leganes,Valencia,0.913168,0.703751,27065,2024,https://understat.com/getLeagueData/La_liga/2024,2024-10-04,True
2024-10-05,Espanol,Mallorca,0.948554,1.79839,27071,2024,https://understat.com/getLeagueData/La_liga/2024,2024-10-05,True
2024-10-05,Getafe,Osasuna,1.34832,0.247706,27062,2024,https://understat.com/getLeagueData/La_liga/2024,2024-10-05,True
2024-10-05,Las Palmas,Celta,0.964894,0.814163,27069,2024,https://understat.com/getLeagueData/La_liga/2024,2024-10-05,True
2024-10-05,Real Madrid,Villarreal,0.459582,1.4618,27063,2024,https://understat.com/getLeagueData/La_liga/2024,2024-10-05,True
2024-10-05,Valladolid,Vallecano,1.65842,1.64746,27070,2024,https://understat.com/getLeagueData/La_liga/2024,2024-10-05,True
2024-10-06,Alaves,Barcelona,0.794829,2.49367,27064,2024,https://understat.com/getLeagueData/La_liga/2024,2024-10-06,True
2024-10-06,Girona,Ath Bilbao,2.17393,3.15974,27066,2024,https://understat.com/getLeagueData/La_liga/2024,2024-10-06,True
2024-10-06,Sevilla,Betis,1.8284,0.436615,27068,2024,https://understat.com/getLeagueData/La_liga/2024,2024-10-06,True
2024-10-06,Sociedad,Ath Madrid,1.08517,0.561748,27067,2024,https://understat.com/getLeagueData/La_liga/2024,2024-10-06,True
2024-10-18,Alaves,Valladolid,0.433035,2.33646,27078,2024,https://understat.com/getLeagueData/La_liga/2024,2024-10-18,True
2024-10-19,Ath Bilbao,Espanol,1.46517,0.500795,27072,2024,https://understat.com/getLeagueData/La_liga/2024,2024-10-19,True
2024-10-19,Celta,Real Madrid,1.79112,1.19816,27075,2024,https://understat.com/getLeagueData/La_liga/2024,2024-10-19,True
2024-10-19,Girona,Sociedad,0.446152,1.86082,27076,2024,https://understat.com/getLeagueData/La_liga/2024,2024-10-19,True
2024-10-19,Osasuna,Betis,2.21025,2.79181,27079,2024,https://understat.com/getLeagueData/La_liga/2024,2024-10-19,True
2024-10-20,Ath Madrid,Leganes,5.21397,0.271901,27073,2024,https://understat.com/getLeagueData/La_liga/2024,2024-10-20,True
2024-10-20,Barcelona,Sevilla,4.08528,0.599652,27074,2024,https://understat.com/getLeagueData/La_liga/2024,2024-10-20,True
2024-10-20,Mallorca,Vallecano,2.72076,0.464955,27077,2024,https://understat.com/getLeagueData/La_liga/2024,2024-10-20,True
2024-10-20,Villarreal,Getafe,1.14683,2.02638,27080,2024,https://understat.com/getLeagueData/La_liga/2024,2024-10-20,True
2024-10-21,Valencia,Las Palmas,1.94417,1.56861,27081,2024,https://understat.com/getLeagueData/La_liga/2024,2024-10-21,True
2024-10-25,Espanol,Sevilla,1.0292,0.813306,27091,2024,https://understat.com/getLeagueData/La_liga/2024,2024-10-25,True
2024-10-26,Las Palmas,Girona,1.24451,1.04715,27087,2024,https://understat.com/getLeagueData/La_liga/2024,2024-10-26,True
2024-10-26,Real Madrid,Barcelona,1.40359,2.51566,27085,2024,https://understat.com/getLeagueData/La_liga/2024,2024-10-26,True
2024-10-26,Valladolid,Villarreal,0.97802,2.68435,27089,2024,https://understat.com/getLeagueData/La_liga/2024,2024-10-26,True
2024-10-26,Vallecano,Alaves,2.89009,0.871439,27090,2024,https://understat.com/getLeagueData/La_liga/2024,2024-10-26,True
2024-10-27,Betis,Ath Madrid,2.20384,0.555217,27084,2024,https://understat.com/getLeagueData/La_liga/2024,2024-10-27,True
2024-10-27,Getafe,Valencia,2.97825,0.63831,27082,2024,https://understat.com/getLeagueData/La_liga/2024,2024-10-27,True
2024-10-27,Leganes,Celta,1.54881,0.767239,27086,2024,https://understat.com/getLeagueData/La_liga/2024,2024-10-27,True
2024-10-27,Sociedad,Osasuna,1.6767,1.06487,27088,2024,https://understat.com/getLeagueData/La_liga/2024,2024-10-27,True
2024-10-28,Mallorca,Ath Bilbao,0.542356,0.755466,27083,2024,https://understat.com/getLeagueData/La_liga/2024,2024-10-28,True
2024-11-01,Alaves,Mallorca,1.43582,0.708287,27097,2024,https://understat.com/getLeagueData/La_liga/2024,2024-11-01,True
2024-11-02,Girona,Leganes,1.81274,0.320545,27095,2024,https://understat.com/getLeagueData/La_liga/2024,2024-11-02,True
2024-11-02,Osasuna,Valladolid,3.21695,0.204092,27096,2024,https://understat.com/getLeagueData/La_liga/2024,2024-11-02,True
2024-11-03,Ath Bilbao,Betis,4.2033,1.54499,27092,2024,https://understat.com/getLeagueData/La_liga/2024,2024-11-03,True
2024-11-03,Ath Madrid,Las Palmas,1.73469,0.0329044,27093,2024,https://understat.com/getLeagueData/La_liga/2024,2024-11-03,True
2024-11-03,Barcelona,Espanol,1.94398,0.787359,27101,2024,https://understat.com/getLeagueData/La_liga/2024,2024-11-03,True
2024-11-03,Sevilla,Sociedad,0.629505,1.21835,27100,2024,https://understat.com/getLeagueData/La_liga/2024,2024-11-03,True
2024-11-04,Celta,Getafe,2.12477,0.424746,27094,2024,https://understat.com/getLeagueData/La_liga/2024,2024-11-04,True
2024-11-08,Vallecano,Las Palmas,2.63982,1.25211,27110,2024,https://understat.com/getLeagueData/La_liga/2024,2024-11-08,True
2024-11-09,Leganes,Sevilla,1.09319,0.539924,27105,2024,https://understat.com/getLeagueData/La_liga/2024,2024-11-09,True
2024-11-09,Real Madrid,Osasuna,3.27315,0.0678926,27109,2024,https://understat.com/getLeagueData/La_liga/2024,2024-11-09,True
2024-11-09,Villarreal,Alaves,1.44293,0.608571,27111,2024,https://understat.com/getLeagueData/La_liga/2024,2024-11-09,True
2024-11-10,Betis,Celta,1.65065,0.941675,27103,2024,https://understat.com/getLeagueData/La_liga/2024,2024-11-10,True
2024-11-10,Getafe,Girona,0.220796,0.521025,27104,2024,https://understat.com/getLeagueData/La_liga/2024,2024-11-10,True
2024-11-10,Mallorca,Ath Madrid,0.735147,0.93863,27107,2024,https://understat.com/getLeagueData/La_liga/2024,2024-11-10,True
2024-11-10,Sociedad,Barcelona,1.88518,0.514102,27108,2024,https://understat.com/getLeagueData/La_liga/2024,2024-11-10,True
2024-11-10,Valladolid,Ath Bilbao,0.887674,1.487,27106,2024,https://understat.com/getLeagueData/La_liga/2024,2024-11-10,True
2024-11-22,Getafe,Valladolid,0.658487,0.729169,27113,2024,https://understat.com/getLeagueData/La_liga/2024,2024-11-22,True
2024-11-23,Ath Madrid,Alaves,2.05318,0.785902,27120,2024,https://understat.com/getLeagueData/La_liga/2024,2024-11-23,True
2024-11-23,Celta,Barcelona,2.75981,1.93782,27117,2024,https://understat.com/getLeagueData/La_liga/2024,2024-11-23,True
2024-11-23,Girona,Espanol,3.28521,0.488285,27121,2024,https://understat.com/getLeagueData/La_liga/2024,2024-11-23,True
2024-11-23,Las Palmas,Mallorca,1.15972,1.45816,27115,2024,https://understat.com/getLeagueData/La_liga/2024,2024-11-23,True
2024-11-23,Valencia,Betis,1.67338,1.05242,27118,2024,https://understat.com/getLeagueData/La_liga/2024,2024-11-23,True
2024-11-24,Ath Bilbao,Sociedad,1.65075,0.799084,27112,2024,https://understat.com/getLeagueData/La_liga/2024,2024-11-24,True
2024-11-24,Leganes,Real Madrid,0.108948,2.73014,27116,2024,https://understat.com/getLeagueData/La_liga/2024,2024-11-24,True
2024-11-24,Osasuna,Villarreal,1.3273,2.68193,27114,2024,https://understat.com/getLeagueData/La_liga/2024,2024-11-24,True
2024-11-24,Sevilla,Vallecano,1.57063,0.862262,27119,2024,https://understat.com/getLeagueData/La_liga/2024,2024-11-24,True
2024-11-29,Mallorca,Valencia,0.721435,1.33443,27123,2024,https://understat.com/getLeagueData/La_liga/2024,2024-11-29,True
2024-11-30,Alaves,Leganes,1.28884,1.3688,27124,2024,https://understat.com/getLeagueData/La_liga/2024,2024-11-30,True
2024-11-30,Barcelona,Las Palmas,2.18354,0.599185,27122,2024,https://understat.com/getLeagueData/La_liga/2024,2024-11-30,True
2024-11-30,Espanol,Celta,1.50136,1.55998,27131,2024,https://understat.com/getLeagueData/La_liga/2024,2024-11-30,True
2024-11-30,Valladolid,Ath Madrid,0.437294,3.40487,27126,2024,https://understat.com/getLeagueData/La_liga/2024,2024-11-30,True
2024-12-01,Real Madrid,Getafe,3.23626,0.34657,27127,2024,https://understat.com/getLeagueData/La_liga/2024,2024-12-01,True
2024-12-01,Sociedad,Betis,0.818081,0.366137,27130,2024,https://understat.com/getLeagueData/La_liga/2024,2024-12-01,True
2024-12-01,Vallecano,Ath Bilbao,0.590024,0.556919,27125,2024,https://understat.com/getLeagueData/La_liga/2024,2024-12-01,True
2024-12-01,Villarreal,Girona,1.96842,0.516301,27128,2024,https://understat.com/getLeagueData/La_liga/2024,2024-12-01,True
2024-12-02,Sevilla,Osasuna,1.09081,1.04839,27129,2024,https://understat.com/getLeagueData/La_liga/2024,2024-12-02,True
2024-12-03,Mallorca,Barcelona,0.921728,5.38074,27167,2024,https://understat.com/getLeagueData/La_liga/2024,2024-12-03,True
2024-12-04,Ath Bilbao,Real Madrid,2.08134,1.97732,27162,2024,https://understat.com/getLeagueData/La_liga/2024,2024-12-04,True
2024-12-06,Celta,Mallorca,1.19949,1.09038,27136,2024,https://understat.com/getLeagueData/La_liga/2024,2024-12-06,True
2024-12-07,Betis,Barcelona,2.76257,1.54117,27139,2024,https://understat.com/getLeagueData/La_liga/2024,2024-12-07,True
2024-12-07,Girona,Real Madrid,0.351337,1.16034,27137,2024,https://understat.com/getLeagueData/La_liga/2024,2024-12-07,True
2024-12-07,Las Palmas,Valladolid,1.27625,1.30835,27138,2024,https://understat.com/getLeagueData/La_liga/2024,2024-12-07,True
2024-12-07,Valencia,Vallecano,1.0002,1.02294,27140,2024,https://understat.com/getLeagueData/La_liga/2024,2024-12-07,True
2024-12-08,Ath Bilbao,Villarreal,1.31484,0.796459,27134,2024,https://understat.com/getLeagueData/La_liga/2024,2024-12-08,True
2024-12-08,Ath Madrid,Sevilla,2.32183,0.635773,27135,2024,https://understat.com/getLeagueData/La_liga/2024,2024-12-08,True
2024-12-08,Leganes,Sociedad,0.463722,1.74462,27133,2024,https://understat.com/getLeagueData/La_liga/2024,2024-12-08,True
2024-12-08,Osasuna,Alaves,2.31345,1.50067,27141,2024,https://understat.com/getLeagueData/La_liga/2024,2024-12-08,True
2024-12-09,Getafe,Espanol,0.530268,1.17303,27132,2024,https://understat.com/getLeagueData/La_liga/2024,2024-12-09,True
2024-12-13,Valladolid,Valencia,0.531831,0.657242,27147,2024,https://understat.com/getLeagueData/La_liga/2024,2024-12-13,True
2024-12-14,Espanol,Osasuna,0.298744,0.213917,27150,2024,https://understat.com/getLeagueData/La_liga/2024,2024-12-14,True
2024-12-14,Mallorca,Girona,1.65091,0.939735,27146,2024,https://understat.com/getLeagueData/La_liga/2024,2024-12-14,True
2024-12-14,Sevilla,Celta,0.487466,0.928845,27145,2024,https://understat.com/getLeagueData/La_liga/2024,2024-12-14,True
2024-12-14,Vallecano,Real Madrid,1.60769,1.15429,27144,2024,https://understat.com/getLeagueData/La_liga/2024,2024-12-14,True
2024-12-15,Alaves,Ath Bilbao,0.803776,0.843706,27149,2024,https://understat.com/getLeagueData/La_liga/2024,2024-12-15,True
2024-12-15,Ath Madrid,Getafe,1.85376,0.238672,27142,2024,https://understat.com/getLeagueData/La_liga/2024,2024-12-15,True
2024-12-15,Barcelona,Leganes,2.16597,0.77236,27143,2024,https://understat.com/getLeagueData/La_liga/2024,2024-12-15,True
2024-12-15,Sociedad,Las Palmas,1.24562,0.840973,27151,2024,https://understat.com/getLeagueData/La_liga/2024,2024-12-15,True
2024-12-15,Villarreal,Betis,1.60957,1.6735,27148,2024,https://understat.com/getLeagueData/La_liga/2024,2024-12-15,True
2024-12-18,Espanol,Valencia,1.87851,1.78128,27102,2024,https://understat.com/getLeagueData/La_liga/2024,2024-12-18,True
2024-12-18,Villarreal,Vallecano,2.52908,1.85712,27098,2024,https://understat.com/getLeagueData/La_liga/2024,2024-12-18,True
2024-12-20,Girona,Valladolid,2.16439,0.0119855,27156,2024,https://understat.com/getLeagueData/La_liga/2024,2024-12-20,True
2024-12-21,Barcelona,Ath Madrid,3.37424,0.710716,27160,2024,https://understat.com/getLeagueData/La_liga/2024,2024-12-21,True
2024-12-21,Celta,Sociedad,1.22165,0.314488,27154,2024,https://understat.com/getLeagueData/La_liga/2024,2024-12-21,True
2024-12-21,Getafe,Mallorca,0.735241,2.06274,27155,2024,https://understat.com/getLeagueData/La_liga/2024,2024-12-21,True
2024-12-21,Osasuna,Ath Bilbao,0.417557,1.18093,27159,2024,https://understat.com/getLeagueData/La_liga/2024,2024-12-21,True
2024-12-22,Betis,Vallecano,1.93031,0.878426,27153,2024,https://understat.com/getLeagueData/La_liga/2024,2024-12-22,True
2024-12-22,Las Palmas,Espanol,0.956162,0.878983,27152,2024,https://understat.com/getLeagueData/La_liga/2024,2024-12-22,True
2024-12-22,Leganes,Villarreal,1.47457,4.01011,27158,2024,https://understat.com/getLeagueData/La_liga/2024,2024-12-22,True
2024-12-22,Real Madrid,Sevilla,2.90098,1.41183,27157,2024,https://understat.com/getLeagueData/La_liga/2024,2024-12-22,True
2024-12-22,Valencia,Alaves,1.34762,1.54294,27161,2024,https://understat.com/getLeagueData/La_liga/2024,2024-12-22,True
2025-01-03,Valencia,Real Madrid,1.35313,2.69157,27099,2024,https://understat.com/getLeagueData/La_liga/2024,2025-01-03,True
2025-01-10,Vallecano,Celta,1.00439,3.25801,27169,2024,https://understat.com/getLeagueData/La_liga/2024,2025-01-10,True
2025-01-11,Alaves,Girona,1.72201,0.625652,27166,2024,https://understat.com/getLeagueData/La_liga/2024,2025-01-11,True
2025-01-11,Espanol,Leganes,1.05544,1.92496,27171,2024,https://understat.com/getLeagueData/La_liga/2024,2025-01-11,True
2025-01-11,Sevilla,Valencia,0.734356,1.08107,27165,2024,https://understat.com/getLeagueData/La_liga/2024,2025-01-11,True
2025-01-11,Valladolid,Betis,1.62446,1.03813,27168,2024,https://understat.com/getLeagueData/La_liga/2024,2025-01-11,True
2025-01-12,Ath Madrid,Osasuna,2.28719,0.391974,27163,2024,https://understat.com/getLeagueData/La_liga/2024,2025-01-12,True
2025-01-12,Las Palmas,Getafe,1.62636,1.39575,27170,2024,https://understat.com/getLeagueData/La_liga/2024,2025-01-12,True
2025-01-13,Sociedad,Villarreal,0.805968,1.22527,27164,2024,https://understat.com/getLeagueData/La_liga/2024,2025-01-13,True
2025-01-17,Espanol,Valladolid,1.28839,1.72021,27172,2024,https://understat.com/getLeagueData/La_liga/2024,2025-01-17,True
2025-01-18,Betis,Alaves,0.501492,1.6539,27181,2024,https://understat.com/getLeagueData/La_liga/2024,2025-01-18,True
2025-01-18,Getafe,Barcelona,1.16921,3.50383,27177,2024,https://understat.com/getLeagueData/La_liga/2024,2025-01-18,True
2025-01-18,Girona,Sevilla,1.14329,3.09224,27173,2024,https://understat.com/getLeagueData/La_liga/2024,2025-01-18,True
2025-01-18,Leganes,Ath Madrid,0.770342,3.0563,27176,2024,https://understat.com/getLeagueData/La_liga/2024,2025-01-18,True
2025-01-19,Celta,Ath Bilbao,0.40033,2.49675,27175,2024,https://understat.com/getLeagueData/La_liga/2024,2025-01-19,True
2025-01-19,Osasuna,Vallecano,0.660386,0.797534,27174,2024,https://understat.com/getLeagueData/La_liga/2024,2025-01-19,True
2025-01-19,Real Madrid,Las Palmas,6.40549,1.06201,27180,2024,https://understat.com/getLeagueData/La_liga/2024,2025-01-19,True
2025-01-19,Valencia,Sociedad,1.77248,0.758224,27179,2024,https://understat.com/getLeagueData/La_liga/2024,2025-01-19,True
2025-01-20,Villarreal,Mallorca,2.35437,0.390989,27178,2024,https://understat.com/getLeagueData/La_liga/2024,2025-01-20,True
2025-01-24,Las Palmas,Osasuna,0.833212,2.53692,27185,2024,https://understat.com/getLeagueData/La_liga/2024,2025-01-24,True
2025-01-25,Ath Madrid,Villarreal,1.72274,1.78456,27183,2024,https://understat.com/getLeagueData/La_liga/2024,2025-01-25,True
2025-01-25,Mallorca,Betis,0.789384,0.59491,27187,2024,https://understat.com/getLeagueData/La_liga/2024,2025-01-25,True
2025-01-25,Sevilla,Espanol,1.15013,1.27943,27191,2024,https://understat.com/getLeagueData/La_liga/2024,2025-01-25,True
2025-01-25,Valladolid,Real Madrid,0.234653,2.45677,27190,2024,https://understat.com/getLeagueData/La_liga/2024,2025-01-25,True
2025-01-26,Ath Bilbao,Leganes,2.27277,1.57401,27182,2024,https://understat.com/getLeagueData/La_liga/2024,2025-01-26,True
2025-01-26,Barcelona,Valencia,4.35875,1.30328,27184,2024,https://understat.com/getLeagueData/La_liga/2024,2025-01-26,True
2025-01-26,Sociedad,Getafe,1.26074,2.01027,27188,2024,https://understat.com/getLeagueData/La_liga/2024,2025-01-26,True
2025-01-26,Vallecano,Girona,3.01055,1.56182,27189,2024,https://understat.com/getLeagueData/La_liga/2024,2025-01-26,True
2025-01-27,Alaves,Celta,0.891741,0.155093,27186,2024,https://understat.com/getLeagueData/La_liga/2024,2025-01-27,True
2025-01-31,Leganes,Vallecano,1.00009,2.39088,27197,2024,https://understat.com/getLeagueData/La_liga/2024,2025-01-31,True
2025-02-01,Ath Madrid,Mallorca,1.59869,0.421783,27192,2024,https://understat.com/getLeagueData/La_liga/2024,2025-02-01,True
2025-02-01,Espanol,Real Madrid,0.52719,1.52796,27201,2024,https://understat.com/getLeagueData/La_liga/2024,2025-02-01,True
2025-02-01,Getafe,Sevilla,0.922731,0.871043,27193,2024,https://understat.com/getLeagueData/La_liga/2024,2025-02-01,True
2025-02-01,Villarreal,Valladolid,3.89354,0.747261,27196,2024,https://understat.com/getLeagueData/La_liga/2024,2025-02-01,True
2025-02-02,Barcelona,Alaves,1.18526,0.126278,27200,2024,https://understat.com/getLeagueData/La_liga/2024,2025-02-02,True
2025-02-02,Betis,Ath Bilbao,1.31717,1.75905,27198,2024,https://understat.com/getLeagueData/La_liga/2024,2025-02-02,True
2025-02-02,Osasuna,Sociedad,1.11088,2.35115,27195,2024,https://understat.com/getLeagueData/La_liga/2024,2025-02-02,True
2025-02-02,Valencia,Celta,1.93065,0.51501,27199,2024,https://understat.com/getLeagueData/La_liga/2024,2025-02-02,True
2025-02-03,Girona,Las Palmas,2.19186,1.31791,27194,2024,https://understat.com/getLeagueData/La_liga/2024,2025-02-03,True
2025-02-07,Vallecano,Valladolid,2.87261,0.610157,27211,2024,https://understat.com/getLeagueData/La_liga/2024,2025-02-07,True
2025-02-08,Ath Bilbao,Girona,3.81937,0.0558089,27209,2024,https://understat.com/getLeagueData/La_liga/2024,2025-02-08,True
2025-02-08,Celta,Betis,1.75134,1.51159,27207,2024,https://understat.com/getLeagueData/La_liga/2024,2025-02-08,True
2025-02-08,Las Palmas,Villarreal,1.90619,1.26021,27203,2024,https://understat.com/getLeagueData/La_liga/2024,2025-02-08,True
2025-02-08,Real Madrid,Ath Madrid,2.55575,1.62463,27205,2024,https://understat.com/getLeagueData/La_liga/2024,2025-02-08,True
2025-02-09,Alaves,Getafe,1.25855,0.825065,27204,2024,https://understat.com/getLeagueData/La_liga/2024,2025-02-09,True
2025-02-09,Sevilla,Barcelona,0.921429,1.93199,27206,2024,https://understat.com/getLeagueData/La_liga/2024,2025-02-09,True
2025-02-09,Sociedad,Espanol,1.67839,0.872507,27202,2024,https://understat.com/getLeagueData/La_liga/2024,2025-02-09,True
2025-02-09,Valencia,Leganes,2.03187,0.417562,27208,2024,https://understat.com/getLeagueData/La_liga/2024,2025-02-09,True
2025-02-10,Mallorca,Osasuna,1.17321,1.81967,27210,2024,https://understat.com/getLeagueData/La_liga/2024,2025-02-10,True
2025-02-14,Girona,Getafe,1.287,0.95535,27213,2024,https://understat.com/getLeagueData/La_liga/2024,2025-02-14,True
2025-02-15,Ath Madrid,Celta,0.689105,1.45388,27212,2024,https://understat.com/getLeagueData/La_liga/2024,2025-02-15,True
2025-02-15,Leganes,Alaves,1.76328,1.4212,27219,2024,https://understat.com/getLeagueData/La_liga/2024,2025-02-15,True
2025-02-15,Osasuna,Real Madrid,1.64382,2.73344,27220,2024,https://understat.com/getLeagueData/La_liga/2024,2025-02-15,True
2025-02-15,Villarreal,Valencia,1.04228,0.740954,27216,2024,https://understat.com/getLeagueData/La_liga/2024,2025-02-15,True
2025-02-16,Betis,Sociedad,2.49445,0.20529,27218,2024,https://understat.com/getLeagueData/La_liga/2024,2025-02-16,True
2025-02-16,Espanol,Ath Bilbao,1.19577,0.896815,27221,2024,https://understat.com/getLeagueData/La_liga/2024,2025-02-16,True
2025-02-16,Mallorca,Las Palmas,2.33414,1.04401,27217,2024,https://understat.com/getLeagueData/La_liga/2024,2025-02-16,True
2025-02-16,Valladolid,Sevilla,0.532481,1.4827,27215,2024,https://understat.com/getLeagueData/La_liga/2024,2025-02-16,True
2025-02-17,Barcelona,Vallecano,2.82775,1.30941,27214,2024,https://understat.com/getLeagueData/La_liga/2024,2025-02-17,True
2025-02-21,Celta,Osasuna,2.31891,0.838476,27223,2024,https://understat.com/getLeagueData/La_liga/2024,2025-02-21,True
2025-02-22,Alaves,Espanol,1.54627,0.495881,27231,2024,https://understat.com/getLeagueData/La_liga/2024,2025-02-22,True
2025-02-22,Las Palmas,Barcelona,0.431009,1.66486,27226,2024,https://understat.com/getLeagueData/La_liga/2024,2025-02-22,True
2025-02-22,Valencia,Ath Madrid,1.35435,2.31785,27225,2024,https://understat.com/getLeagueData/La_liga/2024,2025-02-22,True
2025-02-22,Vallecano,Villarreal,0.514336,0.79404,27224,2024,https://understat.com/getLeagueData/La_liga/2024,2025-02-22,True
2025-02-23,Ath Bilbao,Valladolid,5.3162,0.598765,27222,2024,https://understat.com/getLeagueData/La_liga/2024,2025-02-23,True
2025-02-23,Getafe,Betis,0.86267,2.34571,27227,2024,https://understat.com/getLeagueData/La_liga/2024,2025-02-23,True
2025-02-23,Real Madrid,Girona,2.36313,0.325619,27228,2024,https://understat.com/getLeagueData/La_liga/2024,2025-02-23,True
2025-02-23,Sociedad,Leganes,1.0679,0.256673,27230,2024,https://understat.com/getLeagueData/La_liga/2024,2025-02-23,True
2025-02-24,Sevilla,Mallorca,1.5822,1.64957,27229,2024,https://understat.com/getLeagueData/La_liga/2024,2025-02-24,True
2025-02-28,Valladolid,Las Palmas,2.17386,0.163235,27239,2024,https://understat.com/getLeagueData/La_liga/2024,2025-02-28,True
2025-03-01,Ath Madrid,Ath Bilbao,2.01612,1.54329,27236,2024,https://understat.com/getLeagueData/La_liga/2024,2025-03-01,True
2025-03-01,Betis,Real Madrid,2.23957,1.05072,27233,2024,https://understat.com/getLeagueData/La_liga/2024,2025-03-01,True
2025-03-01,Girona,Celta,0.89503,1.64758,27237,2024,https://understat.com/getLeagueData/La_liga/2024,2025-03-01,True
2025-03-01,Vallecano,Sevilla,2.59009,0.807803,27235,2024,https://understat.com/getLeagueData/La_liga/2024,2025-03-01,True
2025-03-02,Barcelona,Sociedad,3.63697,0.0,27232,2024,https://understat.com/getLeagueData/La_liga/2024,2025-03-02,True
2025-03-02,Leganes,Getafe,0.554524,0.585024,27238,2024,https://understat.com/getLeagueData/La_liga/2024,2025-03-02,True
2025-03-02,Mallorca,Alaves,1.83195,1.63763,27240,2024,https://understat.com/getLeagueData/La_liga/2024,2025-03-02,True
2025-03-02,Osasuna,Valencia,1.26777,1.54983,27234,2024,https://understat.com/getLeagueData/La_liga/2024,2025-03-02,True
2025-03-08,Alaves,Villarreal,1.21479,2.63287,27249,2024,https://understat.com/getLeagueData/La_liga/2024,2025-03-08,True
2025-03-08,Celta,Leganes,1.07104,0.99815,27246,2024,https://understat.com/getLeagueData/La_liga/2024,2025-03-08,True
2025-03-08,Valencia,Valladolid,2.37105,0.645621,27248,2024,https://understat.com/getLeagueData/La_liga/2024,2025-03-08,True
2025-03-09,Ath Bilbao,Mallorca,0.938663,1.02509,27243,2024,https://understat.com/getLeagueData/La_liga/2024,2025-03-09,True
2025-03-09,Betis,Las Palmas,2.31412,0.426529,27245,2024,https://understat.com/getLeagueData/La_liga/2024,2025-03-09,True
2025-03-09,Getafe,Ath Madrid,1.39814,1.02142,27250,2024,https://understat.com/getLeagueData/La_liga/2024,2025-03-09,True
2025-03-09,Real Madrid,Vallecano,1.59439,1.21003,27251,2024,https://understat.com/getLeagueData/La_liga/2024,2025-03-09,True
2025-03-09,Sociedad,Sevilla,0.803868,1.01162,27247,2024,https://understat.com/getLeagueData/La_liga/2024,2025-03-09,True
2025-03-10,Espanol,Girona,0.325296,1.58787,27242,2024,https://understat.com/getLeagueData/La_liga/2024,2025-03-10,True
2025-03-14,Las Palmas,Alaves,1.94387,1.49888,27260,2024,https://understat.com/getLeagueData/La_liga/2024,2025-03-14,True
2025-03-15,Girona,Valencia,1.17978,1.21975,27253,2024,https://understat.com/getLeagueData/La_liga/2024,2025-03-15,True
2025-03-15,Mallorca,Espanol,2.57036,0.184342,27261,2024,https://understat.com/getLeagueData/La_liga/2024,2025-03-15,True
2025-03-15,Valladolid,Celta,0.839415,1.81654,27257,2024,https://understat.com/getLeagueData/La_liga/2024,2025-03-15,True
2025-03-15,Villarreal,Real Madrid,2.00539,1.10001,27259,2024,https://understat.com/getLeagueData/La_liga/2024,2025-03-15,True
2025-03-16,Ath Madrid,Barcelona,1.09435,2.16215,27252,2024,https://understat.com/getLeagueData/La_liga/2024,2025-03-16,True
2025-03-16,Leganes,Betis,1.57329,2.92809,27256,2024,https://understat.com/getLeagueData/La_liga/2024,2025-03-16,True
2025-03-16,Osasuna,Getafe,2.08486,0.900928,27258,2024,https://understat.com/getLeagueData/La_liga/2024,2025-03-16,True
2025-03-16,Sevilla,Ath Bilbao,0.459323,1.64488,27255,2024,https://understat.com/getLeagueData/La_liga/2024,2025-03-16,True
2025-03-16,Vallecano,Sociedad,0.536859,0.905535,27254,2024,https://understat.com/getLeagueData/La_liga/2024,2025-03-16,True
2025-03-27,Barcelona,Osasuna,4.63707,0.53356,27244,2024,https://understat.com/getLeagueData/La_liga/2024,2025-03-27,True
2025-03-29,Alaves,Vallecano,1.60064,0.681703,27266,2024,https://understat.com/getLeagueData/La_liga/2024,2025-03-29,True
2025-03-29,Espanol,Ath Madrid,0.985043,0.994468,27262,2024,https://understat.com/getLeagueData/La_liga/2024,2025-03-29,True
2025-03-29,Real Madrid,Leganes,3.59257,2.38359,27268,2024,https://understat.com/getLeagueData/La_liga/2024,2025-03-29,True
2025-03-29,Sociedad,Valladolid,1.32811,1.29525,27265,2024,https://understat.com/getLeagueData/La_liga/2024,2025-03-29,True
2025-03-30,Ath Bilbao,Osasuna,0.759463,0.564979,27269,2024,https://understat.com/getLeagueData/La_liga/2024,2025-03-30,True
2025-03-30,Barcelona,Girona,2.75333,0.490847,27270,2024,https://understat.com/getLeagueData/La_liga/2024,2025-03-30,True
2025-03-30,Betis,Sevilla,0.894203,0.867589,27271,2024,https://understat.com/getLeagueData/La_liga/2024,2025-03-30,True
2025-03-30,Getafe,Villarreal,0.940085,1.38471,27264,2024,https://understat.com/getLeagueData/La_liga/2024,2025-03-30,True
2025-03-30,Valencia,Mallorca,0.731544,0.657805,27267,2024,https://understat.com/getLeagueData/La_liga/2024,2025-03-30,True
2025-03-31,Celta,Las Palmas,1.07663,0.52734,27263,2024,https://understat.com/getLeagueData/La_liga/2024,2025-03-31,True
2025-04-04,Vallecano,Espanol,0.501253,3.48741,27281,2024,https://understat.com/getLeagueData/La_liga/2024,2025-04-04,True
2025-04-05,Barcelona,Betis,1.46844,0.249939,27272,2024,https://understat.com/getLeagueData/La_liga/2024,2025-04-05,True
2025-04-05,Girona,Alaves,1.73306,0.805674,27280,2024,https://understat.com/getLeagueData/La_liga/2024,2025-04-05,True
2025-04-05,Mallorca,Celta,0.670008,1.12056,27278,2024,https://understat.com/getLeagueData/La_liga/2024,2025-04-05,True
2025-04-05,Real Madrid,Valencia,3.36121,1.08997,27273,2024,https://understat.com/getLeagueData/La_liga/2024,2025-04-05,True
2025-04-06,Las Palmas,Sociedad,1.75387,2.81501,27274,2024,https://understat.com/getLeagueData/La_liga/2024,2025-04-06,True
2025-04-06,Sevilla,Ath Madrid,0.818692,1.23653,27277,2024,https://understat.com/getLeagueData/La_liga/2024,2025-04-06,True
2025-04-06,Valladolid,Getafe,0.300994,2.80288,27279,2024,https://understat.com/getLeagueData/La_liga/2024,2025-04-06,True
2025-04-06,Villarreal,Ath Bilbao,1.59491,0.998653,27276,2024,https://understat.com/getLeagueData/La_liga/2024,2025-04-06,True
2025-04-07,Leganes,Osasuna,2.22334,2.07408,27275,2024,https://understat.com/getLeagueData/La_liga/2024,2025-04-07,True
2025-04-11,Valencia,Sevilla,1.42634,0.910522,27291,2024,https://understat.com/getLeagueData/La_liga/2024,2025-04-11,True
2025-04-12,Celta,Espanol,0.824366,0.780846,27282,2024,https://understat.com/getLeagueData/La_liga/2024,2025-04-12,True
2025-04-12,Getafe,Las Palmas,1.61783,1.54225,27286,2024,https://understat.com/getLeagueData/La_liga/2024,2025-04-12,True
2025-04-12,Leganes,Barcelona,0.5988,1.10105,27288,2024,https://understat.com/getLeagueData/La_liga/2024,2025-04-12,True
2025-04-12,Sociedad,Mallorca,0.616782,0.801126,27290,2024,https://understat.com/getLeagueData/La_liga/2024,2025-04-12,True
2025-04-13,Alaves,Real Madrid,0.607781,1.26541,27287,2024,https://understat.com/getLeagueData/La_liga/2024,2025-04-13,True
2025-04-13,Ath Bilbao,Vallecano,1.97654,1.81883,27283,2024,https://understat.com/getLeagueData/La_liga/2024,2025-04-13,True
2025-04-13,Betis,Villarreal,2.04046,1.32607,27285,2024,https://understat.com/getLeagueData/La_liga/2024,2025-04-13,True
2025-04-13,Osasuna,Girona,1.68846,0.57428,27289,2024,https://understat.com/getLeagueData/La_liga/2024,2025-04-13,True
2025-04-14,Ath Madrid,Valladolid,4.06291,1.38016,27284,2024,https://understat.com/getLeagueData/La_liga/2024,2025-04-14,True
2025-04-18,Espanol,Getafe,0.367268,0.736613,27301,2024,https://understat.com/getLeagueData/La_liga/2024,2025-04-18,True
2025-04-19,Barcelona,Celta,2.56587,2.50499,27292,2024,https://understat.com/getLeagueData/La_liga/2024,2025-04-19,True
2025-04-19,Las Palmas,Ath Madrid,0.768437,0.757145,27295,2024,https://understat.com/getLeagueData/La_liga/2024,2025-04-19,True
2025-04-19,Mallorca,Leganes,1.06921,0.951824,27300,2024,https://understat.com/getLeagueData/La_liga/2024,2025-04-19,True
2025-04-19,Vallecano,Valencia,0.722317,2.06284,27293,2024,https://understat.com/getLeagueData/La_liga/2024,2025-04-19,True
2025-04-20,Real Madrid,Ath Bilbao,2.40667,0.132511,27294,2024,https://understat.com/getLeagueData/La_liga/2024,2025-04-20,True
2025-04-20,Sevilla,Alaves,1.89613,1.30312,27299,2024,https://understat.com/getLeagueData/La_liga/2024,2025-04-20,True
2025-04-20,Valladolid,Osasuna,1.45455,2.36202,27297,2024,https://understat.com/getLeagueData/La_liga/2024,2025-04-20,True
2025-04-20,Villarreal,Sociedad,2.14498,2.29777,27298,2024,https://understat.com/getLeagueData/La_liga/2024,2025-04-20,True
2025-04-21,Girona,Betis,1.10326,2.28252,27296,2024,https://understat.com/getLeagueData/La_liga/2024,2025-04-21,True
2025-04-22,Barcelona,Mallorca,3.43457,0.326579,27305,2024,https://understat.com/getLeagueData/La_liga/2024,2025-04-22,True
2025-04-22,Valencia,Espanol,1.07897,0.344156,27302,2024,https://understat.com/getLeagueData/La_liga/2024,2025-04-22,True
2025-04-23,Alaves,Sociedad,0.815479,0.472083,27310,2024,https://understat.com/getLeagueData/La_liga/2024,2025-04-23,True
2025-04-23,Ath Bilbao,Las Palmas,2.63805,1.01774,27303,2024,https://understat.com/getLeagueData/La_liga/2024,2025-04-23,True
2025-04-23,Celta,Villarreal,3.19678,0.5946,27307,2024,https://understat.com/getLeagueData/La_liga/2024,2025-04-23,True
2025-04-23,Getafe,Real Madrid,2.53565,1.74803,27308,2024,https://understat.com/getLeagueData/La_liga/2024,2025-04-23,True
2025-04-24,Ath Madrid,Vallecano,3.34529,1.13186,27304,2024,https://understat.com/getLeagueData/La_liga/2024,2025-04-24,True
2025-04-24,Betis,Valladolid,2.26702,0.839722,27306,2024,https://understat.com/getLeagueData/La_liga/2024,2025-04-24,True
2025-04-24,Leganes,Girona,0.330809,0.764098,27311,2024,https://understat.com/getLeagueData/La_liga/2024,2025-04-24,True
2025-04-24,Osasuna,Sevilla,0.373711,0.934425,27309,2024,https://understat.com/getLeagueData/La_liga/2024,2025-04-24,True
2025-04-27,Villarreal,Espanol,1.35413,1.53522,27241,2024,https://understat.com/getLeagueData/La_liga/2024,2025-04-27,True
2025-05-02,Vallecano,Getafe,1.2162,0.8041,27318,2024,https://understat.com/getLeagueData/La_liga/2024,2025-05-02,True
2025-05-03,Alaves,Ath Madrid,0.908148,0.391409,27314,2024,https://understat.com/getLeagueData/La_liga/2024,2025-05-03,True
2025-05-03,Las Palmas,Valencia,1.80995,1.6731,27313,2024,https://understat.com/getLeagueData/La_liga/2024,2025-05-03,True
2025-05-03,Valladolid,Barcelona,0.745612,2.21168,27316,2024,https://understat.com/getLeagueData/La_liga/2024,2025-05-03,True
2025-05-03,Villarreal,Osasuna,2.30041,1.41412,27319,2024,https://understat.com/getLeagueData/La_liga/2024,2025-05-03,True
2025-05-04,Espanol,Betis,0.873167,1.05631,27321,2024,https://understat.com/getLeagueData/La_liga/2024,2025-05-04,True
2025-05-04,Real Madrid,Celta,3.07408,2.13071,27317,2024,https://understat.com/getLeagueData/La_liga/2024,2025-05-04,True
2025-05-04,Sevilla,Leganes,2.33742,0.804853,27320,2024,https://understat.com/getLeagueData/La_liga/2024,2025-05-04,True
2025-05-04,Sociedad,Ath Bilbao,0.893155,0.232928,27315,2024,https://understat.com/getLeagueData/La_liga/2024,2025-05-04,True
2025-05-05,Girona,Mallorca,1.77813,0.488126,27312,2024,https://understat.com/getLeagueData/La_liga/2024,2025-05-05,True
2025-05-09,Las Palmas,Vallecano,0.721442,1.00781,27329,2024,https://understat.com/getLeagueData/La_liga/2024,2025-05-09,True
2025-05-10,Ath Madrid,Sociedad,1.71528,0.298675,27323,2024,https://understat.com/getLeagueData/La_liga/2024,2025-05-10,True
2025-05-10,Celta,Sevilla,0.959531,2.61391,27326,2024,https://understat.com/getLeagueData/La_liga/2024,2025-05-10,True
2025-05-10,Girona,Villarreal,0.280235,2.28245,27327,2024,https://understat.com/getLeagueData/La_liga/2024,2025-05-10,True
2025-05-10,Mallorca,Valladolid,1.75638,2.76393,27328,2024,https://understat.com/getLeagueData/La_liga/2024,2025-05-10,True
2025-05-10,Valencia,Getafe,2.97396,0.590071,27330,2024,https://understat.com/getLeagueData/La_liga/2024,2025-05-10,True
2025-05-11,Ath Bilbao,Alaves,1.35049,0.642793,27331,2024,https://understat.com/getLeagueData/La_liga/2024,2025-05-11,True
2025-05-11,Barcelona,Real Madrid,4.10632,2.5616,27324,2024,https://understat.com/getLeagueData/La_liga/2024,2025-05-11,True
2025-05-11,Betis,Osasuna,0.359348,2.2272,27325,2024,https://understat.com/getLeagueData/La_liga/2024,2025-05-11,True
2025-05-11,Leganes,Espanol,2.05779,1.57739,27322,2024,https://understat.com/getLeagueData/La_liga/2024,2025-05-11,True
2025-05-13,Sevilla,Las Palmas,0.93125,0.399067,27340,2024,https://understat.com/getLeagueData/La_liga/2024,2025-05-13,True
2025-05-13,Sociedad,Celta,3.31324,1.29945,27337,2024,https://understat.com/getLeagueData/La_liga/2024,2025-05-13,True
2025-05-13,Valladolid,Girona,1.30694,1.56752,27338,2024,https://understat.com/getLeagueData/La_liga/2024,2025-05-13,True
2025-05-14,Alaves,Valencia,2.06262,0.584778,27333,2024,https://understat.com/getLeagueData/La_liga/2024,2025-05-14,True
2025-05-14,Real Madrid,Mallorca,3.46174,0.475193,27339,2024,https://understat.com/getLeagueData/La_liga/2024,2025-05-14,True
2025-05-14,Villarreal,Leganes,2.28885,1.19032,27341,2024,https://understat.com/getLeagueData/La_liga/2024,2025-05-14,True
2025-05-15,Espanol,Barcelona,1.51531,0.735877,27332,2024,https://understat.com/getLeagueData/La_liga/2024,2025-05-15,True
2025-05-15,Getafe,Ath Bilbao,0.73382,1.33336,27334,2024,https://understat.com/getLeagueData/La_liga/2024,2025-05-15,True
2025-05-15,Osasuna,Ath Madrid,1.07473,1.34093,27335,2024,https://understat.com/getLeagueData/La_liga/2024,2025-05-15,True
2025-05-15,Vallecano,Betis,1.30199,1.17134,27336,2024,https://understat.com/getLeagueData/La_liga/2024,2025-05-15,True
2025-05-18,Ath Madrid,Betis,4.94276,0.821908,27342,2024,https://understat.com/getLeagueData/La_liga/2024,2025-05-18,True
2025-05-18,Barcelona,Villarreal,1.569,1.96183,27343,2024,https://understat.com/getLeagueData/La_liga/2024,2025-05-18,True
2025-05-18,Celta,Vallecano,2.4242,0.906857,27344,2024,https://understat.com/getLeagueData/La_liga/2024,2025-05-18,True
2025-05-18,Las Palmas,Leganes,0.513718,1.06274,27350,2024,https://understat.com/getLeagueData/La_liga/2024,2025-05-18,True
2025-05-18,Mallorca,Getafe,0.809089,1.55977,27346,2024,https://understat.com/getLeagueData/La_liga/2024,2025-05-18,True
2025-05-18,Osasuna,Espanol,1.92502,0.572332,27351,2024,https://understat.com/getLeagueData/La_liga/2024,2025-05-18,True
2025-05-18,Sevilla,Real Madrid,0.484891,1.95992,27348,2024,https://understat.com/getLeagueData/La_liga/2024,2025-05-18,True
2025-05-18,Sociedad,Girona,1.87253,1.64512,27347,2024,https://understat.com/getLeagueData/La_liga/2024,2025-05-18,True
2025-05-18,Valencia,Ath Bilbao,0.388682,1.16214,27345,2024,https://understat.com/getLeagueData/La_liga/2024,2025-05-18,True
2025-05-18,Valladolid,Alaves,0.890453,1.22692,27349,2024,https://understat.com/getLeagueData/La_liga/2024,2025-05-18,True
2025-05-23,Betis,Valencia,1.15286,0.647724,27354,2024,https://understat.com/getLeagueData/La_liga/2024,2025-05-23,True
2025-05-24,Alaves,Osasuna,1.57466,1.88098,27356,2024,https://understat.com/getLeagueData/La_liga/2024,2025-05-24,True
2025-05-24,Espanol,Las Palmas,1.72167,0.735505,27352,2024,https://understat.com/getLeagueData/La_liga/2024,2025-05-24,True
2025-05-24,Getafe,Celta,0.35897,1.30818,27359,2024,https://understat.com/getLeagueData/La_liga/2024,2025-05-24,True
2025-05-24,Leganes,Valladolid,1.74736,0.479375,27357,2024,https://understat.com/getLeagueData/La_liga/2024,2025-05-24,True
2025-05-24,Real Madrid,Sociedad,2.61915,1.18496,27355,2024,https://understat.com/getLeagueData/La_liga/2024,2025-05-24,True
2025-05-24,Vallecano,Mallorca,2.11982,0.747939,27360,2024,https://understat.com/getLeagueData/La_liga/2024,2025-05-24,True
2025-05-25,Ath Bilbao,Barcelona,0.750806,3.36402,27353,2024,https://understat.com/getLeagueData/La_liga/2024,2025-05-25,True
2025-05-25,Girona,Ath Madrid,0.0503369,3.10637,27358,2024,https://understat.com/getLeagueData/La_liga/2024,2025-05-25,True
2025-05-25,Villarreal,Sevilla,1.28805,1.64829,27361,2024,https://understat.com/getLeagueData/La_liga/2024,2025-05-25,True
2025-08-15,Girona,Vallecano,0.795304,3.25355,29158,2025,https://understat.com/getLeagueData/La_liga/2025,2025-08-15,True
2025-08-15,Villarreal,Oviedo,2.60739,0.85578,29159,2025,https://understat.com/getLeagueData/La_liga/2025,2025-08-15,True
2025-08-16,Alaves,Levante,1.72315,0.74203,29161,2025,https://understat.com/getLeagueData/La_liga/2025,2025-08-16,True
2025-08-16,Mallorca,Barcelona,0.529217,2.0243,29160,2025,https://understat.com/getLeagueData/La_liga/2025,2025-08-16,True
2025-08-16,Valencia,Sociedad,1.58599,1.04897,29162,2025,https://understat.com/getLeagueData/La_liga/2025,2025-08-16,True
2025-08-17,Ath Bilbao,Sevilla,2.67586,0.901645,29164,2025,https://understat.com/getLeagueData/La_liga/2025,2025-08-17,True
2025-08-17,Celta,Getafe,0.744247,1.50131,29163,2025,https://understat.com/getLeagueData/La_liga/2025,2025-08-17,True
2025-08-17,Espanol,Ath Madrid,1.41508,1.29319,29165,2025,https://understat.com/getLeagueData/La_liga/2025,2025-08-17,True
2025-08-18,Elche,Betis,0.981494,1.59562,29166,2025,https://understat.com/getLeagueData/La_liga/2025,2025-08-18,True
2025-08-19,Real Madrid,Osasuna,1.4294,0.201044,29167,2025,https://understat.com/getLeagueData/La_liga/2025,2025-08-19,True
2025-08-22,Betis,Alaves,2.13985,1.43838,29168,2025,https://understat.com/getLeagueData/La_liga/2025,2025-08-22,True
2025-08-23,Ath Madrid,Elche,1.68159,0.313268,29170,2025,https://understat.com/getLeagueData/La_liga/2025,2025-08-23,True
2025-08-23,Levante,Barcelona,2.68812,2.48128,29171,2025,https://understat.com/getLeagueData/La_liga/2025,2025-08-23,True
2025-08-23,Mallorca,Celta,0.664974,0.917413,29169,2025,https://understat.com/getLeagueData/La_liga/2025,2025-08-23,True
2025-08-24,Osasuna,Valencia,0.946758,0.589594,29172,2025,https://understat.com/getLeagueData/La_liga/2025,2025-08-24,True
2025-08-24,Oviedo,Real Madrid,0.33749,1.82072,29175,2025,https://understat.com/getLeagueData/La_liga/2025,2025-08-24,True
2025-08-24,Sociedad,Espanol,1.43366,1.87234,29174,2025,https://understat.com/getLeagueData/La_liga/2025,2025-08-24,True
2025-08-24,Villarreal,Girona,2.97707,0.140267,29173,2025,https://understat.com/getLeagueData/La_liga/2025,2025-08-24,True
2025-08-25,Ath Bilbao,Vallecano,1.68759,0.493587,29176,2025,https://understat.com/getLeagueData/La_liga/2025,2025-08-25,True
2025-08-25,Sevilla,Getafe,0.833075,1.32944,29177,2025,https://understat.com/getLeagueData/La_liga/2025,2025-08-25,True
2025-08-27,Celta,Betis,0.905201,0.714458,29178,2025,https://understat.com/getLeagueData/La_liga/2025,2025-08-27,True
2025-08-29,Elche,Levante,1.44309,0.969663,29179,2025,https://understat.com/getLeagueData/La_liga/2025,2025-08-29,True
2025-08-29,Valencia,Getafe,1.54336,0.757418,29180,2025,https://understat.com/getLeagueData/La_liga/2025,2025-08-29,True
2025-08-30,Alaves,Ath Madrid,0.855094,0.960547,29181,2025,https://understat.com/getLeagueData/La_liga/2025,2025-08-30,True
2025-08-30,Girona,Sevilla,2.00908,1.62032,29183,2025,https://understat.com/getLeagueData/La_liga/2025,2025-08-30,True
2025-08-30,Oviedo,Sociedad,0.45706,0.92221,29182,2025,https://understat.com/getLeagueData/La_liga/2025,2025-08-30,True
2025-08-30,Real Madrid,Mallorca,1.84116,0.549872,29184,2025,https://understat.com/getLeagueData/La_liga/2025,2025-08-30,True
2025-08-31,Betis,Ath Bilbao,0.716186,1.11141,29186,2025,https://understat.com/getLeagueData/La_liga/2025,2025-08-31,True
2025-08-31,Celta,Villarreal,0.876041,0.96978,29185,2025,https://understat.com/getLeagueData/La_liga/2025,2025-08-31,True
2025-08-31,Espanol,Osasuna,1.36886,1.38167,29187,2025,https://understat.com/getLeagueData/La_liga/2025,2025-08-31,True
2025-08-31,Vallecano,Barcelona,1.87124,2.35774,29188,2025,https://understat.com/getLeagueData/La_liga/2025,2025-08-31,True
2025-09-12,Sevilla,Elche,0.346397,0.781151,29189,2025,https://understat.com/getLeagueData/La_liga/2025,2025-09-12,True
2025-09-13,Ath Bilbao,Alaves,0.866662,0.090756,29196,2025,https://understat.com/getLeagueData/La_liga/2025,2025-09-13,True
2025-09-13,Ath Madrid,Villarreal,1.5106,0.668177,29193,2025,https://understat.com/getLeagueData/La_liga/2025,2025-09-13,True
2025-09-13,Getafe,Oviedo,0.954087,0.369812,29190,2025,https://understat.com/getLeagueData/La_liga/2025,2025-09-13,True
2025-09-13,Sociedad,Real Madrid,3.14772,2.54171,29195,2025,https://understat.com/getLeagueData/La_liga/2025,2025-09-13,True
2025-09-14,Barcelona,Valencia,3.46022,0.12495,29194,2025,https://understat.com/getLeagueData/La_liga/2025,2025-09-14,True
2025-09-14,Celta,Girona,1.80278,1.41213,29192,2025,https://understat.com/getLeagueData/La_liga/2025,2025-09-14,True
2025-09-14,Levante,Betis,1.02425,2.19546,29191,2025,https://understat.com/getLeagueData/La_liga/2025,2025-09-14,True
2025-09-14,Osasuna,Vallecano,1.4012,0.979149,29197,2025,https://understat.com/getLeagueData/La_liga/2025,2025-09-14,True
2025-09-15,Espanol,Mallorca,2.67405,2.03185,29198,2025,https://understat.com/getLeagueData/La_liga/2025,2025-09-15,True
2025-09-19,Betis,Sociedad,2.53579,0.606673,29200,2025,https://understat.com/getLeagueData/La_liga/2025,2025-09-19,True
2025-09-20,Alaves,Sevilla,0.910257,0.891992,29208,2025,https://understat.com/getLeagueData/La_liga/2025,2025-09-20,True
2025-09-20,Girona,Levante,0.423855,4.50183,29202,2025,https://understat.com/getLeagueData/La_liga/2025,2025-09-20,True
2025-09-20,Real Madrid,Espanol,2.06136,0.969443,29206,2025,https://understat.com/getLeagueData/La_liga/2025,2025-09-20,True
2025-09-20,Valencia,Ath Bilbao,2.01007,0.499198,29203,2025,https://understat.com/getLeagueData/La_liga/2025,2025-09-20,True
2025-09-20,Villarreal,Osasuna,3.56395,1.95599,29207,2025,https://understat.com/getLeagueData/La_liga/2025,2025-09-20,True
2025-09-21,Barcelona,Getafe,2.96429,0.215949,29199,2025,https://understat.com/getLeagueData/La_liga/2025,2025-09-21,True
2025-09-21,Elche,Oviedo,1.57497,1.10565,29201,2025,https://understat.com/getLeagueData/La_liga/2025,2025-09-21,True
2025-09-21,Mallorca,Ath Madrid,0.530939,2.08772,29204,2025,https://understat.com/getLeagueData/La_liga/2025,2025-09-21,True
2025-09-21,Vallecano,Celta,1.3145,1.28175,29205,2025,https://understat.com/getLeagueData/La_liga/2025,2025-09-21,True
2025-09-23,Ath Bilbao,Girona,2.02629,0.856618,29217,2025,https://understat.com/getLeagueData/La_liga/2025,2025-09-23,True
2025-09-23,Espanol,Valencia,3.31313,1.00785,29209,2025,https://understat.com/getLeagueData/La_liga/2025,2025-09-23,True
2025-09-23,Levante,Real Madrid,1.70121,4.06315,29210,2025,https://understat.com/getLeagueData/La_liga/2025,2025-09-23,True
2025-09-23,Sevilla,Villarreal,0.83617,2.40523,29211,2025,https://understat.com/getLeagueData/La_liga/2025,2025-09-23,True
2025-09-24,Ath Madrid,Vallecano,4.95017,1.61988,29216,2025,https://understat.com/getLeagueData/La_liga/2025,2025-09-24,True
2025-09-24,Getafe,Alaves,0.576203,1.21176,29212,2025,https://understat.com/getLeagueData/La_liga/2025,2025-09-24,True
2025-09-24,Sociedad,Mallorca,2.82857,0.641137,29215,2025,https://understat.com/getLeagueData/La_liga/2025,2025-09-24,True
2025-09-25,Osasuna,Elche,1.17524,1.05089,29214,2025,https://understat.com/getLeagueData/La_liga/2025,2025-09-25,True
2025-09-25,Oviedo,Barcelona,1.45014,2.07001,29213,2025,https://understat.com/getLeagueData/La_liga/2025,2025-09-25,True
2025-09-26,Girona,Espanol,1.07661,0.949116,29227,2025,https://understat.com/getLeagueData/La_liga/2025,2025-09-26,True
2025-09-27,Ath Madrid,Real Madrid,2.79075,1.02797,29219,2025,https://understat.com/getLeagueData/La_liga/2025,2025-09-27,True
2025-09-27,Getafe,Levante,0.830967,1.27833,29222,2025,https://understat.com/getLeagueData/La_liga/2025,2025-09-27,True
2025-09-27,Mallorca,Alaves,1.04267,0.566415,29224,2025,https://understat.com/getLeagueData/La_liga/2025,2025-09-27,True
2025-09-27,Villarreal,Ath Bilbao,1.86396,1.56287,29225,2025,https://understat.com/getLeagueData/La_liga/2025,2025-09-27,True
2025-09-28,Barcelona,Sociedad,3.00954,0.957079,29220,2025,https://understat.com/getLeagueData/La_liga/2025,2025-09-28,True
2025-09-28,Betis,Osasuna,1.18955,0.578485,29221,2025,https://understat.com/getLeagueData/La_liga/2025,2025-09-28,True
2025-09-28,Elche,Celta,4.03596,0.821768,29226,2025,https://understat.com/getLeagueData/La_liga/2025,2025-09-28,True
2025-09-28,Vallecano,Sevilla,1.89093,0.579597,29223,2025,https://understat.com/getLeagueData/La_liga/2025,2025-09-28,True
2025-09-30,Valencia,Oviedo,1.72261,0.997143,29218,2025,https://understat.com/getLeagueData/La_liga/2025,2025-09-29,True
2025-10-03,Osasuna,Getafe,0.692026,0.856515,29235,2025,https://understat.com/getLeagueData/La_liga/2025,2025-10-03,True
2025-10-04,Ath Bilbao,Mallorca,1.73351,0.213773,29229,2025,https://understat.com/getLeagueData/La_liga/2025,2025-10-04,True
2025-10-04,Girona,Valencia,1.16415,2.22808,29230,2025,https://understat.com/getLeagueData/La_liga/2025,2025-10-04,True
2025-10-04,Oviedo,Levante,1.08551,1.62121,29236,2025,https://understat.com/getLeagueData/La_liga/2025,2025-10-04,True
2025-10-04,Real Madrid,Villarreal,4.32336,0.956644,29231,2025,https://understat.com/getLeagueData/La_liga/2025,2025-10-04,True
2025-10-05,Alaves,Elche,2.85063,0.661537,29228,2025,https://understat.com/getLeagueData/La_liga/2025,2025-10-05,True
2025-10-05,Celta,Ath Madrid,2.27285,0.710823,29232,2025,https://understat.com/getLeagueData/La_liga/2025,2025-10-05,True
2025-10-05,Espanol,Betis,2.0699,1.43721,29234,2025,https://understat.com/getLeagueData/La_liga/2025,2025-10-05,True
2025-10-05,Sevilla,Barcelona,2.89414,2.4823,29233,2025,https://understat.com/getLeagueData/La_liga/2025,2025-10-05,True
2025-10-05,Sociedad,Vallecano,0.768998,0.684504,29237,2025,https://understat.com/getLeagueData/La_liga/2025,2025-10-05,True
2025-10-17,Oviedo,Espanol,1.21155,4.46256,29246,2025,https://understat.com/getLeagueData/La_liga/2025,2025-10-17,True
2025-10-18,Ath Madrid,Osasuna,2.24415,0.981492,29239,2025,https://understat.com/getLeagueData/La_liga/2025,2025-10-18,True
2025-10-18,Barcelona,Girona,2.41958,1.69375,29240,2025,https://understat.com/getLeagueData/La_liga/2025,2025-10-18,True
2025-10-18,Sevilla,Mallorca,1.25884,1.95555,29247,2025,https://understat.com/getLeagueData/La_liga/2025,2025-10-18,True
2025-10-18,Villarreal,Betis,0.980598,0.895532,29245,2025,https://understat.com/getLeagueData/La_liga/2025,2025-10-18,True
2025-10-19,Celta,Sociedad,0.717367,2.13562,29241,2025,https://understat.com/getLeagueData/La_liga/2025,2025-10-19,True
2025-10-19,Elche,Ath Bilbao,0.823916,0.240214,29244,2025,https://understat.com/getLeagueData/La_liga/2025,2025-10-19,True
2025-10-19,Getafe,Real Madrid,0.530119,2.14595,29242,2025,https://understat.com/getLeagueData/La_liga/2025,2025-10-19,True
2025-10-19,Levante,Vallecano,0.940509,2.53118,29243,2025,https://understat.com/getLeagueData/La_liga/2025,2025-10-19,True
2025-10-20,Alaves,Valencia,1.05624,0.318076,29238,2025,https://understat.com/getLeagueData/La_liga/2025,2025-10-20,True
2025-10-24,Sociedad,Sevilla,1.64382,0.247146,29250,2025,https://understat.com/getLeagueData/La_liga/2025,2025-10-24,True
2025-10-25,Ath Bilbao,Getafe,0.358524,1.00378,29248,2025,https://understat.com/getLeagueData/La_liga/2025,2025-10-25,True
2025-10-25,Espanol,Elche,1.70342,1.11414,29256,2025,https://understat.com/getLeagueData/La_liga/2025,2025-10-25,True
2025-10-25,Girona,Oviedo,2.24132,2.22406,29249,2025,https://understat.com/getLeagueData/La_liga/2025,2025-10-25,True
2025-10-25,Valencia,Villarreal,0.641435,2.62387,29251,2025,https://understat.com/getLeagueData/La_liga/2025,2025-10-25,True
2025-10-26,Mallorca,Levante,1.86979,2.3579,29257,2025,https://understat.com/getLeagueData/La_liga/2025,2025-10-26,True
2025-10-26,Osasuna,Celta,2.318,1.54054,29255,2025,https://understat.com/getLeagueData/La_liga/2025,2025-10-26,True
2025-10-26,Real Madrid,Barcelona,3.41322,1.12434,29254,2025,https://understat.com/getLeagueData/La_liga/2025,2025-10-26,True
2025-10-26,Vallecano,Alaves,1.54971,1.41466,29252,2025,https://understat.com/getLeagueData/La_liga/2025,2025-10-26,True
2025-10-27,Betis,Ath Madrid,1.33792,0.876554,29253,2025,https://understat.com/getLeagueData/La_liga/2025,2025-10-27,True
2025-10-31,Getafe,Girona,1.40213,1.54366,29262,2025,https://understat.com/getLeagueData/La_liga/2025,2025-10-31,True
2025-11-01,Ath Madrid,Sevilla,2.98632,0.376887,29259,2025,https://understat.com/getLeagueData/La_liga/2025,2025-11-01,True
2025-11-01,Real Madrid,Valencia,2.89965,0.292177,29263,2025,https://understat.com/getLeagueData/La_liga/2025,2025-11-01,True
2025-11-01,Sociedad,Ath Bilbao,1.8412,1.13112,29264,2025,https://understat.com/getLeagueData/La_liga/2025,2025-11-01,True
2025-11-01,Villarreal,Vallecano,2.7136,1.08632,29267,2025,https://understat.com/getLeagueData/La_liga/2025,2025-11-01,True
2025-11-02,Alaves,Espanol,2.18038,1.04283,29258,2025,https://understat.com/getLeagueData/La_liga/2025,2025-11-02,True
2025-11-02,Barcelona,Elche,2.8073,0.549079,29260,2025,https://understat.com/getLeagueData/La_liga/2025,2025-11-02,True
2025-11-02,Betis,Mallorca,2.82134,0.749852,29261,2025,https://understat.com/getLeagueData/La_liga/2025,2025-11-02,True
2025-11-02,Levante,Celta,1.23651,1.92474,29265,2025,https://understat.com/getLeagueData/La_liga/2025,2025-11-02,True
2025-11-03,Oviedo,Osasuna,0.717473,0.626317,29266,2025,https://understat.com/getLeagueData/La_liga/2025,2025-11-03,True
2025-11-07,Elche,Sociedad,0.808307,1.47221,29270,2025,https://understat.com/getLeagueData/La_liga/2025,2025-11-07,True
2025-11-08,Ath Madrid,Levante,3.03599,1.29112,29269,2025,https://understat.com/getLeagueData/La_liga/2025,2025-11-08,True
2025-11-08,Espanol,Villarreal,0.476157,1.47118,29271,2025,https://understat.com/getLeagueData/La_liga/2025,2025-11-08,True
2025-11-08,Girona,Alaves,1.26365,2.00772,29273,2025,https://understat.com/getLeagueData/La_liga/2025,2025-11-08,True
2025-11-08,Sevilla,Osasuna,1.22271,0.967352,29277,2025,https://understat.com/getLeagueData/La_liga/2025,2025-11-08,True
2025-11-09,Ath Bilbao,Oviedo,2.65219,0.182696,29268,2025,https://understat.com/getLeagueData/La_liga/2025,2025-11-09,True
2025-11-09,Celta,Barcelona,0.512253,3.42936,29274,2025,https://understat.com/getLeagueData/La_liga/2025,2025-11-09,True
2025-11-09,Mallorca,Getafe,1.30353,0.539674,29276,2025,https://understat.com/getLeagueData/La_liga/2025,2025-11-09,True
2025-11-09,Valencia,Betis,1.95148,1.58932,29275,2025,https://understat.com/getLeagueData/La_liga/2025,2025-11-09,True
2025-11-09,Vallecano,Real Madrid,1.60641,0.841463,29272,2025,https://understat.com/getLeagueData/La_liga/2025,2025-11-09,True
2025-11-21,Valencia,Levante,1.65038,0.67426,29286,2025,https://understat.com/getLeagueData/La_liga/2025,2025-11-21,True
2025-11-22,Alaves,Celta,0.3056,1.32351,29278,2025,https://understat.com/getLeagueData/La_liga/2025,2025-11-22,True
2025-11-22,Barcelona,Ath Bilbao,2.32922,1.04615,29284,2025,https://understat.com/getLeagueData/La_liga/2025,2025-11-22,True
2025-11-22,Osasuna,Sociedad,1.27964,1.76546,29282,2025,https://understat.com/getLeagueData/La_liga/2025,2025-11-22,True
2025-11-22,Villarreal,Mallorca,2.6371,1.38464,29287,2025,https://understat.com/getLeagueData/La_liga/2025,2025-11-22,True
2025-11-23,Betis,Girona,1.5784,1.48903,29279,2025,https://understat.com/getLeagueData/La_liga/2025,2025-11-23,True
2025-11-23,Elche,Real Madrid,1.59518,3.88258,29280,2025,https://understat.com/getLeagueData/La_liga/2025,2025-11-23,True
2025-11-23,Getafe,Ath Madrid,0.578828,1.47677,29285,2025,https://understat.com/getLeagueData/La_liga/2025,2025-11-23,True
2025-11-23,Oviedo,Vallecano,0.499406,0.922998,29283,2025,https://understat.com/getLeagueData/La_liga/2025,2025-11-23,True
2025-11-24,Espanol,Sevilla,1.16625,1.80002,29281,2025,https://understat.com/getLeagueData/La_liga/2025,2025-11-24,True
2025-11-28,Getafe,Elche,1.34046,0.448894,29297,2025,https://understat.com/getLeagueData/La_liga/2025,2025-11-28,True
2025-11-29,Ath Madrid,Oviedo,2.40693,0.921985,29288,2025,https://understat.com/getLeagueData/La_liga/2025,2025-11-29,True
2025-11-29,Barcelona,Alaves,2.51096,2.09256,29294,2025,https://understat.com/getLeagueData/La_liga/2025,2025-11-29,True
2025-11-29,Levante,Ath Bilbao,1.20253,2.80864,29295,2025,https://understat.com/getLeagueData/La_liga/2025,2025-11-29,True
2025-11-29,Mallorca,Osasuna,1.10581,1.11108,29291,2025,https://understat.com/getLeagueData/La_liga/2025,2025-11-29,True
2025-11-30,Celta,Espanol,0.635572,0.599243,29289,2025,https://understat.com/getLeagueData/La_liga/2025,2025-11-30,True
2025-11-30,Girona,Real Madrid,1.05171,2.21359,29290,2025,https://understat.com/getLeagueData/La_liga/2025,2025-11-30,True
2025-11-30,Sevilla,Betis,0.735196,1.17861,29296,2025,https://understat.com/getLeagueData/La_liga/2025,2025-11-30,True
2025-11-30,Sociedad,Villarreal,1.3715,1.63038,29293,2025,https://understat.com/getLeagueData/La_liga/2025,2025-11-30,True
2025-12-01,Vallecano,Valencia,2.13298,0.897663,29292,2025,https://understat.com/getLeagueData/La_liga/2025,2025-12-01,True
2025-12-02,Barcelona,Ath Madrid,3.46121,1.35018,29342,2025,https://understat.com/getLeagueData/La_liga/2025,2025-12-02,True
2025-12-03,Ath Bilbao,Real Madrid,0.917315,2.36743,29338,2025,https://understat.com/getLeagueData/La_liga/2025,2025-12-03,True
2025-12-05,Oviedo,Mallorca,1.60009,0.617185,29306,2025,https://understat.com/getLeagueData/La_liga/2025,2025-12-05,True
2025-12-06,Alaves,Sociedad,1.88765,1.09935,29298,2025,https://understat.com/getLeagueData/La_liga/2025,2025-12-06,True
2025-12-06,Ath Bilbao,Ath Madrid,1.18636,0.771885,29299,2025,https://understat.com/getLeagueData/La_liga/2025,2025-12-06,True
2025-12-06,Betis,Barcelona,2.74214,3.30288,29302,2025,https://understat.com/getLeagueData/La_liga/2025,2025-12-06,True
2025-12-06,Villarreal,Getafe,0.816941,0.282254,29304,2025,https://understat.com/getLeagueData/La_liga/2025,2025-12-06,True
2025-12-07,Elche,Girona,1.59513,0.781043,29300,2025,https://understat.com/getLeagueData/La_liga/2025,2025-12-07,True
2025-12-07,Espanol,Vallecano,1.57985,0.285545,29301,2025,https://understat.com/getLeagueData/La_liga/2025,2025-12-07,True
2025-12-07,Real Madrid,Celta,2.41681,1.60908,29303,2025,https://understat.com/getLeagueData/La_liga/2025,2025-12-07,True
2025-12-07,Valencia,Sevilla,1.23901,0.635478,29307,2025,https://understat.com/getLeagueData/La_liga/2025,2025-12-07,True
2025-12-08,Osasuna,Levante,1.74988,0.544977,29305,2025,https://understat.com/getLeagueData/La_liga/2025,2025-12-08,True
2025-12-12,Sociedad,Girona,1.02349,1.16894,29316,2025,https://understat.com/getLeagueData/La_liga/2025,2025-12-12,True
2025-12-13,Ath Madrid,Valencia,2.07076,1.26068,29309,2025,https://understat.com/getLeagueData/La_liga/2025,2025-12-13,True
2025-12-13,Barcelona,Osasuna,2.14468,0.228217,29310,2025,https://understat.com/getLeagueData/La_liga/2025,2025-12-13,True
2025-12-13,Getafe,Espanol,0.305925,0.75472,29315,2025,https://understat.com/getLeagueData/La_liga/2025,2025-12-13,True
2025-12-13,Mallorca,Elche,2.581,0.311674,29314,2025,https://understat.com/getLeagueData/La_liga/2025,2025-12-13,True
2025-12-14,Alaves,Real Madrid,1.313,1.90656,29308,2025,https://understat.com/getLeagueData/La_liga/2025,2025-12-14,True
2025-12-14,Celta,Ath Bilbao,1.97074,1.66561,29312,2025,https://understat.com/getLeagueData/La_liga/2025,2025-12-14,True
2025-12-14,Sevilla,Oviedo,2.31899,0.416975,29317,2025,https://understat.com/getLeagueData/La_liga/2025,2025-12-14,True
2025-12-15,Vallecano,Betis,2.1848,0.788766,29313,2025,https://understat.com/getLeagueData/La_liga/2025,2025-12-15,True
2025-12-19,Valencia,Mallorca,2.16012,0.199412,29327,2025,https://understat.com/getLeagueData/La_liga/2025,2025-12-19,True
2025-12-20,Levante,Sociedad,1.22005,1.62986,29321,2025,https://understat.com/getLeagueData/La_liga/2025,2025-12-20,True
2025-12-20,Osasuna,Alaves,2.39145,0.718671,29323,2025,https://understat.com/getLeagueData/La_liga/2025,2025-12-20,True
2025-12-20,Oviedo,Celta,0.517531,0.600009,29326,2025,https://understat.com/getLeagueData/La_liga/2025,2025-12-20,True
2025-12-20,Real Madrid,Sevilla,4.00139,1.51418,29322,2025,https://understat.com/getLeagueData/La_liga/2025,2025-12-20,True
2025-12-21,Betis,Getafe,3.46022,1.24726,29319,2025,https://understat.com/getLeagueData/La_liga/2025,2025-12-21,True
2025-12-21,Elche,Vallecano,3.66996,1.14923,29320,2025,https://understat.com/getLeagueData/La_liga/2025,2025-12-21,True
2025-12-21,Girona,Ath Madrid,1.11565,1.26201,29324,2025,https://understat.com/getLeagueData/La_liga/2025,2025-12-21,True
2025-12-21,Villarreal,Barcelona,2.16466,3.27381,29325,2025,https://understat.com/getLeagueData/La_liga/2025,2025-12-21,True
2025-12-22,Ath Bilbao,Espanol,1.72282,0.908988,29318,2025,https://understat.com/getLeagueData/La_liga/2025,2025-12-22,True
2026-01-02,Vallecano,Getafe,0.662324,0.663898,29335,2025,https://understat.com/getLeagueData/La_liga/2025,2026-01-02,True
2026-01-03,Celta,Valencia,2.59029,1.79296,29329,2025,https://understat.com/getLeagueData/La_liga/2025,2026-01-03,True
2026-01-03,Elche,Villarreal,1.52119,2.635,29330,2025,https://understat.com/getLeagueData/La_liga/2025,2026-01-03,True
2026-01-03,Espanol,Barcelona,1.79661,2.94252,29333,2025,https://understat.com/getLeagueData/La_liga/2025,2026-01-03,True
2026-01-03,Osasuna,Ath Bilbao,0.868051,1.554,29331,2025,https://understat.com/getLeagueData/La_liga/2025,2026-01-03,True
2026-01-04,Alaves,Oviedo,1.56756,3.21906,29328,2025,https://understat.com/getLeagueData/La_liga/2025,2026-01-04,True
2026-01-04,Mallorca,Girona,1.48338,1.45714,29336,2025,https://understat.com/getLeagueData/La_liga/2025,2026-01-04,True
2026-01-04,Real Madrid,Betis,3.0073,0.974623,29334,2025,https://understat.com/getLeagueData/La_liga/2025,2026-01-04,True
2026-01-04,Sevilla,Levante,1.66562,1.65102,29337,2025,https://understat.com/getLeagueData/La_liga/2025,2026-01-04,True
2026-01-04,Sociedad,Ath Madrid,1.70649,1.37325,29332,2025,https://understat.com/getLeagueData/La_liga/2025,2026-01-04,True
2026-01-09,Getafe,Sociedad,0.240168,1.25801,29339,2025,https://understat.com/getLeagueData/La_liga/2025,2026-01-09,True
2026-01-10,Girona,Osasuna,0.984024,1.22674,29340,2025,https://understat.com/getLeagueData/La_liga/2025,2026-01-10,True
2026-01-10,Oviedo,Betis,1.01026,2.70809,29343,2025,https://understat.com/getLeagueData/La_liga/2025,2026-01-10,True
2026-01-10,Valencia,Elche,2.04147,0.244413,29345,2025,https://understat.com/getLeagueData/La_liga/2025,2026-01-10,True
2026-01-10,Villarreal,Alaves,1.38322,0.844572,29341,2025,https://understat.com/getLeagueData/La_liga/2025,2026-01-10,True
2026-01-11,Levante,Espanol,1.18232,1.58922,29346,2025,https://understat.com/getLeagueData/La_liga/2025,2026-01-11,True
2026-01-11,Vallecano,Mallorca,2.05105,1.05743,29347,2025,https://understat.com/getLeagueData/La_liga/2025,2026-01-11,True
2026-01-12,Sevilla,Celta,0.262521,2.07629,29344,2025,https://understat.com/getLeagueData/La_liga/2025,2026-01-12,True
2026-01-16,Espanol,Girona,1.26738,1.82377,29355,2025,https://understat.com/getLeagueData/La_liga/2025,2026-01-16,True
2026-01-17,Betis,Villarreal,1.34951,1.17907,29352,2025,https://understat.com/getLeagueData/La_liga/2025,2026-01-17,True
2026-01-17,Mallorca,Ath Bilbao,3.11432,2.28242,29349,2025,https://understat.com/getLeagueData/La_liga/2025,2026-01-17,True
2026-01-17,Osasuna,Oviedo,2.03551,1.36173,29357,2025,https://understat.com/getLeagueData/La_liga/2025,2026-01-17,True
2026-01-17,Real Madrid,Levante,2.54865,0.787501,29351,2025,https://understat.com/getLeagueData/La_liga/2025,2026-01-17,True
2026-01-18,Ath Madrid,Alaves,1.7743,1.21004,29348,2025,https://understat.com/getLeagueData/La_liga/2025,2026-01-18,True
2026-01-18,Celta,Vallecano,1.90274,1.31932,29353,2025,https://understat.com/getLeagueData/La_liga/2025,2026-01-18,True
2026-01-18,Getafe,Valencia,0.584591,0.746856,29356,2025,https://understat.com/getLeagueData/La_liga/2025,2026-01-18,True
2026-01-18,Sociedad,Barcelona,1.55875,3.92031,29350,2025,https://understat.com/getLeagueData/La_liga/2025,2026-01-18,True
2026-01-19,Elche,Sevilla,1.48075,2.4961,29354,2025,https://understat.com/getLeagueData/La_liga/2025,2026-01-19,True
2026-01-23,Levante,Elche,3.24455,0.632971,29363,2025,https://understat.com/getLeagueData/La_liga/2025,2026-01-23,True
2026-01-24,Sevilla,Ath Bilbao,1.43055,1.91259,29358,2025,https://understat.com/getLeagueData/La_liga/2025,2026-01-24,True
2026-01-24,Valencia,Espanol,2.76956,1.75941,29364,2025,https://understat.com/getLeagueData/La_liga/2025,2026-01-24,True
2026-01-24,Vallecano,Osasuna,0.669564,1.36861,29366,2025,https://understat.com/getLeagueData/La_liga/2025,2026-01-24,True
2026-01-24,Villarreal,Real Madrid,0.952831,1.62206,29367,2025,https://understat.com/getLeagueData/La_liga/2025,2026-01-24,True
2026-01-25,Alaves,Betis,1.67102,1.78662,29359,2025,https://understat.com/getLeagueData/La_liga/2025,2026-01-25,True
2026-01-25,Ath Madrid,Mallorca,1.42501,0.367893,29360,2025,https://understat.com/getLeagueData/La_liga/2025,2026-01-25,True
2026-01-25,Barcelona,Oviedo,2.59917,0.486404,29361,2025,https://understat.com/getLeagueData/La_liga/2025,2026-01-25,True
2026-01-25,Sociedad,Celta,2.15496,1.63115,29362,2025,https://understat.com/getLeagueData/La_liga/2025,2026-01-25,True
2026-01-26,Girona,Getafe,1.01571,1.1089,29365,2025,https://understat.com/getLeagueData/La_liga/2025,2026-01-26,True
2026-01-30,Espanol,Alaves,1.20096,1.32248,29371,2025,https://understat.com/getLeagueData/La_liga/2025,2026-01-30,True
2026-01-31,Elche,Barcelona,0.839,7.11049,29373,2025,https://understat.com/getLeagueData/La_liga/2025,2026-01-31,True
2026-01-31,Levante,Ath Madrid,0.41109,0.615283,29372,2025,https://understat.com/getLeagueData/La_liga/2025,2026-01-31,True
2026-01-31,Osasuna,Villarreal,2.13467,0.911128,29370,2025,https://understat.com/getLeagueData/La_liga/2025,2026-01-31,True
2026-01-31,Oviedo,Girona,1.26601,0.664225,29375,2025,https://understat.com/getLeagueData/La_liga/2025,2026-01-31,True
2026-02-01,Ath Bilbao,Sociedad,0.893754,1.58578,29376,2025,https://understat.com/getLeagueData/La_liga/2025,2026-02-01,True
2026-02-01,Betis,Valencia,2.16883,1.88674,29368,2025,https://understat.com/getLeagueData/La_liga/2025,2026-02-01,True
2026-02-01,Getafe,Celta,0.499866,0.256881,29374,2025,https://understat.com/getLeagueData/La_liga/2025,2026-02-01,True
2026-02-01,Real Madrid,Vallecano,2.30208,1.06935,29377,2025,https://understat.com/getLeagueData/La_liga/2025,2026-02-01,True
2026-02-02,Mallorca,Sevilla,3.04346,1.24318,29369,2025,https://understat.com/getLeagueData/La_liga/2025,2026-02-02,True
2026-02-06,Celta,Osasuna,2.0351,1.00253,29382,2025,https://understat.com/getLeagueData/La_liga/2025,2026-02-06,True
2026-02-07,Barcelona,Mallorca,2.48168,1.01087,29381,2025,https://understat.com/getLeagueData/La_liga/2025,2026-02-07,True
2026-02-07,Sociedad,Elche,1.7719,1.08664,29383,2025,https://understat.com/getLeagueData/La_liga/2025,2026-02-07,True
2026-02-08,Alaves,Getafe,3.01162,1.7859,29378,2025,https://understat.com/getLeagueData/La_liga/2025,2026-02-08,True
2026-02-08,Ath Bilbao,Levante,2.77377,0.615311,29379,2025,https://understat.com/getLeagueData/La_liga/2025,2026-02-08,True
2026-02-08,Ath Madrid,Betis,0.625525,0.839838,29380,2025,https://understat.com/getLeagueData/La_liga/2025,2026-02-08,True
2026-02-08,Sevilla,Girona,0.958247,2.60199,29386,2025,https://understat.com/getLeagueData/La_liga/2025,2026-02-08,True
2026-02-08,Valencia,Real Madrid,0.571838,1.04576,29387,2025,https://understat.com/getLeagueData/La_liga/2025,2026-02-08,True
2026-02-09,Villarreal,Espanol,1.53925,0.744747,29384,2025,https://understat.com/getLeagueData/La_liga/2025,2026-02-09,True
2026-02-13,Elche,Osasuna,2.33332,0.81264,29388,2025,https://understat.com/getLeagueData/La_liga/2025,2026-02-13,True
2026-02-14,Espanol,Celta,1.16112,2.81494,29397,2025,https://understat.com/getLeagueData/La_liga/2025,2026-02-14,True
2026-02-14,Getafe,Villarreal,1.61761,0.969388,29389,2025,https://understat.com/getLeagueData/La_liga/2025,2026-02-14,True
2026-02-14,Real Madrid,Sociedad,3.05918,1.66018,29391,2025,https://understat.com/getLeagueData/La_liga/2025,2026-02-14,True
2026-02-14,Sevilla,Alaves,0.354256,1.38983,29392,2025,https://understat.com/getLeagueData/La_liga/2025,2026-02-14,True
2026-02-15,Levante,Valencia,1.45737,0.743814,29390,2025,https://understat.com/getLeagueData/La_liga/2025,2026-02-15,True
2026-02-15,Mallorca,Betis,0.731317,2.04841,29396,2025,https://understat.com/getLeagueData/La_liga/2025,2026-02-15,True
2026-02-15,Oviedo,Ath Bilbao,0.861013,1.20566,29393,2025,https://understat.com/getLeagueData/La_liga/2025,2026-02-15,True
2026-02-15,Vallecano,Ath Madrid,2.75329,0.752854,29394,2025,https://understat.com/getLeagueData/La_liga/2025,2026-02-15,True
2026-02-16,Girona,Barcelona,2.8897,2.69655,29395,2025,https://understat.com/getLeagueData/La_liga/2025,2026-02-16,True
2026-02-18,Levante,Villarreal,0.774339,2.40024,29311,2025,https://understat.com/getLeagueData/La_liga/2025,2026-02-18,True
2026-02-20,Ath Bilbao,Elche,3.38352,0.783583,29399,2025,https://understat.com/getLeagueData/La_liga/2025,2026-02-20,True
2026-02-21,Ath Madrid,Espanol,3.28587,1.04114,29400,2025,https://understat.com/getLeagueData/La_liga/2025,2026-02-21,True
2026-02-21,Betis,Vallecano,2.13548,1.30345,29402,2025,https://understat.com/getLeagueData/La_liga/2025,2026-02-21,True
2026-02-21,Osasuna,Real Madrid,2.31248,2.02307,29405,2025,https://understat.com/getLeagueData/La_liga/2025,2026-02-21,True
2026-02-21,Sociedad,Oviedo,2.77486,1.75088,29407,2025,https://understat.com/getLeagueData/La_liga/2025,2026-02-21,True
2026-02-22,Barcelona,Levante,4.24402,0.602552,29401,2025,https://understat.com/getLeagueData/La_liga/2025,2026-02-22,True
2026-02-22,Celta,Mallorca,2.93904,0.0207331,29403,2025,https://understat.com/getLeagueData/La_liga/2025,2026-02-22,True
2026-02-22,Getafe,Sevilla,0.250539,0.283172,29404,2025,https://understat.com/getLeagueData/La_liga/2025,2026-02-22,True
2026-02-22,Villarreal,Valencia,2.38144,1.91256,29406,2025,https://understat.com/getLeagueData/La_liga/2025,2026-02-22,True
2026-02-23,Alaves,Girona,2.1366,2.05717,29398,2025,https://understat.com/getLeagueData/La_liga/2025,2026-02-23,True
2026-02-27,Levante,Alaves,2.77253,1.29855,29412,2025,https://understat.com/getLeagueData/La_liga/2025,2026-02-27,True
2026-02-28,Barcelona,Villarreal,3.54743,1.36182,29408,2025,https://understat.com/getLeagueData/La_liga/2025,2026-02-28,True
2026-02-28,Mallorca,Sociedad,0.754182,0.929702,29411,2025,https://understat.com/getLeagueData/La_liga/2025,2026-02-28,True
2026-02-28,Oviedo,Ath Madrid,1.50089,0.853142,29414,2025,https://understat.com/getLeagueData/La_liga/2025,2026-02-28,True
2026-02-28,Vallecano,Ath Bilbao,1.35951,0.428457,29413,2025,https://understat.com/getLeagueData/La_liga/2025,2026-02-28,True
2026-03-01,Betis,Sevilla,1.48441,0.656164,29409,2025,https://understat.com/getLeagueData/La_liga/2025,2026-03-01,True
2026-03-01,Elche,Espanol,1.82376,0.834858,29410,2025,https://understat.com/getLeagueData/La_liga/2025,2026-03-01,True
2026-03-01,Girona,Celta,1.57036,0.697106,29415,2025,https://understat.com/getLeagueData/La_liga/2025,2026-03-01,True
2026-03-01,Valencia,Osasuna,1.31076,0.259132,29417,2025,https://understat.com/getLeagueData/La_liga/2025,2026-03-01,True
2026-03-02,Real Madrid,Getafe,2.02274,0.476324,29416,2025,https://understat.com/getLeagueData/La_liga/2025,2026-03-02,True
2026-03-04,Vallecano,Oviedo,2.55086,1.01052,29385,2025,https://understat.com/getLeagueData/La_liga/2025,2026-03-04,True
2026-03-06,Celta,Real Madrid,0.910298,0.637644,29420,2025,https://understat.com/getLeagueData/La_liga/2025,2026-03-06,True
2026-03-07,Ath Bilbao,Barcelona,1.04698,0.560009,29418,2025,https://understat.com/getLeagueData/La_liga/2025,2026-03-07,True
2026-03-07,Ath Madrid,Sociedad,3.57972,0.313932,29419,2025,https://understat.com/getLeagueData/La_liga/2025,2026-03-07,True
2026-03-07,Levante,Girona,0.819009,1.917,29425,2025,https://understat.com/getLeagueData/La_liga/2025,2026-03-07,True
2026-03-07,Osasuna,Mallorca,3.09031,1.03165,29426,2025,https://understat.com/getLeagueData/La_liga/2025,2026-03-07,True
2026-03-08,Getafe,Betis,0.821088,1.24912,29423,2025,https://understat.com/getLeagueData/La_liga/2025,2026-03-08,True
2026-03-08,Sevilla,Vallecano,1.14573,0.211673,29427,2025,https://understat.com/getLeagueData/La_liga/2025,2026-03-08,True
2026-03-08,Valencia,Alaves,2.51657,1.60795,29422,2025,https://understat.com/getLeagueData/La_liga/2025,2026-03-08,True
2026-03-08,Villarreal,Elche,2.30632,1.62051,29424,2025,https://understat.com/getLeagueData/La_liga/2025,2026-03-08,True
2026-03-09,Espanol,Oviedo,1.55092,0.886689,29421,2025,https://understat.com/getLeagueData/La_liga/2025,2026-03-09,True
2026-03-13,Alaves,Villarreal,0.287232,0.873846,29428,2025,https://understat.com/getLeagueData/La_liga/2025,2026-03-13,True
2026-03-14,Ath Madrid,Getafe,2.14469,1.58248,29429,2025,https://understat.com/getLeagueData/La_liga/2025,2026-03-14,True
2026-03-14,Girona,Ath Bilbao,2.19442,1.97271,29433,2025,https://understat.com/getLeagueData/La_liga/2025,2026-03-14,True
2026-03-14,Oviedo,Valencia,1.8648,0.486871,29432,2025,https://understat.com/getLeagueData/La_liga/2025,2026-03-14,True
2026-03-14,Real Madrid,Elche,1.72531,1.3711,29434,2025,https://understat.com/getLeagueData/La_liga/2025,2026-03-14,True
2026-03-15,Barcelona,Sevilla,3.8639,1.04304,29430,2025,https://understat.com/getLeagueData/La_liga/2025,2026-03-15,True
2026-03-15,Betis,Celta,1.87752,0.646702,29431,2025,https://understat.com/getLeagueData/La_liga/2025,2026-03-15,True
2026-03-15,Mallorca,Espanol,2.1497,1.35243,29435,2025,https://understat.com/getLeagueData/La_liga/2025,2026-03-15,True
2026-03-15,Sociedad,Osasuna,2.91429,0.615126,29437,2025,https://understat.com/getLeagueData/La_liga/2025,2026-03-15,True
2026-03-16,Vallecano,Levante,1.68134,1.45599,29436,2025,https://understat.com/getLeagueData/La_liga/2025,2026-03-16,True
2026-03-20,Villarreal,Sociedad,3.35586,0.894953,29438,2025,https://understat.com/getLeagueData/La_liga/2025,2026-03-20,True
2026-03-21,Elche,Mallorca,1.51605,1.51939,29440,2025,https://understat.com/getLeagueData/La_liga/2025,2026-03-21,True
2026-03-21,Espanol,Getafe,1.51208,2.06384,29442,2025,https://understat.com/getLeagueData/La_liga/2025,2026-03-21,True
2026-03-21,Levante,Oviedo,2.92669,1.33569,29443,2025,https://understat.com/getLeagueData/La_liga/2025,2026-03-21,True
2026-03-21,Osasuna,Girona,2.26232,0.232115,29447,2025,https://understat.com/getLeagueData/La_liga/2025,2026-03-21,True
2026-03-21,Sevilla,Valencia,0.505411,1.7133,29444,2025,https://understat.com/getLeagueData/La_liga/2025,2026-03-21,True
2026-03-22,Ath Bilbao,Betis,1.92715,0.591202,29439,2025,https://understat.com/getLeagueData/La_liga/2025,2026-03-22,True
2026-03-22,Barcelona,Vallecano,1.92205,2.19631,29441,2025,https://understat.com/getLeagueData/La_liga/2025,2026-03-22,True
2026-03-22,Celta,Alaves,1.70969,1.67221,29445,2025,https://understat.com/getLeagueData/La_liga/2025,2026-03-22,True
2026-03-22,Real Madrid,Ath Madrid,2.96605,1.40234,29446,2025,https://understat.com/getLeagueData/La_liga/2025,2026-03-22,True
2026-04-03,Vallecano,Elche,1.51493,0.601974,29456,2025,https://understat.com/getLeagueData/La_liga/2025,2026-04-03,True
2026-04-04,Ath Madrid,Barcelona,0.919286,2.68584,29449,2025,https://understat.com/getLeagueData/La_liga/2025,2026-04-04,True
2026-04-04,Betis,Espanol,2.00215,0.144091,29450,2025,https://understat.com/getLeagueData/La_liga/2025,2026-04-04,True
2026-04-04,Mallorca,Real Madrid,1.03875,1.51454,29452,2025,https://understat.com/getLeagueData/La_liga/2025,2026-04-04,True
2026-04-04,Sociedad,Levante,2.96404,0.320219,29457,2025,https://understat.com/getLeagueData/La_liga/2025,2026-04-04,True
2026-04-05,Alaves,Osasuna,1.65967,1.61149,29448,2025,https://understat.com/getLeagueData/La_liga/2025,2026-04-05,True
2026-04-05,Getafe,Ath Bilbao,1.96345,0.524379,29455,2025,https://understat.com/getLeagueData/La_liga/2025,2026-04-05,True
2026-04-05,Oviedo,Sevilla,0.785105,0.840736,29453,2025,https://understat.com/getLeagueData/La_liga/2025,2026-04-05,True
2026-04-05,Valencia,Celta,0.720964,1.457,29454,2025,https://understat.com/getLeagueData/La_liga/2025,2026-04-05,True
2026-04-06,Girona,Villarreal,0.653493,0.443518,29451,2025,https://understat.com/getLeagueData/La_liga/2025,2026-04-06,True
2026-04-10,Real Madrid,Girona,1.98086,0.46667,29462,2025,https://understat.com/getLeagueData/La_liga/2025,2026-04-10,True
2026-04-11,Barcelona,Espanol,3.30789,1.13134,29459,2025,https://understat.com/getLeagueData/La_liga/2025,2026-04-11,True
2026-04-11,Elche,Valencia,1.03489,2.76889,29465,2025,https://understat.com/getLeagueData/La_liga/2025,2026-04-11,True
2026-04-11,Sevilla,Ath Madrid,1.6578,0.855474,29463,2025,https://understat.com/getLeagueData/La_liga/2025,2026-04-11,True
2026-04-11,Sociedad,Alaves,1.295,1.206,29464,2025,https://understat.com/getLeagueData/La_liga/2025,2026-04-11,True
2026-04-12,Ath Bilbao,Villarreal,1.31935,1.55144,29458,2025,https://understat.com/getLeagueData/La_liga/2025,2026-04-12,True
2026-04-12,Celta,Oviedo,1.15878,2.12846,29467,2025,https://understat.com/getLeagueData/La_liga/2025,2026-04-12,True
2026-04-12,Mallorca,Vallecano,2.54659,1.97051,29466,2025,https://understat.com/getLeagueData/La_liga/2025,2026-04-12,True
2026-04-12,Osasuna,Betis,1.52928,0.411183,29460,2025,https://understat.com/getLeagueData/La_liga/2025,2026-04-12,True
2026-04-13,Levante,Getafe,3.32797,0.290983,29461,2025,https://understat.com/getLeagueData/La_liga/2025,2026-04-13,True
2026-04-21,Ath Bilbao,Osasuna,0.49013,1.39553,29478,2025,https://understat.com/getLeagueData/La_liga/2025,2026-04-21,True
2026-04-21,Girona,Betis,1.72891,1.24954,29485,2025,https://understat.com/getLeagueData/La_liga/2025,2026-04-21,True
2026-04-21,Mallorca,Valencia,2.24468,1.39393,29481,2025,https://understat.com/getLeagueData/La_liga/2025,2026-04-21,True
2026-04-21,Real Madrid,Alaves,1.504,1.62967,29483,2025,https://understat.com/getLeagueData/La_liga/2025,2026-04-21,True
2026-04-22,Barcelona,Celta,1.54451,1.07392,29479,2025,https://understat.com/getLeagueData/La_liga/2025,2026-04-22,True
2026-04-22,Elche,Ath Madrid,3.62854,0.846836,29484,2025,https://understat.com/getLeagueData/La_liga/2025,2026-04-22,True
2026-04-22,Sociedad,Getafe,1.90157,0.215233,29487,2025,https://understat.com/getLeagueData/La_liga/2025,2026-04-22,True
2026-04-23,Levante,Sevilla,1.2081,0.444478,29480,2025,https://understat.com/getLeagueData/La_liga/2025,2026-04-23,True
2026-04-23,Oviedo,Villarreal,2.52849,3.25021,29482,2025,https://understat.com/getLeagueData/La_liga/2025,2026-04-23,True
2026-04-23,Vallecano,Espanol,2.06977,1.68535,29486,2025,https://understat.com/getLeagueData/La_liga/2025,2026-04-23,True
2026-04-24,Betis,Real Madrid,1.01953,1.09576,29474,2025,https://understat.com/getLeagueData/La_liga/2025,2026-04-24,True
2026-04-25,Alaves,Mallorca,1.40767,0.221499,29473,2025,https://understat.com/getLeagueData/La_liga/2025,2026-04-25,True
2026-04-25,Ath Madrid,Ath Bilbao,2.47955,0.970599,29468,2025,https://understat.com/getLeagueData/La_liga/2025,2026-04-25,True
2026-04-25,Getafe,Barcelona,0.607664,2.05171,29469,2025,https://understat.com/getLeagueData/La_liga/2025,2026-04-25,True
2026-04-25,Valencia,Girona,2.31263,1.38799,29472,2025,https://understat.com/getLeagueData/La_liga/2025,2026-04-25,True
2026-04-26,Osasuna,Sevilla,2.14254,0.553816,29476,2025,https://understat.com/getLeagueData/La_liga/2025,2026-04-26,True
2026-04-26,Oviedo,Elche,0.772271,0.621829,29471,2025,https://understat.com/getLeagueData/La_liga/2025,2026-04-26,True
2026-04-26,Vallecano,Sociedad,3.18496,2.39684,29475,2025,https://understat.com/getLeagueData/La_liga/2025,2026-04-26,True
2026-04-26,Villarreal,Celta,2.409,2.05297,29470,2025,https://understat.com/getLeagueData/La_liga/2025,2026-04-26,True
2026-04-27,Espanol,Levante,0.853225,1.38559,29477,2025,https://understat.com/getLeagueData/La_liga/2025,2026-04-27,True
2026-05-01,Girona,Mallorca,1.77655,1.30537,29497,2025,https://understat.com/getLeagueData/La_liga/2025,2026-05-01,True
2026-05-02,Alaves,Ath Bilbao,0.613172,0.895921,29491,2025,https://understat.com/getLeagueData/La_liga/2025,2026-05-02,True
2026-05-02,Osasuna,Barcelona,1.28813,1.56763,29488,2025,https://understat.com/getLeagueData/La_liga/2025,2026-05-02,True
2026-05-02,Valencia,Ath Madrid,0.778471,1.80568,29495,2025,https://understat.com/getLeagueData/La_liga/2025,2026-05-02,True
2026-05-02,Villarreal,Levante,2.47953,0.801231,29489,2025,https://understat.com/getLeagueData/La_liga/2025,2026-05-02,True
2026-05-03,Betis,Oviedo,1.86882,1.14971,29492,2025,https://understat.com/getLeagueData/La_liga/2025,2026-05-03,True
2026-05-03,Celta,Elche,1.4443,1.64767,29493,2025,https://understat.com/getLeagueData/La_liga/2025,2026-05-03,True
2026-05-03,Espanol,Real Madrid,1.09007,1.5023,29494,2025,https://understat.com/getLeagueData/La_liga/2025,2026-05-03,True
2026-05-03,Getafe,Vallecano,1.35219,0.954171,29496,2025,https://understat.com/getLeagueData/La_liga/2025,2026-05-03,True
2026-05-04,Sevilla,Sociedad,1.32018,0.166837,29490,2025,https://understat.com/getLeagueData/La_liga/2025,2026-05-04,True
2026-05-08,Levante,Osasuna,3.53052,0.500111,29501,2025,https://understat.com/getLeagueData/La_liga/2025,2026-05-08,True
2026-05-09,Ath Madrid,Celta,2.78506,0.292392,29499,2025,https://understat.com/getLeagueData/La_liga/2025,2026-05-09,True
2026-05-09,Elche,Alaves,2.08849,2.45633,29503,2025,https://understat.com/getLeagueData/La_liga/2025,2026-05-09,True
2026-05-09,Sevilla,Espanol,1.41747,0.402373,29505,2025,https://understat.com/getLeagueData/La_liga/2025,2026-05-09,True
2026-05-09,Sociedad,Betis,2.66557,1.78903,29504,2025,https://understat.com/getLeagueData/La_liga/2025,2026-05-09,True
2026-05-10,Ath Bilbao,Valencia,0.935199,1.49759,29498,2025,https://understat.com/getLeagueData/La_liga/2025,2026-05-10,True
2026-05-10,Barcelona,Real Madrid,1.72002,0.562101,29500,2025,https://understat.com/getLeagueData/La_liga/2025,2026-05-10,True
2026-05-10,Mallorca,Villarreal,1.54058,0.9943,29502,2025,https://understat.com/getLeagueData/La_liga/2025,2026-05-10,True
2026-05-10,Oviedo,Getafe,0.570226,1.40609,29506,2025,https://understat.com/getLeagueData/La_liga/2025,2026-05-10,True
2026-05-11,Vallecano,Girona,1.79488,1.12895,29507,2025,https://understat.com/getLeagueData/La_liga/2025,2026-05-11,True
2026-05-12,Betis,Elche,1.97559,0.342743,29509,2025,https://understat.com/getLeagueData/La_liga/2025,2026-05-12,True
2026-05-12,Celta,Levante,1.92053,1.52943,29510,2025,https://understat.com/getLeagueData/La_liga/2025,2026-05-12,True
2026-05-12,Osasuna,Ath Madrid,2.41049,1.8226,29514,2025,https://understat.com/getLeagueData/La_liga/2025,2026-05-12,True
2026-05-13,Alaves,Barcelona,0.95347,0.356356,29508,2025,https://understat.com/getLeagueData/La_liga/2025,2026-05-13,True
2026-05-13,Espanol,Ath Bilbao,0.8471,0.886467,29513,2025,https://understat.com/getLeagueData/La_liga/2025,2026-05-13,True
2026-05-13,Getafe,Mallorca,1.82108,0.412059,29511,2025,https://understat.com/getLeagueData/La_liga/2025,2026-05-13,True
2026-05-13,Villarreal,Sevilla,0.952333,0.917489,29516,2025,https://understat.com/getLeagueData/La_liga/2025,2026-05-13,True
2026-05-14,Girona,Sociedad,2.68586,0.553216,29512,2025,https://understat.com/getLeagueData/La_liga/2025,2026-05-14,True
2026-05-14,Real Madrid,Oviedo,1.74088,1.18679,29517,2025,https://understat.com/getLeagueData/La_liga/2025,2026-05-14,True
2026-05-14,Valencia,Vallecano,0.938336,1.53041,29515,2025,https://understat.com/getLeagueData/La_liga/2025,2026-05-14,True
2026-05-17,Ath Bilbao,Celta,2.90368,0.307867,29518,2025,https://understat.com/getLeagueData/La_liga/2025,2026-05-17,True
2026-05-17,Ath Madrid,Girona,2.70772,2.0015,29520,2025,https://understat.com/getLeagueData/La_liga/2025,2026-05-17,True
2026-05-17,Barcelona,Betis,1.59946,0.985477,29519,2025,https://understat.com/getLeagueData/La_liga/2025,2026-05-17,True
2026-05-17,Elche,Getafe,0.691836,0.0944069,29527,2025,https://understat.com/getLeagueData/La_liga/2025,2026-05-17,True
2026-05-17,Levante,Mallorca,2.43681,0.438978,29525,2025,https://understat.com/getLeagueData/La_liga/2025,2026-05-17,True
2026-05-17,Osasuna,Espanol,1.81152,0.947142,29523,2025,https://understat.com/getLeagueData/La_liga/2025,2026-05-17,True
2026-05-17,Oviedo,Alaves,0.631265,1.28286,29522,2025,https://understat.com/getLeagueData/La_liga/2025,2026-05-17,True
2026-05-17,Sevilla,Real Madrid,0.683481,1.47378,29524,2025,https://understat.com/getLeagueData/La_liga/2025,2026-05-17,True
2026-05-17,Sociedad,Valencia,1.30267,1.99329,29521,2025,https://understat.com/getLeagueData/La_liga/2025,2026-05-17,True
2026-05-17,Vallecano,Villarreal,1.92496,0.654975,29526,2025,https://understat.com/getLeagueData/La_liga/2025,2026-05-17,True
2026-05-23,Alaves,Vallecano,1.72468,1.64691,29528,2025,https://understat.com/getLeagueData/La_liga/2025,2026-05-23,True
2026-05-23,Betis,Levante,1.8664,2.36717,29529,2025,https://understat.com/getLeagueData/La_liga/2025,2026-05-23,True
2026-05-23,Celta,Sevilla,1.61801,0.755735,29530,2025,https://understat.com/getLeagueData/La_liga/2025,2026-05-23,True
2026-05-23,Espanol,Sociedad,2.14307,1.23238,29531,2025,https://understat.com/getLeagueData/La_liga/2025,2026-05-23,True
2026-05-23,Getafe,Osasuna,0.264137,0.800038,29536,2025,https://understat.com/getLeagueData/La_liga/2025,2026-05-23,True
2026-05-23,Girona,Elche,0.668034,0.495408,29535,2025,https://understat.com/getLeagueData/La_liga/2025,2026-05-23,True
2026-05-23,Mallorca,Oviedo,3.50774,0.243154,29537,2025,https://understat.com/getLeagueData/La_liga/2025,2026-05-23,True
2026-05-23,Real Madrid,Ath Bilbao,1.95397,1.4543,29532,2025,https://understat.com/getLeagueData/La_liga/2025,2026-05-23,True
2026-05-23,Valencia,Barcelona,1.83367,1.29336,29534,2025,https://understat.com/getLeagueData/La_liga/2025,2026-05-23,True
2026-05-24,Villarreal,Ath Madrid,2.80441,1.58431,29533,2025,https://understat.com/getLeagueData/La_liga/2025,2026-05-24,True
2026-08-15,Alaves,Getafe,2.28581,0.259705,30770,2026,https://understat.com/getLeagueData/La_liga/2026,2026-08-15,True
2026-08-15,Sevilla,Vallecano,2.01841,1.91219,30771,2026,https://understat.com/getLeagueData/La_liga/2026,2026-08-15,True
2026-08-16,Espanol,Levante,2.0099,0.196262,30773,2026,https://understat.com/getLeagueData/La_liga/2026,2026-08-16,True
2026-08-16,Santander,Villarreal,1.96477,0.768799,30772,2026,https://understat.com/getLeagueData/La_liga/2026,2026-08-16,True
2026-08-17,La Coruna,Elche,0.33987,1.58691,30774,2026,https://understat.com/getLeagueData/La_liga/2026,2026-08-17,True
2026-08-19,Ath Madrid,Malaga,1.34391,0.229576,30775,2026,https://understat.com/getLeagueData/La_liga/2026,2026-08-19,True
2026-08-20,Vallecano,Alaves,0.566429,2.22075,30776,2026,https://understat.com/getLeagueData/La_liga/2026,2026-08-20,True
2026-08-21,Betis,Sociedad,1.69571,1.14003,30777,2026,https://understat.com/getLeagueData/La_liga/2026,2026-08-21,True
2026-08-22,Ath Bilbao,Sevilla,1.46496,0.966795,30778,2026,https://understat.com/getLeagueData/La_liga/2026,2026-08-22,True
2026-08-22,Espanol,Real Madrid,1.01908,2.56122,30780,2026,https://understat.com/getLeagueData/La_liga/2026,2026-08-22,True
2026-08-22,Valencia,Celta,0.420581,0.537309,30779,2026,https://understat.com/getLeagueData/La_liga/2026,2026-08-22,True
2026-08-23,Ath Madrid,Villarreal,0.739413,3.54183,30781,2026,https://understat.com/getLeagueData/La_liga/2026,2026-08-23,True
2026-08-23,Elche,Barcelona,1.17646,4.25182,30783,2026,https://understat.com/getLeagueData/La_liga/2026,2026-08-23,True
2026-08-23,Getafe,Santander,0.982608,1.1679,30782,2026,https://understat.com/getLeagueData/La_liga/2026,2026-08-23,True
2026-08-24,Malaga,La Coruna,1.35649,1.1297,30785,2026,https://understat.com/getLeagueData/La_liga/2026,2026-08-24,True
2026-08-24,Osasuna,Levante,0.892536,1.27031,30784,2026,https://understat.com/getLeagueData/La_liga/2026,2026-08-24,True
2026-08-25,Valencia,Betis,1.28989,0.964495,30786,2026,https://understat.com/getLeagueData/La_liga/2026,2026-08-25,True
2026-08-26,Real Madrid,Sociedad,3.30519,0.462997,30787,2026,https://understat.com/getLeagueData/La_liga/2026,2026-08-26,True
2026-08-27,Barcelona,Ath Bilbao,3.9166,0.221962,30789,2026,https://understat.com/getLeagueData/La_liga/2026,2026-08-27,True
2026-08-27,Celta,Osasuna,0.106731,1.89653,30788,2026,https://understat.com/getLeagueData/La_liga/2026,2026-08-27,True
2026-08-28,Alaves,Villarreal,0.915469,1.45107,30791,2026,https://understat.com/getLeagueData/La_liga/2026,2026-08-28,True
2026-08-28,Santander,Elche,2.56226,1.07551,30790,2026,https://understat.com/getLeagueData/La_liga/2026,2026-08-28,True
2026-08-29,Levante,Betis,3.0376,1.92286,30792,2026,https://understat.com/getLeagueData/La_liga/2026,2026-08-29,True
2026-08-29,Sevilla,Ath Madrid,1.08053,1.47677,30794,2026,https://understat.com/getLeagueData/La_liga/2026,2026-08-29,True
2026-08-29,Sociedad,Espanol,2.91657,0.929949,30793,2026,https://understat.com/getLeagueData/La_liga/2026,2026-08-29,True
2026-08-30,Celta,Ath Bilbao,1.20059,3.13299,30797,2026,https://understat.com/getLeagueData/La_liga/2026,2026-08-30,True
2026-08-30,La Coruna,Valencia,1.40751,1.01663,30796,2026,https://understat.com/getLeagueData/La_liga/2026,2026-08-30,True
2026-08-30,Real Madrid,Malaga,3.40784,0.760169,30795,2026,https://understat.com/getLeagueData/La_liga/2026,2026-08-30,True
2026-08-31,Barcelona,Vallecano,2.9576,1.06614,30799,2026,https://understat.com/getLeagueData/La_liga/2026,2026-08-31,True
2026-08-31,Osasuna,Getafe,1.70503,1.09043,30798,2026,https://understat.com/getLeagueData/La_liga/2026,2026-08-31,True
2026-09-03,Sociedad,Celta,1.02047,0.633241,30800,2026,https://understat.com/getLeagueData/La_liga/2026,2026-09-03,True
2026-09-04,Betis,Real Madrid,0.885249,3.38283,30801,2026,https://understat.com/getLeagueData/La_liga/2026,2026-09-04,True
2026-09-05,Ath Bilbao,Ath Madrid,1.87212,0.752183,30802,2026,https://understat.com/getLeagueData/La_liga/2026,2026-09-05,True
2026-09-05,Vallecano,Santander,1.18959,0.632853,30803,2026,https://understat.com/getLeagueData/La_liga/2026,2026-09-05,True
2026-09-05,Villarreal,La Coruna,3.64239,2.44247,30804,2026,https://understat.com/getLeagueData/La_liga/2026,2026-09-05,True
2026-09-06,Alaves,Osasuna,1.60188,1.64406,30807,2026,https://understat.com/getLeagueData/La_liga/2026,2026-09-06,True
2026-09-06,Espanol,Sevilla,1.81745,0.372572,30808,2026,https://understat.com/getLeagueData/La_liga/2026,2026-09-06,True
2026-09-06,Malaga,Levante,1.72661,1.19172,30806,2026,https://understat.com/getLeagueData/La_liga/2026,2026-09-06,True
2026-09-06,Valencia,Barcelona,0.518846,4.76916,30805,2026,https://understat.com/getLeagueData/La_liga/2026,2026-09-06,True
2026-09-07,Elche,Sociedad,2.87045,0.876198,30810,2026,https://understat.com/getLeagueData/La_liga/2026,2026-09-07,True
2026-09-07,Getafe,Celta,1.45841,1.42122,30809,2026,https://understat.com/getLeagueData/La_liga/2026,2026-09-07,True
2026-09-11,Sevilla,Valencia,1.35505,0.0798948,30818,2026,https://understat.com/getLeagueData/La_liga/2026,2026-09-11,True
2026-09-12,Ath Bilbao,Elche,3.13039,0.816135,30812,2026,https://understat.com/getLeagueData/La_liga/2026,2026-09-12,True
2026-09-12,Osasuna,Espanol,1.10365,1.40951,30820,2026,https://understat.com/getLeagueData/La_liga/2026,2026-09-12,True
2026-09-12,Real Madrid,Vallecano,3.12156,1.19257,30816,2026,https://understat.com/getLeagueData/La_liga/2026,2026-09-12,True
2026-09-12,Santander,Alaves,1.38389,2.27148,30815,2026,https://understat.com/getLeagueData/La_liga/2026,2026-09-12,True
2026-09-13,Celta,Malaga,1.48145,0.548065,30811,2026,https://understat.com/getLeagueData/La_liga/2026,2026-09-13,True
2026-09-13,Getafe,La Coruna,0.994787,0.944884,30813,2026,https://understat.com/getLeagueData/La_liga/2026,2026-09-13,True
2026-09-13,Levante,Barcelona,2.67442,2.46861,30814,2026,https://understat.com/getLeagueData/La_liga/2026,2026-09-13,True
2026-09-13,Sociedad,Ath Madrid,0.607518,1.83411,30817,2026,https://understat.com/getLeagueData/La_liga/2026,2026-09-13,True
2026-09-14,Villarreal,Betis,1.67293,4.07311,30819,2026,https://understat.com/getLeagueData/La_liga/2026,2026-09-14,True
2026-09-15,Alaves,Valencia,1.30957,0.83949,30821,2026,https://understat.com/getLeagueData/La_liga/2026,2026-09-15,True
2026-09-15,Elche,Real Madrid,1.05222,3.46121,30825,2026,https://understat.com/getLeagueData/La_liga/2026,2026-09-15,True
2026-09-15,Vallecano,Espanol,1.8328,1.1573,30829,2026,https://understat.com/getLeagueData/La_liga/2026,2026-09-15,True
2026-09-16,Ath Madrid,Osasuna,5.14269,0.717926,30822,2026,https://understat.com/getLeagueData/La_liga/2026,2026-09-16,True
2026-09-16,Barcelona,Santander,7.47528,1.38402,30826,2026,https://understat.com/getLeagueData/La_liga/2026,2026-09-16,True
2026-09-16,La Coruna,Sevilla,0.192171,0.853244,30824,2026,https://understat.com/getLeagueData/La_liga/2026,2026-09-16,True
2026-09-17,Betis,Getafe,2.60912,0.327032,30823,2026,https://understat.com/getLeagueData/La_liga/2026,2026-09-17,True
2026-09-17,Malaga,Villarreal,0.361392,4.2474,30828,2026,https://understat.com/getLeagueData/La_liga/2026,2026-09-17,True
2026-09-18,Espanol,Elche,1.07744,1.25113,30834,2026,https://understat.com/getLeagueData/La_liga/2026,2026-09-18,True
2026-09-19,Ath Bilbao,Alaves,1.46153,0.0461634,30830,2026,https://understat.com/getLeagueData/La_liga/2026,2026-09-19,True
2026-09-19,Celta,Santander,2.2295,0.719901,30832,2026,https://understat.com/getLeagueData/La_liga/2026,2026-09-19,True
2026-09-19,Osasuna,Vallecano,0.926414,1.35649,30836,2026,https://understat.com/getLeagueData/La_liga/2026,2026-09-19,True
2026-09-19,Sevilla,Barcelona,0.758355,3.56261,30837,2026,https://understat.com/getLeagueData/La_liga/2026,2026-09-19,True
2026-09-20,Ath Madrid,Real Madrid,2.40619,0.420774,30831,2026,https://understat.com/getLeagueData/La_liga/2026,2026-09-20,True
2026-09-20,Getafe,Malaga,1.18796,0.660498,30835,2026,https://understat.com/getLeagueData/La_liga/2026,2026-09-20,True
2026-09-20,La Coruna,Betis,1.93872,1.00253,30833,2026,https://understat.com/getLeagueData/La_liga/2026,2026-09-20,True
2026-09-20,Valencia,Sociedad,1.52762,2.33411,30838,2026,https://understat.com/getLeagueData/La_liga/2026,2026-09-20,True
2026-09-20,Villarreal,Levante,4.28569,0.941792,30839,2026,https://understat.com/getLeagueData/La_liga/2026,2026-09-20,True
