date,HomeTeam,AwayTeam,xG_Home,xG_Away,understat_id,season,source_url,understat_date,results_date_verified
2015-08-08,Bournemouth,Aston Villa,0.876106,0.782253,82,2015,https://understat.com/getLeagueData/EPL/2015,2015-08-08,True
2015-08-08,Chelsea,Swansea,0.64396,2.59203,86,2015,https://understat.com/getLeagueData/EPL/2015,2015-08-08,True
2015-08-08,Everton,Watford,0.604226,0.557892,83,2015,https://understat.com/getLeagueData/EPL/2015,2015-08-08,True
2015-08-08,Leicester,Sunderland,2.56803,1.45946,84,2015,https://understat.com/getLeagueData/EPL/2015,2015-08-08,True
2015-08-08,Man United,Tottenham,0.627539,0.6746,81,2015,https://understat.com/getLeagueData/EPL/2015,2015-08-08,True
2015-08-08,Norwich,Crystal Palace,1.13076,2.10975,85,2015,https://understat.com/getLeagueData/EPL/2015,2015-08-08,True
2015-08-09,Arsenal,West Ham,1.33166,0.535961,88,2015,https://understat.com/getLeagueData/EPL/2015,2015-08-09,True
2015-08-09,Newcastle,Southampton,1.54613,1.2529,87,2015,https://understat.com/getLeagueData/EPL/2015,2015-08-09,True
2015-08-09,Stoke,Liverpool,0.381274,0.329873,89,2015,https://understat.com/getLeagueData/EPL/2015,2015-08-09,True
2015-08-10,West Brom,Man City,0.435238,1.9242,90,2015,https://understat.com/getLeagueData/EPL/2015,2015-08-10,True
2015-08-14,Aston Villa,Man United,0.219118,0.660404,91,2015,https://understat.com/getLeagueData/EPL/2015,2015-08-14,True
2015-08-15,Southampton,Everton,1.06214,1.39628,92,2015,https://understat.com/getLeagueData/EPL/2015,2015-08-15,True
2015-08-15,Sunderland,Norwich,0.329128,1.71686,93,2015,https://understat.com/getLeagueData/EPL/2015,2015-08-15,True
2015-08-15,Swansea,Newcastle,1.97424,0.113109,94,2015,https://understat.com/getLeagueData/EPL/2015,2015-08-15,True
2015-08-15,Tottenham,Stoke,1.70614,2.80956,95,2015,https://understat.com/getLeagueData/EPL/2015,2015-08-15,True
2015-08-15,Watford,West Brom,0.760848,0.684036,96,2015,https://understat.com/getLeagueData/EPL/2015,2015-08-15,True
2015-08-15,West Ham,Leicester,0.513491,1.80939,97,2015,https://understat.com/getLeagueData/EPL/2015,2015-08-15,True
2015-08-16,Crystal Palace,Arsenal,0.964134,2.05542,98,2015,https://understat.com/getLeagueData/EPL/2015,2015-08-16,True
2015-08-16,Man City,Chelsea,2.18579,0.482423,99,2015,https://understat.com/getLeagueData/EPL/2015,2015-08-16,True
2015-08-17,Liverpool,Bournemouth,2.15062,0.460805,100,2015,https://understat.com/getLeagueData/EPL/2015,2015-08-17,True
2015-08-22,Crystal Palace,Aston Villa,1.23807,0.765278,104,2015,https://understat.com/getLeagueData/EPL/2015,2015-08-22,True
2015-08-22,Leicester,Tottenham,0.829012,1.89437,105,2015,https://understat.com/getLeagueData/EPL/2015,2015-08-22,True
2015-08-22,Man United,Newcastle,1.2491,0.4384,101,2015,https://understat.com/getLeagueData/EPL/2015,2015-08-22,True
2015-08-22,Norwich,Stoke,3.14888,0.698228,102,2015,https://understat.com/getLeagueData/EPL/2015,2015-08-22,True
2015-08-22,Sunderland,Swansea,0.569426,1.56064,103,2015,https://understat.com/getLeagueData/EPL/2015,2015-08-22,True
2015-08-22,West Ham,Bournemouth,1.50203,2.8554,106,2015,https://understat.com/getLeagueData/EPL/2015,2015-08-22,True
2015-08-23,Everton,Man City,0.579338,1.57983,108,2015,https://understat.com/getLeagueData/EPL/2015,2015-08-23,True
2015-08-23,Watford,Southampton,1.17588,0.68359,109,2015,https://understat.com/getLeagueData/EPL/2015,2015-08-23,True
2015-08-23,West Brom,Chelsea,1.42622,2.02778,107,2015,https://understat.com/getLeagueData/EPL/2015,2015-08-23,True
2015-08-24,Arsenal,Liverpool,1.83755,1.29206,110,2015,https://understat.com/getLeagueData/EPL/2015,2015-08-24,True
2015-08-29,Aston Villa,Sunderland,2.27406,0.368848,113,2015,https://understat.com/getLeagueData/EPL/2015,2015-08-29,True
2015-08-29,Bournemouth,Leicester,0.321432,0.919097,114,2015,https://understat.com/getLeagueData/EPL/2015,2015-08-29,True
2015-08-29,Chelsea,Crystal Palace,1.27906,2.19283,115,2015,https://understat.com/getLeagueData/EPL/2015,2015-08-29,True
2015-08-29,Liverpool,West Ham,0.561737,0.97217,116,2015,https://understat.com/getLeagueData/EPL/2015,2015-08-29,True
2015-08-29,Man City,Watford,1.52895,0.363603,117,2015,https://understat.com/getLeagueData/EPL/2015,2015-08-29,True
2015-08-29,Newcastle,Arsenal,0.0319694,2.33948,111,2015,https://understat.com/getLeagueData/EPL/2015,2015-08-29,True
2015-08-29,Stoke,West Brom,1.21771,0.881194,112,2015,https://understat.com/getLeagueData/EPL/2015,2015-08-29,True
2015-08-29,Tottenham,Everton,1.99917,0.694692,118,2015,https://understat.com/getLeagueData/EPL/2015,2015-08-29,True
2015-08-30,Southampton,Norwich,2.85501,0.639434,119,2015,https://understat.com/getLeagueData/EPL/2015,2015-08-30,True
2015-08-30,Swansea,Man United,0.971183,1.28089,120,2015,https://understat.com/getLeagueData/EPL/2015,2015-08-30,True
2015-09-12,Arsenal,Stoke,4.42684,0.191277,122,2015,https://understat.com/getLeagueData/EPL/2015,2015-09-12,True
2015-09-12,Crystal Palace,Man City,0.743193,3.08883,123,2015,https://understat.com/getLeagueData/EPL/2015,2015-09-12,True
2015-09-12,Everton,Chelsea,1.18026,0.656048,121,2015,https://understat.com/getLeagueData/EPL/2015,2015-09-12,True
2015-09-12,Man United,Liverpool,1.46206,1.02572,127,2015,https://understat.com/getLeagueData/EPL/2015,2015-09-12,True
2015-09-12,Norwich,Bournemouth,1.33151,0.389495,126,2015,https://understat.com/getLeagueData/EPL/2015,2015-09-12,True
2015-09-12,Watford,Swansea,1.57333,0.503008,124,2015,https://understat.com/getLeagueData/EPL/2015,2015-09-12,True
2015-09-12,West Brom,Southampton,0.409143,1.00731,125,2015,https://understat.com/getLeagueData/EPL/2015,2015-09-12,True
2015-09-13,Leicester,Aston Villa,1.34987,0.953181,129,2015,https://understat.com/getLeagueData/EPL/2015,2015-09-13,True
2015-09-13,Sunderland,Tottenham,1.0407,1.45615,128,2015,https://understat.com/getLeagueData/EPL/2015,2015-09-13,True
2015-09-14,West Ham,Newcastle,1.71282,0.716599,130,2015,https://understat.com/getLeagueData/EPL/2015,2015-09-14,True
2015-09-19,Aston Villa,West Brom,0.876719,0.632761,133,2015,https://understat.com/getLeagueData/EPL/2015,2015-09-19,True
2015-09-19,Bournemouth,Sunderland,0.644335,0.854867,134,2015,https://understat.com/getLeagueData/EPL/2015,2015-09-19,True
2015-09-19,Chelsea,Arsenal,2.0687,0.775312,131,2015,https://understat.com/getLeagueData/EPL/2015,2015-09-19,True
2015-09-19,Man City,West Ham,2.98465,0.995273,137,2015,https://understat.com/getLeagueData/EPL/2015,2015-09-19,True
2015-09-19,Newcastle,Watford,1.15114,1.33961,132,2015,https://understat.com/getLeagueData/EPL/2015,2015-09-19,True
2015-09-19,Stoke,Leicester,1.14717,1.22582,135,2015,https://understat.com/getLeagueData/EPL/2015,2015-09-19,True
2015-09-19,Swansea,Everton,0.864868,1.77458,136,2015,https://understat.com/getLeagueData/EPL/2015,2015-09-19,True
2015-09-20,Liverpool,Norwich,1.90447,0.556271,140,2015,https://understat.com/getLeagueData/EPL/2015,2015-09-20,True
2015-09-20,Southampton,Man United,1.83663,1.65119,139,2015,https://understat.com/getLeagueData/EPL/2015,2015-09-20,True
2015-09-20,Tottenham,Crystal Palace,1.01573,0.538439,138,2015,https://understat.com/getLeagueData/EPL/2015,2015-09-20,True
2015-09-26,Leicester,Arsenal,1.38516,3.89623,144,2015,https://understat.com/getLeagueData/EPL/2015,2015-09-26,True
2015-09-26,Liverpool,Aston Villa,1.78331,0.892054,145,2015,https://understat.com/getLeagueData/EPL/2015,2015-09-26,True
2015-09-26,Man United,Sunderland,2.8971,0.832139,146,2015,https://understat.com/getLeagueData/EPL/2015,2015-09-26,True
2015-09-26,Newcastle,Chelsea,0.702109,1.30593,148,2015,https://understat.com/getLeagueData/EPL/2015,2015-09-26,True
2015-09-26,Southampton,Swansea,1.55418,1.41962,142,2015,https://understat.com/getLeagueData/EPL/2015,2015-09-26,True
2015-09-26,Stoke,Bournemouth,1.94483,0.871678,143,2015,https://understat.com/getLeagueData/EPL/2015,2015-09-26,True
2015-09-26,Tottenham,Man City,2.30799,1.57842,141,2015,https://understat.com/getLeagueData/EPL/2015,2015-09-26,True
2015-09-26,West Ham,Norwich,2.60407,1.38603,147,2015,https://understat.com/getLeagueData/EPL/2015,2015-09-26,True
2015-09-27,Watford,Crystal Palace,0.685939,2.33566,149,2015,https://understat.com/getLeagueData/EPL/2015,2015-09-27,True
2015-09-28,West Brom,Everton,1.27511,2.30159,150,2015,https://understat.com/getLeagueData/EPL/2015,2015-09-28,True
2015-10-03,Aston Villa,Stoke,0.839028,1.03499,152,2015,https://understat.com/getLeagueData/EPL/2015,2015-10-03,True
2015-10-03,Bournemouth,Watford,1.50268,0.913291,153,2015,https://understat.com/getLeagueData/EPL/2015,2015-10-03,True
2015-10-03,Chelsea,Southampton,0.520175,1.58246,157,2015,https://understat.com/getLeagueData/EPL/2015,2015-10-03,True
2015-10-03,Crystal Palace,West Brom,1.99083,0.255528,151,2015,https://understat.com/getLeagueData/EPL/2015,2015-10-03,True
2015-10-03,Man City,Newcastle,3.3346,0.980279,154,2015,https://understat.com/getLeagueData/EPL/2015,2015-10-03,True
2015-10-03,Norwich,Leicester,1.18074,3.00282,155,2015,https://understat.com/getLeagueData/EPL/2015,2015-10-03,True
2015-10-03,Sunderland,West Ham,1.08401,1.93656,156,2015,https://understat.com/getLeagueData/EPL/2015,2015-10-03,True
2015-10-04,Arsenal,Man United,2.16952,1.03953,160,2015,https://understat.com/getLeagueData/EPL/2015,2015-10-04,True
2015-10-04,Everton,Liverpool,1.20063,1.30844,158,2015,https://understat.com/getLeagueData/EPL/2015,2015-10-04,True
2015-10-04,Swansea,Tottenham,0.774806,1.18142,159,2015,https://understat.com/getLeagueData/EPL/2015,2015-10-04,True
2015-10-17,Chelsea,Aston Villa,1.22875,0.795846,164,2015,https://understat.com/getLeagueData/EPL/2015,2015-10-17,True
2015-10-17,Crystal Palace,West Ham,1.08391,2.76356,165,2015,https://understat.com/getLeagueData/EPL/2015,2015-10-17,True
2015-10-17,Everton,Man United,0.653457,1.47853,166,2015,https://understat.com/getLeagueData/EPL/2015,2015-10-17,True
2015-10-17,Man City,Bournemouth,4.71274,0.173025,167,2015,https://understat.com/getLeagueData/EPL/2015,2015-10-17,True
2015-10-17,Southampton,Leicester,1.46668,2.78648,162,2015,https://understat.com/getLeagueData/EPL/2015,2015-10-17,True
2015-10-17,Tottenham,Liverpool,0.586228,0.715892,161,2015,https://understat.com/getLeagueData/EPL/2015,2015-10-17,True
2015-10-17,Watford,Arsenal,0.254791,2.69046,168,2015,https://understat.com/getLeagueData/EPL/2015,2015-10-17,True
2015-10-17,West Brom,Sunderland,2.07781,0.658473,163,2015,https://understat.com/getLeagueData/EPL/2015,2015-10-17,True
2015-10-18,Newcastle,Norwich,2.24896,1.34395,169,2015,https://understat.com/getLeagueData/EPL/2015,2015-10-18,True
2015-10-19,Swansea,Stoke,0.485489,1.64894,170,2015,https://understat.com/getLeagueData/EPL/2015,2015-10-19,True
2015-10-24,Arsenal,Everton,2.55754,0.373025,176,2015,https://understat.com/getLeagueData/EPL/2015,2015-10-24,True
2015-10-24,Aston Villa,Swansea,1.09516,1.74353,171,2015,https://understat.com/getLeagueData/EPL/2015,2015-10-24,True
2015-10-24,Leicester,Crystal Palace,1.33502,0.240008,172,2015,https://understat.com/getLeagueData/EPL/2015,2015-10-24,True
2015-10-24,Norwich,West Brom,1.03228,1.45436,174,2015,https://understat.com/getLeagueData/EPL/2015,2015-10-24,True
2015-10-24,Stoke,Watford,0.848432,1.0403,175,2015,https://understat.com/getLeagueData/EPL/2015,2015-10-24,True
2015-10-24,West Ham,Chelsea,0.77284,1.1356,173,2015,https://understat.com/getLeagueData/EPL/2015,2015-10-24,True
2015-10-25,Bournemouth,Tottenham,0.490581,3.43313,178,2015,https://understat.com/getLeagueData/EPL/2015,2015-10-25,True
2015-10-25,Liverpool,Southampton,0.682823,1.56383,180,2015,https://understat.com/getLeagueData/EPL/2015,2015-10-25,True
2015-10-25,Man United,Man City,0.391754,0.310718,179,2015,https://understat.com/getLeagueData/EPL/2015,2015-10-25,True
2015-10-25,Sunderland,Newcastle,2.37969,1.41744,177,2015,https://understat.com/getLeagueData/EPL/2015,2015-10-25,True
2015-10-31,Chelsea,Liverpool,0.735762,0.839342,181,2015,https://understat.com/getLeagueData/EPL/2015,2015-10-31,True
2015-10-31,Crystal Palace,Man United,0.939118,0.394404,182,2015,https://understat.com/getLeagueData/EPL/2015,2015-10-31,True
2015-10-31,Man City,Norwich,2.83557,1.17497,183,2015,https://understat.com/getLeagueData/EPL/2015,2015-10-31,True
2015-10-31,Newcastle,Stoke,1.26075,1.38017,184,2015,https://understat.com/getLeagueData/EPL/2015,2015-10-31,True
2015-10-31,Swansea,Arsenal,0.264441,2.17657,185,2015,https://understat.com/getLeagueData/EPL/2015,2015-10-31,True
2015-10-31,Watford,West Ham,1.61544,0.605625,186,2015,https://understat.com/getLeagueData/EPL/2015,2015-10-31,True
2015-10-31,West Brom,Leicester,1.50447,2.22545,187,2015,https://understat.com/getLeagueData/EPL/2015,2015-10-31,True
2015-11-01,Everton,Sunderland,2.34852,1.21834,188,2015,https://understat.com/getLeagueData/EPL/2015,2015-11-01,True
2015-11-01,Southampton,Bournemouth,1.15966,0.712132,189,2015,https://understat.com/getLeagueData/EPL/2015,2015-11-01,True
2015-11-02,Tottenham,Aston Villa,1.14374,0.325711,190,2015,https://understat.com/getLeagueData/EPL/2015,2015-11-03,True
2015-11-07,Bournemouth,Newcastle,1.00427,0.504409,191,2015,https://understat.com/getLeagueData/EPL/2015,2015-11-07,True
2015-11-07,Leicester,Watford,1.56389,1.00531,192,2015,https://understat.com/getLeagueData/EPL/2015,2015-11-07,True
2015-11-07,Man United,West Brom,1.2779,0.594031,193,2015,https://understat.com/getLeagueData/EPL/2015,2015-11-07,True
2015-11-07,Norwich,Swansea,1.19517,0.402284,194,2015,https://understat.com/getLeagueData/EPL/2015,2015-11-07,True
2015-11-07,Stoke,Chelsea,0.825418,1.02642,197,2015,https://understat.com/getLeagueData/EPL/2015,2015-11-07,True
2015-11-07,Sunderland,Southampton,0.299104,1.79578,196,2015,https://understat.com/getLeagueData/EPL/2015,2015-11-07,True
2015-11-07,West Ham,Everton,0.589567,1.08814,195,2015,https://understat.com/getLeagueData/EPL/2015,2015-11-07,True
2015-11-08,Arsenal,Tottenham,2.01767,0.90585,199,2015,https://understat.com/getLeagueData/EPL/2015,2015-11-08,True
2015-11-08,Aston Villa,Man City,0.182741,1.53281,198,2015,https://understat.com/getLeagueData/EPL/2015,2015-11-08,True
2015-11-08,Liverpool,Crystal Palace,2.15673,0.849281,200,2015,https://understat.com/getLeagueData/EPL/2015,2015-11-08,True
2015-11-21,Chelsea,Norwich,2.16487,0.202798,207,2015,https://understat.com/getLeagueData/EPL/2015,2015-11-21,True
2015-11-21,Everton,Aston Villa,2.83068,0.322061,206,2015,https://understat.com/getLeagueData/EPL/2015,2015-11-21,True
2015-11-21,Man City,Liverpool,1.08612,2.61697,208,2015,https://understat.com/getLeagueData/EPL/2015,2015-11-21,True
2015-11-21,Newcastle,Leicester,0.372387,3.27478,205,2015,https://understat.com/getLeagueData/EPL/2015,2015-11-21,True
2015-11-21,Southampton,Stoke,0.709485,1.19495,203,2015,https://understat.com/getLeagueData/EPL/2015,2015-11-21,True
2015-11-21,Swansea,Bournemouth,1.88526,1.58509,202,2015,https://understat.com/getLeagueData/EPL/2015,2015-11-21,True
2015-11-21,Watford,Man United,1.47077,1.30264,201,2015,https://understat.com/getLeagueData/EPL/2015,2015-11-21,True
2015-11-21,West Brom,Arsenal,0.332888,2.08956,204,2015,https://understat.com/getLeagueData/EPL/2015,2015-11-21,True
2015-11-22,Tottenham,West Ham,3.22353,0.818937,209,2015,https://understat.com/getLeagueData/EPL/2015,2015-11-22,True
2015-11-23,Crystal Palace,Sunderland,0.696183,1.30739,210,2015,https://understat.com/getLeagueData/EPL/2015,2015-11-24,True
2015-11-28,Aston Villa,Watford,1.48969,1.45176,212,2015,https://understat.com/getLeagueData/EPL/2015,2015-11-28,True
2015-11-28,Bournemouth,Everton,1.69105,0.729005,213,2015,https://understat.com/getLeagueData/EPL/2015,2015-11-28,True
2015-11-28,Crystal Palace,Newcastle,1.67836,0.791299,214,2015,https://understat.com/getLeagueData/EPL/2015,2015-11-28,True
2015-11-28,Leicester,Man United,0.876256,1.05613,216,2015,https://understat.com/getLeagueData/EPL/2015,2015-11-28,True
2015-11-28,Man City,Southampton,2.12331,1.24478,215,2015,https://understat.com/getLeagueData/EPL/2015,2015-11-28,True
2015-11-28,Sunderland,Stoke,0.863466,0.79464,211,2015,https://understat.com/getLeagueData/EPL/2015,2015-11-28,True
2015-11-29,Liverpool,Swansea,1.19358,0.367517,219,2015,https://understat.com/getLeagueData/EPL/2015,2015-11-29,True
2015-11-29,Norwich,Arsenal,1.01025,1.65699,220,2015,https://understat.com/getLeagueData/EPL/2015,2015-11-29,True
2015-11-29,Tottenham,Chelsea,0.333494,0.283375,217,2015,https://understat.com/getLeagueData/EPL/2015,2015-11-29,True
2015-11-29,West Ham,West Brom,1.41404,0.866305,218,2015,https://understat.com/getLeagueData/EPL/2015,2015-11-29,True
2015-12-05,Arsenal,Sunderland,2.29559,1.5228,225,2015,https://understat.com/getLeagueData/EPL/2015,2015-12-05,True
2015-12-05,Chelsea,Bournemouth,1.66952,1.25911,228,2015,https://understat.com/getLeagueData/EPL/2015,2015-12-05,True
2015-12-05,Man United,West Ham,1.76061,1.10206,226,2015,https://understat.com/getLeagueData/EPL/2015,2015-12-05,True
2015-12-05,Southampton,Aston Villa,2.86051,1.058,227,2015,https://understat.com/getLeagueData/EPL/2015,2015-12-05,True
2015-12-05,Stoke,Man City,2.01436,0.483752,221,2015,https://understat.com/getLeagueData/EPL/2015,2015-12-05,True
2015-12-05,Swansea,Leicester,0.780602,2.20962,222,2015,https://understat.com/getLeagueData/EPL/2015,2015-12-05,True
2015-12-05,Watford,Norwich,2.07199,0.310524,223,2015,https://understat.com/getLeagueData/EPL/2015,2015-12-05,True
2015-12-05,West Brom,Tottenham,1.48695,1.12876,224,2015,https://understat.com/getLeagueData/EPL/2015,2015-12-05,True
2015-12-06,Newcastle,Liverpool,0.646346,0.999043,229,2015,https://understat.com/getLeagueData/EPL/2015,2015-12-06,True
2015-12-07,Everton,Crystal Palace,1.69774,1.1905,230,2015,https://understat.com/getLeagueData/EPL/2015,2015-12-08,True
2015-12-12,Bournemouth,Man United,1.05032,1.96768,236,2015,https://understat.com/getLeagueData/EPL/2015,2015-12-12,True
2015-12-12,Crystal Palace,Southampton,1.31177,0.890411,234,2015,https://understat.com/getLeagueData/EPL/2015,2015-12-12,True
2015-12-12,Man City,Swansea,1.34338,0.962789,232,2015,https://understat.com/getLeagueData/EPL/2015,2015-12-12,True
2015-12-12,Norwich,Everton,1.49283,2.43558,231,2015,https://understat.com/getLeagueData/EPL/2015,2015-12-12,True
2015-12-12,Sunderland,Watford,0.879474,2.0562,233,2015,https://understat.com/getLeagueData/EPL/2015,2015-12-12,True
2015-12-12,West Ham,Stoke,1.13181,1.87239,235,2015,https://understat.com/getLeagueData/EPL/2015,2015-12-12,True
2015-12-13,Aston Villa,Arsenal,1.00876,1.68498,237,2015,https://understat.com/getLeagueData/EPL/2015,2015-12-13,True
2015-12-13,Liverpool,West Brom,2.12583,0.835885,238,2015,https://understat.com/getLeagueData/EPL/2015,2015-12-13,True
2015-12-13,Tottenham,Newcastle,1.03317,1.55252,239,2015,https://understat.com/getLeagueData/EPL/2015,2015-12-13,True
2015-12-14,Leicester,Chelsea,0.708846,2.26887,240,2015,https://understat.com/getLeagueData/EPL/2015,2015-12-15,True
2015-12-19,Chelsea,Sunderland,3.02023,1.23573,244,2015,https://understat.com/getLeagueData/EPL/2015,2015-12-19,True
2015-12-19,Everton,Leicester,1.48982,2.02911,245,2015,https://understat.com/getLeagueData/EPL/2015,2015-12-19,True
2015-12-19,Man United,Norwich,1.01394,0.556897,246,2015,https://understat.com/getLeagueData/EPL/2015,2015-12-19,True
2015-12-19,Newcastle,Aston Villa,1.28189,0.404373,247,2015,https://understat.com/getLeagueData/EPL/2015,2015-12-19,True
2015-12-19,Southampton,Tottenham,0.83385,1.47453,242,2015,https://understat.com/getLeagueData/EPL/2015,2015-12-19,True
2015-12-19,Stoke,Crystal Palace,2.41499,1.95347,243,2015,https://understat.com/getLeagueData/EPL/2015,2015-12-19,True
2015-12-19,West Brom,Bournemouth,0.698255,1.89177,241,2015,https://understat.com/getLeagueData/EPL/2015,2015-12-19,True
2015-12-20,Swansea,West Ham,0.973378,0.401988,249,2015,https://understat.com/getLeagueData/EPL/2015,2015-12-20,True
2015-12-20,Watford,Liverpool,1.99336,0.376313,248,2015,https://understat.com/getLeagueData/EPL/2015,2015-12-20,True
2015-12-21,Arsenal,Man City,1.50109,0.769378,250,2015,https://understat.com/getLeagueData/EPL/2015,2015-12-22,True
2015-12-26,Aston Villa,West Ham,1.61235,0.836027,254,2015,https://understat.com/getLeagueData/EPL/2015,2015-12-26,True
2015-12-26,Bournemouth,Crystal Palace,0.871395,0.405181,255,2015,https://understat.com/getLeagueData/EPL/2015,2015-12-26,True
2015-12-26,Chelsea,Watford,2.09356,1.667,256,2015,https://understat.com/getLeagueData/EPL/2015,2015-12-26,True
2015-12-26,Liverpool,Leicester,1.37933,0.505167,257,2015,https://understat.com/getLeagueData/EPL/2015,2015-12-26,True
2015-12-26,Man City,Sunderland,3.51848,1.08103,258,2015,https://understat.com/getLeagueData/EPL/2015,2015-12-26,True
2015-12-26,Newcastle,Everton,1.35711,1.69923,259,2015,https://understat.com/getLeagueData/EPL/2015,2015-12-26,True
2015-12-26,Southampton,Arsenal,2.4303,0.83106,260,2015,https://understat.com/getLeagueData/EPL/2015,2015-12-26,True
2015-12-26,Stoke,Man United,1.18211,1.28961,251,2015,https://understat.com/getLeagueData/EPL/2015,2015-12-26,True
2015-12-26,Swansea,West Brom,1.21243,0.554583,252,2015,https://understat.com/getLeagueData/EPL/2015,2015-12-26,True
2015-12-26,Tottenham,Norwich,2.40666,0.452019,253,2015,https://understat.com/getLeagueData/EPL/2015,2015-12-26,True
2015-12-28,Arsenal,Bournemouth,3.12958,0.343752,266,2015,https://understat.com/getLeagueData/EPL/2015,2015-12-28,True
2015-12-28,Crystal Palace,Swansea,0.735185,0.169425,264,2015,https://understat.com/getLeagueData/EPL/2015,2015-12-28,True
2015-12-28,Everton,Stoke,2.2472,1.58159,265,2015,https://understat.com/getLeagueData/EPL/2015,2015-12-28,True
2015-12-28,Man United,Chelsea,1.35213,0.900029,267,2015,https://understat.com/getLeagueData/EPL/2015,2015-12-28,True
2015-12-28,Norwich,Aston Villa,1.10319,0.235874,263,2015,https://understat.com/getLeagueData/EPL/2015,2015-12-28,True
2015-12-28,Watford,Tottenham,1.13011,0.527248,262,2015,https://understat.com/getLeagueData/EPL/2015,2015-12-28,True
2015-12-28,West Brom,Newcastle,2.1039,0.456189,261,2015,https://understat.com/getLeagueData/EPL/2015,2015-12-28,True
2015-12-28,West Ham,Southampton,1.79562,1.3709,268,2015,https://understat.com/getLeagueData/EPL/2015,2015-12-28,True
2015-12-29,Leicester,Man City,0.810377,1.66777,269,2015,https://understat.com/getLeagueData/EPL/2015,2015-12-29,True
2015-12-30,Sunderland,Liverpool,0.481551,1.80743,270,2015,https://understat.com/getLeagueData/EPL/2015,2015-12-30,True
2016-01-02,Arsenal,Newcastle,1.93025,1.15339,273,2015,https://understat.com/getLeagueData/EPL/2015,2016-01-02,True
2016-01-02,Leicester,Bournemouth,2.28506,1.2593,274,2015,https://understat.com/getLeagueData/EPL/2015,2016-01-02,True
2016-01-02,Man United,Swansea,1.74266,0.542907,275,2015,https://understat.com/getLeagueData/EPL/2015,2016-01-02,True
2016-01-02,Norwich,Southampton,1.50509,0.932294,276,2015,https://understat.com/getLeagueData/EPL/2015,2016-01-02,True
2016-01-02,Sunderland,Aston Villa,0.761225,0.27956,277,2015,https://understat.com/getLeagueData/EPL/2015,2016-01-02,True
2016-01-02,Watford,Man City,0.985368,0.692054,278,2015,https://understat.com/getLeagueData/EPL/2015,2016-01-02,True
2016-01-02,West Brom,Stoke,1.72318,0.917526,272,2015,https://understat.com/getLeagueData/EPL/2015,2016-01-02,True
2016-01-02,West Ham,Liverpool,2.06737,1.86591,271,2015,https://understat.com/getLeagueData/EPL/2015,2016-01-02,True
2016-01-03,Crystal Palace,Chelsea,0.546499,2.3747,279,2015,https://understat.com/getLeagueData/EPL/2015,2016-01-03,True
2016-01-03,Everton,Tottenham,0.721603,0.75907,280,2015,https://understat.com/getLeagueData/EPL/2015,2016-01-03,True
2016-01-12,Aston Villa,Crystal Palace,0.551973,0.547913,282,2015,https://understat.com/getLeagueData/EPL/2015,2016-01-12,True
2016-01-12,Bournemouth,West Ham,0.729546,1.18455,283,2015,https://understat.com/getLeagueData/EPL/2015,2016-01-12,True
2016-01-12,Newcastle,Man United,1.81304,2.36216,281,2015,https://understat.com/getLeagueData/EPL/2015,2016-01-12,True
2016-01-13,Chelsea,West Brom,1.38532,0.704263,287,2015,https://understat.com/getLeagueData/EPL/2015,2016-01-13,True
2016-01-13,Liverpool,Arsenal,1.16222,2.22912,289,2015,https://understat.com/getLeagueData/EPL/2015,2016-01-14,True
2016-01-13,Man City,Everton,1.44957,0.369548,288,2015,https://understat.com/getLeagueData/EPL/2015,2016-01-13,True
2016-01-13,Southampton,Watford,1.7224,0.11543,284,2015,https://understat.com/getLeagueData/EPL/2015,2016-01-13,True
2016-01-13,Stoke,Norwich,1.24456,0.193728,285,2015,https://understat.com/getLeagueData/EPL/2015,2016-01-13,True
2016-01-13,Swansea,Sunderland,1.06526,2.49057,286,2015,https://understat.com/getLeagueData/EPL/2015,2016-01-13,True
2016-01-13,Tottenham,Leicester,1.2301,0.588708,290,2015,https://understat.com/getLeagueData/EPL/2015,2016-01-14,True
2016-01-16,Aston Villa,Leicester,0.665386,2.21525,297,2015,https://understat.com/getLeagueData/EPL/2015,2016-01-16,True
2016-01-16,Bournemouth,Norwich,2.53086,0.595472,296,2015,https://understat.com/getLeagueData/EPL/2015,2016-01-16,True
2016-01-16,Chelsea,Everton,2.44864,1.5891,295,2015,https://understat.com/getLeagueData/EPL/2015,2016-01-16,True
2016-01-16,Man City,Crystal Palace,1.74025,0.613339,292,2015,https://understat.com/getLeagueData/EPL/2015,2016-01-16,True
2016-01-16,Newcastle,West Ham,1.84261,1.08248,293,2015,https://understat.com/getLeagueData/EPL/2015,2016-01-16,True
2016-01-16,Southampton,West Brom,1.42623,0.410757,294,2015,https://understat.com/getLeagueData/EPL/2015,2016-01-16,True
2016-01-16,Tottenham,Sunderland,2.02579,0.617306,291,2015,https://understat.com/getLeagueData/EPL/2015,2016-01-16,True
2016-01-17,Liverpool,Man United,0.952974,0.715703,298,2015,https://understat.com/getLeagueData/EPL/2015,2016-01-17,True
2016-01-17,Stoke,Arsenal,0.546879,0.585841,299,2015,https://understat.com/getLeagueData/EPL/2015,2016-01-17,True
2016-01-18,Swansea,Watford,0.474035,0.525478,300,2015,https://understat.com/getLeagueData/EPL/2015,2016-01-19,True
2016-01-23,Crystal Palace,Tottenham,0.930792,1.74368,302,2015,https://understat.com/getLeagueData/EPL/2015,2016-01-23,True
2016-01-23,Leicester,Stoke,2.25906,0.340483,304,2015,https://understat.com/getLeagueData/EPL/2015,2016-01-23,True
2016-01-23,Man United,Southampton,0.187217,0.83591,303,2015,https://understat.com/getLeagueData/EPL/2015,2016-01-23,True
2016-01-23,Norwich,Liverpool,1.03432,1.44943,301,2015,https://understat.com/getLeagueData/EPL/2015,2016-01-23,True
2016-01-23,Sunderland,Bournemouth,0.612134,1.26851,306,2015,https://understat.com/getLeagueData/EPL/2015,2016-01-23,True
2016-01-23,Watford,Newcastle,2.58707,1.29267,307,2015,https://understat.com/getLeagueData/EPL/2015,2016-01-23,True
2016-01-23,West Brom,Aston Villa,0.23184,0.562461,305,2015,https://understat.com/getLeagueData/EPL/2015,2016-01-23,True
2016-01-23,West Ham,Man City,1.01267,1.73182,308,2015,https://understat.com/getLeagueData/EPL/2015,2016-01-23,True
2016-01-24,Arsenal,Chelsea,1.10907,1.48778,310,2015,https://understat.com/getLeagueData/EPL/2015,2016-01-24,True
2016-01-24,Everton,Swansea,1.94094,1.08055,309,2015,https://understat.com/getLeagueData/EPL/2015,2016-01-24,True
2016-02-02,Arsenal,Southampton,3.38487,0.93405,311,2015,https://understat.com/getLeagueData/EPL/2015,2016-02-02,True
2016-02-02,Crystal Palace,Bournemouth,1.62395,1.17427,316,2015,https://understat.com/getLeagueData/EPL/2015,2016-02-03,True
2016-02-02,Leicester,Liverpool,1.34566,0.580791,312,2015,https://understat.com/getLeagueData/EPL/2015,2016-02-02,True
2016-02-02,Man United,Stoke,2.45272,0.350909,317,2015,https://understat.com/getLeagueData/EPL/2015,2016-02-03,True
2016-02-02,Norwich,Tottenham,0.929319,2.75469,313,2015,https://understat.com/getLeagueData/EPL/2015,2016-02-02,True
2016-02-02,Sunderland,Man City,0.888437,0.638461,314,2015,https://understat.com/getLeagueData/EPL/2015,2016-02-02,True
2016-02-02,West Brom,Swansea,2.30645,1.17928,318,2015,https://understat.com/getLeagueData/EPL/2015,2016-02-03,True
2016-02-02,West Ham,Aston Villa,2.34619,0.107888,315,2015,https://understat.com/getLeagueData/EPL/2015,2016-02-02,True
2016-02-03,Everton,Newcastle,2.48447,0.626239,319,2015,https://understat.com/getLeagueData/EPL/2015,2016-02-03,True
2016-02-03,Watford,Chelsea,0.531415,1.13694,320,2015,https://understat.com/getLeagueData/EPL/2015,2016-02-03,True
2016-02-06,Aston Villa,Norwich,0.918291,1.1413,326,2015,https://understat.com/getLeagueData/EPL/2015,2016-02-06,True
2016-02-06,Liverpool,Sunderland,1.57712,0.491843,327,2015,https://understat.com/getLeagueData/EPL/2015,2016-02-06,True
2016-02-06,Man City,Leicester,1.70719,2.50168,321,2015,https://understat.com/getLeagueData/EPL/2015,2016-02-06,True
2016-02-06,Newcastle,West Brom,2.41057,0.472556,322,2015,https://understat.com/getLeagueData/EPL/2015,2016-02-06,True
2016-02-06,Southampton,West Ham,1.06493,0.970583,328,2015,https://understat.com/getLeagueData/EPL/2015,2016-02-06,True
2016-02-06,Stoke,Everton,0.693548,3.05913,323,2015,https://understat.com/getLeagueData/EPL/2015,2016-02-06,True
2016-02-06,Swansea,Crystal Palace,1.32136,1.01465,325,2015,https://understat.com/getLeagueData/EPL/2015,2016-02-06,True
2016-02-06,Tottenham,Watford,2.00475,0.149839,324,2015,https://understat.com/getLeagueData/EPL/2015,2016-02-06,True
2016-02-07,Bournemouth,Arsenal,0.584316,1.13957,329,2015,https://understat.com/getLeagueData/EPL/2015,2016-02-07,True
2016-02-07,Chelsea,Man United,1.61554,0.780475,330,2015,https://understat.com/getLeagueData/EPL/2015,2016-02-07,True
2016-02-13,Bournemouth,Stoke,1.19427,0.927348,336,2015,https://understat.com/getLeagueData/EPL/2015,2016-02-13,True
2016-02-13,Chelsea,Newcastle,2.0858,0.430664,337,2015,https://understat.com/getLeagueData/EPL/2015,2016-02-13,True
2016-02-13,Crystal Palace,Watford,0.983946,1.99728,335,2015,https://understat.com/getLeagueData/EPL/2015,2016-02-13,True
2016-02-13,Everton,West Brom,1.82912,1.1974,334,2015,https://understat.com/getLeagueData/EPL/2015,2016-02-13,True
2016-02-13,Norwich,West Ham,1.03362,0.741428,333,2015,https://understat.com/getLeagueData/EPL/2015,2016-02-13,True
2016-02-13,Sunderland,Man United,1.48186,0.908296,331,2015,https://understat.com/getLeagueData/EPL/2015,2016-02-13,True
2016-02-13,Swansea,Southampton,0.699012,1.19353,332,2015,https://understat.com/getLeagueData/EPL/2015,2016-02-13,True
2016-02-14,Arsenal,Leicester,2.36319,1.31246,338,2015,https://understat.com/getLeagueData/EPL/2015,2016-02-14,True
2016-02-14,Aston Villa,Liverpool,0.174868,2.00756,339,2015,https://understat.com/getLeagueData/EPL/2015,2016-02-14,True
2016-02-14,Man City,Tottenham,1.97876,1.23517,340,2015,https://understat.com/getLeagueData/EPL/2015,2016-02-14,True
2016-02-27,Leicester,Norwich,1.7645,0.814784,343,2015,https://understat.com/getLeagueData/EPL/2015,2016-02-27,True
2016-02-27,Southampton,Chelsea,1.01074,0.631036,344,2015,https://understat.com/getLeagueData/EPL/2015,2016-02-27,True
2016-02-27,Stoke,Aston Villa,2.04047,0.414343,345,2015,https://understat.com/getLeagueData/EPL/2015,2016-02-27,True
2016-02-27,Watford,Bournemouth,1.00481,0.955252,342,2015,https://understat.com/getLeagueData/EPL/2015,2016-02-27,True
2016-02-27,West Brom,Crystal Palace,2.07488,1.21638,346,2015,https://understat.com/getLeagueData/EPL/2015,2016-02-27,True
2016-02-27,West Ham,Sunderland,0.52387,1.07887,341,2015,https://understat.com/getLeagueData/EPL/2015,2016-02-27,True
2016-02-28,Man United,Arsenal,1.09522,1.5435,348,2015,https://understat.com/getLeagueData/EPL/2015,2016-02-28,True
2016-02-28,Tottenham,Swansea,3.57325,1.24938,347,2015,https://understat.com/getLeagueData/EPL/2015,2016-02-28,True
2016-03-01,Aston Villa,Everton,0.60177,2.63668,349,2015,https://understat.com/getLeagueData/EPL/2015,2016-03-01,True
2016-03-01,Bournemouth,Southampton,1.41228,0.954161,350,2015,https://understat.com/getLeagueData/EPL/2015,2016-03-01,True
2016-03-01,Leicester,West Brom,3.04626,1.29485,351,2015,https://understat.com/getLeagueData/EPL/2015,2016-03-01,True
2016-03-01,Norwich,Chelsea,1.24159,0.980988,353,2015,https://understat.com/getLeagueData/EPL/2015,2016-03-01,True
2016-03-01,Sunderland,Crystal Palace,0.93375,0.887448,352,2015,https://understat.com/getLeagueData/EPL/2015,2016-03-01,True
2016-03-02,Arsenal,Swansea,1.4928,1.69788,355,2015,https://understat.com/getLeagueData/EPL/2015,2016-03-02,True
2016-03-02,Liverpool,Man City,1.16781,0.180318,357,2015,https://understat.com/getLeagueData/EPL/2015,2016-03-03,True
2016-03-02,Man United,Watford,0.786278,2.16484,358,2015,https://understat.com/getLeagueData/EPL/2015,2016-03-03,True
2016-03-02,Stoke,Newcastle,0.298318,0.270782,356,2015,https://understat.com/getLeagueData/EPL/2015,2016-03-02,True
2016-03-02,West Ham,Tottenham,0.784319,1.22673,354,2015,https://understat.com/getLeagueData/EPL/2015,2016-03-02,True
2016-03-05,Chelsea,Stoke,1.0615,1.60285,362,2015,https://understat.com/getLeagueData/EPL/2015,2016-03-05,True
2016-03-05,Everton,West Ham,2.09025,2.72091,363,2015,https://understat.com/getLeagueData/EPL/2015,2016-03-05,True
2016-03-05,Man City,Aston Villa,2.83271,0.121136,364,2015,https://understat.com/getLeagueData/EPL/2015,2016-03-05,True
2016-03-05,Newcastle,Bournemouth,0.833931,1.26853,365,2015,https://understat.com/getLeagueData/EPL/2015,2016-03-05,True
2016-03-05,Southampton,Sunderland,1.54587,1.31562,360,2015,https://understat.com/getLeagueData/EPL/2015,2016-03-05,True
2016-03-05,Swansea,Norwich,0.545937,0.580126,361,2015,https://understat.com/getLeagueData/EPL/2015,2016-03-05,True
2016-03-05,Tottenham,Arsenal,1.88378,0.543157,359,2015,https://understat.com/getLeagueData/EPL/2015,2016-03-05,True
2016-03-05,Watford,Leicester,0.829318,1.47042,366,2015,https://understat.com/getLeagueData/EPL/2015,2016-03-05,True
2016-03-06,Crystal Palace,Liverpool,1.43901,2.27087,367,2015,https://understat.com/getLeagueData/EPL/2015,2016-03-06,True
2016-03-06,West Brom,Man United,0.565787,0.417622,368,2015,https://understat.com/getLeagueData/EPL/2015,2016-03-06,True
2016-03-12,Bournemouth,Swansea,0.70756,1.09562,371,2015,https://understat.com/getLeagueData/EPL/2015,2016-03-12,True
2016-03-12,Norwich,Man City,0.139743,0.557373,369,2015,https://understat.com/getLeagueData/EPL/2015,2016-03-12,True
2016-03-12,Stoke,Southampton,1.06676,0.874966,370,2015,https://understat.com/getLeagueData/EPL/2015,2016-03-12,True
2016-03-13,Aston Villa,Tottenham,1.84022,2.00141,372,2015,https://understat.com/getLeagueData/EPL/2015,2016-03-13,True
2016-03-14,Leicester,Newcastle,0.846771,0.518715,373,2015,https://understat.com/getLeagueData/EPL/2015,2016-03-14,True
2016-03-19,Chelsea,West Ham,2.1406,0.862828,376,2015,https://understat.com/getLeagueData/EPL/2015,2016-03-19,True
2016-03-19,Crystal Palace,Leicester,0.784339,1.20315,375,2015,https://understat.com/getLeagueData/EPL/2015,2016-03-19,True
2016-03-19,Everton,Arsenal,0.58617,1.92384,374,2015,https://understat.com/getLeagueData/EPL/2015,2016-03-19,True
2016-03-19,Swansea,Aston Villa,0.490469,0.730828,379,2015,https://understat.com/getLeagueData/EPL/2015,2016-03-19,True
2016-03-19,Watford,Stoke,0.879462,1.58145,377,2015,https://understat.com/getLeagueData/EPL/2015,2016-03-19,True
2016-03-19,West Brom,Norwich,0.332789,0.799255,378,2015,https://understat.com/getLeagueData/EPL/2015,2016-03-19,True
2016-03-20,Man City,Man United,1.86249,0.900312,382,2015,https://understat.com/getLeagueData/EPL/2015,2016-03-20,True
2016-03-20,Newcastle,Sunderland,0.940593,0.785017,381,2015,https://understat.com/getLeagueData/EPL/2015,2016-03-20,True
2016-03-20,Southampton,Liverpool,1.56873,1.29046,380,2015,https://understat.com/getLeagueData/EPL/2015,2016-03-20,True
2016-03-20,Tottenham,Bournemouth,2.02694,0.120366,383,2015,https://understat.com/getLeagueData/EPL/2015,2016-03-20,True
2016-04-02,Arsenal,Watford,3.00742,0.290619,385,2015,https://understat.com/getLeagueData/EPL/2015,2016-04-02,True
2016-04-02,Aston Villa,Chelsea,0.72512,2.49358,384,2015,https://understat.com/getLeagueData/EPL/2015,2016-04-02,True
2016-04-02,Bournemouth,Man City,1.3239,0.868303,386,2015,https://understat.com/getLeagueData/EPL/2015,2016-04-02,True
2016-04-02,Liverpool,Tottenham,1.37954,1.23579,391,2015,https://understat.com/getLeagueData/EPL/2015,2016-04-02,True
2016-04-02,Norwich,Newcastle,1.65216,1.46835,387,2015,https://understat.com/getLeagueData/EPL/2015,2016-04-02,True
2016-04-02,Stoke,Swansea,1.17598,0.4319,388,2015,https://understat.com/getLeagueData/EPL/2015,2016-04-02,True
2016-04-02,Sunderland,West Brom,1.54544,0.0635563,389,2015,https://understat.com/getLeagueData/EPL/2015,2016-04-02,True
2016-04-02,West Ham,Crystal Palace,1.71369,1.65593,390,2015,https://understat.com/getLeagueData/EPL/2015,2016-04-02,True
2016-04-03,Leicester,Southampton,1.38701,0.670068,392,2015,https://understat.com/getLeagueData/EPL/2015,2016-04-03,True
2016-04-03,Man United,Everton,0.998692,0.755625,393,2015,https://understat.com/getLeagueData/EPL/2015,2016-04-03,True
2016-04-09,Aston Villa,Bournemouth,0.220872,1.0038,398,2015,https://understat.com/getLeagueData/EPL/2015,2016-04-09,True
2016-04-09,Crystal Palace,Norwich,1.45029,0.675663,399,2015,https://understat.com/getLeagueData/EPL/2015,2016-04-09,True
2016-04-09,Man City,West Brom,2.07325,1.09413,400,2015,https://understat.com/getLeagueData/EPL/2015,2016-04-09,True
2016-04-09,Southampton,Newcastle,1.78477,0.165982,396,2015,https://understat.com/getLeagueData/EPL/2015,2016-04-09,True
2016-04-09,Swansea,Chelsea,1.9071,1.3003,397,2015,https://understat.com/getLeagueData/EPL/2015,2016-04-09,True
2016-04-09,Watford,Everton,0.408379,1.59979,395,2015,https://understat.com/getLeagueData/EPL/2015,2016-04-09,True
2016-04-09,West Ham,Arsenal,1.10973,1.46966,394,2015,https://understat.com/getLeagueData/EPL/2015,2016-04-09,True
2016-04-10,Liverpool,Stoke,2.21484,0.85508,403,2015,https://understat.com/getLeagueData/EPL/2015,2016-04-10,True
2016-04-10,Sunderland,Leicester,0.872232,2.60072,401,2015,https://understat.com/getLeagueData/EPL/2015,2016-04-10,True
2016-04-10,Tottenham,Man United,1.79647,0.341238,402,2015,https://understat.com/getLeagueData/EPL/2015,2016-04-10,True
2016-04-13,Crystal Palace,Everton,1.59025,0.759269,404,2015,https://understat.com/getLeagueData/EPL/2015,2016-04-13,True
2016-04-16,Chelsea,Man City,0.487715,2.62768,410,2015,https://understat.com/getLeagueData/EPL/2015,2016-04-16,True
2016-04-16,Everton,Southampton,0.318721,1.38323,407,2015,https://understat.com/getLeagueData/EPL/2015,2016-04-16,True
2016-04-16,Man United,Aston Villa,1.09127,0.262427,406,2015,https://understat.com/getLeagueData/EPL/2015,2016-04-16,True
2016-04-16,Newcastle,Swansea,1.5024,0.787081,408,2015,https://understat.com/getLeagueData/EPL/2015,2016-04-16,True
2016-04-16,Norwich,Sunderland,1.09006,1.99748,405,2015,https://understat.com/getLeagueData/EPL/2015,2016-04-16,True
2016-04-16,West Brom,Watford,2.2915,0.364852,409,2015,https://understat.com/getLeagueData/EPL/2015,2016-04-16,True
2016-04-17,Arsenal,Crystal Palace,1.73461,0.275806,413,2015,https://understat.com/getLeagueData/EPL/2015,2016-04-17,True
2016-04-17,Bournemouth,Liverpool,0.85914,1.81443,412,2015,https://understat.com/getLeagueData/EPL/2015,2016-04-17,True
2016-04-17,Leicester,West Ham,1.95296,1.56819,411,2015,https://understat.com/getLeagueData/EPL/2015,2016-04-17,True
2016-04-18,Stoke,Tottenham,0.458376,2.89775,414,2015,https://understat.com/getLeagueData/EPL/2015,2016-04-18,True
2016-04-19,Newcastle,Man City,0.455246,0.522043,415,2015,https://understat.com/getLeagueData/EPL/2015,2016-04-19,True
2016-04-20,Liverpool,Everton,3.24472,0.0886329,418,2015,https://understat.com/getLeagueData/EPL/2015,2016-04-20,True
2016-04-20,Man United,Crystal Palace,1.46607,0.137416,417,2015,https://understat.com/getLeagueData/EPL/2015,2016-04-20,True
2016-04-20,West Ham,Watford,3.96294,1.22333,416,2015,https://understat.com/getLeagueData/EPL/2015,2016-04-20,True
2016-04-21,Arsenal,West Brom,1.37348,0.839742,419,2015,https://understat.com/getLeagueData/EPL/2015,2016-04-21,True
2016-04-23,Aston Villa,Southampton,1.47192,3.6648,421,2015,https://understat.com/getLeagueData/EPL/2015,2016-04-23,True
2016-04-23,Bournemouth,Chelsea,0.575087,2.07192,422,2015,https://understat.com/getLeagueData/EPL/2015,2016-04-23,True
2016-04-23,Liverpool,Newcastle,0.712881,0.253033,423,2015,https://understat.com/getLeagueData/EPL/2015,2016-04-23,True
2016-04-23,Man City,Stoke,2.22482,1.09174,420,2015,https://understat.com/getLeagueData/EPL/2015,2016-04-23,True
2016-04-24,Leicester,Swansea,3.31579,0.576457,425,2015,https://understat.com/getLeagueData/EPL/2015,2016-04-24,True
2016-04-24,Sunderland,Arsenal,0.617149,0.97303,424,2015,https://understat.com/getLeagueData/EPL/2015,2016-04-24,True
2016-04-25,Tottenham,West Brom,1.26346,0.894413,426,2015,https://understat.com/getLeagueData/EPL/2015,2016-04-25,True
2016-04-30,Arsenal,Norwich,0.781508,0.578781,432,2015,https://understat.com/getLeagueData/EPL/2015,2016-04-30,True
2016-04-30,Everton,Bournemouth,0.95281,1.42599,429,2015,https://understat.com/getLeagueData/EPL/2015,2016-04-30,True
2016-04-30,Newcastle,Crystal Palace,0.53407,1.05079,428,2015,https://understat.com/getLeagueData/EPL/2015,2016-04-30,True
2016-04-30,Stoke,Sunderland,0.68487,1.43105,427,2015,https://understat.com/getLeagueData/EPL/2015,2016-04-30,True
2016-04-30,Watford,Aston Villa,1.36255,0.491793,430,2015,https://understat.com/getLeagueData/EPL/2015,2016-04-30,True
2016-04-30,West Brom,West Ham,1.5346,1.27183,431,2015,https://understat.com/getLeagueData/EPL/2015,2016-04-30,True
2016-05-01,Man United,Leicester,1.18462,1.16622,434,2015,https://understat.com/getLeagueData/EPL/2015,2016-05-01,True
2016-05-01,Southampton,Man City,2.84362,1.12719,435,2015,https://understat.com/getLeagueData/EPL/2015,2016-05-01,True
2016-05-01,Swansea,Liverpool,2.31862,0.776186,433,2015,https://understat.com/getLeagueData/EPL/2015,2016-05-01,True
2016-05-02,Chelsea,Tottenham,0.81661,1.90407,436,2015,https://understat.com/getLeagueData/EPL/2015,2016-05-02,True
2016-05-07,Aston Villa,Newcastle,0.0312154,1.09626,440,2015,https://understat.com/getLeagueData/EPL/2015,2016-05-07,True
2016-05-07,Bournemouth,West Brom,0.814964,1.34282,441,2015,https://understat.com/getLeagueData/EPL/2015,2016-05-07,True
2016-05-07,Crystal Palace,Stoke,1.31448,1.27766,438,2015,https://understat.com/getLeagueData/EPL/2015,2016-05-07,True
2016-05-07,Leicester,Everton,4.50525,1.30184,443,2015,https://understat.com/getLeagueData/EPL/2015,2016-05-07,True
2016-05-07,Norwich,Man United,1.36825,1.48344,437,2015,https://understat.com/getLeagueData/EPL/2015,2016-05-07,True
2016-05-07,Sunderland,Chelsea,0.773876,1.77677,442,2015,https://understat.com/getLeagueData/EPL/2015,2016-05-07,True
2016-05-07,West Ham,Swansea,2.39454,2.47265,439,2015,https://understat.com/getLeagueData/EPL/2015,2016-05-07,True
2016-05-08,Liverpool,Watford,2.38919,0.930803,445,2015,https://understat.com/getLeagueData/EPL/2015,2016-05-08,True
2016-05-08,Man City,Arsenal,0.75375,1.08084,446,2015,https://understat.com/getLeagueData/EPL/2015,2016-05-08,True
2016-05-08,Tottenham,Southampton,2.55547,1.30812,444,2015,https://understat.com/getLeagueData/EPL/2015,2016-05-08,True
2016-05-10,West Ham,Man United,2.13311,0.635987,447,2015,https://understat.com/getLeagueData/EPL/2015,2016-05-10,True
2016-05-11,Liverpool,Chelsea,1.83934,0.812268,450,2015,https://understat.com/getLeagueData/EPL/2015,2016-05-11,True
2016-05-11,Norwich,Watford,2.41871,1.7686,448,2015,https://understat.com/getLeagueData/EPL/2015,2016-05-11,True
2016-05-11,Sunderland,Everton,2.44887,1.16563,449,2015,https://understat.com/getLeagueData/EPL/2015,2016-05-11,True
2016-05-15,Arsenal,Aston Villa,3.40207,0.222731,451,2015,https://understat.com/getLeagueData/EPL/2015,2016-05-15,True
2016-05-15,Chelsea,Leicester,1.86065,1.23491,452,2015,https://understat.com/getLeagueData/EPL/2015,2016-05-15,True
2016-05-15,Everton,Norwich,2.40775,0.43016,453,2015,https://understat.com/getLeagueData/EPL/2015,2016-05-15,True
2016-05-15,Newcastle,Tottenham,2.42808,0.869082,454,2015,https://understat.com/getLeagueData/EPL/2015,2016-05-15,True
2016-05-15,Southampton,Crystal Palace,2.32278,1.24857,455,2015,https://understat.com/getLeagueData/EPL/2015,2016-05-15,True
2016-05-15,Stoke,West Ham,0.288737,2.94489,456,2015,https://understat.com/getLeagueData/EPL/2015,2016-05-15,True
2016-05-15,Swansea,Man City,0.115604,2.04003,457,2015,https://understat.com/getLeagueData/EPL/2015,2016-05-15,True
2016-05-15,Watford,Sunderland,1.95277,0.908817,458,2015,https://understat.com/getLeagueData/EPL/2015,2016-05-15,True
2016-05-15,West Brom,Liverpool,1.86869,0.419877,459,2015,https://understat.com/getLeagueData/EPL/2015,2016-05-15,True
2016-05-17,Man United,Bournemouth,1.72109,0.503471,460,2015,https://understat.com/getLeagueData/EPL/2015,2016-05-17,True
2016-08-13,Burnley,Swansea,1.04903,1.72089,464,2016,https://understat.com/getLeagueData/EPL/2016,2016-08-13,True
2016-08-13,Crystal Palace,West Brom,0.990062,0.684593,462,2016,https://understat.com/getLeagueData/EPL/2016,2016-08-13,True
2016-08-13,Everton,Tottenham,0.790063,1.12348,463,2016,https://understat.com/getLeagueData/EPL/2016,2016-08-13,True
2016-08-13,Hull,Leicester,0.740018,2.45631,461,2016,https://understat.com/getLeagueData/EPL/2016,2016-08-13,True
2016-08-13,Man City,Sunderland,1.95479,1.09877,467,2016,https://understat.com/getLeagueData/EPL/2016,2016-08-13,True
2016-08-13,Middlesbrough,Stoke,1.80523,0.485626,465,2016,https://understat.com/getLeagueData/EPL/2016,2016-08-13,True
2016-08-13,Southampton,Watford,0.937328,0.180046,466,2016,https://understat.com/getLeagueData/EPL/2016,2016-08-13,True
2016-08-14,Arsenal,Liverpool,1.18197,1.6591,469,2016,https://understat.com/getLeagueData/EPL/2016,2016-08-14,True
2016-08-14,Bournemouth,Man United,0.522847,1.91105,468,2016,https://understat.com/getLeagueData/EPL/2016,2016-08-14,True
2016-08-15,Chelsea,West Ham,1.4603,0.445604,470,2016,https://understat.com/getLeagueData/EPL/2016,2016-08-15,True
2016-08-19,Man United,Southampton,1.36553,0.613233,471,2016,https://understat.com/getLeagueData/EPL/2016,2016-08-19,True
2016-08-20,Burnley,Liverpool,0.197536,0.939025,473,2016,https://understat.com/getLeagueData/EPL/2016,2016-08-20,True
2016-08-20,Leicester,Arsenal,0.553693,0.521509,478,2016,https://understat.com/getLeagueData/EPL/2016,2016-08-20,True
2016-08-20,Stoke,Man City,1.31066,2.17198,472,2016,https://understat.com/getLeagueData/EPL/2016,2016-08-20,True
2016-08-20,Swansea,Hull,1.14134,2.18655,474,2016,https://understat.com/getLeagueData/EPL/2016,2016-08-20,True
2016-08-20,Tottenham,Crystal Palace,2.25623,0.357943,475,2016,https://understat.com/getLeagueData/EPL/2016,2016-08-20,True
2016-08-20,Watford,Chelsea,0.804549,1.75595,476,2016,https://understat.com/getLeagueData/EPL/2016,2016-08-20,True
2016-08-20,West Brom,Everton,2.01885,1.83897,477,2016,https://understat.com/getLeagueData/EPL/2016,2016-08-20,True
2016-08-21,Sunderland,Middlesbrough,1.4645,0.854908,479,2016,https://understat.com/getLeagueData/EPL/2016,2016-08-21,True
2016-08-21,West Ham,Bournemouth,1.69288,0.39341,480,2016,https://understat.com/getLeagueData/EPL/2016,2016-08-21,True
2016-08-27,Chelsea,Burnley,2.65838,0.18449,485,2016,https://understat.com/getLeagueData/EPL/2016,2016-08-27,True
2016-08-27,Crystal Palace,Bournemouth,2.659,0.974014,486,2016,https://understat.com/getLeagueData/EPL/2016,2016-08-27,True
2016-08-27,Everton,Stoke,2.31835,0.187415,487,2016,https://understat.com/getLeagueData/EPL/2016,2016-08-27,True
2016-08-27,Hull,Man United,0.268815,2.47208,488,2016,https://understat.com/getLeagueData/EPL/2016,2016-08-27,True
2016-08-27,Leicester,Swansea,2.47977,0.32818,483,2016,https://understat.com/getLeagueData/EPL/2016,2016-08-27,True
2016-08-27,Southampton,Sunderland,0.613743,1.39142,484,2016,https://understat.com/getLeagueData/EPL/2016,2016-08-27,True
2016-08-27,Tottenham,Liverpool,0.590511,1.92569,481,2016,https://understat.com/getLeagueData/EPL/2016,2016-08-27,True
2016-08-27,Watford,Arsenal,1.07775,2.03271,482,2016,https://understat.com/getLeagueData/EPL/2016,2016-08-27,True
2016-08-28,Man City,West Ham,3.21624,1.08385,490,2016,https://understat.com/getLeagueData/EPL/2016,2016-08-28,True
2016-08-28,West Brom,Middlesbrough,0.696845,0.396816,489,2016,https://understat.com/getLeagueData/EPL/2016,2016-08-28,True
2016-09-10,Arsenal,Southampton,1.89219,1.17522,494,2016,https://understat.com/getLeagueData/EPL/2016,2016-09-10,True
2016-09-10,Bournemouth,West Brom,0.986511,1.48347,495,2016,https://understat.com/getLeagueData/EPL/2016,2016-09-10,True
2016-09-10,Burnley,Hull,0.453149,0.907116,496,2016,https://understat.com/getLeagueData/EPL/2016,2016-09-10,True
2016-09-10,Liverpool,Leicester,2.76916,1.22508,498,2016,https://understat.com/getLeagueData/EPL/2016,2016-09-10,True
2016-09-10,Man United,Man City,1.01013,1.88688,491,2016,https://understat.com/getLeagueData/EPL/2016,2016-09-10,True
2016-09-10,Middlesbrough,Crystal Palace,0.611959,1.12437,492,2016,https://understat.com/getLeagueData/EPL/2016,2016-09-10,True
2016-09-10,Stoke,Tottenham,1.01771,2.77025,493,2016,https://understat.com/getLeagueData/EPL/2016,2016-09-10,True
2016-09-10,West Ham,Watford,1.32216,1.85479,497,2016,https://understat.com/getLeagueData/EPL/2016,2016-09-10,True
2016-09-11,Swansea,Chelsea,1.2304,2.19035,499,2016,https://understat.com/getLeagueData/EPL/2016,2016-09-11,True
2016-09-12,Sunderland,Everton,1.0404,2.84526,500,2016,https://understat.com/getLeagueData/EPL/2016,2016-09-12,True
2016-09-16,Chelsea,Liverpool,1.16415,1.41642,501,2016,https://understat.com/getLeagueData/EPL/2016,2016-09-16,True
2016-09-17,Everton,Middlesbrough,1.17467,0.178081,506,2016,https://understat.com/getLeagueData/EPL/2016,2016-09-17,True
2016-09-17,Hull,Arsenal,0.969693,3.63453,502,2016,https://understat.com/getLeagueData/EPL/2016,2016-09-17,True
2016-09-17,Leicester,Burnley,1.98503,0.464523,503,2016,https://understat.com/getLeagueData/EPL/2016,2016-09-17,True
2016-09-17,Man City,Bournemouth,3.38733,0.389672,504,2016,https://understat.com/getLeagueData/EPL/2016,2016-09-17,True
2016-09-17,West Brom,West Ham,1.94229,2.37422,505,2016,https://understat.com/getLeagueData/EPL/2016,2016-09-17,True
2016-09-18,Crystal Palace,Stoke,1.31366,1.20308,508,2016,https://understat.com/getLeagueData/EPL/2016,2016-09-18,True
2016-09-18,Southampton,Swansea,2.15218,0.490661,509,2016,https://understat.com/getLeagueData/EPL/2016,2016-09-18,True
2016-09-18,Tottenham,Sunderland,2.52591,0.960821,510,2016,https://understat.com/getLeagueData/EPL/2016,2016-09-18,True
2016-09-18,Watford,Man United,1.74506,1.41359,507,2016,https://understat.com/getLeagueData/EPL/2016,2016-09-18,True
2016-09-24,Arsenal,Chelsea,1.66224,0.613553,518,2016,https://understat.com/getLeagueData/EPL/2016,2016-09-24,True
2016-09-24,Bournemouth,Everton,0.693594,1.15724,517,2016,https://understat.com/getLeagueData/EPL/2016,2016-09-24,True
2016-09-24,Liverpool,Hull,4.64913,0.157549,516,2016,https://understat.com/getLeagueData/EPL/2016,2016-09-24,True
2016-09-24,Man United,Leicester,2.45604,0.286966,511,2016,https://understat.com/getLeagueData/EPL/2016,2016-09-24,True
2016-09-24,Middlesbrough,Tottenham,0.361508,1.4158,512,2016,https://understat.com/getLeagueData/EPL/2016,2016-09-24,True
2016-09-24,Stoke,West Brom,0.979673,0.270862,513,2016,https://understat.com/getLeagueData/EPL/2016,2016-09-24,True
2016-09-24,Sunderland,Crystal Palace,1.51457,1.7887,514,2016,https://understat.com/getLeagueData/EPL/2016,2016-09-24,True
2016-09-24,Swansea,Man City,1.11096,2.57704,515,2016,https://understat.com/getLeagueData/EPL/2016,2016-09-24,True
2016-09-25,West Ham,Southampton,0.693818,2.97877,519,2016,https://understat.com/getLeagueData/EPL/2016,2016-09-25,True
2016-09-26,Burnley,Watford,0.569734,0.776105,520,2016,https://understat.com/getLeagueData/EPL/2016,2016-09-26,True
2016-09-30,Everton,Crystal Palace,1.1542,0.47692,521,2016,https://understat.com/getLeagueData/EPL/2016,2016-09-30,True
2016-10-01,Hull,Chelsea,0.27266,1.99155,524,2016,https://understat.com/getLeagueData/EPL/2016,2016-10-01,True
2016-10-01,Sunderland,West Brom,1.19268,0.88211,523,2016,https://understat.com/getLeagueData/EPL/2016,2016-10-01,True
2016-10-01,Swansea,Liverpool,2.65842,2.02239,522,2016,https://understat.com/getLeagueData/EPL/2016,2016-10-01,True
2016-10-01,Watford,Bournemouth,1.23419,1.35487,525,2016,https://understat.com/getLeagueData/EPL/2016,2016-10-01,True
2016-10-01,West Ham,Middlesbrough,0.883385,0.852603,526,2016,https://understat.com/getLeagueData/EPL/2016,2016-10-01,True
2016-10-02,Burnley,Arsenal,0.608783,1.85433,530,2016,https://understat.com/getLeagueData/EPL/2016,2016-10-02,True
2016-10-02,Leicester,Southampton,0.446309,0.920963,528,2016,https://understat.com/getLeagueData/EPL/2016,2016-10-02,True
2016-10-02,Man United,Stoke,2.80988,1.20043,527,2016,https://understat.com/getLeagueData/EPL/2016,2016-10-02,True
2016-10-02,Tottenham,Man City,1.69975,0.909513,529,2016,https://understat.com/getLeagueData/EPL/2016,2016-10-02,True
2016-10-15,Arsenal,Swansea,3.50519,1.74979,532,2016,https://understat.com/getLeagueData/EPL/2016,2016-10-15,True
2016-10-15,Bournemouth,Hull,2.92532,0.388589,533,2016,https://understat.com/getLeagueData/EPL/2016,2016-10-15,True
2016-10-15,Chelsea,Leicester,3.11573,0.182549,531,2016,https://understat.com/getLeagueData/EPL/2016,2016-10-15,True
2016-10-15,Crystal Palace,West Ham,1.94599,0.874219,537,2016,https://understat.com/getLeagueData/EPL/2016,2016-10-15,True
2016-10-15,Man City,Everton,2.69208,0.144498,534,2016,https://understat.com/getLeagueData/EPL/2016,2016-10-15,True
2016-10-15,Stoke,Sunderland,2.29543,0.587572,535,2016,https://understat.com/getLeagueData/EPL/2016,2016-10-15,True
2016-10-15,West Brom,Tottenham,1.30365,1.32318,536,2016,https://understat.com/getLeagueData/EPL/2016,2016-10-15,True
2016-10-16,Middlesbrough,Watford,0.528576,0.0893749,538,2016,https://understat.com/getLeagueData/EPL/2016,2016-10-16,True
2016-10-16,Southampton,Burnley,4.21181,1.03126,539,2016,https://understat.com/getLeagueData/EPL/2016,2016-10-16,True
2016-10-17,Liverpool,Man United,0.270441,0.537762,540,2016,https://understat.com/getLeagueData/EPL/2016,2016-10-17,True
2016-10-22,Arsenal,Middlesbrough,0.711811,1.55581,547,2016,https://understat.com/getLeagueData/EPL/2016,2016-10-22,True
2016-10-22,Bournemouth,Tottenham,0.523371,0.74529,541,2016,https://understat.com/getLeagueData/EPL/2016,2016-10-22,True
2016-10-22,Burnley,Everton,0.905579,0.752795,546,2016,https://understat.com/getLeagueData/EPL/2016,2016-10-22,True
2016-10-22,Hull,Stoke,0.701606,1.04273,545,2016,https://understat.com/getLeagueData/EPL/2016,2016-10-22,True
2016-10-22,Leicester,Crystal Palace,1.7041,1.656,544,2016,https://understat.com/getLeagueData/EPL/2016,2016-10-22,True
2016-10-22,Liverpool,West Brom,2.2952,0.685982,548,2016,https://understat.com/getLeagueData/EPL/2016,2016-10-22,True
2016-10-22,Swansea,Watford,1.33215,0.478578,543,2016,https://understat.com/getLeagueData/EPL/2016,2016-10-22,True
2016-10-22,West Ham,Sunderland,1.19585,0.808339,542,2016,https://understat.com/getLeagueData/EPL/2016,2016-10-22,True
2016-10-23,Chelsea,Man United,2.25192,0.742805,550,2016,https://understat.com/getLeagueData/EPL/2016,2016-10-23,True
2016-10-23,Man City,Southampton,1.15321,0.563752,549,2016,https://understat.com/getLeagueData/EPL/2016,2016-10-23,True
2016-10-29,Crystal Palace,Liverpool,0.496044,2.26056,2683,2016,https://understat.com/getLeagueData/EPL/2016,2016-10-29,True
2016-10-29,Man United,Burnley,2.72391,0.327957,2682,2016,https://understat.com/getLeagueData/EPL/2016,2016-10-29,True
2016-10-29,Middlesbrough,Bournemouth,1.44317,1.54599,2681,2016,https://understat.com/getLeagueData/EPL/2016,2016-10-29,True
2016-10-29,Sunderland,Arsenal,0.853434,2.48348,2677,2016,https://understat.com/getLeagueData/EPL/2016,2016-10-29,True
2016-10-29,Tottenham,Leicester,1.69833,0.740987,2678,2016,https://understat.com/getLeagueData/EPL/2016,2016-10-29,True
2016-10-29,Watford,Hull,1.14991,0.251367,2679,2016,https://understat.com/getLeagueData/EPL/2016,2016-10-29,True
2016-10-29,West Brom,Man City,0.596605,2.48018,2680,2016,https://understat.com/getLeagueData/EPL/2016,2016-10-29,True
2016-10-30,Everton,West Ham,2.0087,0.944816,2684,2016,https://understat.com/getLeagueData/EPL/2016,2016-10-30,True
2016-10-30,Southampton,Chelsea,0.422364,1.14759,2685,2016,https://understat.com/getLeagueData/EPL/2016,2016-10-30,True
2016-10-31,Stoke,Swansea,2.16407,1.10058,2686,2016,https://understat.com/getLeagueData/EPL/2016,2016-11-01,True
2016-11-05,Bournemouth,Sunderland,2.6457,1.13672,2687,2016,https://understat.com/getLeagueData/EPL/2016,2016-11-05,True
2016-11-05,Burnley,Crystal Palace,2.25738,2.05902,2688,2016,https://understat.com/getLeagueData/EPL/2016,2016-11-05,True
2016-11-05,Chelsea,Everton,1.94078,0.0131321,2691,2016,https://understat.com/getLeagueData/EPL/2016,2016-11-05,True
2016-11-05,Man City,Middlesbrough,2.49606,0.208762,2689,2016,https://understat.com/getLeagueData/EPL/2016,2016-11-05,True
2016-11-05,West Ham,Stoke,0.404528,0.81046,2690,2016,https://understat.com/getLeagueData/EPL/2016,2016-11-05,True
2016-11-06,Arsenal,Tottenham,0.675745,1.19585,2692,2016,https://understat.com/getLeagueData/EPL/2016,2016-11-06,True
2016-11-06,Hull,Southampton,0.561215,2.03046,2694,2016,https://understat.com/getLeagueData/EPL/2016,2016-11-06,True
2016-11-06,Leicester,West Brom,0.629678,0.78196,2696,2016,https://understat.com/getLeagueData/EPL/2016,2016-11-06,True
2016-11-06,Liverpool,Watford,4.18366,0.771133,2693,2016,https://understat.com/getLeagueData/EPL/2016,2016-11-06,True
2016-11-06,Swansea,Man United,0.51266,1.00006,2695,2016,https://understat.com/getLeagueData/EPL/2016,2016-11-06,True
2016-11-19,Crystal Palace,Man City,0.431559,1.39421,2703,2016,https://understat.com/getLeagueData/EPL/2016,2016-11-19,True
2016-11-19,Everton,Swansea,1.54877,1.07471,2702,2016,https://understat.com/getLeagueData/EPL/2016,2016-11-19,True
2016-11-19,Man United,Arsenal,0.511462,0.575813,2697,2016,https://understat.com/getLeagueData/EPL/2016,2016-11-19,True
2016-11-19,Southampton,Liverpool,0.0942055,1.68802,2698,2016,https://understat.com/getLeagueData/EPL/2016,2016-11-19,True
2016-11-19,Stoke,Bournemouth,1.60429,1.24012,2699,2016,https://understat.com/getLeagueData/EPL/2016,2016-11-19,True
2016-11-19,Sunderland,Hull,0.951511,1.25065,2700,2016,https://understat.com/getLeagueData/EPL/2016,2016-11-19,True
2016-11-19,Tottenham,West Ham,2.53396,1.76706,2704,2016,https://understat.com/getLeagueData/EPL/2016,2016-11-19,True
2016-11-19,Watford,Leicester,0.7197,1.19686,2701,2016,https://understat.com/getLeagueData/EPL/2016,2016-11-19,True
2016-11-20,Middlesbrough,Chelsea,0.55976,1.68738,2705,2016,https://understat.com/getLeagueData/EPL/2016,2016-11-20,True
2016-11-21,West Brom,Burnley,1.40512,0.571005,2706,2016,https://understat.com/getLeagueData/EPL/2016,2016-11-22,True
2016-11-26,Burnley,Man City,0.475642,2.25698,2707,2016,https://understat.com/getLeagueData/EPL/2016,2016-11-26,True
2016-11-26,Chelsea,Tottenham,1.24948,0.422568,2712,2016,https://understat.com/getLeagueData/EPL/2016,2016-11-26,True
2016-11-26,Hull,West Brom,0.424457,1.40213,2708,2016,https://understat.com/getLeagueData/EPL/2016,2016-11-26,True
2016-11-26,Leicester,Middlesbrough,2.0478,0.425252,2711,2016,https://understat.com/getLeagueData/EPL/2016,2016-11-26,True
2016-11-26,Liverpool,Sunderland,2.02461,0.291073,2710,2016,https://understat.com/getLeagueData/EPL/2016,2016-11-26,True
2016-11-26,Swansea,Crystal Palace,3.3955,2.28156,2709,2016,https://understat.com/getLeagueData/EPL/2016,2016-11-26,True
2016-11-27,Arsenal,Bournemouth,2.8697,2.0491,2714,2016,https://understat.com/getLeagueData/EPL/2016,2016-11-27,True
2016-11-27,Man United,West Ham,1.44452,0.749388,2716,2016,https://understat.com/getLeagueData/EPL/2016,2016-11-27,True
2016-11-27,Southampton,Everton,2.80562,0.615174,2715,2016,https://understat.com/getLeagueData/EPL/2016,2016-11-27,True
2016-11-27,Watford,Stoke,0.541915,0.704736,2713,2016,https://understat.com/getLeagueData/EPL/2016,2016-11-27,True
2016-12-03,Crystal Palace,Southampton,2.20073,0.764357,3106,2016,https://understat.com/getLeagueData/EPL/2016,2016-12-03,True
2016-12-03,Man City,Chelsea,2.24061,1.2848,3105,2016,https://understat.com/getLeagueData/EPL/2016,2016-12-03,True
2016-12-03,Stoke,Burnley,1.12929,0.773995,3107,2016,https://understat.com/getLeagueData/EPL/2016,2016-12-03,True
2016-12-03,Sunderland,Leicester,1.4282,1.13791,3108,2016,https://understat.com/getLeagueData/EPL/2016,2016-12-03,True
2016-12-03,Tottenham,Swansea,3.9767,0.0342109,3109,2016,https://understat.com/getLeagueData/EPL/2016,2016-12-03,True
2016-12-03,West Brom,Watford,1.17737,1.476,3110,2016,https://understat.com/getLeagueData/EPL/2016,2016-12-03,True
2016-12-03,West Ham,Arsenal,0.882486,2.96923,3111,2016,https://understat.com/getLeagueData/EPL/2016,2016-12-03,True
2016-12-04,Bournemouth,Liverpool,2.54396,1.26532,3112,2016,https://understat.com/getLeagueData/EPL/2016,2016-12-04,True
2016-12-04,Everton,Man United,1.64985,0.541299,3113,2016,https://understat.com/getLeagueData/EPL/2016,2016-12-04,True
2016-12-05,Middlesbrough,Hull,1.94961,0.221339,3114,2016,https://understat.com/getLeagueData/EPL/2016,2016-12-06,True
2016-12-10,Arsenal,Stoke,1.58027,1.29401,3118,2016,https://understat.com/getLeagueData/EPL/2016,2016-12-10,True
2016-12-10,Burnley,Bournemouth,2.15178,1.00194,3119,2016,https://understat.com/getLeagueData/EPL/2016,2016-12-10,True
2016-12-10,Hull,Crystal Palace,2.16649,1.50059,3116,2016,https://understat.com/getLeagueData/EPL/2016,2016-12-10,True
2016-12-10,Leicester,Man City,2.60583,0.970372,3120,2016,https://understat.com/getLeagueData/EPL/2016,2016-12-10,True
2016-12-10,Swansea,Sunderland,2.18185,0.672058,3117,2016,https://understat.com/getLeagueData/EPL/2016,2016-12-10,True
2016-12-10,Watford,Everton,1.49271,1.09675,3115,2016,https://understat.com/getLeagueData/EPL/2016,2016-12-10,True
2016-12-11,Chelsea,West Brom,0.551109,0.212574,3121,2016,https://understat.com/getLeagueData/EPL/2016,2016-12-11,True
2016-12-11,Liverpool,West Ham,1.79134,0.64998,3124,2016,https://understat.com/getLeagueData/EPL/2016,2016-12-11,True
2016-12-11,Man United,Tottenham,1.04894,0.720341,3122,2016,https://understat.com/getLeagueData/EPL/2016,2016-12-11,True
2016-12-11,Southampton,Middlesbrough,1.72919,0.493941,3123,2016,https://understat.com/getLeagueData/EPL/2016,2016-12-11,True
2016-12-13,Bournemouth,Leicester,0.64118,1.6751,3125,2016,https://understat.com/getLeagueData/EPL/2016,2016-12-13,True
2016-12-13,Everton,Arsenal,1.46034,1.3508,3126,2016,https://understat.com/getLeagueData/EPL/2016,2016-12-13,True
2016-12-14,Crystal Palace,Man United,0.710324,1.27306,3130,2016,https://understat.com/getLeagueData/EPL/2016,2016-12-15,True
2016-12-14,Man City,Watford,1.62359,0.497462,3132,2016,https://understat.com/getLeagueData/EPL/2016,2016-12-15,True
2016-12-14,Middlesbrough,Liverpool,0.161583,2.13526,3127,2016,https://understat.com/getLeagueData/EPL/2016,2016-12-14,True
2016-12-14,Stoke,Southampton,0.333754,0.723114,3133,2016,https://understat.com/getLeagueData/EPL/2016,2016-12-15,True
2016-12-14,Sunderland,Chelsea,0.473979,1.22459,3128,2016,https://understat.com/getLeagueData/EPL/2016,2016-12-14,True
2016-12-14,Tottenham,Hull,2.83077,0.570636,3134,2016,https://understat.com/getLeagueData/EPL/2016,2016-12-15,True
2016-12-14,West Brom,Swansea,1.78268,1.07221,3131,2016,https://understat.com/getLeagueData/EPL/2016,2016-12-15,True
2016-12-14,West Ham,Burnley,1.67016,0.923353,3129,2016,https://understat.com/getLeagueData/EPL/2016,2016-12-14,True
2016-12-17,Crystal Palace,Chelsea,0.356331,0.81444,3135,2016,https://understat.com/getLeagueData/EPL/2016,2016-12-17,True
2016-12-17,Middlesbrough,Swansea,1.71549,0.602249,3136,2016,https://understat.com/getLeagueData/EPL/2016,2016-12-17,True
2016-12-17,Stoke,Leicester,2.518,1.25572,3138,2016,https://understat.com/getLeagueData/EPL/2016,2016-12-17,True
2016-12-17,Sunderland,Watford,1.13526,1.07552,3139,2016,https://understat.com/getLeagueData/EPL/2016,2016-12-17,True
2016-12-17,West Brom,Man United,0.600426,0.983306,3140,2016,https://understat.com/getLeagueData/EPL/2016,2016-12-17,True
2016-12-17,West Ham,Hull,1.92151,1.13479,3137,2016,https://understat.com/getLeagueData/EPL/2016,2016-12-17,True
2016-12-18,Bournemouth,Southampton,0.492912,1.69451,3141,2016,https://understat.com/getLeagueData/EPL/2016,2016-12-18,True
2016-12-18,Man City,Arsenal,1.5186,0.609893,3142,2016,https://understat.com/getLeagueData/EPL/2016,2016-12-18,True
2016-12-18,Tottenham,Burnley,1.50755,1.17031,3143,2016,https://understat.com/getLeagueData/EPL/2016,2016-12-18,True
2016-12-19,Everton,Liverpool,0.456788,1.87823,3144,2016,https://understat.com/getLeagueData/EPL/2016,2016-12-20,True
2016-12-26,Arsenal,West Brom,1.97881,0.687502,3149,2016,https://understat.com/getLeagueData/EPL/2016,2016-12-26,True
2016-12-26,Burnley,Middlesbrough,0.275704,0.698814,3150,2016,https://understat.com/getLeagueData/EPL/2016,2016-12-26,True
2016-12-26,Chelsea,Bournemouth,1.71303,0.650942,3151,2016,https://understat.com/getLeagueData/EPL/2016,2016-12-26,True
2016-12-26,Hull,Man City,0.350069,2.22237,3152,2016,https://understat.com/getLeagueData/EPL/2016,2016-12-26,True
2016-12-26,Leicester,Everton,0.377464,1.25512,3148,2016,https://understat.com/getLeagueData/EPL/2016,2016-12-26,True
2016-12-26,Man United,Sunderland,2.32117,0.488541,3147,2016,https://understat.com/getLeagueData/EPL/2016,2016-12-26,True
2016-12-26,Swansea,West Ham,0.954864,3.40585,3146,2016,https://understat.com/getLeagueData/EPL/2016,2016-12-26,True
2016-12-26,Watford,Crystal Palace,0.959496,1.53834,3145,2016,https://understat.com/getLeagueData/EPL/2016,2016-12-26,True
2016-12-27,Liverpool,Stoke,1.66669,0.389104,3153,2016,https://understat.com/getLeagueData/EPL/2016,2016-12-27,True
2016-12-28,Southampton,Tottenham,0.403743,1.61035,3154,2016,https://understat.com/getLeagueData/EPL/2016,2016-12-28,True
2016-12-30,Hull,Everton,0.852585,1.27757,3155,2016,https://understat.com/getLeagueData/EPL/2016,2016-12-31,True
2016-12-31,Burnley,Sunderland,2.72471,0.465701,3157,2016,https://understat.com/getLeagueData/EPL/2016,2016-12-31,True
2016-12-31,Chelsea,Stoke,1.94737,0.858417,3158,2016,https://understat.com/getLeagueData/EPL/2016,2016-12-31,True
2016-12-31,Leicester,West Ham,1.10842,1.58333,3156,2016,https://understat.com/getLeagueData/EPL/2016,2016-12-31,True
2016-12-31,Liverpool,Man City,0.256825,0.352445,3162,2016,https://understat.com/getLeagueData/EPL/2016,2016-12-31,True
2016-12-31,Man United,Middlesbrough,2.53996,0.64492,3159,2016,https://understat.com/getLeagueData/EPL/2016,2016-12-31,True
2016-12-31,Southampton,West Brom,0.371668,0.6675,3160,2016,https://understat.com/getLeagueData/EPL/2016,2016-12-31,True
2016-12-31,Swansea,Bournemouth,0.515218,2.43608,3161,2016,https://understat.com/getLeagueData/EPL/2016,2016-12-31,True
2017-01-01,Arsenal,Crystal Palace,1.67138,0.221469,3329,2016,https://understat.com/getLeagueData/EPL/2016,2017-01-01,True
2017-01-01,Watford,Tottenham,1.26331,3.06509,3328,2016,https://understat.com/getLeagueData/EPL/2016,2017-01-01,True
2017-01-02,Everton,Southampton,2.34997,1.01083,3331,2016,https://understat.com/getLeagueData/EPL/2016,2017-01-02,True
2017-01-02,Man City,Burnley,0.617412,0.642111,3332,2016,https://understat.com/getLeagueData/EPL/2016,2017-01-02,True
2017-01-02,Middlesbrough,Leicester,0.697108,0.477078,3330,2016,https://understat.com/getLeagueData/EPL/2016,2017-01-02,True
2017-01-02,Sunderland,Liverpool,1.91057,2.332,3334,2016,https://understat.com/getLeagueData/EPL/2016,2017-01-02,True
2017-01-02,West Brom,Hull,0.883566,0.992341,3333,2016,https://understat.com/getLeagueData/EPL/2016,2017-01-02,True
2017-01-02,West Ham,Man United,0.799911,1.64905,3335,2016,https://understat.com/getLeagueData/EPL/2016,2017-01-02,True
2017-01-03,Bournemouth,Arsenal,1.55859,1.12629,3336,2016,https://understat.com/getLeagueData/EPL/2016,2017-01-03,True
2017-01-03,Crystal Palace,Swansea,0.331276,1.18905,3337,2016,https://understat.com/getLeagueData/EPL/2016,2017-01-04,True
2017-01-03,Stoke,Watford,1.85359,0.510395,3338,2016,https://understat.com/getLeagueData/EPL/2016,2017-01-04,True
2017-01-04,Tottenham,Chelsea,1.00945,0.912754,3339,2016,https://understat.com/getLeagueData/EPL/2016,2017-01-05,True
2017-01-14,Burnley,Southampton,0.464555,0.962065,3345,2016,https://understat.com/getLeagueData/EPL/2016,2017-01-14,True
2017-01-14,Hull,Bournemouth,1.18904,1.43455,3344,2016,https://understat.com/getLeagueData/EPL/2016,2017-01-14,True
2017-01-14,Leicester,Chelsea,0.179144,0.738826,3347,2016,https://understat.com/getLeagueData/EPL/2016,2017-01-14,True
2017-01-14,Sunderland,Stoke,1.1365,1.22897,3342,2016,https://understat.com/getLeagueData/EPL/2016,2017-01-14,True
2017-01-14,Swansea,Arsenal,0.488485,2.31811,3343,2016,https://understat.com/getLeagueData/EPL/2016,2017-01-14,True
2017-01-14,Tottenham,West Brom,2.65474,0.165019,3340,2016,https://understat.com/getLeagueData/EPL/2016,2017-01-14,True
2017-01-14,Watford,Middlesbrough,0.835827,0.325347,3341,2016,https://understat.com/getLeagueData/EPL/2016,2017-01-14,True
2017-01-14,West Ham,Crystal Palace,1.72338,1.06181,3346,2016,https://understat.com/getLeagueData/EPL/2016,2017-01-14,True
2017-01-15,Everton,Man City,0.572528,0.569286,3348,2016,https://understat.com/getLeagueData/EPL/2016,2017-01-15,True
2017-01-15,Man United,Liverpool,1.03178,1.46058,3349,2016,https://understat.com/getLeagueData/EPL/2016,2017-01-15,True
2017-01-21,Bournemouth,Watford,1.14791,1.08731,3352,2016,https://understat.com/getLeagueData/EPL/2016,2017-01-21,True
2017-01-21,Crystal Palace,Everton,0.463733,0.949561,3353,2016,https://understat.com/getLeagueData/EPL/2016,2017-01-21,True
2017-01-21,Liverpool,Swansea,1.24037,1.60482,3350,2016,https://understat.com/getLeagueData/EPL/2016,2017-01-21,True
2017-01-21,Man City,Tottenham,2.52702,1.12391,3356,2016,https://understat.com/getLeagueData/EPL/2016,2017-01-21,True
2017-01-21,Middlesbrough,West Ham,0.958825,2.6558,3351,2016,https://understat.com/getLeagueData/EPL/2016,2017-01-21,True
2017-01-21,Stoke,Man United,0.353777,1.74295,3354,2016,https://understat.com/getLeagueData/EPL/2016,2017-01-21,True
2017-01-21,West Brom,Sunderland,1.3279,0.440887,3355,2016,https://understat.com/getLeagueData/EPL/2016,2017-01-21,True
2017-01-22,Arsenal,Burnley,1.86443,1.29948,3358,2016,https://understat.com/getLeagueData/EPL/2016,2017-01-22,True
2017-01-22,Chelsea,Hull,1.47165,0.314532,3359,2016,https://understat.com/getLeagueData/EPL/2016,2017-01-22,True
2017-01-22,Southampton,Leicester,2.49923,0.935866,3357,2016,https://understat.com/getLeagueData/EPL/2016,2017-01-22,True
2017-01-31,Arsenal,Watford,1.07765,0.918309,3360,2016,https://understat.com/getLeagueData/EPL/2016,2017-01-31,True
2017-01-31,Bournemouth,Crystal Palace,0.32099,1.60667,3361,2016,https://understat.com/getLeagueData/EPL/2016,2017-01-31,True
2017-01-31,Burnley,Leicester,1.82995,0.775645,3362,2016,https://understat.com/getLeagueData/EPL/2016,2017-01-31,True
2017-01-31,Liverpool,Chelsea,1.20485,1.0666,3366,2016,https://understat.com/getLeagueData/EPL/2016,2017-01-31,True
2017-01-31,Middlesbrough,West Brom,1.18135,1.25288,3363,2016,https://understat.com/getLeagueData/EPL/2016,2017-01-31,True
2017-01-31,Sunderland,Tottenham,0.228009,0.682758,3364,2016,https://understat.com/getLeagueData/EPL/2016,2017-01-31,True
2017-01-31,Swansea,Southampton,0.760046,0.907103,3365,2016,https://understat.com/getLeagueData/EPL/2016,2017-01-31,True
2017-02-01,Man United,Hull,1.48151,0.395896,3368,2016,https://understat.com/getLeagueData/EPL/2016,2017-02-01,True
2017-02-01,Stoke,Everton,1.7362,0.870158,3369,2016,https://understat.com/getLeagueData/EPL/2016,2017-02-01,True
2017-02-01,West Ham,Man City,0.49472,2.66472,3367,2016,https://understat.com/getLeagueData/EPL/2016,2017-02-01,True
2017-02-04,Chelsea,Arsenal,1.95451,0.950035,3370,2016,https://understat.com/getLeagueData/EPL/2016,2017-02-04,True
2017-02-04,Crystal Palace,Sunderland,2.45994,0.837361,3371,2016,https://understat.com/getLeagueData/EPL/2016,2017-02-04,True
2017-02-04,Everton,Bournemouth,2.75981,2.1501,3372,2016,https://understat.com/getLeagueData/EPL/2016,2017-02-04,True
2017-02-04,Hull,Liverpool,1.88587,1.12538,3373,2016,https://understat.com/getLeagueData/EPL/2016,2017-02-04,True
2017-02-04,Southampton,West Ham,1.06276,0.91785,3376,2016,https://understat.com/getLeagueData/EPL/2016,2017-02-04,True
2017-02-04,Tottenham,Middlesbrough,2.10053,0.50484,3377,2016,https://understat.com/getLeagueData/EPL/2016,2017-02-04,True
2017-02-04,Watford,Burnley,1.66308,1.4777,3374,2016,https://understat.com/getLeagueData/EPL/2016,2017-02-04,True
2017-02-04,West Brom,Stoke,1.84983,1.10818,3375,2016,https://understat.com/getLeagueData/EPL/2016,2017-02-04,True
2017-02-05,Leicester,Man United,0.492009,1.98688,3379,2016,https://understat.com/getLeagueData/EPL/2016,2017-02-05,True
2017-02-05,Man City,Swansea,2.87972,0.11445,3378,2016,https://understat.com/getLeagueData/EPL/2016,2017-02-05,True
2017-02-11,Arsenal,Hull,3.1235,0.466403,3380,2016,https://understat.com/getLeagueData/EPL/2016,2017-02-11,True
2017-02-11,Liverpool,Tottenham,2.38009,0.622104,3386,2016,https://understat.com/getLeagueData/EPL/2016,2017-02-11,True
2017-02-11,Man United,Watford,2.627,0.641058,3381,2016,https://understat.com/getLeagueData/EPL/2016,2017-02-11,True
2017-02-11,Middlesbrough,Everton,0.651056,0.831644,3382,2016,https://understat.com/getLeagueData/EPL/2016,2017-02-11,True
2017-02-11,Stoke,Crystal Palace,0.720883,0.202159,3383,2016,https://understat.com/getLeagueData/EPL/2016,2017-02-11,True
2017-02-11,Sunderland,Southampton,0.197925,1.72717,3384,2016,https://understat.com/getLeagueData/EPL/2016,2017-02-11,True
2017-02-11,West Ham,West Brom,1.17553,0.769974,3385,2016,https://understat.com/getLeagueData/EPL/2016,2017-02-11,True
2017-02-12,Burnley,Chelsea,0.906366,0.800222,3387,2016,https://understat.com/getLeagueData/EPL/2016,2017-02-12,True
2017-02-12,Swansea,Leicester,0.693376,0.672883,3388,2016,https://understat.com/getLeagueData/EPL/2016,2017-02-12,True
2017-02-13,Bournemouth,Man City,0.152385,2.953,3389,2016,https://understat.com/getLeagueData/EPL/2016,2017-02-13,True
2017-02-25,Chelsea,Swansea,1.22573,0.280172,3391,2016,https://understat.com/getLeagueData/EPL/2016,2017-02-25,True
2017-02-25,Crystal Palace,Middlesbrough,0.808522,0.82885,3392,2016,https://understat.com/getLeagueData/EPL/2016,2017-02-25,True
2017-02-25,Everton,Sunderland,1.70366,0.505952,3393,2016,https://understat.com/getLeagueData/EPL/2016,2017-02-25,True
2017-02-25,Hull,Burnley,1.59037,0.473058,3394,2016,https://understat.com/getLeagueData/EPL/2016,2017-02-25,True
2017-02-25,Watford,West Ham,1.21279,1.48144,3396,2016,https://understat.com/getLeagueData/EPL/2016,2017-02-25,True
2017-02-25,West Brom,Bournemouth,1.6124,1.22747,3395,2016,https://understat.com/getLeagueData/EPL/2016,2017-02-25,True
2017-02-26,Tottenham,Stoke,1.89002,0.743596,3397,2016,https://understat.com/getLeagueData/EPL/2016,2017-02-26,True
2017-02-27,Leicester,Liverpool,1.54732,0.789939,3399,2016,https://understat.com/getLeagueData/EPL/2016,2017-02-27,True
2017-03-04,Leicester,Hull,1.81255,1.1216,3400,2016,https://understat.com/getLeagueData/EPL/2016,2017-03-04,True
2017-03-04,Liverpool,Arsenal,2.70435,0.729203,3401,2016,https://understat.com/getLeagueData/EPL/2016,2017-03-04,True
2017-03-04,Man United,Bournemouth,2.5377,0.816172,3402,2016,https://understat.com/getLeagueData/EPL/2016,2017-03-04,True
2017-03-04,Stoke,Middlesbrough,2.97584,0.274611,3403,2016,https://understat.com/getLeagueData/EPL/2016,2017-03-04,True
2017-03-04,Swansea,Burnley,1.44545,0.933851,3405,2016,https://understat.com/getLeagueData/EPL/2016,2017-03-04,True
2017-03-04,Watford,Southampton,1.40104,1.33681,3407,2016,https://understat.com/getLeagueData/EPL/2016,2017-03-04,True
2017-03-04,West Brom,Crystal Palace,0.3746,1.39171,3408,2016,https://understat.com/getLeagueData/EPL/2016,2017-03-04,True
2017-03-05,Sunderland,Man City,0.737758,2.48022,3404,2016,https://understat.com/getLeagueData/EPL/2016,2017-03-05,True
2017-03-05,Tottenham,Everton,1.70225,0.808013,3406,2016,https://understat.com/getLeagueData/EPL/2016,2017-03-05,True
2017-03-06,West Ham,Chelsea,0.450583,2.01134,3409,2016,https://understat.com/getLeagueData/EPL/2016,2017-03-06,True
2017-03-08,Man City,Stoke,1.3049,0.337194,3418,2016,https://understat.com/getLeagueData/EPL/2016,2017-03-08,True
2017-03-11,Bournemouth,West Ham,3.68186,1.25315,3411,2016,https://understat.com/getLeagueData/EPL/2016,2017-03-11,True
2017-03-11,Everton,West Brom,2.17521,0.127321,3416,2016,https://understat.com/getLeagueData/EPL/2016,2017-03-11,True
2017-03-11,Hull,Swansea,1.98818,1.44148,3417,2016,https://understat.com/getLeagueData/EPL/2016,2017-03-11,True
2017-03-12,Liverpool,Burnley,0.966335,0.83474,3419,2016,https://understat.com/getLeagueData/EPL/2016,2017-03-12,True
2017-03-18,Bournemouth,Swansea,1.00816,0.37687,3429,2016,https://understat.com/getLeagueData/EPL/2016,2017-03-18,True
2017-03-18,Crystal Palace,Watford,0.376326,0.190648,3428,2016,https://understat.com/getLeagueData/EPL/2016,2017-03-18,True
2017-03-18,Everton,Hull,2.63141,0.528692,3427,2016,https://understat.com/getLeagueData/EPL/2016,2017-03-18,True
2017-03-18,Stoke,Chelsea,0.952053,1.95538,3424,2016,https://understat.com/getLeagueData/EPL/2016,2017-03-18,True
2017-03-18,Sunderland,Burnley,1.03287,1.18742,3423,2016,https://understat.com/getLeagueData/EPL/2016,2017-03-18,True
2017-03-18,West Brom,Arsenal,2.11737,0.995221,3420,2016,https://understat.com/getLeagueData/EPL/2016,2017-03-18,True
2017-03-18,West Ham,Leicester,2.32174,2.17004,3421,2016,https://understat.com/getLeagueData/EPL/2016,2017-03-18,True
2017-03-19,Man City,Liverpool,2.55464,1.94116,3426,2016,https://understat.com/getLeagueData/EPL/2016,2017-03-19,True
2017-03-19,Middlesbrough,Man United,1.09037,2.47484,3425,2016,https://understat.com/getLeagueData/EPL/2016,2017-03-19,True
2017-03-19,Tottenham,Southampton,1.64328,0.839989,3422,2016,https://understat.com/getLeagueData/EPL/2016,2017-03-19,True
2017-04-01,Burnley,Tottenham,0.44677,2.36346,3431,2016,https://understat.com/getLeagueData/EPL/2016,2017-04-01,True
2017-04-01,Chelsea,Crystal Palace,3.16805,1.57423,3432,2016,https://understat.com/getLeagueData/EPL/2016,2017-04-01,True
2017-04-01,Hull,West Ham,0.778704,1.24571,3433,2016,https://understat.com/getLeagueData/EPL/2016,2017-04-01,True
2017-04-01,Leicester,Stoke,1.97444,1.36671,3434,2016,https://understat.com/getLeagueData/EPL/2016,2017-04-01,True
2017-04-01,Liverpool,Everton,0.625343,1.44152,3435,2016,https://understat.com/getLeagueData/EPL/2016,2017-04-01,True
2017-04-01,Man United,West Brom,0.986683,0.200297,3436,2016,https://understat.com/getLeagueData/EPL/2016,2017-04-01,True
2017-04-01,Southampton,Bournemouth,1.00252,2.06307,3437,2016,https://understat.com/getLeagueData/EPL/2016,2017-04-01,True
2017-04-01,Watford,Sunderland,1.95828,0.349699,3439,2016,https://understat.com/getLeagueData/EPL/2016,2017-04-01,True
2017-04-02,Arsenal,Man City,0.738497,1.40021,3430,2016,https://understat.com/getLeagueData/EPL/2016,2017-04-02,True
2017-04-02,Swansea,Middlesbrough,0.64382,0.748206,3438,2016,https://understat.com/getLeagueData/EPL/2016,2017-04-02,True
2017-04-04,Burnley,Stoke,0.348885,1.17275,3441,2016,https://understat.com/getLeagueData/EPL/2016,2017-04-04,True
2017-04-04,Leicester,Sunderland,0.929134,0.7012,3445,2016,https://understat.com/getLeagueData/EPL/2016,2017-04-04,True
2017-04-04,Man United,Everton,1.67424,0.589122,3446,2016,https://understat.com/getLeagueData/EPL/2016,2017-04-04,True
2017-04-04,Watford,West Brom,0.691991,1.48109,3443,2016,https://understat.com/getLeagueData/EPL/2016,2017-04-04,True
2017-04-05,Arsenal,West Ham,2.16023,0.303905,3440,2016,https://understat.com/getLeagueData/EPL/2016,2017-04-05,True
2017-04-05,Chelsea,Man City,1.36933,2.2614,3448,2016,https://understat.com/getLeagueData/EPL/2016,2017-04-05,True
2017-04-05,Hull,Middlesbrough,2.23261,1.30673,3442,2016,https://understat.com/getLeagueData/EPL/2016,2017-04-05,True
2017-04-05,Liverpool,Bournemouth,2.17263,1.31233,3449,2016,https://understat.com/getLeagueData/EPL/2016,2017-04-05,True
2017-04-05,Southampton,Crystal Palace,3.34327,1.73055,3447,2016,https://understat.com/getLeagueData/EPL/2016,2017-04-05,True
2017-04-05,Swansea,Tottenham,0.872579,2.2242,3444,2016,https://understat.com/getLeagueData/EPL/2016,2017-04-05,True
2017-04-08,Bournemouth,Chelsea,0.384152,1.52126,3450,2016,https://understat.com/getLeagueData/EPL/2016,2017-04-08,True
2017-04-08,Man City,Hull,2.33731,0.358364,3457,2016,https://understat.com/getLeagueData/EPL/2016,2017-04-08,True
2017-04-08,Middlesbrough,Burnley,0.684683,0.809899,3456,2016,https://understat.com/getLeagueData/EPL/2016,2017-04-08,True
2017-04-08,Stoke,Liverpool,2.13972,1.02225,3451,2016,https://understat.com/getLeagueData/EPL/2016,2017-04-08,True
2017-04-08,Tottenham,Watford,1.18779,0.369968,3453,2016,https://understat.com/getLeagueData/EPL/2016,2017-04-08,True
2017-04-08,West Brom,Southampton,2.01721,0.910339,3454,2016,https://understat.com/getLeagueData/EPL/2016,2017-04-08,True
2017-04-08,West Ham,Swansea,1.20573,0.307666,3455,2016,https://understat.com/getLeagueData/EPL/2016,2017-04-08,True
2017-04-09,Everton,Leicester,2.64597,0.836095,3458,2016,https://understat.com/getLeagueData/EPL/2016,2017-04-09,True
2017-04-09,Sunderland,Man United,0.977316,1.6943,3452,2016,https://understat.com/getLeagueData/EPL/2016,2017-04-09,True
2017-04-10,Crystal Palace,Arsenal,2.15968,0.44226,3459,2016,https://understat.com/getLeagueData/EPL/2016,2017-04-10,True
2017-04-15,Crystal Palace,Leicester,1.67894,0.467725,3468,2016,https://understat.com/getLeagueData/EPL/2016,2017-04-15,True
2017-04-15,Everton,Burnley,1.67352,1.1469,3467,2016,https://understat.com/getLeagueData/EPL/2016,2017-04-15,True
2017-04-15,Southampton,Man City,0.616753,2.74188,3462,2016,https://understat.com/getLeagueData/EPL/2016,2017-04-15,True
2017-04-15,Stoke,Hull,2.01829,1.17696,3463,2016,https://understat.com/getLeagueData/EPL/2016,2017-04-15,True
2017-04-15,Sunderland,West Ham,1.14121,1.42815,3464,2016,https://understat.com/getLeagueData/EPL/2016,2017-04-15,True
2017-04-15,Tottenham,Bournemouth,3.28588,0.211502,3465,2016,https://understat.com/getLeagueData/EPL/2016,2017-04-15,True
2017-04-15,Watford,Swansea,1.22039,0.641001,3466,2016,https://understat.com/getLeagueData/EPL/2016,2017-04-15,True
2017-04-16,Man United,Chelsea,0.807128,0.132913,3460,2016,https://understat.com/getLeagueData/EPL/2016,2017-04-16,True
2017-04-16,West Brom,Liverpool,0.590375,1.30017,3469,2016,https://understat.com/getLeagueData/EPL/2016,2017-04-16,True
2017-04-17,Middlesbrough,Arsenal,1.72075,1.0689,3461,2016,https://understat.com/getLeagueData/EPL/2016,2017-04-17,True
2017-04-22,Bournemouth,Middlesbrough,3.27712,0.2072,3471,2016,https://understat.com/getLeagueData/EPL/2016,2017-04-22,True
2017-04-22,Hull,Watford,1.42309,1.15869,3474,2016,https://understat.com/getLeagueData/EPL/2016,2017-04-22,True
2017-04-22,Swansea,Stoke,0.475636,1.69454,3478,2016,https://understat.com/getLeagueData/EPL/2016,2017-04-22,True
2017-04-22,West Ham,Everton,0.668323,0.104476,3479,2016,https://understat.com/getLeagueData/EPL/2016,2017-04-22,True
2017-04-23,Burnley,Man United,0.342829,2.24747,3472,2016,https://understat.com/getLeagueData/EPL/2016,2017-04-23,True
2017-04-23,Liverpool,Crystal Palace,0.89449,1.21741,3476,2016,https://understat.com/getLeagueData/EPL/2016,2017-04-23,True
2017-04-25,Chelsea,Southampton,1.4438,1.32952,3473,2016,https://understat.com/getLeagueData/EPL/2016,2017-04-25,True
2017-04-26,Arsenal,Leicester,0.410203,0.595173,3410,2016,https://understat.com/getLeagueData/EPL/2016,2017-04-26,True
2017-04-26,Crystal Palace,Tottenham,0.321722,1.00589,3415,2016,https://understat.com/getLeagueData/EPL/2016,2017-04-26,True
2017-04-26,Middlesbrough,Sunderland,0.825839,0.445766,3413,2016,https://understat.com/getLeagueData/EPL/2016,2017-04-26,True
2017-04-27,Man City,Man United,1.41537,0.421251,3398,2016,https://understat.com/getLeagueData/EPL/2016,2017-04-27,True
2017-04-29,Crystal Palace,Burnley,0.633469,1.38569,3480,2016,https://understat.com/getLeagueData/EPL/2016,2017-04-29,True
2017-04-29,Southampton,Hull,1.24844,0.472435,3484,2016,https://understat.com/getLeagueData/EPL/2016,2017-04-29,True
2017-04-29,Stoke,West Ham,1.35509,0.65149,3485,2016,https://understat.com/getLeagueData/EPL/2016,2017-04-29,True
2017-04-29,Sunderland,Bournemouth,1.6667,1.53094,3486,2016,https://understat.com/getLeagueData/EPL/2016,2017-04-29,True
2017-04-29,West Brom,Leicester,0.809101,0.570664,3489,2016,https://understat.com/getLeagueData/EPL/2016,2017-04-29,True
2017-04-30,Everton,Chelsea,0.684516,1.81945,3481,2016,https://understat.com/getLeagueData/EPL/2016,2017-04-30,True
2017-04-30,Man United,Swansea,1.99224,0.775713,3482,2016,https://understat.com/getLeagueData/EPL/2016,2017-04-30,True
2017-04-30,Middlesbrough,Man City,1.17715,3.10725,3483,2016,https://understat.com/getLeagueData/EPL/2016,2017-04-30,True
2017-04-30,Tottenham,Arsenal,3.46042,0.589537,3487,2016,https://understat.com/getLeagueData/EPL/2016,2017-04-30,True
2017-05-01,Watford,Liverpool,0.436648,0.55669,3488,2016,https://understat.com/getLeagueData/EPL/2016,2017-05-01,True
2017-05-05,West Ham,Tottenham,2.21043,0.451017,3499,2016,https://understat.com/getLeagueData/EPL/2016,2017-05-05,True
2017-05-06,Bournemouth,Stoke,1.30668,2.3019,3491,2016,https://understat.com/getLeagueData/EPL/2016,2017-05-06,True
2017-05-06,Burnley,West Brom,1.08649,0.82853,3492,2016,https://understat.com/getLeagueData/EPL/2016,2017-05-06,True
2017-05-06,Hull,Sunderland,1.21734,1.95502,3494,2016,https://understat.com/getLeagueData/EPL/2016,2017-05-06,True
2017-05-06,Leicester,Watford,1.00566,0.512433,3495,2016,https://understat.com/getLeagueData/EPL/2016,2017-05-06,True
2017-05-06,Man City,Crystal Palace,2.69837,0.241571,3497,2016,https://understat.com/getLeagueData/EPL/2016,2017-05-06,True
2017-05-06,Swansea,Everton,2.09244,0.270186,3498,2016,https://understat.com/getLeagueData/EPL/2016,2017-05-06,True
2017-05-07,Arsenal,Man United,1.03986,0.576173,3490,2016,https://understat.com/getLeagueData/EPL/2016,2017-05-07,True
2017-05-07,Liverpool,Southampton,1.35967,0.182082,3496,2016,https://understat.com/getLeagueData/EPL/2016,2017-05-07,True
2017-05-08,Chelsea,Middlesbrough,2.28046,0.0718773,3493,2016,https://understat.com/getLeagueData/EPL/2016,2017-05-08,True
2017-05-10,Southampton,Arsenal,1.25259,1.35954,3390,2016,https://understat.com/getLeagueData/EPL/2016,2017-05-10,True
2017-05-12,Everton,Watford,1.12984,1.54861,3502,2016,https://understat.com/getLeagueData/EPL/2016,2017-05-12,True
2017-05-12,West Brom,Chelsea,0.529155,1.76954,3508,2016,https://understat.com/getLeagueData/EPL/2016,2017-05-12,True
2017-05-13,Bournemouth,Burnley,1.5499,1.1511,3500,2016,https://understat.com/getLeagueData/EPL/2016,2017-05-13,True
2017-05-13,Man City,Leicester,1.98776,1.62503,3503,2016,https://understat.com/getLeagueData/EPL/2016,2017-05-13,True
2017-05-13,Middlesbrough,Southampton,1.32885,1.52569,3504,2016,https://understat.com/getLeagueData/EPL/2016,2017-05-13,True
2017-05-13,Stoke,Arsenal,1.30239,2.63639,3505,2016,https://understat.com/getLeagueData/EPL/2016,2017-05-13,True
2017-05-13,Sunderland,Swansea,1.03765,0.344096,3506,2016,https://understat.com/getLeagueData/EPL/2016,2017-05-13,True
2017-05-14,Crystal Palace,Hull,2.73274,0.518148,3501,2016,https://understat.com/getLeagueData/EPL/2016,2017-05-14,True
2017-05-14,Tottenham,Man United,2.10698,1.03696,3507,2016,https://understat.com/getLeagueData/EPL/2016,2017-05-14,True
2017-05-14,West Ham,Liverpool,1.03963,3.28962,3509,2016,https://understat.com/getLeagueData/EPL/2016,2017-05-14,True
2017-05-15,Chelsea,Watford,2.65315,0.883368,3414,2016,https://understat.com/getLeagueData/EPL/2016,2017-05-15,True
2017-05-16,Arsenal,Sunderland,3.83905,0.271744,3470,2016,https://understat.com/getLeagueData/EPL/2016,2017-05-16,True
2017-05-16,Man City,West Brom,2.58035,0.387741,3477,2016,https://understat.com/getLeagueData/EPL/2016,2017-05-16,True
2017-05-17,Southampton,Man United,1.66533,0.45805,3412,2016,https://understat.com/getLeagueData/EPL/2016,2017-05-17,True
2017-05-18,Leicester,Tottenham,0.725721,2.64912,3475,2016,https://understat.com/getLeagueData/EPL/2016,2017-05-18,True
2017-05-21,Arsenal,Everton,3.35075,1.8831,3510,2016,https://understat.com/getLeagueData/EPL/2016,2017-05-21,True
2017-05-21,Burnley,West Ham,1.70802,1.67299,3511,2016,https://understat.com/getLeagueData/EPL/2016,2017-05-21,True
2017-05-21,Chelsea,Sunderland,2.73947,0.693994,3512,2016,https://understat.com/getLeagueData/EPL/2016,2017-05-21,True
2017-05-21,Hull,Tottenham,0.812723,3.89027,3513,2016,https://understat.com/getLeagueData/EPL/2016,2017-05-21,True
2017-05-21,Leicester,Bournemouth,2.45308,0.87072,3514,2016,https://understat.com/getLeagueData/EPL/2016,2017-05-21,True
2017-05-21,Liverpool,Middlesbrough,2.16957,0.899691,3515,2016,https://understat.com/getLeagueData/EPL/2016,2017-05-21,True
2017-05-21,Man United,Crystal Palace,1.0386,0.3016,3516,2016,https://understat.com/getLeagueData/EPL/2016,2017-05-21,True
2017-05-21,Southampton,Stoke,1.3554,0.983464,3517,2016,https://understat.com/getLeagueData/EPL/2016,2017-05-21,True
2017-05-21,Swansea,West Brom,1.74555,1.60674,3518,2016,https://understat.com/getLeagueData/EPL/2016,2017-05-21,True
2017-05-21,Watford,Man City,0.826124,3.26614,3519,2016,https://understat.com/getLeagueData/EPL/2016,2017-05-21,True
2017-08-11,Arsenal,Leicester,2.54329,1.46495,7119,2017,https://understat.com/getLeagueData/EPL/2017,2017-08-11,True
2017-08-12,Brighton,Man City,0.276343,1.86751,7126,2017,https://understat.com/getLeagueData/EPL/2017,2017-08-12,True
2017-08-12,Chelsea,Burnley,1.35651,0.564237,7123,2017,https://understat.com/getLeagueData/EPL/2017,2017-08-12,True
2017-08-12,Crystal Palace,Huddersfield,0.988934,1.73657,7124,2017,https://understat.com/getLeagueData/EPL/2017,2017-08-12,True
2017-08-12,Everton,Stoke,0.720574,0.27644,7125,2017,https://understat.com/getLeagueData/EPL/2017,2017-08-12,True
2017-08-12,Southampton,Swansea,2.21748,0.406196,7122,2017,https://understat.com/getLeagueData/EPL/2017,2017-08-12,True
2017-08-12,Watford,Liverpool,2.17647,2.61549,7120,2017,https://understat.com/getLeagueData/EPL/2017,2017-08-12,True
2017-08-12,West Brom,Bournemouth,1.18399,0.378659,7121,2017,https://understat.com/getLeagueData/EPL/2017,2017-08-12,True
2017-08-13,Man United,West Ham,2.63853,0.62654,7128,2017,https://understat.com/getLeagueData/EPL/2017,2017-08-13,True
2017-08-13,Newcastle,Tottenham,0.634633,2.34418,7127,2017,https://understat.com/getLeagueData/EPL/2017,2017-08-13,True
2017-08-19,Bournemouth,Watford,0.766694,2.17717,7131,2017,https://understat.com/getLeagueData/EPL/2017,2017-08-19,True
2017-08-19,Burnley,West Brom,1.37242,0.653058,7132,2017,https://understat.com/getLeagueData/EPL/2017,2017-08-19,True
2017-08-19,Leicester,Brighton,1.88355,0.123075,7133,2017,https://understat.com/getLeagueData/EPL/2017,2017-08-19,True
2017-08-19,Liverpool,Crystal Palace,2.84978,0.727364,7134,2017,https://understat.com/getLeagueData/EPL/2017,2017-08-19,True
2017-08-19,Southampton,West Ham,2.1424,1.53269,7130,2017,https://understat.com/getLeagueData/EPL/2017,2017-08-19,True
2017-08-19,Stoke,Arsenal,0.692644,1.40658,7135,2017,https://understat.com/getLeagueData/EPL/2017,2017-08-19,True
2017-08-19,Swansea,Man United,0.304164,3.41021,7129,2017,https://understat.com/getLeagueData/EPL/2017,2017-08-19,True
2017-08-20,Huddersfield,Newcastle,0.267008,0.973322,7136,2017,https://understat.com/getLeagueData/EPL/2017,2017-08-20,True
2017-08-20,Tottenham,Chelsea,0.72428,0.834423,7137,2017,https://understat.com/getLeagueData/EPL/2017,2017-08-20,True
2017-08-21,Man City,Everton,1.14216,0.59971,7138,2017,https://understat.com/getLeagueData/EPL/2017,2017-08-21,True
2017-08-26,Bournemouth,Man City,0.415402,1.76626,7139,2017,https://understat.com/getLeagueData/EPL/2017,2017-08-26,True
2017-08-26,Crystal Palace,Swansea,0.818951,0.966783,7141,2017,https://understat.com/getLeagueData/EPL/2017,2017-08-26,True
2017-08-26,Huddersfield,Southampton,1.51605,0.795911,7144,2017,https://understat.com/getLeagueData/EPL/2017,2017-08-26,True
2017-08-26,Man United,Leicester,2.73725,0.670573,7145,2017,https://understat.com/getLeagueData/EPL/2017,2017-08-26,True
2017-08-26,Newcastle,West Ham,2.76107,0.558484,7142,2017,https://understat.com/getLeagueData/EPL/2017,2017-08-26,True
2017-08-26,Watford,Brighton,0.281459,0.952357,7143,2017,https://understat.com/getLeagueData/EPL/2017,2017-08-26,True
2017-08-27,Chelsea,Everton,1.16991,0.326655,7140,2017,https://understat.com/getLeagueData/EPL/2017,2017-08-27,True
2017-08-27,Liverpool,Arsenal,3.45998,0.484816,7148,2017,https://understat.com/getLeagueData/EPL/2017,2017-08-27,True
2017-08-27,Tottenham,Burnley,2.3497,0.670943,7147,2017,https://understat.com/getLeagueData/EPL/2017,2017-08-27,True
2017-08-27,West Brom,Stoke,0.875132,0.980905,7146,2017,https://understat.com/getLeagueData/EPL/2017,2017-08-27,True
2017-09-09,Arsenal,Bournemouth,2.48732,0.577291,7152,2017,https://understat.com/getLeagueData/EPL/2017,2017-09-09,True
2017-09-09,Brighton,West Brom,0.396771,0.866679,7153,2017,https://understat.com/getLeagueData/EPL/2017,2017-09-09,True
2017-09-09,Everton,Tottenham,1.15144,2.17535,7154,2017,https://understat.com/getLeagueData/EPL/2017,2017-09-09,True
2017-09-09,Leicester,Chelsea,1.34903,1.03943,7151,2017,https://understat.com/getLeagueData/EPL/2017,2017-09-09,True
2017-09-09,Man City,Liverpool,3.14589,0.665186,7149,2017,https://understat.com/getLeagueData/EPL/2017,2017-09-09,True
2017-09-09,Southampton,Watford,0.331259,0.57794,7150,2017,https://understat.com/getLeagueData/EPL/2017,2017-09-09,True
2017-09-09,Stoke,Man United,1.49928,1.96635,7155,2017,https://understat.com/getLeagueData/EPL/2017,2017-09-09,True
2017-09-10,Burnley,Crystal Palace,0.429329,1.72996,7156,2017,https://understat.com/getLeagueData/EPL/2017,2017-09-10,True
2017-09-10,Swansea,Newcastle,1.48574,1.03177,7157,2017,https://understat.com/getLeagueData/EPL/2017,2017-09-10,True
2017-09-11,West Ham,Huddersfield,1.94969,0.339338,7158,2017,https://understat.com/getLeagueData/EPL/2017,2017-09-11,True
2017-09-15,Bournemouth,Brighton,1.39529,0.874276,7159,2017,https://understat.com/getLeagueData/EPL/2017,2017-09-15,True
2017-09-16,Crystal Palace,Southampton,2.03243,1.11428,7160,2017,https://understat.com/getLeagueData/EPL/2017,2017-09-16,True
2017-09-16,Huddersfield,Leicester,0.700349,1.24181,7161,2017,https://understat.com/getLeagueData/EPL/2017,2017-09-16,True
2017-09-16,Liverpool,Burnley,2.18727,0.334402,7162,2017,https://understat.com/getLeagueData/EPL/2017,2017-09-16,True
2017-09-16,Newcastle,Stoke,2.6598,0.675783,7163,2017,https://understat.com/getLeagueData/EPL/2017,2017-09-16,True
2017-09-16,Tottenham,Swansea,1.17894,0.154074,7166,2017,https://understat.com/getLeagueData/EPL/2017,2017-09-16,True
2017-09-16,Watford,Man City,0.803933,3.99349,7164,2017,https://understat.com/getLeagueData/EPL/2017,2017-09-16,True
2017-09-16,West Brom,West Ham,0.781891,0.266344,7165,2017,https://understat.com/getLeagueData/EPL/2017,2017-09-16,True
2017-09-17,Chelsea,Arsenal,0.762129,1.42208,7167,2017,https://understat.com/getLeagueData/EPL/2017,2017-09-17,True
2017-09-17,Man United,Everton,3.28722,1.06298,7168,2017,https://understat.com/getLeagueData/EPL/2017,2017-09-17,True
2017-09-23,Burnley,Huddersfield,0.369454,0.312561,7174,2017,https://understat.com/getLeagueData/EPL/2017,2017-09-23,True
2017-09-23,Everton,Bournemouth,2.21092,0.384728,7175,2017,https://understat.com/getLeagueData/EPL/2017,2017-09-23,True
2017-09-23,Leicester,Liverpool,2.88766,1.92902,7176,2017,https://understat.com/getLeagueData/EPL/2017,2017-09-23,True
2017-09-23,Man City,Crystal Palace,5.72543,0.611018,7173,2017,https://understat.com/getLeagueData/EPL/2017,2017-09-23,True
2017-09-23,Southampton,Man United,0.802062,1.07247,7172,2017,https://understat.com/getLeagueData/EPL/2017,2017-09-23,True
2017-09-23,Stoke,Chelsea,0.600959,1.59815,7170,2017,https://understat.com/getLeagueData/EPL/2017,2017-09-23,True
2017-09-23,Swansea,Watford,1.50811,1.25817,7171,2017,https://understat.com/getLeagueData/EPL/2017,2017-09-23,True
2017-09-23,West Ham,Tottenham,0.67667,1.45327,7169,2017,https://understat.com/getLeagueData/EPL/2017,2017-09-23,True
2017-09-24,Brighton,Newcastle,0.507341,1.37001,7177,2017,https://understat.com/getLeagueData/EPL/2017,2017-09-24,True
2017-09-25,Arsenal,West Brom,2.39316,0.766652,7178,2017,https://understat.com/getLeagueData/EPL/2017,2017-09-25,True
2017-09-30,Bournemouth,Leicester,1.39901,0.594808,7184,2017,https://understat.com/getLeagueData/EPL/2017,2017-09-30,True
2017-09-30,Chelsea,Man City,0.911532,1.23068,7185,2017,https://understat.com/getLeagueData/EPL/2017,2017-09-30,True
2017-09-30,Huddersfield,Tottenham,0.196648,1.56089,7179,2017,https://understat.com/getLeagueData/EPL/2017,2017-09-30,True
2017-09-30,Man United,Crystal Palace,3.47508,0.244321,7180,2017,https://understat.com/getLeagueData/EPL/2017,2017-09-30,True
2017-09-30,Stoke,Southampton,2.68136,1.42781,7181,2017,https://understat.com/getLeagueData/EPL/2017,2017-09-30,True
2017-09-30,West Brom,Watford,1.93896,1.62462,7182,2017,https://understat.com/getLeagueData/EPL/2017,2017-09-30,True
2017-09-30,West Ham,Swansea,0.692185,0.178568,7183,2017,https://understat.com/getLeagueData/EPL/2017,2017-09-30,True
2017-10-01,Arsenal,Brighton,2.47818,0.386343,7186,2017,https://understat.com/getLeagueData/EPL/2017,2017-10-01,True
2017-10-01,Everton,Burnley,0.93376,0.383977,7187,2017,https://understat.com/getLeagueData/EPL/2017,2017-10-01,True
2017-10-01,Newcastle,Liverpool,0.280437,1.64475,7188,2017,https://understat.com/getLeagueData/EPL/2017,2017-10-01,True
2017-10-14,Burnley,West Ham,0.70219,0.835192,7190,2017,https://understat.com/getLeagueData/EPL/2017,2017-10-14,True
2017-10-14,Crystal Palace,Chelsea,1.51873,0.651919,7191,2017,https://understat.com/getLeagueData/EPL/2017,2017-10-14,True
2017-10-14,Liverpool,Man United,1.92702,0.230358,7193,2017,https://understat.com/getLeagueData/EPL/2017,2017-10-14,True
2017-10-14,Man City,Stoke,4.45388,0.681236,7194,2017,https://understat.com/getLeagueData/EPL/2017,2017-10-14,True
2017-10-14,Swansea,Huddersfield,1.65446,0.596086,7196,2017,https://understat.com/getLeagueData/EPL/2017,2017-10-14,True
2017-10-14,Tottenham,Bournemouth,1.95684,0.17504,7197,2017,https://understat.com/getLeagueData/EPL/2017,2017-10-14,True
2017-10-14,Watford,Arsenal,1.63418,0.988468,7198,2017,https://understat.com/getLeagueData/EPL/2017,2017-10-14,True
2017-10-15,Brighton,Everton,1.05884,1.45518,7189,2017,https://understat.com/getLeagueData/EPL/2017,2017-10-15,True
2017-10-15,Southampton,Newcastle,1.71445,0.950997,7195,2017,https://understat.com/getLeagueData/EPL/2017,2017-10-15,True
2017-10-16,Leicester,West Brom,0.964277,0.155254,7192,2017,https://understat.com/getLeagueData/EPL/2017,2017-10-16,True
2017-10-20,West Ham,Brighton,0.569111,1.98345,7208,2017,https://understat.com/getLeagueData/EPL/2017,2017-10-20,True
2017-10-21,Chelsea,Watford,1.78315,1.79693,7199,2017,https://understat.com/getLeagueData/EPL/2017,2017-10-21,True
2017-10-21,Huddersfield,Man United,1.26744,0.807135,7201,2017,https://understat.com/getLeagueData/EPL/2017,2017-10-21,True
2017-10-21,Man City,Burnley,3.71812,0.14859,7202,2017,https://understat.com/getLeagueData/EPL/2017,2017-10-21,True
2017-10-21,Newcastle,Crystal Palace,0.270313,0.566845,7203,2017,https://understat.com/getLeagueData/EPL/2017,2017-10-21,True
2017-10-21,Southampton,West Brom,2.02288,0.504128,7204,2017,https://understat.com/getLeagueData/EPL/2017,2017-10-21,True
2017-10-21,Stoke,Bournemouth,1.60117,1.11834,7205,2017,https://understat.com/getLeagueData/EPL/2017,2017-10-21,True
2017-10-21,Swansea,Leicester,0.559618,1.80814,7206,2017,https://understat.com/getLeagueData/EPL/2017,2017-10-21,True
2017-10-22,Everton,Arsenal,0.810989,3.86029,7200,2017,https://understat.com/getLeagueData/EPL/2017,2017-10-22,True
2017-10-22,Tottenham,Liverpool,2.62043,0.667771,7207,2017,https://understat.com/getLeagueData/EPL/2017,2017-10-22,True
2017-10-28,Arsenal,Swansea,2.37777,0.8355,7209,2017,https://understat.com/getLeagueData/EPL/2017,2017-10-28,True
2017-10-28,Bournemouth,Chelsea,0.455055,1.78362,7210,2017,https://understat.com/getLeagueData/EPL/2017,2017-10-28,True
2017-10-28,Crystal Palace,West Ham,2.91672,0.742845,7213,2017,https://understat.com/getLeagueData/EPL/2017,2017-10-28,True
2017-10-28,Liverpool,Huddersfield,2.14257,0.0554802,7217,2017,https://understat.com/getLeagueData/EPL/2017,2017-10-28,True
2017-10-28,Man United,Tottenham,0.943496,1.08708,7218,2017,https://understat.com/getLeagueData/EPL/2017,2017-10-28,True
2017-10-28,Watford,Stoke,1.13448,0.778883,7216,2017,https://understat.com/getLeagueData/EPL/2017,2017-10-28,True
2017-10-28,West Brom,Man City,1.11852,2.77085,7215,2017,https://understat.com/getLeagueData/EPL/2017,2017-10-28,True
2017-10-29,Brighton,Southampton,1.50533,0.54364,7211,2017,https://understat.com/getLeagueData/EPL/2017,2017-10-29,True
2017-10-29,Leicester,Everton,1.36768,0.575236,7214,2017,https://understat.com/getLeagueData/EPL/2017,2017-10-29,True
2017-10-30,Burnley,Newcastle,1.0271,0.516369,7212,2017,https://understat.com/getLeagueData/EPL/2017,2017-10-30,True
2017-11-04,Huddersfield,West Brom,0.260436,0.382005,7221,2017,https://understat.com/getLeagueData/EPL/2017,2017-11-04,True
2017-11-04,Newcastle,Bournemouth,0.676091,1.28703,7222,2017,https://understat.com/getLeagueData/EPL/2017,2017-11-04,True
2017-11-04,Southampton,Burnley,0.789259,0.137743,7223,2017,https://understat.com/getLeagueData/EPL/2017,2017-11-04,True
2017-11-04,Stoke,Leicester,1.22988,1.39563,7224,2017,https://understat.com/getLeagueData/EPL/2017,2017-11-04,True
2017-11-04,Swansea,Brighton,1.24557,0.874927,7225,2017,https://understat.com/getLeagueData/EPL/2017,2017-11-04,True
2017-11-04,West Ham,Liverpool,1.13045,2.8773,7227,2017,https://understat.com/getLeagueData/EPL/2017,2017-11-04,True
2017-11-05,Chelsea,Man United,1.8417,0.773586,7219,2017,https://understat.com/getLeagueData/EPL/2017,2017-11-05,True
2017-11-05,Everton,Watford,2.5796,2.05534,7220,2017,https://understat.com/getLeagueData/EPL/2017,2017-11-05,True
2017-11-05,Man City,Arsenal,2.15028,0.340407,7228,2017,https://understat.com/getLeagueData/EPL/2017,2017-11-05,True
2017-11-05,Tottenham,Crystal Palace,0.991813,1.10222,7226,2017,https://understat.com/getLeagueData/EPL/2017,2017-11-05,True
2017-11-18,Arsenal,Tottenham,2.24246,0.591192,7236,2017,https://understat.com/getLeagueData/EPL/2017,2017-11-18,True
2017-11-18,Bournemouth,Huddersfield,1.38782,1.1633,7237,2017,https://understat.com/getLeagueData/EPL/2017,2017-11-18,True
2017-11-18,Burnley,Swansea,1.5427,0.431402,7233,2017,https://understat.com/getLeagueData/EPL/2017,2017-11-18,True
2017-11-18,Crystal Palace,Everton,2.02983,1.68728,7234,2017,https://understat.com/getLeagueData/EPL/2017,2017-11-18,True
2017-11-18,Leicester,Man City,0.0970457,2.40056,7235,2017,https://understat.com/getLeagueData/EPL/2017,2017-11-18,True
2017-11-18,Liverpool,Southampton,2.06277,0.563886,7231,2017,https://understat.com/getLeagueData/EPL/2017,2017-11-18,True
2017-11-18,Man United,Newcastle,2.57424,1.08708,7232,2017,https://understat.com/getLeagueData/EPL/2017,2017-11-18,True
2017-11-18,West Brom,Chelsea,0.590655,1.71709,7229,2017,https://understat.com/getLeagueData/EPL/2017,2017-11-18,True
2017-11-19,Watford,West Ham,1.24547,1.43369,7230,2017,https://understat.com/getLeagueData/EPL/2017,2017-11-19,True
2017-11-20,Brighton,Stoke,0.490058,1.20507,7238,2017,https://understat.com/getLeagueData/EPL/2017,2017-11-20,True
2017-11-24,West Ham,Leicester,0.775297,0.453851,7247,2017,https://understat.com/getLeagueData/EPL/2017,2017-11-24,True
2017-11-25,Crystal Palace,Stoke,1.48339,0.628292,7246,2017,https://understat.com/getLeagueData/EPL/2017,2017-11-25,True
2017-11-25,Liverpool,Chelsea,1.50368,0.739983,7244,2017,https://understat.com/getLeagueData/EPL/2017,2017-11-25,True
2017-11-25,Man United,Brighton,1.50148,0.565072,7243,2017,https://understat.com/getLeagueData/EPL/2017,2017-11-25,True
2017-11-25,Newcastle,Watford,0.86002,2.05844,7242,2017,https://understat.com/getLeagueData/EPL/2017,2017-11-25,True
2017-11-25,Swansea,Bournemouth,0.879594,0.449075,7240,2017,https://understat.com/getLeagueData/EPL/2017,2017-11-25,True
2017-11-25,Tottenham,West Brom,1.91526,0.71711,7239,2017,https://understat.com/getLeagueData/EPL/2017,2017-11-25,True
2017-11-26,Burnley,Arsenal,0.402745,1.75184,7248,2017,https://understat.com/getLeagueData/EPL/2017,2017-11-26,True
2017-11-26,Huddersfield,Man City,0.537698,2.66178,7245,2017,https://understat.com/getLeagueData/EPL/2017,2017-11-26,True
2017-11-26,Southampton,Everton,1.97034,0.147724,7241,2017,https://understat.com/getLeagueData/EPL/2017,2017-11-26,True
2017-11-28,Brighton,Crystal Palace,0.475162,0.584296,7250,2017,https://understat.com/getLeagueData/EPL/2017,2017-11-28,True
2017-11-28,Leicester,Tottenham,0.924575,2.50552,7249,2017,https://understat.com/getLeagueData/EPL/2017,2017-11-28,True
2017-11-28,Watford,Man United,1.29277,1.63491,7251,2017,https://understat.com/getLeagueData/EPL/2017,2017-11-28,True
2017-11-28,West Brom,Newcastle,0.845327,1.1342,7252,2017,https://understat.com/getLeagueData/EPL/2017,2017-11-28,True
2017-11-29,Arsenal,Huddersfield,4.47889,0.475716,7254,2017,https://understat.com/getLeagueData/EPL/2017,2017-11-29,True
2017-11-29,Bournemouth,Burnley,0.915088,1.08519,7253,2017,https://understat.com/getLeagueData/EPL/2017,2017-11-29,True
2017-11-29,Chelsea,Swansea,2.30012,0.0411427,7255,2017,https://understat.com/getLeagueData/EPL/2017,2017-11-29,True
2017-11-29,Everton,West Ham,1.76497,1.03658,7256,2017,https://understat.com/getLeagueData/EPL/2017,2017-11-29,True
2017-11-29,Man City,Southampton,1.64952,1.7066,7257,2017,https://understat.com/getLeagueData/EPL/2017,2017-11-29,True
2017-11-29,Stoke,Liverpool,0.846748,2.58757,7258,2017,https://understat.com/getLeagueData/EPL/2017,2017-11-29,True
2017-12-02,Arsenal,Man United,4.24057,2.06831,7266,2017,https://understat.com/getLeagueData/EPL/2017,2017-12-02,True
2017-12-02,Brighton,Liverpool,1.65878,1.77566,7268,2017,https://understat.com/getLeagueData/EPL/2017,2017-12-02,True
2017-12-02,Chelsea,Newcastle,3.07794,0.519549,7259,2017,https://understat.com/getLeagueData/EPL/2017,2017-12-02,True
2017-12-02,Everton,Huddersfield,0.820024,0.223429,7260,2017,https://understat.com/getLeagueData/EPL/2017,2017-12-02,True
2017-12-02,Leicester,Burnley,1.61269,0.789388,7261,2017,https://understat.com/getLeagueData/EPL/2017,2017-12-02,True
2017-12-02,Stoke,Swansea,1.24743,0.320601,7263,2017,https://understat.com/getLeagueData/EPL/2017,2017-12-02,True
2017-12-02,Watford,Tottenham,0.352672,0.788817,7264,2017,https://understat.com/getLeagueData/EPL/2017,2017-12-02,True
2017-12-02,West Brom,Crystal Palace,1.65178,0.80924,7265,2017,https://understat.com/getLeagueData/EPL/2017,2017-12-02,True
2017-12-03,Bournemouth,Southampton,1.11195,1.00264,7267,2017,https://understat.com/getLeagueData/EPL/2017,2017-12-03,True
2017-12-03,Man City,West Ham,2.45603,0.474483,7262,2017,https://understat.com/getLeagueData/EPL/2017,2017-12-03,True
2017-12-09,Burnley,Watford,0.485632,0.819233,7272,2017,https://understat.com/getLeagueData/EPL/2017,2017-12-09,True
2017-12-09,Crystal Palace,Bournemouth,4.61208,0.962374,7273,2017,https://understat.com/getLeagueData/EPL/2017,2017-12-09,True
2017-12-09,Huddersfield,Brighton,2.68125,0.273809,7274,2017,https://understat.com/getLeagueData/EPL/2017,2017-12-09,True
2017-12-09,Newcastle,Leicester,0.964657,0.444099,7277,2017,https://understat.com/getLeagueData/EPL/2017,2017-12-09,True
2017-12-09,Swansea,West Brom,1.01101,0.25228,7271,2017,https://understat.com/getLeagueData/EPL/2017,2017-12-09,True
2017-12-09,Tottenham,Stoke,4.01925,0.749296,7270,2017,https://understat.com/getLeagueData/EPL/2017,2017-12-09,True
2017-12-09,West Ham,Chelsea,0.418127,1.18891,7269,2017,https://understat.com/getLeagueData/EPL/2017,2017-12-09,True
2017-12-10,Liverpool,Everton,1.89569,0.823217,7275,2017,https://understat.com/getLeagueData/EPL/2017,2017-12-10,True
2017-12-10,Man United,Man City,1.43756,2.03041,7276,2017,https://understat.com/getLeagueData/EPL/2017,2017-12-10,True
2017-12-10,Southampton,Arsenal,1.21942,0.608352,7278,2017,https://understat.com/getLeagueData/EPL/2017,2017-12-10,True
2017-12-12,Burnley,Stoke,0.360081,0.916344,7279,2017,https://understat.com/getLeagueData/EPL/2017,2017-12-12,True
2017-12-12,Crystal Palace,Watford,1.10545,1.40441,7282,2017,https://understat.com/getLeagueData/EPL/2017,2017-12-12,True
2017-12-12,Huddersfield,Chelsea,0.476748,1.8707,7280,2017,https://understat.com/getLeagueData/EPL/2017,2017-12-12,True
2017-12-13,Liverpool,West Brom,2.13915,0.520382,7287,2017,https://understat.com/getLeagueData/EPL/2017,2017-12-13,True
2017-12-13,Man United,Bournemouth,1.24043,0.815792,7283,2017,https://understat.com/getLeagueData/EPL/2017,2017-12-13,True
2017-12-13,Newcastle,Everton,0.570658,1.38719,7284,2017,https://understat.com/getLeagueData/EPL/2017,2017-12-13,True
2017-12-13,Southampton,Leicester,1.11749,2.24579,7285,2017,https://understat.com/getLeagueData/EPL/2017,2017-12-13,True
2017-12-13,Swansea,Man City,0.589496,3.56828,7281,2017,https://understat.com/getLeagueData/EPL/2017,2017-12-13,True
2017-12-13,Tottenham,Brighton,1.87344,0.315616,7288,2017,https://understat.com/getLeagueData/EPL/2017,2017-12-13,True
2017-12-13,West Ham,Arsenal,0.405172,1.02186,7286,2017,https://understat.com/getLeagueData/EPL/2017,2017-12-13,True
2017-12-16,Arsenal,Newcastle,2.02472,0.286547,7289,2017,https://understat.com/getLeagueData/EPL/2017,2017-12-16,True
2017-12-16,Brighton,Burnley,1.49029,1.32536,7291,2017,https://understat.com/getLeagueData/EPL/2017,2017-12-16,True
2017-12-16,Chelsea,Southampton,1.29018,0.587081,7292,2017,https://understat.com/getLeagueData/EPL/2017,2017-12-16,True
2017-12-16,Leicester,Crystal Palace,0.758241,2.25889,7294,2017,https://understat.com/getLeagueData/EPL/2017,2017-12-16,True
2017-12-16,Man City,Tottenham,4.14588,0.182456,7298,2017,https://understat.com/getLeagueData/EPL/2017,2017-12-16,True
2017-12-16,Stoke,West Ham,0.983293,3.08244,7297,2017,https://understat.com/getLeagueData/EPL/2017,2017-12-16,True
2017-12-16,Watford,Huddersfield,0.589103,3.49193,7296,2017,https://understat.com/getLeagueData/EPL/2017,2017-12-16,True
2017-12-17,Bournemouth,Liverpool,0.539178,3.25041,7290,2017,https://understat.com/getLeagueData/EPL/2017,2017-12-17,True
2017-12-17,West Brom,Man United,1.076,0.898984,7295,2017,https://understat.com/getLeagueData/EPL/2017,2017-12-17,True
2017-12-18,Everton,Swansea,2.01756,0.766224,7293,2017,https://understat.com/getLeagueData/EPL/2017,2017-12-18,True
2017-12-22,Arsenal,Liverpool,1.13104,2.05947,7301,2017,https://understat.com/getLeagueData/EPL/2017,2017-12-22,True
2017-12-23,Brighton,Watford,1.40139,1.30044,7305,2017,https://understat.com/getLeagueData/EPL/2017,2017-12-23,True
2017-12-23,Burnley,Tottenham,0.159735,3.30947,7304,2017,https://understat.com/getLeagueData/EPL/2017,2017-12-23,True
2017-12-23,Everton,Chelsea,0.342403,1.84971,7303,2017,https://understat.com/getLeagueData/EPL/2017,2017-12-23,True
2017-12-23,Leicester,Man United,1.56465,2.15281,7302,2017,https://understat.com/getLeagueData/EPL/2017,2017-12-23,True
2017-12-23,Man City,Bournemouth,1.55724,0.334896,7308,2017,https://understat.com/getLeagueData/EPL/2017,2017-12-23,True
2017-12-23,Southampton,Huddersfield,1.73805,1.09381,7307,2017,https://understat.com/getLeagueData/EPL/2017,2017-12-23,True
2017-12-23,Stoke,West Brom,1.7986,2.0544,7306,2017,https://understat.com/getLeagueData/EPL/2017,2017-12-23,True
2017-12-23,Swansea,Crystal Palace,0.546613,1.25546,7299,2017,https://understat.com/getLeagueData/EPL/2017,2017-12-23,True
2017-12-23,West Ham,Newcastle,2.31898,1.90622,7300,2017,https://understat.com/getLeagueData/EPL/2017,2017-12-23,True
2017-12-26,Bournemouth,West Ham,2.84928,1.87596,7309,2017,https://understat.com/getLeagueData/EPL/2017,2017-12-26,True
2017-12-26,Chelsea,Brighton,2.16934,0.452601,7310,2017,https://understat.com/getLeagueData/EPL/2017,2017-12-26,True
2017-12-26,Huddersfield,Stoke,1.8756,1.19984,7312,2017,https://understat.com/getLeagueData/EPL/2017,2017-12-26,True
2017-12-26,Liverpool,Swansea,3.06422,0.2719,7313,2017,https://understat.com/getLeagueData/EPL/2017,2017-12-26,True
2017-12-26,Man United,Burnley,1.80763,0.786214,7314,2017,https://understat.com/getLeagueData/EPL/2017,2017-12-26,True
2017-12-26,Tottenham,Southampton,3.08413,0.591118,7316,2017,https://understat.com/getLeagueData/EPL/2017,2017-12-26,True
2017-12-26,Watford,Leicester,1.43009,1.54771,7317,2017,https://understat.com/getLeagueData/EPL/2017,2017-12-26,True
2017-12-26,West Brom,Everton,1.18168,0.405775,7318,2017,https://understat.com/getLeagueData/EPL/2017,2017-12-26,True
2017-12-27,Newcastle,Man City,0.174705,1.93187,7315,2017,https://understat.com/getLeagueData/EPL/2017,2017-12-27,True
2017-12-28,Crystal Palace,Arsenal,1.14522,1.84104,7311,2017,https://understat.com/getLeagueData/EPL/2017,2017-12-28,True
2017-12-30,Bournemouth,Everton,1.39955,0.599608,7319,2017,https://understat.com/getLeagueData/EPL/2017,2017-12-30,True
2017-12-30,Chelsea,Stoke,3.09527,0.28218,7320,2017,https://understat.com/getLeagueData/EPL/2017,2017-12-30,True
2017-12-30,Huddersfield,Burnley,0.049118,1.20923,7322,2017,https://understat.com/getLeagueData/EPL/2017,2017-12-30,True
2017-12-30,Liverpool,Leicester,2.56607,0.789667,7323,2017,https://understat.com/getLeagueData/EPL/2017,2017-12-30,True
2017-12-30,Man United,Southampton,1.87247,0.85013,7324,2017,https://understat.com/getLeagueData/EPL/2017,2017-12-30,True
2017-12-30,Newcastle,Brighton,0.504379,0.630058,7325,2017,https://understat.com/getLeagueData/EPL/2017,2017-12-30,True
2017-12-30,Watford,Swansea,1.17794,1.31479,7327,2017,https://understat.com/getLeagueData/EPL/2017,2017-12-30,True
2017-12-31,Crystal Palace,Man City,1.72153,1.09586,7321,2017,https://understat.com/getLeagueData/EPL/2017,2017-12-31,True
2017-12-31,West Brom,Arsenal,1.39429,0.917801,7328,2017,https://understat.com/getLeagueData/EPL/2017,2017-12-31,True
2018-01-01,Brighton,Bournemouth,2.37332,1.28248,7331,2017,https://understat.com/getLeagueData/EPL/2017,2018-01-01,True
2018-01-01,Burnley,Liverpool,0.900466,1.62514,7332,2017,https://understat.com/getLeagueData/EPL/2017,2018-01-01,True
2018-01-01,Everton,Man United,1.23952,1.26247,7333,2017,https://understat.com/getLeagueData/EPL/2017,2018-01-01,True
2018-01-01,Leicester,Huddersfield,1.45074,0.226625,7334,2017,https://understat.com/getLeagueData/EPL/2017,2018-01-01,True
2018-01-01,Stoke,Newcastle,1.50029,2.02028,7337,2017,https://understat.com/getLeagueData/EPL/2017,2018-01-01,True
2018-01-02,Man City,Watford,2.77398,0.965283,7335,2017,https://understat.com/getLeagueData/EPL/2017,2018-01-02,True
2018-01-02,Southampton,Crystal Palace,0.445301,1.34294,7336,2017,https://understat.com/getLeagueData/EPL/2017,2018-01-02,True
2018-01-02,Swansea,Tottenham,0.397789,1.61843,7338,2017,https://understat.com/getLeagueData/EPL/2017,2018-01-02,True
2018-01-02,West Ham,West Brom,1.0594,0.63538,7329,2017,https://understat.com/getLeagueData/EPL/2017,2018-01-02,True
2018-01-03,Arsenal,Chelsea,1.23205,3.0768,7330,2017,https://understat.com/getLeagueData/EPL/2017,2018-01-03,True
2018-01-04,Tottenham,West Ham,1.64908,0.612933,7326,2017,https://understat.com/getLeagueData/EPL/2017,2018-01-04,True
2018-01-13,Chelsea,Leicester,0.622946,1.36341,7340,2017,https://understat.com/getLeagueData/EPL/2017,2018-01-13,True
2018-01-13,Crystal Palace,Burnley,1.80971,0.907849,7341,2017,https://understat.com/getLeagueData/EPL/2017,2018-01-13,True
2018-01-13,Huddersfield,West Ham,0.681,0.986853,7342,2017,https://understat.com/getLeagueData/EPL/2017,2018-01-13,True
2018-01-13,Newcastle,Swansea,1.8273,0.895774,7345,2017,https://understat.com/getLeagueData/EPL/2017,2018-01-13,True
2018-01-13,Tottenham,Everton,4.21366,0.290345,7346,2017,https://understat.com/getLeagueData/EPL/2017,2018-01-13,True
2018-01-13,Watford,Southampton,1.67369,0.857637,7347,2017,https://understat.com/getLeagueData/EPL/2017,2018-01-13,True
2018-01-13,West Brom,Brighton,1.38478,0.530765,7348,2017,https://understat.com/getLeagueData/EPL/2017,2018-01-13,True
2018-01-14,Bournemouth,Arsenal,0.822285,1.00956,7339,2017,https://understat.com/getLeagueData/EPL/2017,2018-01-14,True
2018-01-14,Liverpool,Man City,1.01595,0.722959,7343,2017,https://understat.com/getLeagueData/EPL/2017,2018-01-14,True
2018-01-15,Man United,Stoke,1.9485,1.47603,7344,2017,https://understat.com/getLeagueData/EPL/2017,2018-01-15,True
2018-01-20,Arsenal,Crystal Palace,3.56519,0.501202,7349,2017,https://understat.com/getLeagueData/EPL/2017,2018-01-20,True
2018-01-20,Brighton,Chelsea,0.881174,1.52008,7350,2017,https://understat.com/getLeagueData/EPL/2017,2018-01-20,True
2018-01-20,Burnley,Man United,0.568215,0.860828,7351,2017,https://understat.com/getLeagueData/EPL/2017,2018-01-20,True
2018-01-20,Everton,West Brom,0.92355,1.34998,7352,2017,https://understat.com/getLeagueData/EPL/2017,2018-01-20,True
2018-01-20,Leicester,Watford,1.51932,0.740795,7353,2017,https://understat.com/getLeagueData/EPL/2017,2018-01-20,True
2018-01-20,Man City,Newcastle,2.5505,0.992018,7354,2017,https://understat.com/getLeagueData/EPL/2017,2018-01-20,True
2018-01-20,Stoke,Huddersfield,0.987799,0.238458,7356,2017,https://understat.com/getLeagueData/EPL/2017,2018-01-20,True
2018-01-20,West Ham,Bournemouth,0.980241,0.501886,7358,2017,https://understat.com/getLeagueData/EPL/2017,2018-01-20,True
2018-01-21,Southampton,Tottenham,1.15209,1.30653,7355,2017,https://understat.com/getLeagueData/EPL/2017,2018-01-21,True
2018-01-22,Swansea,Liverpool,0.498742,2.19675,7357,2017,https://understat.com/getLeagueData/EPL/2017,2018-01-22,True
2018-01-30,Huddersfield,Liverpool,0.288048,2.05148,7359,2017,https://understat.com/getLeagueData/EPL/2017,2018-01-30,True
2018-01-30,Swansea,Arsenal,2.37911,1.15616,7361,2017,https://understat.com/getLeagueData/EPL/2017,2018-01-30,True
2018-01-30,West Ham,Crystal Palace,1.11632,1.15809,7360,2017,https://understat.com/getLeagueData/EPL/2017,2018-01-30,True
2018-01-31,Chelsea,Bournemouth,1.14795,1.42447,7362,2017,https://understat.com/getLeagueData/EPL/2017,2018-01-31,True
2018-01-31,Everton,Leicester,1.53072,2.65018,7365,2017,https://understat.com/getLeagueData/EPL/2017,2018-01-31,True
2018-01-31,Man City,West Brom,2.68955,0.118043,7366,2017,https://understat.com/getLeagueData/EPL/2017,2018-01-31,True
2018-01-31,Newcastle,Burnley,2.52275,1.22828,7364,2017,https://understat.com/getLeagueData/EPL/2017,2018-01-31,True
2018-01-31,Southampton,Brighton,1.27393,1.07907,7363,2017,https://understat.com/getLeagueData/EPL/2017,2018-01-31,True
2018-01-31,Stoke,Watford,0.722172,0.740773,7368,2017,https://understat.com/getLeagueData/EPL/2017,2018-01-31,True
2018-01-31,Tottenham,Man United,2.0117,0.817997,7367,2017,https://understat.com/getLeagueData/EPL/2017,2018-01-31,True
2018-02-03,Arsenal,Everton,3.19622,1.49065,7369,2017,https://understat.com/getLeagueData/EPL/2017,2018-02-03,True
2018-02-03,Bournemouth,Stoke,1.91091,0.721222,7370,2017,https://understat.com/getLeagueData/EPL/2017,2018-02-03,True
2018-02-03,Brighton,West Ham,1.64227,0.443751,7371,2017,https://understat.com/getLeagueData/EPL/2017,2018-02-03,True
2018-02-03,Burnley,Man City,0.795971,2.24914,7372,2017,https://understat.com/getLeagueData/EPL/2017,2018-02-03,True
2018-02-03,Leicester,Swansea,1.48466,0.569943,7374,2017,https://understat.com/getLeagueData/EPL/2017,2018-02-03,True
2018-02-03,Man United,Huddersfield,1.63389,0.13049,7376,2017,https://understat.com/getLeagueData/EPL/2017,2018-02-03,True
2018-02-03,West Brom,Southampton,0.876603,0.99695,7378,2017,https://understat.com/getLeagueData/EPL/2017,2018-02-03,True
2018-02-04,Crystal Palace,Newcastle,3.00238,1.14408,7373,2017,https://understat.com/getLeagueData/EPL/2017,2018-02-04,True
2018-02-04,Liverpool,Tottenham,1.28962,2.54392,7375,2017,https://understat.com/getLeagueData/EPL/2017,2018-02-04,True
2018-02-05,Watford,Chelsea,2.12696,0.573557,7377,2017,https://understat.com/getLeagueData/EPL/2017,2018-02-05,True
2018-02-10,Everton,Crystal Palace,1.48792,1.65713,7380,2017,https://understat.com/getLeagueData/EPL/2017,2018-02-10,True
2018-02-10,Man City,Leicester,2.59121,0.109716,7382,2017,https://understat.com/getLeagueData/EPL/2017,2018-02-10,True
2018-02-10,Stoke,Brighton,1.39547,0.897856,7385,2017,https://understat.com/getLeagueData/EPL/2017,2018-02-10,True
2018-02-10,Swansea,Burnley,0.843332,0.430729,7386,2017,https://understat.com/getLeagueData/EPL/2017,2018-02-10,True
2018-02-10,Tottenham,Arsenal,2.63564,0.487297,7387,2017,https://understat.com/getLeagueData/EPL/2017,2018-02-10,True
2018-02-10,West Ham,Watford,1.83359,0.799928,7388,2017,https://understat.com/getLeagueData/EPL/2017,2018-02-10,True
2018-02-11,Huddersfield,Bournemouth,2.56699,0.433555,7381,2017,https://understat.com/getLeagueData/EPL/2017,2018-02-11,True
2018-02-11,Newcastle,Man United,0.676656,1.71995,7383,2017,https://understat.com/getLeagueData/EPL/2017,2018-02-11,True
2018-02-11,Southampton,Liverpool,0.854343,2.35575,7384,2017,https://understat.com/getLeagueData/EPL/2017,2018-02-11,True
2018-02-12,Chelsea,West Brom,2.37995,0.628806,7379,2017,https://understat.com/getLeagueData/EPL/2017,2018-02-12,True
2018-02-24,Bournemouth,Newcastle,1.20646,4.23567,7390,2017,https://understat.com/getLeagueData/EPL/2017,2018-02-24,True
2018-02-24,Brighton,Swansea,3.2913,0.443169,7391,2017,https://understat.com/getLeagueData/EPL/2017,2018-02-24,True
2018-02-24,Burnley,Southampton,1.28178,0.65898,7398,2017,https://understat.com/getLeagueData/EPL/2017,2018-02-24,True
2018-02-24,Leicester,Stoke,1.12487,0.166078,7396,2017,https://understat.com/getLeagueData/EPL/2017,2018-02-24,True
2018-02-24,Liverpool,West Ham,3.9205,0.33527,7395,2017,https://understat.com/getLeagueData/EPL/2017,2018-02-24,True
2018-02-24,Watford,Everton,0.606929,0.665127,7392,2017,https://understat.com/getLeagueData/EPL/2017,2018-02-24,True
2018-02-24,West Brom,Huddersfield,1.50162,1.18101,7394,2017,https://understat.com/getLeagueData/EPL/2017,2018-02-24,True
2018-02-25,Crystal Palace,Tottenham,0.184958,1.65074,7397,2017,https://understat.com/getLeagueData/EPL/2017,2018-02-25,True
2018-02-25,Man United,Chelsea,1.30036,1.68958,7393,2017,https://understat.com/getLeagueData/EPL/2017,2018-02-25,True
2018-03-01,Arsenal,Man City,1.30172,1.92605,7389,2017,https://understat.com/getLeagueData/EPL/2017,2018-03-01,True
2018-03-03,Burnley,Everton,2.33524,1.79993,7400,2017,https://understat.com/getLeagueData/EPL/2017,2018-03-03,True
2018-03-03,Leicester,Bournemouth,2.97799,1.4035,7402,2017,https://understat.com/getLeagueData/EPL/2017,2018-03-03,True
2018-03-03,Liverpool,Newcastle,1.56935,0.255322,7403,2017,https://understat.com/getLeagueData/EPL/2017,2018-03-03,True
2018-03-03,Southampton,Stoke,0.982895,0.385303,7405,2017,https://understat.com/getLeagueData/EPL/2017,2018-03-03,True
2018-03-03,Swansea,West Ham,2.30838,0.497211,7406,2017,https://understat.com/getLeagueData/EPL/2017,2018-03-03,True
2018-03-03,Tottenham,Huddersfield,1.63794,0.138106,7407,2017,https://understat.com/getLeagueData/EPL/2017,2018-03-03,True
2018-03-03,Watford,West Brom,1.23526,1.09115,7408,2017,https://understat.com/getLeagueData/EPL/2017,2018-03-03,True
2018-03-04,Brighton,Arsenal,1.48498,0.801513,7399,2017,https://understat.com/getLeagueData/EPL/2017,2018-03-04,True
2018-03-04,Man City,Chelsea,0.953312,0.118301,7404,2017,https://understat.com/getLeagueData/EPL/2017,2018-03-04,True
2018-03-05,Crystal Palace,Man United,0.74138,1.25439,7401,2017,https://understat.com/getLeagueData/EPL/2017,2018-03-05,True
2018-03-10,Chelsea,Crystal Palace,3.87829,1.13893,7411,2017,https://understat.com/getLeagueData/EPL/2017,2018-03-10,True
2018-03-10,Everton,Brighton,1.68868,0.321797,7412,2017,https://understat.com/getLeagueData/EPL/2017,2018-03-10,True
2018-03-10,Huddersfield,Swansea,1.39381,0.0,7413,2017,https://understat.com/getLeagueData/EPL/2017,2018-03-10,True
2018-03-10,Man United,Liverpool,0.845051,0.777089,7414,2017,https://understat.com/getLeagueData/EPL/2017,2018-03-10,True
2018-03-10,Newcastle,Southampton,1.35847,0.496723,7415,2017,https://understat.com/getLeagueData/EPL/2017,2018-03-10,True
2018-03-10,West Brom,Leicester,0.360925,1.86524,7417,2017,https://understat.com/getLeagueData/EPL/2017,2018-03-10,True
2018-03-10,West Ham,Burnley,0.72673,1.41929,7418,2017,https://understat.com/getLeagueData/EPL/2017,2018-03-10,True
2018-03-11,Arsenal,Watford,2.38263,1.54676,7409,2017,https://understat.com/getLeagueData/EPL/2017,2018-03-11,True
2018-03-11,Bournemouth,Tottenham,1.17387,2.53124,7410,2017,https://understat.com/getLeagueData/EPL/2017,2018-03-11,True
2018-03-12,Stoke,Man City,0.157023,1.64562,7416,2017,https://understat.com/getLeagueData/EPL/2017,2018-03-12,True
2018-03-17,Bournemouth,West Brom,0.685329,1.74488,7419,2017,https://understat.com/getLeagueData/EPL/2017,2018-03-17,True
2018-03-17,Huddersfield,Crystal Palace,0.220381,2.74705,7421,2017,https://understat.com/getLeagueData/EPL/2017,2018-03-17,True
2018-03-17,Liverpool,Watford,1.81208,0.35476,7423,2017,https://understat.com/getLeagueData/EPL/2017,2018-03-17,True
2018-03-17,Stoke,Everton,0.894266,2.97881,7425,2017,https://understat.com/getLeagueData/EPL/2017,2018-03-17,True
2018-03-31,Brighton,Leicester,1.60322,1.26582,7430,2017,https://understat.com/getLeagueData/EPL/2017,2018-03-31,True
2018-03-31,Crystal Palace,Liverpool,1.90868,1.72037,7432,2017,https://understat.com/getLeagueData/EPL/2017,2018-03-31,True
2018-03-31,Everton,Man City,0.859628,1.91312,7433,2017,https://understat.com/getLeagueData/EPL/2017,2018-03-31,True
2018-03-31,Man United,Swansea,2.14368,0.138813,7435,2017,https://understat.com/getLeagueData/EPL/2017,2018-03-31,True
2018-03-31,Newcastle,Huddersfield,2.53617,0.280847,7436,2017,https://understat.com/getLeagueData/EPL/2017,2018-03-31,True
2018-03-31,Watford,Bournemouth,0.76133,2.1146,7437,2017,https://understat.com/getLeagueData/EPL/2017,2018-03-31,True
2018-03-31,West Brom,Burnley,0.394723,1.41534,7438,2017,https://understat.com/getLeagueData/EPL/2017,2018-03-31,True
2018-03-31,West Ham,Southampton,1.44971,0.446641,7434,2017,https://understat.com/getLeagueData/EPL/2017,2018-03-31,True
2018-04-01,Arsenal,Stoke,3.56649,0.342516,7429,2017,https://understat.com/getLeagueData/EPL/2017,2018-04-01,True
2018-04-01,Chelsea,Tottenham,1.209,1.3895,7431,2017,https://understat.com/getLeagueData/EPL/2017,2018-04-01,True
2018-04-07,Bournemouth,Crystal Palace,2.09227,1.14558,7440,2017,https://understat.com/getLeagueData/EPL/2017,2018-04-07,True
2018-04-07,Brighton,Huddersfield,1.53244,1.48964,7441,2017,https://understat.com/getLeagueData/EPL/2017,2018-04-07,True
2018-04-07,Everton,Liverpool,0.723427,0.947321,7443,2017,https://understat.com/getLeagueData/EPL/2017,2018-04-07,True
2018-04-07,Leicester,Newcastle,1.09224,0.285116,7444,2017,https://understat.com/getLeagueData/EPL/2017,2018-04-07,True
2018-04-07,Man City,Man United,3.42967,1.21683,7445,2017,https://understat.com/getLeagueData/EPL/2017,2018-04-07,True
2018-04-07,Stoke,Tottenham,1.40115,1.79894,7446,2017,https://understat.com/getLeagueData/EPL/2017,2018-04-07,True
2018-04-07,Watford,Burnley,1.36685,1.38319,7447,2017,https://understat.com/getLeagueData/EPL/2017,2018-04-07,True
2018-04-07,West Brom,Swansea,1.22912,0.655729,7448,2017,https://understat.com/getLeagueData/EPL/2017,2018-04-07,True
2018-04-08,Arsenal,Southampton,1.58895,2.16699,7439,2017,https://understat.com/getLeagueData/EPL/2017,2018-04-08,True
2018-04-08,Chelsea,West Ham,2.12073,0.302554,7442,2017,https://understat.com/getLeagueData/EPL/2017,2018-04-08,True
2018-04-14,Burnley,Leicester,1.05951,1.99812,7449,2017,https://understat.com/getLeagueData/EPL/2017,2018-04-14,True
2018-04-14,Crystal Palace,Brighton,2.49925,1.54485,7450,2017,https://understat.com/getLeagueData/EPL/2017,2018-04-14,True
2018-04-14,Huddersfield,Watford,0.929512,0.306273,7451,2017,https://understat.com/getLeagueData/EPL/2017,2018-04-14,True
2018-04-14,Liverpool,Bournemouth,2.6402,0.540593,7452,2017,https://understat.com/getLeagueData/EPL/2017,2018-04-14,True
2018-04-14,Southampton,Chelsea,1.2922,0.663817,7455,2017,https://understat.com/getLeagueData/EPL/2017,2018-04-14,True
2018-04-14,Swansea,Everton,1.19751,1.61456,7456,2017,https://understat.com/getLeagueData/EPL/2017,2018-04-14,True
2018-04-14,Tottenham,Man City,0.445014,3.61987,7457,2017,https://understat.com/getLeagueData/EPL/2017,2018-04-14,True
2018-04-15,Man United,West Brom,0.639748,0.824508,7453,2017,https://understat.com/getLeagueData/EPL/2017,2018-04-15,True
2018-04-15,Newcastle,Arsenal,0.888452,1.41538,7454,2017,https://understat.com/getLeagueData/EPL/2017,2018-04-15,True
2018-04-16,West Ham,Stoke,0.807456,1.41085,7458,2017,https://understat.com/getLeagueData/EPL/2017,2018-04-16,True
2018-04-17,Brighton,Tottenham,0.988099,1.36248,7462,2017,https://understat.com/getLeagueData/EPL/2017,2018-04-17,True
2018-04-18,Bournemouth,Man United,1.18301,1.61597,7463,2017,https://understat.com/getLeagueData/EPL/2017,2018-04-18,True
2018-04-19,Burnley,Chelsea,0.221642,1.7717,7420,2017,https://understat.com/getLeagueData/EPL/2017,2018-04-19,True
2018-04-19,Leicester,Southampton,0.515248,0.651171,7464,2017,https://understat.com/getLeagueData/EPL/2017,2018-04-19,True
2018-04-21,Watford,Crystal Palace,0.59455,0.182325,7467,2017,https://understat.com/getLeagueData/EPL/2017,2018-04-21,True
2018-04-21,West Brom,Liverpool,1.39669,1.6393,7468,2017,https://understat.com/getLeagueData/EPL/2017,2018-04-21,True
2018-04-22,Arsenal,West Ham,2.07299,0.623161,7459,2017,https://understat.com/getLeagueData/EPL/2017,2018-04-22,True
2018-04-22,Man City,Swansea,3.41675,0.297493,7465,2017,https://understat.com/getLeagueData/EPL/2017,2018-04-22,True
2018-04-22,Stoke,Burnley,0.356095,1.61309,7466,2017,https://understat.com/getLeagueData/EPL/2017,2018-04-22,True
2018-04-23,Everton,Newcastle,0.948534,0.480957,7461,2017,https://understat.com/getLeagueData/EPL/2017,2018-04-23,True
2018-04-28,Burnley,Brighton,1.54596,0.378409,7469,2017,https://understat.com/getLeagueData/EPL/2017,2018-04-28,True
2018-04-28,Crystal Palace,Leicester,2.7876,0.941395,7470,2017,https://understat.com/getLeagueData/EPL/2017,2018-04-28,True
2018-04-28,Huddersfield,Everton,0.56538,0.943754,7471,2017,https://understat.com/getLeagueData/EPL/2017,2018-04-28,True
2018-04-28,Liverpool,Stoke,2.11658,0.777827,7472,2017,https://understat.com/getLeagueData/EPL/2017,2018-04-28,True
2018-04-28,Newcastle,West Brom,1.58397,0.703096,7474,2017,https://understat.com/getLeagueData/EPL/2017,2018-04-28,True
2018-04-28,Southampton,Bournemouth,1.72584,1.01741,7475,2017,https://understat.com/getLeagueData/EPL/2017,2018-04-28,True
2018-04-28,Swansea,Chelsea,0.502964,1.45426,7476,2017,https://understat.com/getLeagueData/EPL/2017,2018-04-28,True
2018-04-29,Man United,Arsenal,1.54667,0.651541,7473,2017,https://understat.com/getLeagueData/EPL/2017,2018-04-29,True
2018-04-29,West Ham,Man City,0.228917,2.29076,7478,2017,https://understat.com/getLeagueData/EPL/2017,2018-04-29,True
2018-04-30,Tottenham,Watford,1.76757,1.36928,7477,2017,https://understat.com/getLeagueData/EPL/2017,2018-04-30,True
2018-05-04,Brighton,Man United,0.922771,0.652444,7484,2017,https://understat.com/getLeagueData/EPL/2017,2018-05-04,True
2018-05-05,Bournemouth,Swansea,1.69618,1.0138,7488,2017,https://understat.com/getLeagueData/EPL/2017,2018-05-05,True
2018-05-05,Everton,Southampton,0.420891,0.634996,7486,2017,https://understat.com/getLeagueData/EPL/2017,2018-05-05,True
2018-05-05,Leicester,West Ham,0.391738,1.43027,7479,2017,https://understat.com/getLeagueData/EPL/2017,2018-05-05,True
2018-05-05,Stoke,Crystal Palace,0.750175,1.31471,7481,2017,https://understat.com/getLeagueData/EPL/2017,2018-05-05,True
2018-05-05,Watford,Newcastle,2.81246,0.613901,7482,2017,https://understat.com/getLeagueData/EPL/2017,2018-05-05,True
2018-05-05,West Brom,Tottenham,1.21792,0.969481,7483,2017,https://understat.com/getLeagueData/EPL/2017,2018-05-05,True
2018-05-06,Arsenal,Burnley,2.92408,0.21671,7487,2017,https://understat.com/getLeagueData/EPL/2017,2018-05-06,True
2018-05-06,Chelsea,Liverpool,0.806168,0.427002,7485,2017,https://understat.com/getLeagueData/EPL/2017,2018-05-06,True
2018-05-06,Man City,Huddersfield,0.78641,0.54565,7480,2017,https://understat.com/getLeagueData/EPL/2017,2018-05-06,True
2018-05-08,Swansea,Southampton,0.389621,1.48865,7426,2017,https://understat.com/getLeagueData/EPL/2017,2018-05-08,True
2018-05-09,Chelsea,Huddersfield,2.25256,0.631021,7460,2017,https://understat.com/getLeagueData/EPL/2017,2018-05-09,True
2018-05-09,Leicester,Arsenal,2.19801,1.54443,7422,2017,https://understat.com/getLeagueData/EPL/2017,2018-05-09,True
2018-05-09,Man City,Brighton,1.64765,1.00939,7424,2017,https://understat.com/getLeagueData/EPL/2017,2018-05-09,True
2018-05-09,Tottenham,Newcastle,0.835241,0.829699,7427,2017,https://understat.com/getLeagueData/EPL/2017,2018-05-09,True
2018-05-10,West Ham,Man United,0.783043,0.596075,7428,2017,https://understat.com/getLeagueData/EPL/2017,2018-05-10,True
2018-05-13,Burnley,Bournemouth,1.16179,1.38551,7492,2017,https://understat.com/getLeagueData/EPL/2017,2018-05-13,True
2018-05-13,Crystal Palace,West Brom,2.36491,0.216004,7493,2017,https://understat.com/getLeagueData/EPL/2017,2018-05-13,True
2018-05-13,Huddersfield,Arsenal,1.31031,2.3322,7494,2017,https://understat.com/getLeagueData/EPL/2017,2018-05-13,True
2018-05-13,Liverpool,Brighton,3.50981,0.0408165,7495,2017,https://understat.com/getLeagueData/EPL/2017,2018-05-13,True
2018-05-13,Man United,Watford,0.45805,0.654288,7496,2017,https://understat.com/getLeagueData/EPL/2017,2018-05-13,True
2018-05-13,Newcastle,Chelsea,2.24197,0.843284,7497,2017,https://understat.com/getLeagueData/EPL/2017,2018-05-13,True
2018-05-13,Southampton,Man City,0.506624,0.765614,7498,2017,https://understat.com/getLeagueData/EPL/2017,2018-05-13,True
2018-05-13,Swansea,Stoke,1.70936,1.75436,7491,2017,https://understat.com/getLeagueData/EPL/2017,2018-05-13,True
2018-05-13,Tottenham,Leicester,1.83248,1.27359,7490,2017,https://understat.com/getLeagueData/EPL/2017,2018-05-13,True
2018-05-13,West Ham,Everton,1.18299,1.67867,7489,2017,https://understat.com/getLeagueData/EPL/2017,2018-05-13,True
2018-08-10,Man United,Leicester,1.5137,1.73813,9197,2018,https://understat.com/getLeagueData/EPL/2018,2018-08-10,True
2018-08-11,Bournemouth,Cardiff,2.60022,1.50693,9202,2018,https://understat.com/getLeagueData/EPL/2018,2018-08-11,True
2018-08-11,Fulham,Crystal Palace,0.638076,1.07816,9201,2018,https://understat.com/getLeagueData/EPL/2018,2018-08-11,True
2018-08-11,Huddersfield,Chelsea,0.396115,2.31427,9200,2018,https://understat.com/getLeagueData/EPL/2018,2018-08-11,True
2018-08-11,Newcastle,Tottenham,0.974497,2.58097,9198,2018,https://understat.com/getLeagueData/EPL/2018,2018-08-11,True
2018-08-11,Watford,Brighton,1.42372,0.45504,9199,2018,https://understat.com/getLeagueData/EPL/2018,2018-08-11,True
2018-08-11,Wolves,Everton,0.891038,0.715382,9203,2018,https://understat.com/getLeagueData/EPL/2018,2018-08-11,True
2018-08-12,Arsenal,Man City,0.445187,2.0178,9206,2018,https://understat.com/getLeagueData/EPL/2018,2018-08-12,True
2018-08-12,Liverpool,West Ham,4.34421,0.404253,9205,2018,https://understat.com/getLeagueData/EPL/2018,2018-08-12,True
2018-08-12,Southampton,Burnley,1.01994,1.40827,9204,2018,https://understat.com/getLeagueData/EPL/2018,2018-08-12,True
2018-08-18,Cardiff,Newcastle,1.15521,1.55405,9207,2018,https://understat.com/getLeagueData/EPL/2018,2018-08-18,True
2018-08-18,Chelsea,Arsenal,1.71799,2.45798,9212,2018,https://understat.com/getLeagueData/EPL/2018,2018-08-18,True
2018-08-18,Everton,Southampton,2.02004,1.77471,9211,2018,https://understat.com/getLeagueData/EPL/2018,2018-08-18,True
2018-08-18,Leicester,Wolves,0.222843,1.09349,9210,2018,https://understat.com/getLeagueData/EPL/2018,2018-08-18,True
2018-08-18,Tottenham,Fulham,3.26713,1.44253,9209,2018,https://understat.com/getLeagueData/EPL/2018,2018-08-18,True
2018-08-18,West Ham,Bournemouth,1.10275,1.69077,9208,2018,https://understat.com/getLeagueData/EPL/2018,2018-08-18,True
2018-08-19,Brighton,Man United,1.63672,1.56579,9215,2018,https://understat.com/getLeagueData/EPL/2018,2018-08-19,True
2018-08-19,Burnley,Watford,0.392642,1.9171,9214,2018,https://understat.com/getLeagueData/EPL/2018,2018-08-19,True
2018-08-19,Man City,Huddersfield,4.60356,0.663731,9213,2018,https://understat.com/getLeagueData/EPL/2018,2018-08-19,True
2018-08-20,Crystal Palace,Liverpool,0.368608,2.82183,9216,2018,https://understat.com/getLeagueData/EPL/2018,2018-08-20,True
2018-08-25,Arsenal,West Ham,1.7852,1.17924,9222,2018,https://understat.com/getLeagueData/EPL/2018,2018-08-25,True
2018-08-25,Bournemouth,Everton,2.5887,0.543665,9221,2018,https://understat.com/getLeagueData/EPL/2018,2018-08-25,True
2018-08-25,Huddersfield,Cardiff,0.203453,1.06351,9219,2018,https://understat.com/getLeagueData/EPL/2018,2018-08-25,True
2018-08-25,Liverpool,Brighton,1.81412,0.535616,9223,2018,https://understat.com/getLeagueData/EPL/2018,2018-08-25,True
2018-08-25,Southampton,Leicester,0.542494,0.517935,9218,2018,https://understat.com/getLeagueData/EPL/2018,2018-08-25,True
2018-08-25,Wolves,Man City,1.26376,1.84293,9217,2018,https://understat.com/getLeagueData/EPL/2018,2018-08-25,True
2018-08-26,Fulham,Burnley,1.92459,1.56882,9220,2018,https://understat.com/getLeagueData/EPL/2018,2018-08-26,True
2018-08-26,Newcastle,Chelsea,0.209337,1.49669,9225,2018,https://understat.com/getLeagueData/EPL/2018,2018-08-26,True
2018-08-26,Watford,Crystal Palace,1.14596,1.21905,9224,2018,https://understat.com/getLeagueData/EPL/2018,2018-08-26,True
2018-08-27,Man United,Tottenham,1.40321,1.80811,9226,2018,https://understat.com/getLeagueData/EPL/2018,2018-08-27,True
2018-09-01,Brighton,Fulham,2.68216,1.51555,9233,2018,https://understat.com/getLeagueData/EPL/2018,2018-09-01,True
2018-09-01,Chelsea,Bournemouth,1.16408,0.950959,9231,2018,https://understat.com/getLeagueData/EPL/2018,2018-09-01,True
2018-09-01,Crystal Palace,Southampton,2.35193,3.13612,9230,2018,https://understat.com/getLeagueData/EPL/2018,2018-09-01,True
2018-09-01,Everton,Huddersfield,0.616013,0.660035,9229,2018,https://understat.com/getLeagueData/EPL/2018,2018-09-01,True
2018-09-01,Leicester,Liverpool,0.981217,1.22722,9227,2018,https://understat.com/getLeagueData/EPL/2018,2018-09-01,True
2018-09-01,Man City,Newcastle,2.46904,0.554763,9234,2018,https://understat.com/getLeagueData/EPL/2018,2018-09-01,True
2018-09-01,West Ham,Wolves,0.888887,1.22301,9228,2018,https://understat.com/getLeagueData/EPL/2018,2018-09-01,True
2018-09-02,Burnley,Man United,1.09923,2.90359,9232,2018,https://understat.com/getLeagueData/EPL/2018,2018-09-02,True
2018-09-02,Cardiff,Arsenal,0.77426,1.41005,9235,2018,https://understat.com/getLeagueData/EPL/2018,2018-09-02,True
2018-09-02,Watford,Tottenham,0.454309,0.582521,9236,2018,https://understat.com/getLeagueData/EPL/2018,2018-09-02,True
2018-09-15,Bournemouth,Leicester,2.22726,1.82502,9242,2018,https://understat.com/getLeagueData/EPL/2018,2018-09-15,True
2018-09-15,Chelsea,Cardiff,2.67145,0.8276,9241,2018,https://understat.com/getLeagueData/EPL/2018,2018-09-15,True
2018-09-15,Huddersfield,Crystal Palace,0.87744,0.746631,9240,2018,https://understat.com/getLeagueData/EPL/2018,2018-09-15,True
2018-09-15,Man City,Fulham,4.91621,0.342698,9239,2018,https://understat.com/getLeagueData/EPL/2018,2018-09-15,True
2018-09-15,Newcastle,Arsenal,0.412121,0.90461,9238,2018,https://understat.com/getLeagueData/EPL/2018,2018-09-15,True
2018-09-15,Tottenham,Liverpool,0.788168,3.01015,9237,2018,https://understat.com/getLeagueData/EPL/2018,2018-09-15,True
2018-09-15,Watford,Man United,1.17523,1.64902,9243,2018,https://understat.com/getLeagueData/EPL/2018,2018-09-15,True
2018-09-16,Everton,West Ham,1.26774,1.52437,9245,2018,https://understat.com/getLeagueData/EPL/2018,2018-09-16,True
2018-09-16,Wolves,Burnley,3.3916,0.208994,9244,2018,https://understat.com/getLeagueData/EPL/2018,2018-09-16,True
2018-09-17,Southampton,Brighton,2.19521,1.97094,9246,2018,https://understat.com/getLeagueData/EPL/2018,2018-09-17,True
2018-09-22,Brighton,Tottenham,0.817174,2.11655,9254,2018,https://understat.com/getLeagueData/EPL/2018,2018-09-22,True
2018-09-22,Burnley,Bournemouth,2.29417,0.976413,9253,2018,https://understat.com/getLeagueData/EPL/2018,2018-09-22,True
2018-09-22,Cardiff,Man City,0.0980726,3.08415,9252,2018,https://understat.com/getLeagueData/EPL/2018,2018-09-22,True
2018-09-22,Crystal Palace,Newcastle,0.930793,0.229309,9251,2018,https://understat.com/getLeagueData/EPL/2018,2018-09-22,True
2018-09-22,Fulham,Watford,1.77245,1.76133,9247,2018,https://understat.com/getLeagueData/EPL/2018,2018-09-22,True
2018-09-22,Leicester,Huddersfield,1.80404,0.688176,9250,2018,https://understat.com/getLeagueData/EPL/2018,2018-09-22,True
2018-09-22,Liverpool,Southampton,1.77893,0.310467,9249,2018,https://understat.com/getLeagueData/EPL/2018,2018-09-22,True
2018-09-22,Man United,Wolves,0.62283,1.1185,9248,2018,https://understat.com/getLeagueData/EPL/2018,2018-09-22,True
2018-09-23,Arsenal,Everton,0.930544,1.06523,9256,2018,https://understat.com/getLeagueData/EPL/2018,2018-09-23,True
2018-09-23,West Ham,Chelsea,1.0177,1.88344,9255,2018,https://understat.com/getLeagueData/EPL/2018,2018-09-23,True
2018-09-29,Arsenal,Watford,1.57061,2.62141,9263,2018,https://understat.com/getLeagueData/EPL/2018,2018-09-29,True
2018-09-29,Chelsea,Liverpool,1.77638,1.74071,9264,2018,https://understat.com/getLeagueData/EPL/2018,2018-09-29,True
2018-09-29,Everton,Fulham,2.31538,0.536317,9262,2018,https://understat.com/getLeagueData/EPL/2018,2018-09-29,True
2018-09-29,Huddersfield,Tottenham,0.339245,2.33733,9261,2018,https://understat.com/getLeagueData/EPL/2018,2018-09-29,True
2018-09-29,Man City,Brighton,2.90697,0.23023,9260,2018,https://understat.com/getLeagueData/EPL/2018,2018-09-29,True
2018-09-29,Newcastle,Leicester,0.397301,1.34341,9259,2018,https://understat.com/getLeagueData/EPL/2018,2018-09-29,True
2018-09-29,West Ham,Man United,1.3029,0.865739,9257,2018,https://understat.com/getLeagueData/EPL/2018,2018-09-29,True
2018-09-29,Wolves,Southampton,1.42507,0.679627,9258,2018,https://understat.com/getLeagueData/EPL/2018,2018-09-29,True
2018-09-30,Cardiff,Burnley,1.56707,0.111527,9265,2018,https://understat.com/getLeagueData/EPL/2018,2018-09-30,True
2018-10-01,Bournemouth,Crystal Palace,1.97143,0.385841,9266,2018,https://understat.com/getLeagueData/EPL/2018,2018-10-01,True
2018-10-05,Brighton,West Ham,1.02566,1.43652,9267,2018,https://understat.com/getLeagueData/EPL/2018,2018-10-05,True
2018-10-06,Burnley,Huddersfield,0.353128,1.02549,9272,2018,https://understat.com/getLeagueData/EPL/2018,2018-10-06,True
2018-10-06,Crystal Palace,Wolves,1.03714,0.755654,9271,2018,https://understat.com/getLeagueData/EPL/2018,2018-10-06,True
2018-10-06,Leicester,Everton,1.10472,1.14952,9270,2018,https://understat.com/getLeagueData/EPL/2018,2018-10-06,True
2018-10-06,Man United,Newcastle,2.40631,1.55962,9273,2018,https://understat.com/getLeagueData/EPL/2018,2018-10-06,True
2018-10-06,Tottenham,Cardiff,2.6517,1.13843,9269,2018,https://understat.com/getLeagueData/EPL/2018,2018-10-06,True
2018-10-06,Watford,Bournemouth,1.06613,3.28471,9268,2018,https://understat.com/getLeagueData/EPL/2018,2018-10-06,True
2018-10-07,Fulham,Arsenal,1.31588,1.13706,9274,2018,https://understat.com/getLeagueData/EPL/2018,2018-10-07,True
2018-10-07,Liverpool,Man City,0.433994,1.07481,9276,2018,https://understat.com/getLeagueData/EPL/2018,2018-10-07,True
2018-10-07,Southampton,Chelsea,1.487,3.54699,9275,2018,https://understat.com/getLeagueData/EPL/2018,2018-10-07,True
2018-10-20,Bournemouth,Southampton,0.840403,0.589633,9283,2018,https://understat.com/getLeagueData/EPL/2018,2018-10-20,True
2018-10-20,Cardiff,Fulham,1.7562,0.947712,9282,2018,https://understat.com/getLeagueData/EPL/2018,2018-10-20,True
2018-10-20,Chelsea,Man United,2.21163,1.11454,9277,2018,https://understat.com/getLeagueData/EPL/2018,2018-10-20,True
2018-10-20,Huddersfield,Liverpool,0.638341,0.663819,9284,2018,https://understat.com/getLeagueData/EPL/2018,2018-10-20,True
2018-10-20,Man City,Burnley,4.48577,0.370236,9281,2018,https://understat.com/getLeagueData/EPL/2018,2018-10-20,True
2018-10-20,Newcastle,Brighton,1.71169,0.675798,9280,2018,https://understat.com/getLeagueData/EPL/2018,2018-10-20,True
2018-10-20,West Ham,Tottenham,0.544268,1.11777,9279,2018,https://understat.com/getLeagueData/EPL/2018,2018-10-20,True
2018-10-20,Wolves,Watford,0.47391,1.0684,9278,2018,https://understat.com/getLeagueData/EPL/2018,2018-10-20,True
2018-10-21,Everton,Crystal Palace,1.92794,1.50174,9285,2018,https://understat.com/getLeagueData/EPL/2018,2018-10-21,True
2018-10-22,Arsenal,Leicester,2.91637,0.932491,9286,2018,https://understat.com/getLeagueData/EPL/2018,2018-10-22,True
2018-10-27,Brighton,Wolves,1.01337,1.38027,9290,2018,https://understat.com/getLeagueData/EPL/2018,2018-10-27,True
2018-10-27,Fulham,Bournemouth,0.383833,2.10555,9289,2018,https://understat.com/getLeagueData/EPL/2018,2018-10-27,True
2018-10-27,Leicester,West Ham,1.95344,1.56009,9293,2018,https://understat.com/getLeagueData/EPL/2018,2018-10-27,True
2018-10-27,Liverpool,Cardiff,2.30176,0.643117,9288,2018,https://understat.com/getLeagueData/EPL/2018,2018-10-27,True
2018-10-27,Southampton,Newcastle,1.19216,0.297646,9292,2018,https://understat.com/getLeagueData/EPL/2018,2018-10-27,True
2018-10-27,Watford,Huddersfield,2.29622,0.479655,9291,2018,https://understat.com/getLeagueData/EPL/2018,2018-10-27,True
2018-10-28,Burnley,Chelsea,0.269828,3.01621,9295,2018,https://understat.com/getLeagueData/EPL/2018,2018-10-28,True
2018-10-28,Crystal Palace,Arsenal,2.38115,0.845197,9294,2018,https://understat.com/getLeagueData/EPL/2018,2018-10-28,True
2018-10-28,Man United,Everton,2.51393,1.67348,9287,2018,https://understat.com/getLeagueData/EPL/2018,2018-10-28,True
2018-10-29,Tottenham,Man City,0.442436,1.93588,9296,2018,https://understat.com/getLeagueData/EPL/2018,2018-10-29,True
2018-11-03,Arsenal,Liverpool,1.62321,1.19558,9303,2018,https://understat.com/getLeagueData/EPL/2018,2018-11-03,True
2018-11-03,Bournemouth,Man United,1.928,3.29249,9297,2018,https://understat.com/getLeagueData/EPL/2018,2018-11-03,True
2018-11-03,Cardiff,Leicester,0.922262,2.18288,9302,2018,https://understat.com/getLeagueData/EPL/2018,2018-11-03,True
2018-11-03,Everton,Brighton,2.59305,0.676348,9301,2018,https://understat.com/getLeagueData/EPL/2018,2018-11-03,True
2018-11-03,Newcastle,Watford,0.691575,2.5452,9299,2018,https://understat.com/getLeagueData/EPL/2018,2018-11-03,True
2018-11-03,West Ham,Burnley,2.55739,0.882514,9298,2018,https://understat.com/getLeagueData/EPL/2018,2018-11-03,True
2018-11-03,Wolves,Tottenham,2.40643,1.63123,9304,2018,https://understat.com/getLeagueData/EPL/2018,2018-11-03,True
2018-11-04,Chelsea,Crystal Palace,1.88741,0.454547,9305,2018,https://understat.com/getLeagueData/EPL/2018,2018-11-04,True
2018-11-04,Man City,Southampton,2.76272,1.81466,9300,2018,https://understat.com/getLeagueData/EPL/2018,2018-11-04,True
2018-11-05,Huddersfield,Fulham,0.51433,0.354166,9306,2018,https://understat.com/getLeagueData/EPL/2018,2018-11-05,True
2018-11-10,Cardiff,Brighton,1.94297,0.767044,9307,2018,https://understat.com/getLeagueData/EPL/2018,2018-11-10,True
2018-11-10,Crystal Palace,Tottenham,0.688016,1.55381,9312,2018,https://understat.com/getLeagueData/EPL/2018,2018-11-10,True
2018-11-10,Huddersfield,West Ham,1.17524,1.44113,9311,2018,https://understat.com/getLeagueData/EPL/2018,2018-11-10,True
2018-11-10,Leicester,Burnley,1.5091,0.368393,9310,2018,https://understat.com/getLeagueData/EPL/2018,2018-11-10,True
2018-11-10,Newcastle,Bournemouth,2.57545,1.91687,9309,2018,https://understat.com/getLeagueData/EPL/2018,2018-11-10,True
2018-11-10,Southampton,Watford,1.20211,1.07573,9308,2018,https://understat.com/getLeagueData/EPL/2018,2018-11-10,True
2018-11-11,Arsenal,Wolves,0.965843,1.86549,9316,2018,https://understat.com/getLeagueData/EPL/2018,2018-11-11,True
2018-11-11,Chelsea,Everton,1.16298,0.198027,9314,2018,https://understat.com/getLeagueData/EPL/2018,2018-11-11,True
2018-11-11,Liverpool,Fulham,2.22417,0.571301,9313,2018,https://understat.com/getLeagueData/EPL/2018,2018-11-11,True
2018-11-11,Man City,Man United,2.02764,0.97089,9315,2018,https://understat.com/getLeagueData/EPL/2018,2018-11-11,True
2018-11-24,Brighton,Leicester,0.862315,1.12521,9322,2018,https://understat.com/getLeagueData/EPL/2018,2018-11-24,True
2018-11-24,Everton,Cardiff,2.48066,0.879108,9321,2018,https://understat.com/getLeagueData/EPL/2018,2018-11-24,True
2018-11-24,Fulham,Southampton,1.3875,1.67163,9320,2018,https://understat.com/getLeagueData/EPL/2018,2018-11-24,True
2018-11-24,Man United,Crystal Palace,1.34245,1.05292,9319,2018,https://understat.com/getLeagueData/EPL/2018,2018-11-24,True
2018-11-24,Tottenham,Chelsea,3.34649,0.962804,9323,2018,https://understat.com/getLeagueData/EPL/2018,2018-11-24,True
2018-11-24,Watford,Liverpool,0.673382,1.45314,9318,2018,https://understat.com/getLeagueData/EPL/2018,2018-11-24,True
2018-11-24,West Ham,Man City,0.829504,2.95852,9317,2018,https://understat.com/getLeagueData/EPL/2018,2018-11-24,True
2018-11-25,Bournemouth,Arsenal,0.650884,1.71044,9324,2018,https://understat.com/getLeagueData/EPL/2018,2018-11-25,True
2018-11-25,Wolves,Huddersfield,0.701036,0.627281,9325,2018,https://understat.com/getLeagueData/EPL/2018,2018-11-25,True
2018-11-26,Burnley,Newcastle,1.49487,1.67701,9326,2018,https://understat.com/getLeagueData/EPL/2018,2018-11-26,True
2018-11-30,Cardiff,Wolves,1.09264,0.987623,9335,2018,https://understat.com/getLeagueData/EPL/2018,2018-11-30,True
2018-12-01,Crystal Palace,Burnley,2.03785,0.302477,9333,2018,https://understat.com/getLeagueData/EPL/2018,2018-12-01,True
2018-12-01,Huddersfield,Brighton,0.558083,1.67998,9332,2018,https://understat.com/getLeagueData/EPL/2018,2018-12-01,True
2018-12-01,Leicester,Watford,1.41758,1.19923,9331,2018,https://understat.com/getLeagueData/EPL/2018,2018-12-01,True
2018-12-01,Man City,Bournemouth,2.83557,0.715009,9329,2018,https://understat.com/getLeagueData/EPL/2018,2018-12-01,True
2018-12-01,Newcastle,West Ham,1.12583,2.62697,9328,2018,https://understat.com/getLeagueData/EPL/2018,2018-12-01,True
2018-12-01,Southampton,Man United,0.623954,0.904803,9327,2018,https://understat.com/getLeagueData/EPL/2018,2018-12-01,True
2018-12-02,Arsenal,Tottenham,2.71421,1.0926,9336,2018,https://understat.com/getLeagueData/EPL/2018,2018-12-02,True
2018-12-02,Chelsea,Fulham,2.17105,0.285256,9334,2018,https://understat.com/getLeagueData/EPL/2018,2018-12-02,True
2018-12-02,Liverpool,Everton,3.07574,1.23014,9330,2018,https://understat.com/getLeagueData/EPL/2018,2018-12-02,True
2018-12-04,Bournemouth,Huddersfield,1.07393,1.5631,9338,2018,https://understat.com/getLeagueData/EPL/2018,2018-12-04,True
2018-12-04,Brighton,Crystal Palace,1.2521,1.5329,9337,2018,https://understat.com/getLeagueData/EPL/2018,2018-12-04,True
2018-12-04,Watford,Man City,1.672,2.51933,9341,2018,https://understat.com/getLeagueData/EPL/2018,2018-12-04,True
2018-12-04,West Ham,Cardiff,1.57488,1.93448,9340,2018,https://understat.com/getLeagueData/EPL/2018,2018-12-04,True
2018-12-05,Burnley,Liverpool,1.05809,2.73897,9343,2018,https://understat.com/getLeagueData/EPL/2018,2018-12-05,True
2018-12-05,Everton,Newcastle,2.10943,1.52214,9345,2018,https://understat.com/getLeagueData/EPL/2018,2018-12-05,True
2018-12-05,Fulham,Leicester,1.47593,1.21575,9342,2018,https://understat.com/getLeagueData/EPL/2018,2018-12-05,True
2018-12-05,Man United,Arsenal,1.33679,1.73226,9344,2018,https://understat.com/getLeagueData/EPL/2018,2018-12-05,True
2018-12-05,Tottenham,Southampton,1.73642,1.82434,9346,2018,https://understat.com/getLeagueData/EPL/2018,2018-12-05,True
2018-12-05,Wolves,Chelsea,0.682893,1.10702,9339,2018,https://understat.com/getLeagueData/EPL/2018,2018-12-05,True
2018-12-08,Arsenal,Huddersfield,2.02156,0.308361,9356,2018,https://understat.com/getLeagueData/EPL/2018,2018-12-08,True
2018-12-08,Bournemouth,Liverpool,0.279142,1.80619,9355,2018,https://understat.com/getLeagueData/EPL/2018,2018-12-08,True
2018-12-08,Burnley,Brighton,1.81251,0.951507,9354,2018,https://understat.com/getLeagueData/EPL/2018,2018-12-08,True
2018-12-08,Cardiff,Southampton,1.55832,0.501128,9353,2018,https://understat.com/getLeagueData/EPL/2018,2018-12-08,True
2018-12-08,Chelsea,Man City,0.526329,0.740048,9352,2018,https://understat.com/getLeagueData/EPL/2018,2018-12-08,True
2018-12-08,Leicester,Tottenham,0.357742,0.917968,9350,2018,https://understat.com/getLeagueData/EPL/2018,2018-12-08,True
2018-12-08,Man United,Fulham,3.15444,1.23251,9349,2018,https://understat.com/getLeagueData/EPL/2018,2018-12-08,True
2018-12-08,West Ham,Crystal Palace,1.53635,0.934613,9347,2018,https://understat.com/getLeagueData/EPL/2018,2018-12-08,True
2018-12-09,Newcastle,Wolves,0.4601,1.57799,9348,2018,https://understat.com/getLeagueData/EPL/2018,2018-12-09,True
2018-12-10,Everton,Watford,1.72686,1.63043,9351,2018,https://understat.com/getLeagueData/EPL/2018,2018-12-10,True
2018-12-15,Crystal Palace,Leicester,0.39698,0.895305,9365,2018,https://understat.com/getLeagueData/EPL/2018,2018-12-15,True
2018-12-15,Fulham,West Ham,1.03424,0.75325,9364,2018,https://understat.com/getLeagueData/EPL/2018,2018-12-15,True
2018-12-15,Huddersfield,Newcastle,0.671382,0.931041,9363,2018,https://understat.com/getLeagueData/EPL/2018,2018-12-15,True
2018-12-15,Man City,Everton,1.79848,1.6235,9361,2018,https://understat.com/getLeagueData/EPL/2018,2018-12-15,True
2018-12-15,Tottenham,Burnley,1.74625,0.451196,9359,2018,https://understat.com/getLeagueData/EPL/2018,2018-12-15,True
2018-12-15,Watford,Cardiff,1.64998,0.485768,9358,2018,https://understat.com/getLeagueData/EPL/2018,2018-12-15,True
2018-12-15,Wolves,Bournemouth,2.02223,0.52685,9357,2018,https://understat.com/getLeagueData/EPL/2018,2018-12-15,True
2018-12-16,Brighton,Chelsea,0.26126,1.6111,9366,2018,https://understat.com/getLeagueData/EPL/2018,2018-12-16,True
2018-12-16,Liverpool,Man United,2.60435,0.658049,9362,2018,https://understat.com/getLeagueData/EPL/2018,2018-12-16,True
2018-12-16,Southampton,Arsenal,1.21163,1.85763,9360,2018,https://understat.com/getLeagueData/EPL/2018,2018-12-16,True
2018-12-21,Wolves,Liverpool,0.763821,2.16356,9367,2018,https://understat.com/getLeagueData/EPL/2018,2018-12-21,True
2018-12-22,Arsenal,Burnley,1.4656,1.03237,9376,2018,https://understat.com/getLeagueData/EPL/2018,2018-12-22,True
2018-12-22,Bournemouth,Brighton,0.892502,0.825478,9375,2018,https://understat.com/getLeagueData/EPL/2018,2018-12-22,True
2018-12-22,Cardiff,Man United,1.27173,2.72523,9374,2018,https://understat.com/getLeagueData/EPL/2018,2018-12-22,True
2018-12-22,Chelsea,Leicester,2.40458,0.456492,9373,2018,https://understat.com/getLeagueData/EPL/2018,2018-12-22,True
2018-12-22,Huddersfield,Southampton,1.0038,2.60172,9371,2018,https://understat.com/getLeagueData/EPL/2018,2018-12-22,True
2018-12-22,Man City,Crystal Palace,1.27118,1.14609,9370,2018,https://understat.com/getLeagueData/EPL/2018,2018-12-22,True
2018-12-22,Newcastle,Fulham,0.289508,0.245408,9369,2018,https://understat.com/getLeagueData/EPL/2018,2018-12-22,True
2018-12-22,West Ham,Watford,2.06507,2.32983,9368,2018,https://understat.com/getLeagueData/EPL/2018,2018-12-22,True
2018-12-23,Everton,Tottenham,1.00121,2.55514,9372,2018,https://understat.com/getLeagueData/EPL/2018,2018-12-23,True
2018-12-26,Brighton,Arsenal,1.38502,0.789138,9386,2018,https://understat.com/getLeagueData/EPL/2018,2018-12-26,True
2018-12-26,Burnley,Everton,1.88646,1.8875,9385,2018,https://understat.com/getLeagueData/EPL/2018,2018-12-26,True
2018-12-26,Crystal Palace,Cardiff,2.43202,1.05926,9384,2018,https://understat.com/getLeagueData/EPL/2018,2018-12-26,True
2018-12-26,Fulham,Wolves,1.2769,1.35896,9383,2018,https://understat.com/getLeagueData/EPL/2018,2018-12-26,True
2018-12-26,Leicester,Man City,1.55714,1.34781,9382,2018,https://understat.com/getLeagueData/EPL/2018,2018-12-26,True
2018-12-26,Liverpool,Newcastle,3.24988,0.456309,9381,2018,https://understat.com/getLeagueData/EPL/2018,2018-12-26,True
2018-12-26,Man United,Huddersfield,1.79848,1.40594,9380,2018,https://understat.com/getLeagueData/EPL/2018,2018-12-26,True
2018-12-26,Tottenham,Bournemouth,2.23457,1.21736,9378,2018,https://understat.com/getLeagueData/EPL/2018,2018-12-26,True
2018-12-26,Watford,Chelsea,1.24414,2.1956,9377,2018,https://understat.com/getLeagueData/EPL/2018,2018-12-26,True
2018-12-27,Southampton,West Ham,1.28665,1.26973,9379,2018,https://understat.com/getLeagueData/EPL/2018,2018-12-27,True
2018-12-29,Brighton,Everton,1.60311,0.655851,9396,2018,https://understat.com/getLeagueData/EPL/2018,2018-12-29,True
2018-12-29,Fulham,Huddersfield,1.72386,0.276791,9393,2018,https://understat.com/getLeagueData/EPL/2018,2018-12-29,True
2018-12-29,Leicester,Cardiff,1.51648,0.493212,9392,2018,https://understat.com/getLeagueData/EPL/2018,2018-12-29,True
2018-12-29,Liverpool,Arsenal,3.7053,1.08186,9391,2018,https://understat.com/getLeagueData/EPL/2018,2018-12-29,True
2018-12-29,Tottenham,Wolves,0.277704,1.20867,9388,2018,https://understat.com/getLeagueData/EPL/2018,2018-12-29,True
2018-12-29,Watford,Newcastle,1.05566,0.661713,9387,2018,https://understat.com/getLeagueData/EPL/2018,2018-12-29,True
2018-12-30,Burnley,West Ham,2.89884,0.656044,9395,2018,https://understat.com/getLeagueData/EPL/2018,2018-12-30,True
2018-12-30,Crystal Palace,Chelsea,0.199002,0.741471,9394,2018,https://understat.com/getLeagueData/EPL/2018,2018-12-30,True
2018-12-30,Man United,Bournemouth,3.41874,0.705549,9390,2018,https://understat.com/getLeagueData/EPL/2018,2018-12-30,True
2018-12-30,Southampton,Man City,0.221381,2.96802,9389,2018,https://understat.com/getLeagueData/EPL/2018,2018-12-30,True
2019-01-01,Arsenal,Fulham,4.43325,1.71312,9406,2018,https://understat.com/getLeagueData/EPL/2018,2019-01-01,True
2019-01-01,Cardiff,Tottenham,1.0789,1.38282,9404,2018,https://understat.com/getLeagueData/EPL/2018,2019-01-01,True
2019-01-01,Everton,Leicester,0.871304,0.644144,9402,2018,https://understat.com/getLeagueData/EPL/2018,2019-01-01,True
2019-01-02,Bournemouth,Watford,2.84828,0.977046,9405,2018,https://understat.com/getLeagueData/EPL/2018,2019-01-02,True
2019-01-02,Chelsea,Southampton,0.850791,0.158168,9403,2018,https://understat.com/getLeagueData/EPL/2018,2019-01-02,True
2019-01-02,Huddersfield,Burnley,0.621818,2.66309,9401,2018,https://understat.com/getLeagueData/EPL/2018,2019-01-02,True
2019-01-02,Newcastle,Man United,0.691878,2.6754,9399,2018,https://understat.com/getLeagueData/EPL/2018,2019-01-02,True
2019-01-02,West Ham,Brighton,0.639356,0.686806,9398,2018,https://understat.com/getLeagueData/EPL/2018,2019-01-02,True
2019-01-02,Wolves,Crystal Palace,0.656255,1.94658,9397,2018,https://understat.com/getLeagueData/EPL/2018,2019-01-02,True
2019-01-03,Man City,Liverpool,1.00357,1.3801,9400,2018,https://understat.com/getLeagueData/EPL/2018,2019-01-03,True
2019-01-12,Brighton,Liverpool,0.384198,2.2665,9416,2018,https://understat.com/getLeagueData/EPL/2018,2019-01-12,True
2019-01-12,Burnley,Fulham,0.809801,0.903255,9415,2018,https://understat.com/getLeagueData/EPL/2018,2019-01-12,True
2019-01-12,Cardiff,Huddersfield,0.124558,0.39468,9414,2018,https://understat.com/getLeagueData/EPL/2018,2019-01-12,True
2019-01-12,Chelsea,Newcastle,1.32355,0.395148,9413,2018,https://understat.com/getLeagueData/EPL/2018,2019-01-12,True
2019-01-12,Crystal Palace,Watford,1.1617,1.56262,9412,2018,https://understat.com/getLeagueData/EPL/2018,2019-01-12,True
2019-01-12,Leicester,Southampton,1.75983,1.41659,9410,2018,https://understat.com/getLeagueData/EPL/2018,2019-01-12,True
2019-01-12,West Ham,Arsenal,0.669394,0.685895,9407,2018,https://understat.com/getLeagueData/EPL/2018,2019-01-12,True
2019-01-13,Everton,Bournemouth,1.7814,1.52828,9411,2018,https://understat.com/getLeagueData/EPL/2018,2019-01-13,True
2019-01-13,Tottenham,Man United,1.80359,0.957777,9408,2018,https://understat.com/getLeagueData/EPL/2018,2019-01-13,True
2019-01-14,Man City,Wolves,3.11947,0.0985446,9409,2018,https://understat.com/getLeagueData/EPL/2018,2019-01-14,True
2019-01-19,Arsenal,Chelsea,2.09412,0.755304,9426,2018,https://understat.com/getLeagueData/EPL/2018,2019-01-19,True
2019-01-19,Bournemouth,West Ham,1.24835,0.971813,9425,2018,https://understat.com/getLeagueData/EPL/2018,2019-01-19,True
2019-01-19,Liverpool,Crystal Palace,2.8299,0.695213,9422,2018,https://understat.com/getLeagueData/EPL/2018,2019-01-19,True
2019-01-19,Man United,Brighton,2.64005,0.635111,9421,2018,https://understat.com/getLeagueData/EPL/2018,2019-01-19,True
2019-01-19,Newcastle,Cardiff,2.518,0.255727,9420,2018,https://understat.com/getLeagueData/EPL/2018,2019-01-19,True
2019-01-19,Southampton,Everton,1.06009,1.31169,9419,2018,https://understat.com/getLeagueData/EPL/2018,2019-01-19,True
2019-01-19,Watford,Burnley,1.06981,1.97256,9418,2018,https://understat.com/getLeagueData/EPL/2018,2019-01-19,True
2019-01-19,Wolves,Leicester,2.21719,1.33831,9417,2018,https://understat.com/getLeagueData/EPL/2018,2019-01-19,True
2019-01-20,Fulham,Tottenham,0.937902,1.93316,9424,2018,https://understat.com/getLeagueData/EPL/2018,2019-01-20,True
2019-01-20,Huddersfield,Man City,0.764264,2.01376,9423,2018,https://understat.com/getLeagueData/EPL/2018,2019-01-20,True
2019-01-29,Arsenal,Cardiff,2.69339,0.597893,9431,2018,https://understat.com/getLeagueData/EPL/2018,2019-01-29,True
2019-01-29,Fulham,Brighton,3.46113,2.36867,9429,2018,https://understat.com/getLeagueData/EPL/2018,2019-01-29,True
2019-01-29,Huddersfield,Everton,0.73078,1.05995,9428,2018,https://understat.com/getLeagueData/EPL/2018,2019-01-29,True
2019-01-29,Man United,Burnley,3.23417,0.934603,9432,2018,https://understat.com/getLeagueData/EPL/2018,2019-01-29,True
2019-01-29,Newcastle,Man City,0.992326,1.33896,9434,2018,https://understat.com/getLeagueData/EPL/2018,2019-01-29,True
2019-01-29,Wolves,West Ham,2.0363,0.130179,9427,2018,https://understat.com/getLeagueData/EPL/2018,2019-01-29,True
2019-01-30,Bournemouth,Chelsea,2.15094,0.718873,9430,2018,https://understat.com/getLeagueData/EPL/2018,2019-01-30,True
2019-01-30,Liverpool,Leicester,0.576336,1.1272,9436,2018,https://understat.com/getLeagueData/EPL/2018,2019-01-30,True
2019-01-30,Southampton,Crystal Palace,1.33257,1.53294,9433,2018,https://understat.com/getLeagueData/EPL/2018,2019-01-30,True
2019-01-30,Tottenham,Watford,1.36248,0.479838,9435,2018,https://understat.com/getLeagueData/EPL/2018,2019-01-30,True
2019-02-02,Brighton,Watford,1.83528,0.279297,9446,2018,https://understat.com/getLeagueData/EPL/2018,2019-02-02,True
2019-02-02,Burnley,Southampton,2.00175,0.787747,9445,2018,https://understat.com/getLeagueData/EPL/2018,2019-02-02,True
2019-02-02,Cardiff,Bournemouth,2.53093,0.35199,9444,2018,https://understat.com/getLeagueData/EPL/2018,2019-02-02,True
2019-02-02,Chelsea,Huddersfield,2.94236,0.260391,9443,2018,https://understat.com/getLeagueData/EPL/2018,2019-02-02,True
2019-02-02,Crystal Palace,Fulham,2.19582,0.560836,9442,2018,https://understat.com/getLeagueData/EPL/2018,2019-02-02,True
2019-02-02,Everton,Wolves,1.36252,1.85729,9441,2018,https://understat.com/getLeagueData/EPL/2018,2019-02-02,True
2019-02-02,Tottenham,Newcastle,3.10409,0.400152,9438,2018,https://understat.com/getLeagueData/EPL/2018,2019-02-02,True
2019-02-03,Leicester,Man United,1.40067,1.49717,9440,2018,https://understat.com/getLeagueData/EPL/2018,2019-02-03,True
2019-02-03,Man City,Arsenal,3.03102,0.703542,9439,2018,https://understat.com/getLeagueData/EPL/2018,2019-02-03,True
2019-02-04,West Ham,Liverpool,0.791319,1.12475,9437,2018,https://understat.com/getLeagueData/EPL/2018,2019-02-04,True
2019-02-06,Everton,Man City,0.111559,2.60922,9461,2018,https://understat.com/getLeagueData/EPL/2018,2019-02-06,True
2019-02-09,Brighton,Burnley,1.31614,1.83041,9449,2018,https://understat.com/getLeagueData/EPL/2018,2019-02-09,True
2019-02-09,Crystal Palace,West Ham,2.68412,1.74711,9448,2018,https://understat.com/getLeagueData/EPL/2018,2019-02-09,True
2019-02-09,Fulham,Man United,2.18741,2.13209,9447,2018,https://understat.com/getLeagueData/EPL/2018,2019-02-09,True
2019-02-09,Huddersfield,Arsenal,1.96816,1.46751,9456,2018,https://understat.com/getLeagueData/EPL/2018,2019-02-09,True
2019-02-09,Liverpool,Bournemouth,2.53003,0.390995,9455,2018,https://understat.com/getLeagueData/EPL/2018,2019-02-09,True
2019-02-09,Southampton,Cardiff,1.70666,0.980673,9453,2018,https://understat.com/getLeagueData/EPL/2018,2019-02-09,True
2019-02-09,Watford,Everton,1.53311,0.641094,9451,2018,https://understat.com/getLeagueData/EPL/2018,2019-02-09,True
2019-02-10,Man City,Chelsea,4.04218,0.901867,9454,2018,https://understat.com/getLeagueData/EPL/2018,2019-02-10,True
2019-02-10,Tottenham,Leicester,1.21144,3.02164,9452,2018,https://understat.com/getLeagueData/EPL/2018,2019-02-10,True
2019-02-11,Wolves,Newcastle,2.30998,0.435263,9450,2018,https://understat.com/getLeagueData/EPL/2018,2019-02-11,True
2019-02-22,Cardiff,Watford,1.90045,2.75798,9463,2018,https://understat.com/getLeagueData/EPL/2018,2019-02-22,True
2019-02-22,West Ham,Fulham,2.72871,1.23555,9457,2018,https://understat.com/getLeagueData/EPL/2018,2019-02-22,True
2019-02-23,Bournemouth,Wolves,2.13291,1.20286,9465,2018,https://understat.com/getLeagueData/EPL/2018,2019-02-23,True
2019-02-23,Burnley,Tottenham,1.08514,0.845211,9464,2018,https://understat.com/getLeagueData/EPL/2018,2019-02-23,True
2019-02-23,Leicester,Crystal Palace,0.946697,1.57739,9460,2018,https://understat.com/getLeagueData/EPL/2018,2019-02-23,True
2019-02-23,Newcastle,Huddersfield,3.03313,0.133934,9458,2018,https://understat.com/getLeagueData/EPL/2018,2019-02-23,True
2019-02-24,Arsenal,Southampton,2.35088,0.613167,9466,2018,https://understat.com/getLeagueData/EPL/2018,2019-02-24,True
2019-02-24,Man United,Liverpool,0.474869,0.380519,9459,2018,https://understat.com/getLeagueData/EPL/2018,2019-02-24,True
2019-02-26,Cardiff,Everton,0.219359,1.14212,9469,2018,https://understat.com/getLeagueData/EPL/2018,2019-02-26,True
2019-02-26,Huddersfield,Wolves,1.46224,0.573166,9468,2018,https://understat.com/getLeagueData/EPL/2018,2019-02-26,True
2019-02-26,Leicester,Brighton,1.92171,1.20566,9467,2018,https://understat.com/getLeagueData/EPL/2018,2019-02-26,True
2019-02-26,Newcastle,Burnley,1.70312,1.74201,9473,2018,https://understat.com/getLeagueData/EPL/2018,2019-02-26,True
2019-02-27,Arsenal,Bournemouth,3.18716,0.88618,9470,2018,https://understat.com/getLeagueData/EPL/2018,2019-02-27,True
2019-02-27,Chelsea,Tottenham,0.625978,0.722229,9474,2018,https://understat.com/getLeagueData/EPL/2018,2019-02-27,True
2019-02-27,Crystal Palace,Man United,1.69334,1.54089,9471,2018,https://understat.com/getLeagueData/EPL/2018,2019-02-27,True
2019-02-27,Liverpool,Watford,2.74266,0.630423,9476,2018,https://understat.com/getLeagueData/EPL/2018,2019-02-27,True
2019-02-27,Man City,West Ham,3.67741,0.400125,9475,2018,https://understat.com/getLeagueData/EPL/2018,2019-02-27,True
2019-02-27,Southampton,Fulham,1.15823,0.798715,9472,2018,https://understat.com/getLeagueData/EPL/2018,2019-02-27,True
2019-03-02,Bournemouth,Man City,0.0,1.59515,9486,2018,https://understat.com/getLeagueData/EPL/2018,2019-03-02,True
2019-03-02,Brighton,Huddersfield,1.39896,0.2014,9485,2018,https://understat.com/getLeagueData/EPL/2018,2019-03-02,True
2019-03-02,Burnley,Crystal Palace,1.90872,0.706284,9484,2018,https://understat.com/getLeagueData/EPL/2018,2019-03-02,True
2019-03-02,Man United,Southampton,2.54216,0.578485,9481,2018,https://understat.com/getLeagueData/EPL/2018,2019-03-02,True
2019-03-02,Tottenham,Arsenal,1.76818,3.45713,9480,2018,https://understat.com/getLeagueData/EPL/2018,2019-03-02,True
2019-03-02,West Ham,Newcastle,1.88895,1.18549,9478,2018,https://understat.com/getLeagueData/EPL/2018,2019-03-02,True
2019-03-02,Wolves,Cardiff,3.2075,0.702261,9477,2018,https://understat.com/getLeagueData/EPL/2018,2019-03-02,True
2019-03-03,Everton,Liverpool,0.241879,0.811272,9483,2018,https://understat.com/getLeagueData/EPL/2018,2019-03-03,True
2019-03-03,Fulham,Chelsea,0.898469,1.53632,9482,2018,https://understat.com/getLeagueData/EPL/2018,2019-03-03,True
2019-03-03,Watford,Leicester,1.36515,0.794683,9479,2018,https://understat.com/getLeagueData/EPL/2018,2019-03-03,True
2019-03-09,Cardiff,West Ham,3.49275,0.295869,9495,2018,https://understat.com/getLeagueData/EPL/2018,2019-03-09,True
2019-03-09,Crystal Palace,Brighton,1.44291,0.129312,9493,2018,https://understat.com/getLeagueData/EPL/2018,2019-03-09,True
2019-03-09,Huddersfield,Bournemouth,0.339087,2.16389,9492,2018,https://understat.com/getLeagueData/EPL/2018,2019-03-09,True
2019-03-09,Leicester,Fulham,2.13494,0.15103,9491,2018,https://understat.com/getLeagueData/EPL/2018,2019-03-09,True
2019-03-09,Man City,Watford,3.75714,0.407168,9489,2018,https://understat.com/getLeagueData/EPL/2018,2019-03-09,True
2019-03-09,Newcastle,Everton,2.37896,1.15114,9488,2018,https://understat.com/getLeagueData/EPL/2018,2019-03-09,True
2019-03-09,Southampton,Tottenham,2.07772,1.26876,9487,2018,https://understat.com/getLeagueData/EPL/2018,2019-03-09,True
2019-03-10,Arsenal,Man United,1.52723,2.3703,9496,2018,https://understat.com/getLeagueData/EPL/2018,2019-03-10,True
2019-03-10,Chelsea,Wolves,1.0471,0.609079,9494,2018,https://understat.com/getLeagueData/EPL/2018,2019-03-10,True
2019-03-10,Liverpool,Burnley,4.12341,0.471571,9490,2018,https://understat.com/getLeagueData/EPL/2018,2019-03-10,True
2019-03-16,Bournemouth,Newcastle,1.61666,1.02847,9506,2018,https://understat.com/getLeagueData/EPL/2018,2019-03-16,True
2019-03-16,Burnley,Leicester,1.17008,0.608954,9504,2018,https://understat.com/getLeagueData/EPL/2018,2019-03-16,True
2019-03-16,West Ham,Huddersfield,1.88114,1.66909,9498,2018,https://understat.com/getLeagueData/EPL/2018,2019-03-16,True
2019-03-17,Everton,Chelsea,2.24031,1.24394,9503,2018,https://understat.com/getLeagueData/EPL/2018,2019-03-17,True
2019-03-17,Fulham,Liverpool,0.915765,2.73437,9502,2018,https://understat.com/getLeagueData/EPL/2018,2019-03-17,True
2019-03-30,Brighton,Southampton,0.560521,0.857436,9516,2018,https://understat.com/getLeagueData/EPL/2018,2019-03-30,True
2019-03-30,Burnley,Wolves,0.572695,0.397928,9515,2018,https://understat.com/getLeagueData/EPL/2018,2019-03-30,True
2019-03-30,Crystal Palace,Huddersfield,2.84701,0.926991,9513,2018,https://understat.com/getLeagueData/EPL/2018,2019-03-30,True
2019-03-30,Fulham,Man City,0.661491,2.31513,9512,2018,https://understat.com/getLeagueData/EPL/2018,2019-03-30,True
2019-03-30,Leicester,Bournemouth,1.8935,0.790333,9511,2018,https://understat.com/getLeagueData/EPL/2018,2019-03-30,True
2019-03-30,Man United,Watford,1.98052,1.35208,9509,2018,https://understat.com/getLeagueData/EPL/2018,2019-03-30,True
2019-03-30,West Ham,Everton,0.0891639,2.65983,9508,2018,https://understat.com/getLeagueData/EPL/2018,2019-03-30,True
2019-03-31,Cardiff,Chelsea,0.446122,2.07834,9514,2018,https://understat.com/getLeagueData/EPL/2018,2019-03-31,True
2019-03-31,Liverpool,Tottenham,1.0931,1.04822,9510,2018,https://understat.com/getLeagueData/EPL/2018,2019-03-31,True
2019-04-01,Arsenal,Newcastle,1.04458,0.0441445,9507,2018,https://understat.com/getLeagueData/EPL/2018,2019-04-01,True
2019-04-02,Watford,Fulham,1.59338,1.90917,9518,2018,https://understat.com/getLeagueData/EPL/2018,2019-04-02,True
2019-04-02,Wolves,Man United,1.65044,2.03847,9517,2018,https://understat.com/getLeagueData/EPL/2018,2019-04-02,True
2019-04-03,Chelsea,Brighton,3.12416,0.440898,9462,2018,https://understat.com/getLeagueData/EPL/2018,2019-04-03,True
2019-04-03,Man City,Cardiff,3.53913,0.135788,9522,2018,https://understat.com/getLeagueData/EPL/2018,2019-04-03,True
2019-04-03,Tottenham,Crystal Palace,2.57376,0.564317,9500,2018,https://understat.com/getLeagueData/EPL/2018,2019-04-03,True
2019-04-05,Southampton,Liverpool,0.718394,2.00654,9520,2018,https://understat.com/getLeagueData/EPL/2018,2019-04-05,True
2019-04-06,Bournemouth,Burnley,1.20888,1.38919,9526,2018,https://understat.com/getLeagueData/EPL/2018,2019-04-06,True
2019-04-06,Huddersfield,Leicester,1.62301,3.61876,9523,2018,https://understat.com/getLeagueData/EPL/2018,2019-04-06,True
2019-04-06,Newcastle,Crystal Palace,0.943175,0.907988,9521,2018,https://understat.com/getLeagueData/EPL/2018,2019-04-06,True
2019-04-07,Everton,Arsenal,2.69396,0.201885,9524,2018,https://understat.com/getLeagueData/EPL/2018,2019-04-07,True
2019-04-08,Chelsea,West Ham,2.23287,0.471195,9525,2018,https://understat.com/getLeagueData/EPL/2018,2019-04-08,True
2019-04-12,Leicester,Newcastle,0.877377,0.945804,9532,2018,https://understat.com/getLeagueData/EPL/2018,2019-04-12,True
2019-04-13,Brighton,Bournemouth,0.206731,2.76885,9536,2018,https://understat.com/getLeagueData/EPL/2018,2019-04-13,True
2019-04-13,Burnley,Cardiff,2.84358,0.872224,9535,2018,https://understat.com/getLeagueData/EPL/2018,2019-04-13,True
2019-04-13,Fulham,Everton,1.66303,1.29107,9533,2018,https://understat.com/getLeagueData/EPL/2018,2019-04-13,True
2019-04-13,Man United,West Ham,2.65125,1.42817,9530,2018,https://understat.com/getLeagueData/EPL/2018,2019-04-13,True
2019-04-13,Southampton,Wolves,3.80842,0.642825,9529,2018,https://understat.com/getLeagueData/EPL/2018,2019-04-13,True
2019-04-13,Tottenham,Huddersfield,2.78596,0.983527,9528,2018,https://understat.com/getLeagueData/EPL/2018,2019-04-13,True
2019-04-14,Crystal Palace,Man City,0.318169,2.86236,9534,2018,https://understat.com/getLeagueData/EPL/2018,2019-04-14,True
2019-04-14,Liverpool,Chelsea,1.30839,0.873177,9531,2018,https://understat.com/getLeagueData/EPL/2018,2019-04-14,True
2019-04-15,Watford,Arsenal,1.12595,2.2668,9527,2018,https://understat.com/getLeagueData/EPL/2018,2019-04-15,True
2019-04-16,Brighton,Cardiff,0.588539,0.819472,9505,2018,https://understat.com/getLeagueData/EPL/2018,2019-04-16,True
2019-04-20,Bournemouth,Fulham,2.83739,2.61689,9545,2018,https://understat.com/getLeagueData/EPL/2018,2019-04-20,True
2019-04-20,Huddersfield,Watford,1.09072,1.08462,9541,2018,https://understat.com/getLeagueData/EPL/2018,2019-04-20,True
2019-04-20,Man City,Tottenham,2.06185,1.19894,9540,2018,https://understat.com/getLeagueData/EPL/2018,2019-04-20,True
2019-04-20,Newcastle,Southampton,1.23033,1.27102,9539,2018,https://understat.com/getLeagueData/EPL/2018,2019-04-20,True
2019-04-20,West Ham,Leicester,1.36558,0.8065,9538,2018,https://understat.com/getLeagueData/EPL/2018,2019-04-20,True
2019-04-20,Wolves,Brighton,2.60447,0.115051,9537,2018,https://understat.com/getLeagueData/EPL/2018,2019-04-20,True
2019-04-21,Arsenal,Crystal Palace,1.54245,2.56216,9546,2018,https://understat.com/getLeagueData/EPL/2018,2019-04-21,True
2019-04-21,Cardiff,Liverpool,1.1187,2.42404,9544,2018,https://understat.com/getLeagueData/EPL/2018,2019-04-21,True
2019-04-21,Everton,Man United,1.5204,0.305982,9542,2018,https://understat.com/getLeagueData/EPL/2018,2019-04-21,True
2019-04-22,Chelsea,Burnley,1.28197,0.788788,9543,2018,https://understat.com/getLeagueData/EPL/2018,2019-04-22,True
2019-04-23,Tottenham,Brighton,1.0032,0.143138,9519,2018,https://understat.com/getLeagueData/EPL/2018,2019-04-23,True
2019-04-23,Watford,Southampton,1.27253,2.11999,9499,2018,https://understat.com/getLeagueData/EPL/2018,2019-04-23,True
2019-04-24,Man United,Man City,0.514509,0.530481,9501,2018,https://understat.com/getLeagueData/EPL/2018,2019-04-24,True
2019-04-24,Wolves,Arsenal,0.982018,0.939754,9497,2018,https://understat.com/getLeagueData/EPL/2018,2019-04-24,True
2019-04-26,Liverpool,Huddersfield,3.58922,0.1624,9551,2018,https://understat.com/getLeagueData/EPL/2018,2019-04-26,True
2019-04-27,Brighton,Newcastle,1.20482,0.43797,9556,2018,https://understat.com/getLeagueData/EPL/2018,2019-04-27,True
2019-04-27,Crystal Palace,Everton,0.261344,1.15217,9554,2018,https://understat.com/getLeagueData/EPL/2018,2019-04-27,True
2019-04-27,Fulham,Cardiff,0.519072,1.11322,9553,2018,https://understat.com/getLeagueData/EPL/2018,2019-04-27,True
2019-04-27,Southampton,Bournemouth,2.73537,2.62214,9549,2018,https://understat.com/getLeagueData/EPL/2018,2019-04-27,True
2019-04-27,Tottenham,West Ham,1.35378,0.991558,9548,2018,https://understat.com/getLeagueData/EPL/2018,2019-04-27,True
2019-04-27,Watford,Wolves,0.896093,2.44357,9547,2018,https://understat.com/getLeagueData/EPL/2018,2019-04-27,True
2019-04-28,Burnley,Man City,0.0899809,2.34878,9555,2018,https://understat.com/getLeagueData/EPL/2018,2019-04-28,True
2019-04-28,Leicester,Arsenal,3.6797,0.600697,9552,2018,https://understat.com/getLeagueData/EPL/2018,2019-04-28,True
2019-04-28,Man United,Chelsea,1.12483,1.6298,9550,2018,https://understat.com/getLeagueData/EPL/2018,2019-04-28,True
2019-05-03,Everton,Burnley,1.76461,0.473292,9562,2018,https://understat.com/getLeagueData/EPL/2018,2019-05-03,True
2019-05-04,Bournemouth,Tottenham,2.22622,0.713362,9565,2018,https://understat.com/getLeagueData/EPL/2018,2019-05-04,True
2019-05-04,Cardiff,Crystal Palace,1.4996,1.80991,9564,2018,https://understat.com/getLeagueData/EPL/2018,2019-05-04,True
2019-05-04,Newcastle,Liverpool,1.29707,1.48081,9559,2018,https://understat.com/getLeagueData/EPL/2018,2019-05-04,True
2019-05-04,West Ham,Southampton,1.99866,0.443686,9558,2018,https://understat.com/getLeagueData/EPL/2018,2019-05-04,True
2019-05-04,Wolves,Fulham,2.09397,0.512477,9557,2018,https://understat.com/getLeagueData/EPL/2018,2019-05-04,True
2019-05-05,Arsenal,Brighton,2.36178,1.90585,9566,2018,https://understat.com/getLeagueData/EPL/2018,2019-05-05,True
2019-05-05,Chelsea,Watford,2.96478,1.2712,9563,2018,https://understat.com/getLeagueData/EPL/2018,2019-05-05,True
2019-05-05,Huddersfield,Man United,0.73663,1.88049,9561,2018,https://understat.com/getLeagueData/EPL/2018,2019-05-05,True
2019-05-06,Man City,Leicester,1.08617,0.537307,9560,2018,https://understat.com/getLeagueData/EPL/2018,2019-05-06,True
2019-05-12,Brighton,Man City,0.595313,2.22234,9576,2018,https://understat.com/getLeagueData/EPL/2018,2019-05-12,True
2019-05-12,Burnley,Arsenal,1.72939,2.87276,9575,2018,https://understat.com/getLeagueData/EPL/2018,2019-05-12,True
2019-05-12,Crystal Palace,Bournemouth,2.85899,1.8981,9574,2018,https://understat.com/getLeagueData/EPL/2018,2019-05-12,True
2019-05-12,Fulham,Newcastle,0.569845,1.95921,9573,2018,https://understat.com/getLeagueData/EPL/2018,2019-05-12,True
2019-05-12,Leicester,Chelsea,0.345306,1.26735,9572,2018,https://understat.com/getLeagueData/EPL/2018,2019-05-12,True
2019-05-12,Liverpool,Wolves,1.70197,0.883861,9571,2018,https://understat.com/getLeagueData/EPL/2018,2019-05-12,True
2019-05-12,Man United,Cardiff,1.89555,1.71095,9570,2018,https://understat.com/getLeagueData/EPL/2018,2019-05-12,True
2019-05-12,Southampton,Huddersfield,0.941018,0.857152,9569,2018,https://understat.com/getLeagueData/EPL/2018,2019-05-12,True
2019-05-12,Tottenham,Everton,0.882608,2.06851,9568,2018,https://understat.com/getLeagueData/EPL/2018,2019-05-12,True
2019-05-12,Watford,West Ham,2.06986,3.20094,9567,2018,https://understat.com/getLeagueData/EPL/2018,2019-05-12,True
2019-08-09,Liverpool,Norwich,2.23456,0.842407,11643,2019,https://understat.com/getLeagueData/EPL/2019,2019-08-09,True
2019-08-10,Bournemouth,Sheffield United,1.34099,1.59864,11645,2019,https://understat.com/getLeagueData/EPL/2019,2019-08-10,True
2019-08-10,Burnley,Southampton,0.909241,1.08752,11646,2019,https://understat.com/getLeagueData/EPL/2019,2019-08-10,True
2019-08-10,Crystal Palace,Everton,0.87159,1.2246,11647,2019,https://understat.com/getLeagueData/EPL/2019,2019-08-10,True
2019-08-10,Tottenham,Aston Villa,2.57262,0.639599,11649,2019,https://understat.com/getLeagueData/EPL/2019,2019-08-10,True
2019-08-10,Watford,Brighton,0.670022,0.855516,11648,2019,https://understat.com/getLeagueData/EPL/2019,2019-08-10,True
2019-08-10,West Ham,Man City,1.2003,3.18377,11644,2019,https://understat.com/getLeagueData/EPL/2019,2019-08-10,True
2019-08-11,Leicester,Wolves,0.543759,0.812949,11651,2019,https://understat.com/getLeagueData/EPL/2019,2019-08-11,True
2019-08-11,Man United,Chelsea,2.37442,1.09534,11652,2019,https://understat.com/getLeagueData/EPL/2019,2019-08-11,True
2019-08-11,Newcastle,Arsenal,0.380551,1.13309,11650,2019,https://understat.com/getLeagueData/EPL/2019,2019-08-11,True
2019-08-17,Arsenal,Burnley,1.1644,1.39172,11653,2019,https://understat.com/getLeagueData/EPL/2019,2019-08-17,True
2019-08-17,Aston Villa,Bournemouth,1.65069,1.62777,11654,2019,https://understat.com/getLeagueData/EPL/2019,2019-08-17,True
2019-08-17,Brighton,West Ham,2.40461,1.00856,11655,2019,https://understat.com/getLeagueData/EPL/2019,2019-08-17,True
2019-08-17,Everton,Watford,0.832913,1.17279,11656,2019,https://understat.com/getLeagueData/EPL/2019,2019-08-17,True
2019-08-17,Man City,Tottenham,3.20076,0.074542,11659,2019,https://understat.com/getLeagueData/EPL/2019,2019-08-17,True
2019-08-17,Norwich,Newcastle,2.09572,0.920429,11657,2019,https://understat.com/getLeagueData/EPL/2019,2019-08-17,True
2019-08-17,Southampton,Liverpool,2.14047,1.52022,11658,2019,https://understat.com/getLeagueData/EPL/2019,2019-08-17,True
2019-08-18,Chelsea,Leicester,1.22629,0.947941,11661,2019,https://understat.com/getLeagueData/EPL/2019,2019-08-18,True
2019-08-18,Sheffield United,Crystal Palace,1.84778,0.241912,11660,2019,https://understat.com/getLeagueData/EPL/2019,2019-08-18,True
2019-08-19,Wolves,Man United,0.307356,1.14332,11662,2019,https://understat.com/getLeagueData/EPL/2019,2019-08-19,True
2019-08-23,Aston Villa,Everton,0.855926,1.25668,11663,2019,https://understat.com/getLeagueData/EPL/2019,2019-08-23,True
2019-08-24,Brighton,Southampton,0.997711,2.07795,11666,2019,https://understat.com/getLeagueData/EPL/2019,2019-08-24,True
2019-08-24,Liverpool,Arsenal,2.78821,0.985542,11670,2019,https://understat.com/getLeagueData/EPL/2019,2019-08-24,True
2019-08-24,Man United,Crystal Palace,2.23561,0.676993,11669,2019,https://understat.com/getLeagueData/EPL/2019,2019-08-24,True
2019-08-24,Norwich,Chelsea,1.07904,1.89428,11664,2019,https://understat.com/getLeagueData/EPL/2019,2019-08-24,True
2019-08-24,Sheffield United,Leicester,0.654318,0.704879,11665,2019,https://understat.com/getLeagueData/EPL/2019,2019-08-24,True
2019-08-24,Watford,West Ham,2.29348,3.45768,11667,2019,https://understat.com/getLeagueData/EPL/2019,2019-08-24,True
2019-08-25,Bournemouth,Man City,1.89345,3.12856,11671,2019,https://understat.com/getLeagueData/EPL/2019,2019-08-25,True
2019-08-25,Tottenham,Newcastle,1.25927,0.51428,11672,2019,https://understat.com/getLeagueData/EPL/2019,2019-08-25,True
2019-08-25,Wolves,Burnley,1.32793,1.22762,11668,2019,https://understat.com/getLeagueData/EPL/2019,2019-08-25,True
2019-08-31,Burnley,Liverpool,0.61739,1.20057,11680,2019,https://understat.com/getLeagueData/EPL/2019,2019-08-31,True
2019-08-31,Chelsea,Sheffield United,2.30579,1.04649,11675,2019,https://understat.com/getLeagueData/EPL/2019,2019-08-31,True
2019-08-31,Crystal Palace,Aston Villa,1.41394,0.30354,11676,2019,https://understat.com/getLeagueData/EPL/2019,2019-08-31,True
2019-08-31,Leicester,Bournemouth,2.23766,0.554726,11677,2019,https://understat.com/getLeagueData/EPL/2019,2019-08-31,True
2019-08-31,Man City,Brighton,2.30818,0.861035,11678,2019,https://understat.com/getLeagueData/EPL/2019,2019-08-31,True
2019-08-31,Newcastle,Watford,1.04131,1.1068,11679,2019,https://understat.com/getLeagueData/EPL/2019,2019-08-31,True
2019-08-31,Southampton,Man United,0.769616,1.90356,11673,2019,https://understat.com/getLeagueData/EPL/2019,2019-08-31,True
2019-08-31,West Ham,Norwich,2.20657,1.1674,11674,2019,https://understat.com/getLeagueData/EPL/2019,2019-08-31,True
2019-09-01,Arsenal,Tottenham,1.92509,1.95514,11682,2019,https://understat.com/getLeagueData/EPL/2019,2019-09-01,True
2019-09-01,Everton,Wolves,1.48842,2.00172,11681,2019,https://understat.com/getLeagueData/EPL/2019,2019-09-01,True
2019-09-14,Brighton,Burnley,1.68545,0.341654,11685,2019,https://understat.com/getLeagueData/EPL/2019,2019-09-14,True
2019-09-14,Liverpool,Newcastle,2.93281,0.291073,11683,2019,https://understat.com/getLeagueData/EPL/2019,2019-09-14,True
2019-09-14,Man United,Leicester,1.10019,0.459141,11684,2019,https://understat.com/getLeagueData/EPL/2019,2019-09-14,True
2019-09-14,Norwich,Man City,1.7413,2.34436,11689,2019,https://understat.com/getLeagueData/EPL/2019,2019-09-14,True
2019-09-14,Sheffield United,Southampton,1.88034,1.57659,11686,2019,https://understat.com/getLeagueData/EPL/2019,2019-09-14,True
2019-09-14,Tottenham,Crystal Palace,1.04944,0.577323,11687,2019,https://understat.com/getLeagueData/EPL/2019,2019-09-14,True
2019-09-14,Wolves,Chelsea,1.49359,3.06799,11688,2019,https://understat.com/getLeagueData/EPL/2019,2019-09-14,True
2019-09-15,Bournemouth,Everton,1.41542,1.50641,11690,2019,https://understat.com/getLeagueData/EPL/2019,2019-09-15,True
2019-09-15,Watford,Arsenal,2.83209,1.00616,11691,2019,https://understat.com/getLeagueData/EPL/2019,2019-09-15,True
2019-09-16,Aston Villa,West Ham,1.40502,0.535279,11692,2019,https://understat.com/getLeagueData/EPL/2019,2019-09-16,True
2019-09-20,Southampton,Bournemouth,2.18021,1.29773,11693,2019,https://understat.com/getLeagueData/EPL/2019,2019-09-20,True
2019-09-21,Burnley,Norwich,2.39312,0.801428,11696,2019,https://understat.com/getLeagueData/EPL/2019,2019-09-21,True
2019-09-21,Everton,Sheffield United,1.26041,0.508011,11698,2019,https://understat.com/getLeagueData/EPL/2019,2019-09-21,True
2019-09-21,Leicester,Tottenham,1.28752,1.33735,11694,2019,https://understat.com/getLeagueData/EPL/2019,2019-09-21,True
2019-09-21,Man City,Watford,6.63049,0.344718,11695,2019,https://understat.com/getLeagueData/EPL/2019,2019-09-21,True
2019-09-21,Newcastle,Brighton,1.09807,1.21592,11699,2019,https://understat.com/getLeagueData/EPL/2019,2019-09-21,True
2019-09-22,Arsenal,Aston Villa,2.53209,1.71546,11702,2019,https://understat.com/getLeagueData/EPL/2019,2019-09-22,True
2019-09-22,Chelsea,Liverpool,1.23321,1.03003,11701,2019,https://understat.com/getLeagueData/EPL/2019,2019-09-22,True
2019-09-22,Crystal Palace,Wolves,0.984777,1.75572,11697,2019,https://understat.com/getLeagueData/EPL/2019,2019-09-22,True
2019-09-22,West Ham,Man United,0.51376,1.27826,11700,2019,https://understat.com/getLeagueData/EPL/2019,2019-09-22,True
2019-09-28,Aston Villa,Burnley,0.914266,1.66919,11706,2019,https://understat.com/getLeagueData/EPL/2019,2019-09-28,True
2019-09-28,Bournemouth,West Ham,2.31957,1.29546,11707,2019,https://understat.com/getLeagueData/EPL/2019,2019-09-28,True
2019-09-28,Chelsea,Brighton,4.26443,0.616263,11708,2019,https://understat.com/getLeagueData/EPL/2019,2019-09-28,True
2019-09-28,Crystal Palace,Norwich,1.80497,0.712129,11709,2019,https://understat.com/getLeagueData/EPL/2019,2019-09-28,True
2019-09-28,Everton,Man City,2.35854,3.1082,11711,2019,https://understat.com/getLeagueData/EPL/2019,2019-09-28,True
2019-09-28,Sheffield United,Liverpool,1.17022,1.97079,11703,2019,https://understat.com/getLeagueData/EPL/2019,2019-09-28,True
2019-09-28,Tottenham,Southampton,1.19008,1.16256,11704,2019,https://understat.com/getLeagueData/EPL/2019,2019-09-28,True
2019-09-28,Wolves,Watford,1.16363,1.06615,11705,2019,https://understat.com/getLeagueData/EPL/2019,2019-09-28,True
2019-09-29,Leicester,Newcastle,1.82438,0.054134,11710,2019,https://understat.com/getLeagueData/EPL/2019,2019-09-29,True
2019-09-30,Man United,Arsenal,1.1335,1.70399,11712,2019,https://understat.com/getLeagueData/EPL/2019,2019-09-30,True
2019-10-05,Brighton,Tottenham,2.60017,0.478504,11713,2019,https://understat.com/getLeagueData/EPL/2019,2019-10-05,True
2019-10-05,Burnley,Everton,0.558912,1.30723,11714,2019,https://understat.com/getLeagueData/EPL/2019,2019-10-05,True
2019-10-05,Liverpool,Leicester,3.74867,0.0982107,11715,2019,https://understat.com/getLeagueData/EPL/2019,2019-10-05,True
2019-10-05,Norwich,Aston Villa,1.84838,3.67827,11717,2019,https://understat.com/getLeagueData/EPL/2019,2019-10-05,True
2019-10-05,Watford,Sheffield United,1.44318,0.353724,11719,2019,https://understat.com/getLeagueData/EPL/2019,2019-10-05,True
2019-10-05,West Ham,Crystal Palace,1.23577,2.0682,11720,2019,https://understat.com/getLeagueData/EPL/2019,2019-10-05,True
2019-10-06,Arsenal,Bournemouth,1.24109,0.683967,11722,2019,https://understat.com/getLeagueData/EPL/2019,2019-10-06,True
2019-10-06,Man City,Wolves,1.61884,1.18825,11716,2019,https://understat.com/getLeagueData/EPL/2019,2019-10-06,True
2019-10-06,Newcastle,Man United,0.650296,0.969204,11721,2019,https://understat.com/getLeagueData/EPL/2019,2019-10-06,True
2019-10-06,Southampton,Chelsea,1.27044,2.15201,11718,2019,https://understat.com/getLeagueData/EPL/2019,2019-10-06,True
2019-10-19,Aston Villa,Brighton,2.96692,1.32184,11723,2019,https://understat.com/getLeagueData/EPL/2019,2019-10-19,True
2019-10-19,Bournemouth,Norwich,0.675554,0.402873,11724,2019,https://understat.com/getLeagueData/EPL/2019,2019-10-19,True
2019-10-19,Chelsea,Newcastle,2.30068,0.197082,11725,2019,https://understat.com/getLeagueData/EPL/2019,2019-10-19,True
2019-10-19,Crystal Palace,Man City,0.616864,4.02104,11726,2019,https://understat.com/getLeagueData/EPL/2019,2019-10-19,True
2019-10-19,Everton,West Ham,2.23324,0.459112,11727,2019,https://understat.com/getLeagueData/EPL/2019,2019-10-19,True
2019-10-19,Leicester,Burnley,0.8291,1.79569,11728,2019,https://understat.com/getLeagueData/EPL/2019,2019-10-19,True
2019-10-19,Tottenham,Watford,0.891617,0.846851,11731,2019,https://understat.com/getLeagueData/EPL/2019,2019-10-19,True
2019-10-19,Wolves,Southampton,0.887495,1.37695,11732,2019,https://understat.com/getLeagueData/EPL/2019,2019-10-19,True
2019-10-20,Man United,Liverpool,0.791862,1.03212,11729,2019,https://understat.com/getLeagueData/EPL/2019,2019-10-20,True
2019-10-21,Sheffield United,Arsenal,0.895722,0.949735,11730,2019,https://understat.com/getLeagueData/EPL/2019,2019-10-21,True
2019-10-25,Southampton,Leicester,0.457334,4.38046,11740,2019,https://understat.com/getLeagueData/EPL/2019,2019-10-25,True
2019-10-26,Brighton,Everton,1.15279,1.04723,11734,2019,https://understat.com/getLeagueData/EPL/2019,2019-10-26,True
2019-10-26,Burnley,Chelsea,2.23494,0.988321,11735,2019,https://understat.com/getLeagueData/EPL/2019,2019-10-26,True
2019-10-26,Man City,Aston Villa,3.19004,0.980145,11737,2019,https://understat.com/getLeagueData/EPL/2019,2019-10-26,True
2019-10-26,Watford,Bournemouth,0.674903,0.899526,11741,2019,https://understat.com/getLeagueData/EPL/2019,2019-10-26,True
2019-10-26,West Ham,Sheffield United,2.33891,1.16171,11742,2019,https://understat.com/getLeagueData/EPL/2019,2019-10-26,True
2019-10-27,Arsenal,Crystal Palace,1.54014,1.77892,11733,2019,https://understat.com/getLeagueData/EPL/2019,2019-10-27,True
2019-10-27,Liverpool,Tottenham,2.18851,1.35143,11736,2019,https://understat.com/getLeagueData/EPL/2019,2019-10-27,True
2019-10-27,Newcastle,Wolves,0.603104,1.93255,11738,2019,https://understat.com/getLeagueData/EPL/2019,2019-10-27,True
2019-10-27,Norwich,Man United,0.8924,4.51232,11739,2019,https://understat.com/getLeagueData/EPL/2019,2019-10-27,True
2019-11-02,Arsenal,Wolves,1.02552,1.5103,11743,2019,https://understat.com/getLeagueData/EPL/2019,2019-11-02,True
2019-11-02,Aston Villa,Liverpool,0.741615,2.38824,11744,2019,https://understat.com/getLeagueData/EPL/2019,2019-11-02,True
2019-11-02,Bournemouth,Man United,1.86862,0.641129,11745,2019,https://understat.com/getLeagueData/EPL/2019,2019-11-02,True
2019-11-02,Brighton,Norwich,2.65496,0.455082,11746,2019,https://understat.com/getLeagueData/EPL/2019,2019-11-02,True
2019-11-02,Man City,Southampton,3.36132,0.893889,11749,2019,https://understat.com/getLeagueData/EPL/2019,2019-11-02,True
2019-11-02,Sheffield United,Burnley,2.58392,0.716613,11750,2019,https://understat.com/getLeagueData/EPL/2019,2019-11-02,True
2019-11-02,Watford,Chelsea,1.4744,2.18313,11751,2019,https://understat.com/getLeagueData/EPL/2019,2019-11-02,True
2019-11-02,West Ham,Newcastle,1.53597,1.93192,11752,2019,https://understat.com/getLeagueData/EPL/2019,2019-11-02,True
2019-11-03,Crystal Palace,Leicester,0.44291,0.981167,11747,2019,https://understat.com/getLeagueData/EPL/2019,2019-11-03,True
2019-11-03,Everton,Tottenham,1.15532,0.243393,11748,2019,https://understat.com/getLeagueData/EPL/2019,2019-11-03,True
2019-11-08,Norwich,Watford,0.62104,1.36017,11757,2019,https://understat.com/getLeagueData/EPL/2019,2019-11-08,True
2019-11-09,Burnley,West Ham,2.4158,0.474281,11753,2019,https://understat.com/getLeagueData/EPL/2019,2019-11-09,True
2019-11-09,Chelsea,Crystal Palace,3.28903,0.479488,11754,2019,https://understat.com/getLeagueData/EPL/2019,2019-11-09,True
2019-11-09,Leicester,Arsenal,1.37055,0.961339,11762,2019,https://understat.com/getLeagueData/EPL/2019,2019-11-09,True
2019-11-09,Newcastle,Bournemouth,2.3306,1.9213,11756,2019,https://understat.com/getLeagueData/EPL/2019,2019-11-09,True
2019-11-09,Southampton,Everton,0.742281,2.08883,11758,2019,https://understat.com/getLeagueData/EPL/2019,2019-11-09,True
2019-11-09,Tottenham,Sheffield United,1.5104,0.923443,11759,2019,https://understat.com/getLeagueData/EPL/2019,2019-11-09,True
2019-11-10,Liverpool,Man City,1.3319,1.48104,11755,2019,https://understat.com/getLeagueData/EPL/2019,2019-11-10,True
2019-11-10,Man United,Brighton,3.65299,1.1342,11761,2019,https://understat.com/getLeagueData/EPL/2019,2019-11-10,True
2019-11-10,Wolves,Aston Villa,2.09891,0.473225,11760,2019,https://understat.com/getLeagueData/EPL/2019,2019-11-10,True
2019-11-23,Arsenal,Southampton,1.60823,2.60312,11763,2019,https://understat.com/getLeagueData/EPL/2019,2019-11-23,True
2019-11-23,Bournemouth,Wolves,0.849789,1.2765,11765,2019,https://understat.com/getLeagueData/EPL/2019,2019-11-23,True
2019-11-23,Brighton,Leicester,0.784706,3.50917,11766,2019,https://understat.com/getLeagueData/EPL/2019,2019-11-23,True
2019-11-23,Crystal Palace,Liverpool,1.02306,1.64291,11767,2019,https://understat.com/getLeagueData/EPL/2019,2019-11-23,True
2019-11-23,Everton,Norwich,0.812693,1.80849,11768,2019,https://understat.com/getLeagueData/EPL/2019,2019-11-23,True
2019-11-23,Man City,Chelsea,1.23596,0.820474,11769,2019,https://understat.com/getLeagueData/EPL/2019,2019-11-23,True
2019-11-23,Watford,Burnley,0.902384,2.66281,11771,2019,https://understat.com/getLeagueData/EPL/2019,2019-11-23,True
2019-11-23,West Ham,Tottenham,0.661449,2.20681,11772,2019,https://understat.com/getLeagueData/EPL/2019,2019-11-23,True
2019-11-24,Sheffield United,Man United,1.56025,1.33065,11770,2019,https://understat.com/getLeagueData/EPL/2019,2019-11-24,True
2019-11-25,Aston Villa,Newcastle,2.6985,0.69784,11764,2019,https://understat.com/getLeagueData/EPL/2019,2019-11-25,True
2019-11-30,Burnley,Crystal Palace,1.8509,0.936732,11773,2019,https://understat.com/getLeagueData/EPL/2019,2019-11-30,True
2019-11-30,Chelsea,West Ham,2.73185,1.12034,11774,2019,https://understat.com/getLeagueData/EPL/2019,2019-11-30,True
2019-11-30,Liverpool,Brighton,1.36832,0.867601,11776,2019,https://understat.com/getLeagueData/EPL/2019,2019-11-30,True
2019-11-30,Newcastle,Man City,0.208252,2.44389,11777,2019,https://understat.com/getLeagueData/EPL/2019,2019-11-30,True
2019-11-30,Southampton,Watford,1.9671,0.504005,11778,2019,https://understat.com/getLeagueData/EPL/2019,2019-11-30,True
2019-11-30,Tottenham,Bournemouth,2.93189,1.02949,11779,2019,https://understat.com/getLeagueData/EPL/2019,2019-11-30,True
2019-12-01,Leicester,Everton,2.24348,1.24986,11775,2019,https://understat.com/getLeagueData/EPL/2019,2019-12-01,True
2019-12-01,Man United,Aston Villa,1.84804,1.29701,11782,2019,https://understat.com/getLeagueData/EPL/2019,2019-12-01,True
2019-12-01,Norwich,Arsenal,0.810596,1.96157,11781,2019,https://understat.com/getLeagueData/EPL/2019,2019-12-01,True
2019-12-01,Wolves,Sheffield United,1.27422,1.47296,11780,2019,https://understat.com/getLeagueData/EPL/2019,2019-12-01,True
2019-12-03,Burnley,Man City,0.486548,2.56057,11784,2019,https://understat.com/getLeagueData/EPL/2019,2019-12-03,True
2019-12-03,Crystal Palace,Bournemouth,0.383763,0.342799,11791,2019,https://understat.com/getLeagueData/EPL/2019,2019-12-03,True
2019-12-04,Chelsea,Aston Villa,1.9774,0.86086,11789,2019,https://understat.com/getLeagueData/EPL/2019,2019-12-04,True
2019-12-04,Leicester,Watford,2.28735,0.199733,11785,2019,https://understat.com/getLeagueData/EPL/2019,2019-12-04,True
2019-12-04,Liverpool,Everton,2.41397,1.76453,11792,2019,https://understat.com/getLeagueData/EPL/2019,2019-12-04,True
2019-12-04,Man United,Tottenham,1.47683,0.542315,11788,2019,https://understat.com/getLeagueData/EPL/2019,2019-12-04,True
2019-12-04,Southampton,Norwich,2.00232,0.896647,11790,2019,https://understat.com/getLeagueData/EPL/2019,2019-12-04,True
2019-12-04,Wolves,West Ham,1.82237,0.501977,11787,2019,https://understat.com/getLeagueData/EPL/2019,2019-12-04,True
2019-12-05,Arsenal,Brighton,0.965377,1.53446,11783,2019,https://understat.com/getLeagueData/EPL/2019,2019-12-05,True
2019-12-05,Sheffield United,Newcastle,1.09175,0.533775,11786,2019,https://understat.com/getLeagueData/EPL/2019,2019-12-05,True
2019-12-07,Bournemouth,Liverpool,0.154608,3.04446,11794,2019,https://understat.com/getLeagueData/EPL/2019,2019-12-07,True
2019-12-07,Everton,Chelsea,2.03892,1.25734,11796,2019,https://understat.com/getLeagueData/EPL/2019,2019-12-07,True
2019-12-07,Man City,Man United,2.07108,1.63385,11797,2019,https://understat.com/getLeagueData/EPL/2019,2019-12-07,True
2019-12-07,Tottenham,Burnley,2.39684,1.08645,11800,2019,https://understat.com/getLeagueData/EPL/2019,2019-12-07,True
2019-12-07,Watford,Crystal Palace,1.57132,0.210746,11801,2019,https://understat.com/getLeagueData/EPL/2019,2019-12-07,True
2019-12-08,Aston Villa,Leicester,1.24141,4.03286,11793,2019,https://understat.com/getLeagueData/EPL/2019,2019-12-08,True
2019-12-08,Brighton,Wolves,0.951621,1.87208,11795,2019,https://understat.com/getLeagueData/EPL/2019,2019-12-08,True
2019-12-08,Newcastle,Southampton,1.10449,1.89255,11798,2019,https://understat.com/getLeagueData/EPL/2019,2019-12-08,True
2019-12-08,Norwich,Sheffield United,0.585805,0.712899,11799,2019,https://understat.com/getLeagueData/EPL/2019,2019-12-08,True
2019-12-09,West Ham,Arsenal,0.521847,1.79181,11802,2019,https://understat.com/getLeagueData/EPL/2019,2019-12-09,True
2019-12-14,Burnley,Newcastle,1.43602,1.08726,11804,2019,https://understat.com/getLeagueData/EPL/2019,2019-12-14,True
2019-12-14,Chelsea,Bournemouth,2.02119,1.20777,11805,2019,https://understat.com/getLeagueData/EPL/2019,2019-12-14,True
2019-12-14,Leicester,Norwich,1.06421,1.16408,11807,2019,https://understat.com/getLeagueData/EPL/2019,2019-12-14,True
2019-12-14,Liverpool,Watford,1.56674,1.01166,11808,2019,https://understat.com/getLeagueData/EPL/2019,2019-12-14,True
2019-12-14,Sheffield United,Aston Villa,1.888,0.97258,11810,2019,https://understat.com/getLeagueData/EPL/2019,2019-12-14,True
2019-12-14,Southampton,West Ham,0.805884,0.90324,11811,2019,https://understat.com/getLeagueData/EPL/2019,2019-12-14,True
2019-12-15,Arsenal,Man City,0.28161,1.69553,11803,2019,https://understat.com/getLeagueData/EPL/2019,2019-12-15,True
2019-12-15,Man United,Everton,1.48327,0.276759,11809,2019,https://understat.com/getLeagueData/EPL/2019,2019-12-15,True
2019-12-15,Wolves,Tottenham,0.718669,0.989205,11812,2019,https://understat.com/getLeagueData/EPL/2019,2019-12-15,True
2019-12-16,Crystal Palace,Brighton,0.484859,2.48355,11806,2019,https://understat.com/getLeagueData/EPL/2019,2019-12-16,True
2019-12-21,Aston Villa,Southampton,0.921054,2.63444,11813,2019,https://understat.com/getLeagueData/EPL/2019,2019-12-21,True
2019-12-21,Bournemouth,Burnley,0.138532,0.144318,11814,2019,https://understat.com/getLeagueData/EPL/2019,2019-12-21,True
2019-12-21,Brighton,Sheffield United,0.428371,1.65933,11815,2019,https://understat.com/getLeagueData/EPL/2019,2019-12-21,True
2019-12-21,Everton,Arsenal,0.486523,0.881818,11816,2019,https://understat.com/getLeagueData/EPL/2019,2019-12-21,True
2019-12-21,Man City,Leicester,3.59139,1.01388,11817,2019,https://understat.com/getLeagueData/EPL/2019,2019-12-21,True
2019-12-21,Newcastle,Crystal Palace,0.714368,0.985368,11818,2019,https://understat.com/getLeagueData/EPL/2019,2019-12-21,True
2019-12-21,Norwich,Wolves,1.26536,1.65224,11819,2019,https://understat.com/getLeagueData/EPL/2019,2019-12-21,True
2019-12-22,Tottenham,Chelsea,0.276667,1.49374,11820,2019,https://understat.com/getLeagueData/EPL/2019,2019-12-22,True
2019-12-22,Watford,Man United,1.59291,1.5309,11821,2019,https://understat.com/getLeagueData/EPL/2019,2019-12-22,True
2019-12-26,Aston Villa,Norwich,0.654194,1.45005,11823,2019,https://understat.com/getLeagueData/EPL/2019,2019-12-26,True
2019-12-26,Bournemouth,Arsenal,1.55463,1.42464,11824,2019,https://understat.com/getLeagueData/EPL/2019,2019-12-26,True
2019-12-26,Chelsea,Southampton,0.859973,0.981321,11825,2019,https://understat.com/getLeagueData/EPL/2019,2019-12-26,True
2019-12-26,Crystal Palace,West Ham,2.14195,0.796338,11826,2019,https://understat.com/getLeagueData/EPL/2019,2019-12-26,True
2019-12-26,Everton,Burnley,1.47521,0.565252,11827,2019,https://understat.com/getLeagueData/EPL/2019,2019-12-26,True
2019-12-26,Leicester,Liverpool,0.120994,3.76973,11828,2019,https://understat.com/getLeagueData/EPL/2019,2019-12-26,True
2019-12-26,Man United,Newcastle,1.99638,1.05018,11829,2019,https://understat.com/getLeagueData/EPL/2019,2019-12-26,True
2019-12-26,Sheffield United,Watford,2.04481,0.596611,11830,2019,https://understat.com/getLeagueData/EPL/2019,2019-12-26,True
2019-12-26,Tottenham,Brighton,1.02645,1.09007,11831,2019,https://understat.com/getLeagueData/EPL/2019,2019-12-26,True
2019-12-27,Wolves,Man City,2.39405,1.52044,11832,2019,https://understat.com/getLeagueData/EPL/2019,2019-12-27,True
2019-12-28,Brighton,Bournemouth,1.05876,0.500726,11834,2019,https://understat.com/getLeagueData/EPL/2019,2019-12-28,True
2019-12-28,Burnley,Man United,0.386662,2.10542,11835,2019,https://understat.com/getLeagueData/EPL/2019,2019-12-28,True
2019-12-28,Newcastle,Everton,1.63211,2.82576,11838,2019,https://understat.com/getLeagueData/EPL/2019,2019-12-28,True
2019-12-28,Norwich,Tottenham,0.268052,1.82189,11839,2019,https://understat.com/getLeagueData/EPL/2019,2019-12-28,True
2019-12-28,Southampton,Crystal Palace,1.47937,0.137837,11840,2019,https://understat.com/getLeagueData/EPL/2019,2019-12-28,True
2019-12-28,Watford,Aston Villa,3.25314,0.610997,11841,2019,https://understat.com/getLeagueData/EPL/2019,2019-12-28,True
2019-12-28,West Ham,Leicester,0.782104,2.62349,11842,2019,https://understat.com/getLeagueData/EPL/2019,2019-12-28,True
2019-12-29,Arsenal,Chelsea,0.785214,1.49666,11833,2019,https://understat.com/getLeagueData/EPL/2019,2019-12-29,True
2019-12-29,Liverpool,Wolves,1.49124,0.363764,11836,2019,https://understat.com/getLeagueData/EPL/2019,2019-12-29,True
2019-12-29,Man City,Sheffield United,1.08628,1.23346,11837,2019,https://understat.com/getLeagueData/EPL/2019,2019-12-29,True
2020-01-01,Arsenal,Man United,1.90747,0.715563,11844,2019,https://understat.com/getLeagueData/EPL/2019,2020-01-01,True
2020-01-01,Brighton,Chelsea,1.56978,1.57497,11845,2019,https://understat.com/getLeagueData/EPL/2019,2020-01-01,True
2020-01-01,Burnley,Aston Villa,2.34418,1.74824,11846,2019,https://understat.com/getLeagueData/EPL/2019,2020-01-01,True
2020-01-01,Man City,Everton,1.79757,0.848942,11848,2019,https://understat.com/getLeagueData/EPL/2019,2020-01-01,True
2020-01-01,Newcastle,Leicester,0.780118,2.43642,11849,2019,https://understat.com/getLeagueData/EPL/2019,2020-01-01,True
2020-01-01,Norwich,Crystal Palace,1.66454,1.29896,11850,2019,https://understat.com/getLeagueData/EPL/2019,2020-01-01,True
2020-01-01,Southampton,Tottenham,1.51192,1.078,11851,2019,https://understat.com/getLeagueData/EPL/2019,2020-01-01,True
2020-01-01,Watford,Wolves,1.07053,1.23252,11852,2019,https://understat.com/getLeagueData/EPL/2019,2020-01-01,True
2020-01-01,West Ham,Bournemouth,2.32825,0.720709,11843,2019,https://understat.com/getLeagueData/EPL/2019,2020-01-01,True
2020-01-02,Liverpool,Sheffield United,3.0465,0.634607,11847,2019,https://understat.com/getLeagueData/EPL/2019,2020-01-02,True
2020-01-10,Sheffield United,West Ham,2.02768,0.90477,11855,2019,https://understat.com/getLeagueData/EPL/2019,2020-01-10,True
2020-01-11,Chelsea,Burnley,2.87633,0.717407,11858,2019,https://understat.com/getLeagueData/EPL/2019,2020-01-11,True
2020-01-11,Crystal Palace,Arsenal,0.317862,1.43924,11859,2019,https://understat.com/getLeagueData/EPL/2019,2020-01-11,True
2020-01-11,Everton,Brighton,2.02533,1.53324,11860,2019,https://understat.com/getLeagueData/EPL/2019,2020-01-11,True
2020-01-11,Leicester,Southampton,0.780114,2.40601,11861,2019,https://understat.com/getLeagueData/EPL/2019,2020-01-11,True
2020-01-11,Man United,Norwich,3.13456,0.275987,11862,2019,https://understat.com/getLeagueData/EPL/2019,2020-01-11,True
2020-01-11,Tottenham,Liverpool,1.10584,1.74564,11854,2019,https://understat.com/getLeagueData/EPL/2019,2020-01-11,True
2020-01-11,Wolves,Newcastle,2.04805,0.184495,11853,2019,https://understat.com/getLeagueData/EPL/2019,2020-01-11,True
2020-01-12,Aston Villa,Man City,1.12565,3.75131,11856,2019,https://understat.com/getLeagueData/EPL/2019,2020-01-12,True
2020-01-12,Bournemouth,Watford,0.320447,2.29827,11857,2019,https://understat.com/getLeagueData/EPL/2019,2020-01-12,True
2020-01-18,Arsenal,Sheffield United,1.22882,1.18444,11863,2019,https://understat.com/getLeagueData/EPL/2019,2020-01-18,True
2020-01-18,Brighton,Aston Villa,1.30028,1.02045,11867,2019,https://understat.com/getLeagueData/EPL/2019,2020-01-18,True
2020-01-18,Man City,Crystal Palace,2.47314,0.586716,11864,2019,https://understat.com/getLeagueData/EPL/2019,2020-01-18,True
2020-01-18,Newcastle,Chelsea,0.892988,2.05436,11868,2019,https://understat.com/getLeagueData/EPL/2019,2020-01-18,True
2020-01-18,Norwich,Bournemouth,1.76046,0.558298,11869,2019,https://understat.com/getLeagueData/EPL/2019,2020-01-18,True
2020-01-18,Southampton,Wolves,0.786974,2.1772,11870,2019,https://understat.com/getLeagueData/EPL/2019,2020-01-18,True
2020-01-18,Watford,Tottenham,2.39174,1.76697,11871,2019,https://understat.com/getLeagueData/EPL/2019,2020-01-18,True
2020-01-18,West Ham,Everton,1.68436,1.95473,11872,2019,https://understat.com/getLeagueData/EPL/2019,2020-01-18,True
2020-01-19,Burnley,Leicester,1.50886,2.33415,11866,2019,https://understat.com/getLeagueData/EPL/2019,2020-01-19,True
2020-01-19,Liverpool,Man United,2.00655,1.4185,11865,2019,https://understat.com/getLeagueData/EPL/2019,2020-01-19,True
2020-01-21,Aston Villa,Watford,1.06739,1.81101,11873,2019,https://understat.com/getLeagueData/EPL/2019,2020-01-21,True
2020-01-21,Bournemouth,Brighton,1.92315,1.97227,11878,2019,https://understat.com/getLeagueData/EPL/2019,2020-01-21,True
2020-01-21,Chelsea,Arsenal,3.38612,0.568077,11881,2019,https://understat.com/getLeagueData/EPL/2019,2020-01-21,True
2020-01-21,Crystal Palace,Southampton,0.674589,1.1306,11882,2019,https://understat.com/getLeagueData/EPL/2019,2020-01-21,True
2020-01-21,Everton,Newcastle,2.05254,0.570931,11877,2019,https://understat.com/getLeagueData/EPL/2019,2020-01-21,True
2020-01-21,Sheffield United,Man City,0.774943,2.873,11875,2019,https://understat.com/getLeagueData/EPL/2019,2020-01-21,True
2020-01-22,Leicester,West Ham,2.91302,1.16254,11876,2019,https://understat.com/getLeagueData/EPL/2019,2020-01-22,True
2020-01-22,Man United,Burnley,1.416,0.717284,11879,2019,https://understat.com/getLeagueData/EPL/2019,2020-01-22,True
2020-01-22,Tottenham,Norwich,2.22282,1.42472,11880,2019,https://understat.com/getLeagueData/EPL/2019,2020-01-22,True
2020-01-23,Wolves,Liverpool,1.85442,1.59024,11874,2019,https://understat.com/getLeagueData/EPL/2019,2020-01-23,True
2020-01-29,West Ham,Liverpool,0.878341,2.59926,11822,2019,https://understat.com/getLeagueData/EPL/2019,2020-01-29,True
2020-02-01,Bournemouth,Aston Villa,2.72236,1.40955,11883,2019,https://understat.com/getLeagueData/EPL/2019,2020-02-01,True
2020-02-01,Crystal Palace,Sheffield United,0.970063,0.860755,11885,2019,https://understat.com/getLeagueData/EPL/2019,2020-02-01,True
2020-02-01,Leicester,Chelsea,1.65956,0.806995,11886,2019,https://understat.com/getLeagueData/EPL/2019,2020-02-01,True
2020-02-01,Liverpool,Southampton,3.7195,0.716298,11887,2019,https://understat.com/getLeagueData/EPL/2019,2020-02-01,True
2020-02-01,Man United,Wolves,1.18608,1.54211,11888,2019,https://understat.com/getLeagueData/EPL/2019,2020-02-01,True
2020-02-01,Newcastle,Norwich,0.937293,2.39985,11889,2019,https://understat.com/getLeagueData/EPL/2019,2020-02-01,True
2020-02-01,Watford,Everton,0.919248,2.70178,11891,2019,https://understat.com/getLeagueData/EPL/2019,2020-02-01,True
2020-02-01,West Ham,Brighton,1.30774,2.03179,11892,2019,https://understat.com/getLeagueData/EPL/2019,2020-02-01,True
2020-02-02,Burnley,Arsenal,2.24562,1.48025,11884,2019,https://understat.com/getLeagueData/EPL/2019,2020-02-02,True
2020-02-02,Tottenham,Man City,0.420293,3.25139,11890,2019,https://understat.com/getLeagueData/EPL/2019,2020-02-02,True
2020-02-08,Brighton,Watford,0.76201,0.280048,11895,2019,https://understat.com/getLeagueData/EPL/2019,2020-02-08,True
2020-02-08,Everton,Crystal Palace,2.79103,0.865323,11897,2019,https://understat.com/getLeagueData/EPL/2019,2020-02-08,True
2020-02-09,Sheffield United,Bournemouth,2.04467,1.07183,11900,2019,https://understat.com/getLeagueData/EPL/2019,2020-02-09,True
2020-02-14,Wolves,Leicester,1.14491,0.527366,11902,2019,https://understat.com/getLeagueData/EPL/2019,2020-02-14,True
2020-02-15,Norwich,Liverpool,0.383495,2.07331,11899,2019,https://understat.com/getLeagueData/EPL/2019,2020-02-15,True
2020-02-15,Southampton,Burnley,0.694025,0.892699,11901,2019,https://understat.com/getLeagueData/EPL/2019,2020-02-15,True
2020-02-16,Arsenal,Newcastle,3.02257,1.16662,11893,2019,https://understat.com/getLeagueData/EPL/2019,2020-02-16,True
2020-02-16,Aston Villa,Tottenham,1.71313,3.86024,11894,2019,https://understat.com/getLeagueData/EPL/2019,2020-02-16,True
2020-02-17,Chelsea,Man United,0.940204,0.681814,11896,2019,https://understat.com/getLeagueData/EPL/2019,2020-02-17,True
2020-02-19,Man City,West Ham,2.13777,0.0895892,11898,2019,https://understat.com/getLeagueData/EPL/2019,2020-02-19,True
2020-02-22,Burnley,Bournemouth,3.09935,1.75718,11907,2019,https://understat.com/getLeagueData/EPL/2019,2020-02-22,True
2020-02-22,Chelsea,Tottenham,1.78193,0.265879,11906,2019,https://understat.com/getLeagueData/EPL/2019,2020-02-22,True
2020-02-22,Crystal Palace,Newcastle,1.75552,0.164495,11905,2019,https://understat.com/getLeagueData/EPL/2019,2020-02-22,True
2020-02-22,Leicester,Man City,0.723269,2.42749,11904,2019,https://understat.com/getLeagueData/EPL/2019,2020-02-22,True
2020-02-22,Sheffield United,Brighton,1.6597,1.06035,11909,2019,https://understat.com/getLeagueData/EPL/2019,2020-02-22,True
2020-02-22,Southampton,Aston Villa,3.02926,0.47235,11908,2019,https://understat.com/getLeagueData/EPL/2019,2020-02-22,True
2020-02-23,Arsenal,Everton,1.33567,2.65691,11903,2019,https://understat.com/getLeagueData/EPL/2019,2020-02-23,True
2020-02-23,Man United,Watford,2.5042,0.294956,11910,2019,https://understat.com/getLeagueData/EPL/2019,2020-02-23,True
2020-02-23,Wolves,Norwich,3.25033,0.360646,11912,2019,https://understat.com/getLeagueData/EPL/2019,2020-02-23,True
2020-02-24,Liverpool,West Ham,2.48209,0.638236,11911,2019,https://understat.com/getLeagueData/EPL/2019,2020-02-24,True
2020-02-28,Norwich,Leicester,0.591716,1.42581,11919,2019,https://understat.com/getLeagueData/EPL/2019,2020-02-28,True
2020-02-29,Bournemouth,Chelsea,1.58495,1.98271,11914,2019,https://understat.com/getLeagueData/EPL/2019,2020-02-29,True
2020-02-29,Brighton,Crystal Palace,1.78712,2.17159,11915,2019,https://understat.com/getLeagueData/EPL/2019,2020-02-29,True
2020-02-29,Newcastle,Burnley,1.11713,0.617612,11918,2019,https://understat.com/getLeagueData/EPL/2019,2020-02-29,True
2020-02-29,Watford,Liverpool,2.71351,0.206031,11921,2019,https://understat.com/getLeagueData/EPL/2019,2020-02-29,True
2020-02-29,West Ham,Southampton,2.78682,0.868573,11922,2019,https://understat.com/getLeagueData/EPL/2019,2020-02-29,True
2020-03-01,Everton,Man United,2.41259,1.12561,11916,2019,https://understat.com/getLeagueData/EPL/2019,2020-03-01,True
2020-03-01,Tottenham,Wolves,1.63079,2.62251,11920,2019,https://understat.com/getLeagueData/EPL/2019,2020-03-01,True
2020-03-07,Arsenal,West Ham,1.55974,1.61615,11923,2019,https://understat.com/getLeagueData/EPL/2019,2020-03-07,True
2020-03-07,Burnley,Tottenham,3.33302,1.13669,11924,2019,https://understat.com/getLeagueData/EPL/2019,2020-03-07,True
2020-03-07,Crystal Palace,Watford,0.856107,0.449161,11926,2019,https://understat.com/getLeagueData/EPL/2019,2020-03-07,True
2020-03-07,Liverpool,Bournemouth,1.89453,1.29544,11928,2019,https://understat.com/getLeagueData/EPL/2019,2020-03-07,True
2020-03-07,Sheffield United,Norwich,1.17263,2.55449,11929,2019,https://understat.com/getLeagueData/EPL/2019,2020-03-07,True
2020-03-07,Southampton,Newcastle,0.348871,3.06384,11930,2019,https://understat.com/getLeagueData/EPL/2019,2020-03-07,True
2020-03-07,Wolves,Brighton,0.898221,0.308874,11931,2019,https://understat.com/getLeagueData/EPL/2019,2020-03-07,True
2020-03-08,Chelsea,Everton,2.02883,0.445922,11925,2019,https://understat.com/getLeagueData/EPL/2019,2020-03-08,True
2020-03-08,Man United,Man City,1.7389,0.585469,11932,2019,https://understat.com/getLeagueData/EPL/2019,2020-03-08,True
2020-03-09,Leicester,Aston Villa,2.41239,0.672448,11927,2019,https://understat.com/getLeagueData/EPL/2019,2020-03-09,True
2020-06-17,Aston Villa,Sheffield United,1.00877,0.235909,11913,2019,https://understat.com/getLeagueData/EPL/2019,2020-06-17,True
2020-06-17,Man City,Arsenal,2.73725,0.496759,11917,2019,https://understat.com/getLeagueData/EPL/2019,2020-06-17,True
2020-06-19,Norwich,Southampton,0.654932,1.87099,11937,2019,https://understat.com/getLeagueData/EPL/2019,2020-06-19,True
2020-06-19,Tottenham,Man United,0.534852,1.77307,11936,2019,https://understat.com/getLeagueData/EPL/2019,2020-06-19,True
2020-06-20,Bournemouth,Crystal Palace,0.363637,0.788453,11942,2019,https://understat.com/getLeagueData/EPL/2019,2020-06-20,True
2020-06-20,Brighton,Arsenal,0.670973,0.69627,11941,2019,https://understat.com/getLeagueData/EPL/2019,2020-06-20,True
2020-06-20,Watford,Leicester,1.00765,1.05245,11935,2019,https://understat.com/getLeagueData/EPL/2019,2020-06-20,True
2020-06-20,West Ham,Wolves,0.44207,1.06433,11934,2019,https://understat.com/getLeagueData/EPL/2019,2020-06-20,True
2020-06-21,Aston Villa,Chelsea,1.57223,1.14011,11933,2019,https://understat.com/getLeagueData/EPL/2019,2020-06-21,True
2020-06-21,Everton,Liverpool,0.621456,0.659123,11940,2019,https://understat.com/getLeagueData/EPL/2019,2020-06-21,True
2020-06-21,Newcastle,Sheffield United,2.15148,0.57107,11938,2019,https://understat.com/getLeagueData/EPL/2019,2020-06-21,True
2020-06-22,Man City,Burnley,2.71096,0.0303408,11939,2019,https://understat.com/getLeagueData/EPL/2019,2020-06-22,True
2020-06-23,Leicester,Brighton,0.505486,1.10227,11945,2019,https://understat.com/getLeagueData/EPL/2019,2020-06-23,True
2020-06-23,Tottenham,West Ham,2.24125,0.83104,11944,2019,https://understat.com/getLeagueData/EPL/2019,2020-06-23,True
2020-06-24,Liverpool,Crystal Palace,2.56729,0.0645285,11951,2019,https://understat.com/getLeagueData/EPL/2019,2020-06-24,True
2020-06-24,Man United,Sheffield United,2.8416,0.108082,11950,2019,https://understat.com/getLeagueData/EPL/2019,2020-06-24,True
2020-06-24,Newcastle,Aston Villa,0.661808,1.22985,11949,2019,https://understat.com/getLeagueData/EPL/2019,2020-06-24,True
2020-06-24,Norwich,Everton,0.382813,0.654912,11948,2019,https://understat.com/getLeagueData/EPL/2019,2020-06-24,True
2020-06-24,Wolves,Bournemouth,0.715002,0.0619009,11947,2019,https://understat.com/getLeagueData/EPL/2019,2020-06-24,True
2020-06-25,Burnley,Watford,0.964774,0.495542,11943,2019,https://understat.com/getLeagueData/EPL/2019,2020-06-25,True
2020-06-25,Chelsea,Man City,4.206,0.690594,11946,2019,https://understat.com/getLeagueData/EPL/2019,2020-06-25,True
2020-06-25,Southampton,Arsenal,0.738305,2.18595,11952,2019,https://understat.com/getLeagueData/EPL/2019,2020-06-25,True
2020-06-27,Aston Villa,Wolves,0.403418,0.703549,11954,2019,https://understat.com/getLeagueData/EPL/2019,2020-06-27,True
2020-06-28,Watford,Southampton,0.365347,1.3364,11961,2019,https://understat.com/getLeagueData/EPL/2019,2020-06-28,True
2020-06-29,Crystal Palace,Burnley,1.06533,0.359906,11957,2019,https://understat.com/getLeagueData/EPL/2019,2020-06-29,True
2020-06-30,Brighton,Man United,0.31013,1.20903,11956,2019,https://understat.com/getLeagueData/EPL/2019,2020-06-30,True
2020-07-01,Arsenal,Norwich,1.76496,0.153871,11953,2019,https://understat.com/getLeagueData/EPL/2019,2020-07-01,True
2020-07-01,Bournemouth,Newcastle,1.27503,2.23457,11955,2019,https://understat.com/getLeagueData/EPL/2019,2020-07-01,True
2020-07-01,Everton,Leicester,1.17592,1.80384,11958,2019,https://understat.com/getLeagueData/EPL/2019,2020-07-01,True
2020-07-01,West Ham,Chelsea,2.10497,1.57609,11962,2019,https://understat.com/getLeagueData/EPL/2019,2020-07-01,True
2020-07-02,Man City,Liverpool,2.65433,0.819606,11959,2019,https://understat.com/getLeagueData/EPL/2019,2020-07-02,True
2020-07-02,Sheffield United,Tottenham,1.59994,1.01524,11960,2019,https://understat.com/getLeagueData/EPL/2019,2020-07-02,True
2020-07-04,Chelsea,Watford,2.78877,0.608971,11964,2019,https://understat.com/getLeagueData/EPL/2019,2020-07-04,True
2020-07-04,Leicester,Crystal Palace,2.20683,0.507537,11965,2019,https://understat.com/getLeagueData/EPL/2019,2020-07-04,True
2020-07-04,Man United,Bournemouth,2.63259,1.52161,11967,2019,https://understat.com/getLeagueData/EPL/2019,2020-07-04,True
2020-07-04,Norwich,Brighton,0.545069,0.903046,11969,2019,https://understat.com/getLeagueData/EPL/2019,2020-07-04,True
2020-07-04,Wolves,Arsenal,0.985166,1.28273,11972,2019,https://understat.com/getLeagueData/EPL/2019,2020-07-04,True
2020-07-05,Burnley,Sheffield United,1.31966,1.63343,11963,2019,https://understat.com/getLeagueData/EPL/2019,2020-07-05,True
2020-07-05,Liverpool,Aston Villa,1.0837,0.689775,11966,2019,https://understat.com/getLeagueData/EPL/2019,2020-07-05,True
2020-07-05,Newcastle,West Ham,1.49121,2.03065,11968,2019,https://understat.com/getLeagueData/EPL/2019,2020-07-05,True
2020-07-05,Southampton,Man City,0.628765,3.39575,11970,2019,https://understat.com/getLeagueData/EPL/2019,2020-07-05,True
2020-07-06,Tottenham,Everton,0.511828,0.403762,11971,2019,https://understat.com/getLeagueData/EPL/2019,2020-07-06,True
2020-07-07,Arsenal,Leicester,1.29023,1.00238,11973,2019,https://understat.com/getLeagueData/EPL/2019,2020-07-07,True
2020-07-07,Crystal Palace,Chelsea,1.2882,2.65753,11977,2019,https://understat.com/getLeagueData/EPL/2019,2020-07-07,True
2020-07-07,Watford,Norwich,0.725199,1.13378,11981,2019,https://understat.com/getLeagueData/EPL/2019,2020-07-07,True
2020-07-08,Brighton,Liverpool,2.3646,2.61624,11976,2019,https://understat.com/getLeagueData/EPL/2019,2020-07-08,True
2020-07-08,Man City,Newcastle,3.28662,0.21643,11979,2019,https://understat.com/getLeagueData/EPL/2019,2020-07-08,True
2020-07-08,Sheffield United,Wolves,0.470483,0.326909,11980,2019,https://understat.com/getLeagueData/EPL/2019,2020-07-08,True
2020-07-08,West Ham,Burnley,1.99821,1.05291,11982,2019,https://understat.com/getLeagueData/EPL/2019,2020-07-08,True
2020-07-09,Aston Villa,Man United,0.598873,2.86531,11974,2019,https://understat.com/getLeagueData/EPL/2019,2020-07-09,True
2020-07-09,Bournemouth,Tottenham,0.960349,0.479274,11975,2019,https://understat.com/getLeagueData/EPL/2019,2020-07-09,True
2020-07-09,Everton,Southampton,0.671442,2.29684,11978,2019,https://understat.com/getLeagueData/EPL/2019,2020-07-09,True
2020-07-11,Brighton,Man City,0.149588,5.51767,11985,2019,https://understat.com/getLeagueData/EPL/2019,2020-07-11,True
2020-07-11,Liverpool,Burnley,2.17649,0.452331,11986,2019,https://understat.com/getLeagueData/EPL/2019,2020-07-11,True
2020-07-11,Norwich,West Ham,0.613251,3.81088,11988,2019,https://understat.com/getLeagueData/EPL/2019,2020-07-11,True
2020-07-11,Sheffield United,Chelsea,2.00632,1.17509,11989,2019,https://understat.com/getLeagueData/EPL/2019,2020-07-11,True
2020-07-11,Watford,Newcastle,3.12855,1.49134,11991,2019,https://understat.com/getLeagueData/EPL/2019,2020-07-11,True
2020-07-12,Aston Villa,Crystal Palace,1.6977,0.974181,11983,2019,https://understat.com/getLeagueData/EPL/2019,2020-07-12,True
2020-07-12,Bournemouth,Leicester,2.54311,1.66084,11984,2019,https://understat.com/getLeagueData/EPL/2019,2020-07-12,True
2020-07-12,Tottenham,Arsenal,1.81846,0.68991,11990,2019,https://understat.com/getLeagueData/EPL/2019,2020-07-12,True
2020-07-12,Wolves,Everton,2.86724,0.286561,11992,2019,https://understat.com/getLeagueData/EPL/2019,2020-07-12,True
2020-07-13,Man United,Southampton,1.5033,1.8051,11987,2019,https://understat.com/getLeagueData/EPL/2019,2020-07-13,True
2020-07-14,Chelsea,Norwich,3.05119,0.0631109,11995,2019,https://understat.com/getLeagueData/EPL/2019,2020-07-14,True
2020-07-15,Arsenal,Liverpool,1.31516,2.2233,11993,2019,https://understat.com/getLeagueData/EPL/2019,2020-07-15,True
2020-07-15,Burnley,Wolves,1.53435,1.2857,11994,2019,https://understat.com/getLeagueData/EPL/2019,2020-07-15,True
2020-07-15,Man City,Bournemouth,0.82755,1.66635,11999,2019,https://understat.com/getLeagueData/EPL/2019,2020-07-15,True
2020-07-15,Newcastle,Tottenham,1.05748,1.7498,12000,2019,https://understat.com/getLeagueData/EPL/2019,2020-07-15,True
2020-07-16,Crystal Palace,Man United,0.572141,1.90448,11996,2019,https://understat.com/getLeagueData/EPL/2019,2020-07-16,True
2020-07-16,Everton,Aston Villa,0.944434,1.52021,11997,2019,https://understat.com/getLeagueData/EPL/2019,2020-07-16,True
2020-07-16,Leicester,Sheffield United,3.05752,0.660214,11998,2019,https://understat.com/getLeagueData/EPL/2019,2020-07-16,True
2020-07-16,Southampton,Brighton,2.33745,0.67264,12002,2019,https://understat.com/getLeagueData/EPL/2019,2020-07-16,True
2020-07-17,West Ham,Watford,0.833995,1.03402,12001,2019,https://understat.com/getLeagueData/EPL/2019,2020-07-17,True
2020-07-18,Norwich,Burnley,0.576602,1.8233,12008,2019,https://understat.com/getLeagueData/EPL/2019,2020-07-18,True
2020-07-19,Bournemouth,Southampton,0.583117,2.24527,12004,2019,https://understat.com/getLeagueData/EPL/2019,2020-07-19,True
2020-07-19,Tottenham,Leicester,0.766922,1.20085,12010,2019,https://understat.com/getLeagueData/EPL/2019,2020-07-19,True
2020-07-20,Brighton,Newcastle,0.855896,0.929091,12005,2019,https://understat.com/getLeagueData/EPL/2019,2020-07-20,True
2020-07-20,Sheffield United,Everton,0.468461,0.624814,12009,2019,https://understat.com/getLeagueData/EPL/2019,2020-07-20,True
2020-07-20,Wolves,Crystal Palace,1.48696,0.440119,12012,2019,https://understat.com/getLeagueData/EPL/2019,2020-07-20,True
2020-07-21,Aston Villa,Arsenal,0.57408,0.737137,12003,2019,https://understat.com/getLeagueData/EPL/2019,2020-07-21,True
2020-07-21,Watford,Man City,0.131868,3.73814,12011,2019,https://understat.com/getLeagueData/EPL/2019,2020-07-21,True
2020-07-22,Liverpool,Chelsea,1.45179,2.38205,12006,2019,https://understat.com/getLeagueData/EPL/2019,2020-07-22,True
2020-07-22,Man United,West Ham,0.984161,1.29009,12007,2019,https://understat.com/getLeagueData/EPL/2019,2020-07-22,True
2020-07-26,Arsenal,Watford,1.95282,3.9197,12014,2019,https://understat.com/getLeagueData/EPL/2019,2020-07-26,True
2020-07-26,Burnley,Brighton,1.44244,1.3696,12022,2019,https://understat.com/getLeagueData/EPL/2019,2020-07-26,True
2020-07-26,Chelsea,Wolves,1.15938,0.164561,12021,2019,https://understat.com/getLeagueData/EPL/2019,2020-07-26,True
2020-07-26,Crystal Palace,Tottenham,0.988534,0.310302,12020,2019,https://understat.com/getLeagueData/EPL/2019,2020-07-26,True
2020-07-26,Everton,Bournemouth,1.74699,1.46461,12019,2019,https://understat.com/getLeagueData/EPL/2019,2020-07-26,True
2020-07-26,Leicester,Man United,0.754668,1.41019,12018,2019,https://understat.com/getLeagueData/EPL/2019,2020-07-26,True
2020-07-26,Man City,Norwich,3.56749,0.786563,12017,2019,https://understat.com/getLeagueData/EPL/2019,2020-07-26,True
2020-07-26,Newcastle,Liverpool,0.339294,0.56818,12016,2019,https://understat.com/getLeagueData/EPL/2019,2020-07-26,True
2020-07-26,Southampton,Sheffield United,1.64306,1.41051,12015,2019,https://understat.com/getLeagueData/EPL/2019,2020-07-26,True
2020-07-26,West Ham,Aston Villa,0.781465,0.983594,12013,2019,https://understat.com/getLeagueData/EPL/2019,2020-07-26,True
2020-09-12,Crystal Palace,Southampton,1.39569,1.26267,14087,2020,https://understat.com/getLeagueData/EPL/2020,2020-09-12,True
2020-09-12,Fulham,Arsenal,0.126327,2.16287,14086,2020,https://understat.com/getLeagueData/EPL/2020,2020-09-12,True
2020-09-12,Liverpool,Leeds,3.15412,0.269813,14090,2020,https://understat.com/getLeagueData/EPL/2020,2020-09-12,True
2020-09-12,West Ham,Newcastle,0.861445,1.65911,14091,2020,https://understat.com/getLeagueData/EPL/2020,2020-09-12,True
2020-09-13,Tottenham,Everton,0.822944,1.26793,14093,2020,https://understat.com/getLeagueData/EPL/2020,2020-09-13,True
2020-09-13,West Brom,Leicester,0.352997,2.95581,14092,2020,https://understat.com/getLeagueData/EPL/2020,2020-09-13,True
2020-09-14,Brighton,Chelsea,1.44281,1.27062,14095,2020,https://understat.com/getLeagueData/EPL/2020,2020-09-14,True
2020-09-14,Sheffield United,Wolves,0.949316,1.61307,14094,2020,https://understat.com/getLeagueData/EPL/2020,2020-09-14,True
2020-09-19,Arsenal,West Ham,1.32902,2.06377,14099,2020,https://understat.com/getLeagueData/EPL/2020,2020-09-19,True
2020-09-19,Everton,West Brom,4.16254,0.315347,14096,2020,https://understat.com/getLeagueData/EPL/2020,2020-09-19,True
2020-09-19,Leeds,Fulham,1.45254,1.55503,14097,2020,https://understat.com/getLeagueData/EPL/2020,2020-09-19,True
2020-09-19,Man United,Crystal Palace,1.09737,1.91456,14098,2020,https://understat.com/getLeagueData/EPL/2020,2020-09-19,True
2020-09-20,Chelsea,Liverpool,0.904183,2.25211,14102,2020,https://understat.com/getLeagueData/EPL/2020,2020-09-20,True
2020-09-20,Leicester,Burnley,0.987365,1.52404,14103,2020,https://understat.com/getLeagueData/EPL/2020,2020-09-20,True
2020-09-20,Newcastle,Brighton,0.520678,1.8766,14101,2020,https://understat.com/getLeagueData/EPL/2020,2020-09-20,True
2020-09-20,Southampton,Tottenham,2.27708,2.28004,14100,2020,https://understat.com/getLeagueData/EPL/2020,2020-09-20,True
2020-09-21,Aston Villa,Sheffield United,0.80527,0.849709,14104,2020,https://understat.com/getLeagueData/EPL/2020,2020-09-21,True
2020-09-21,Wolves,Man City,0.727677,2.07651,14105,2020,https://understat.com/getLeagueData/EPL/2020,2020-09-21,True
2020-09-26,Brighton,Man United,2.97659,1.57583,14106,2020,https://understat.com/getLeagueData/EPL/2020,2020-09-26,True
2020-09-26,Burnley,Southampton,0.347136,0.706632,14109,2020,https://understat.com/getLeagueData/EPL/2020,2020-09-26,True
2020-09-26,Crystal Palace,Everton,0.443115,2.27189,14107,2020,https://understat.com/getLeagueData/EPL/2020,2020-09-26,True
2020-09-26,West Brom,Chelsea,0.911185,2.36046,14108,2020,https://understat.com/getLeagueData/EPL/2020,2020-09-26,True
2020-09-27,Man City,Leicester,1.44633,2.86721,14112,2020,https://understat.com/getLeagueData/EPL/2020,2020-09-27,True
2020-09-27,Sheffield United,Leeds,1.53278,1.46641,14110,2020,https://understat.com/getLeagueData/EPL/2020,2020-09-27,True
2020-09-27,Tottenham,Newcastle,3.18765,0.942726,14111,2020,https://understat.com/getLeagueData/EPL/2020,2020-09-27,True
2020-09-27,West Ham,Wolves,3.05703,0.385152,14113,2020,https://understat.com/getLeagueData/EPL/2020,2020-09-27,True
2020-09-28,Fulham,Aston Villa,0.534675,2.03222,14114,2020,https://understat.com/getLeagueData/EPL/2020,2020-09-28,True
2020-09-28,Liverpool,Arsenal,2.73834,1.17817,14115,2020,https://understat.com/getLeagueData/EPL/2020,2020-09-28,True
2020-10-03,Chelsea,Crystal Palace,2.51433,0.103249,14467,2020,https://understat.com/getLeagueData/EPL/2020,2020-10-03,True
2020-10-03,Everton,Brighton,2.34034,1.16568,14468,2020,https://understat.com/getLeagueData/EPL/2020,2020-10-03,True
2020-10-03,Leeds,Man City,2.56662,1.41533,14469,2020,https://understat.com/getLeagueData/EPL/2020,2020-10-03,True
2020-10-03,Newcastle,Burnley,1.95629,0.438849,14472,2020,https://understat.com/getLeagueData/EPL/2020,2020-10-03,True
2020-10-04,Arsenal,Sheffield United,0.667131,0.144994,14465,2020,https://understat.com/getLeagueData/EPL/2020,2020-10-04,True
2020-10-04,Aston Villa,Liverpool,3.07626,1.65705,14466,2020,https://understat.com/getLeagueData/EPL/2020,2020-10-04,True
2020-10-04,Leicester,West Ham,0.456022,2.03227,14470,2020,https://understat.com/getLeagueData/EPL/2020,2020-10-04,True
2020-10-04,Man United,Tottenham,0.873435,3.3017,14471,2020,https://understat.com/getLeagueData/EPL/2020,2020-10-04,True
2020-10-04,Southampton,West Brom,0.949079,0.161283,14473,2020,https://understat.com/getLeagueData/EPL/2020,2020-10-04,True
2020-10-04,Wolves,Fulham,0.89359,0.969393,14474,2020,https://understat.com/getLeagueData/EPL/2020,2020-10-04,True
2020-10-17,Chelsea,Southampton,1.98708,1.42348,14475,2020,https://understat.com/getLeagueData/EPL/2020,2020-10-17,True
2020-10-17,Everton,Liverpool,1.35998,2.49492,14477,2020,https://understat.com/getLeagueData/EPL/2020,2020-10-17,True
2020-10-17,Man City,Arsenal,1.43023,0.838322,14480,2020,https://understat.com/getLeagueData/EPL/2020,2020-10-17,True
2020-10-17,Newcastle,Man United,0.867496,2.21729,14481,2020,https://understat.com/getLeagueData/EPL/2020,2020-10-17,True
2020-10-18,Crystal Palace,Brighton,0.761169,1.0935,14476,2020,https://understat.com/getLeagueData/EPL/2020,2020-10-18,True
2020-10-18,Leicester,Aston Villa,0.671595,0.873776,14479,2020,https://understat.com/getLeagueData/EPL/2020,2020-10-18,True
2020-10-18,Sheffield United,Fulham,1.66363,1.35611,14482,2020,https://understat.com/getLeagueData/EPL/2020,2020-10-18,True
2020-10-18,Tottenham,West Ham,1.77602,1.49992,14483,2020,https://understat.com/getLeagueData/EPL/2020,2020-10-18,True
2020-10-19,Leeds,Wolves,1.08332,0.618191,14478,2020,https://understat.com/getLeagueData/EPL/2020,2020-10-19,True
2020-10-19,West Brom,Burnley,0.731692,1.08532,14484,2020,https://understat.com/getLeagueData/EPL/2020,2020-10-19,True
2020-10-23,Aston Villa,Leeds,1.50125,2.37695,14486,2020,https://understat.com/getLeagueData/EPL/2020,2020-10-23,True
2020-10-24,Fulham,Crystal Palace,1.05258,2.81049,14489,2020,https://understat.com/getLeagueData/EPL/2020,2020-10-24,True
2020-10-24,Liverpool,Sheffield United,2.40286,1.39788,14490,2020,https://understat.com/getLeagueData/EPL/2020,2020-10-24,True
2020-10-24,Man United,Chelsea,0.648427,0.219906,14491,2020,https://understat.com/getLeagueData/EPL/2020,2020-10-24,True
2020-10-24,West Ham,Man City,0.263739,0.892456,14493,2020,https://understat.com/getLeagueData/EPL/2020,2020-10-24,True
2020-10-25,Arsenal,Leicester,0.73944,0.736172,14485,2020,https://understat.com/getLeagueData/EPL/2020,2020-10-25,True
2020-10-25,Southampton,Everton,0.74151,0.287054,14492,2020,https://understat.com/getLeagueData/EPL/2020,2020-10-25,True
2020-10-25,Wolves,Newcastle,0.758626,0.253685,14494,2020,https://understat.com/getLeagueData/EPL/2020,2020-10-25,True
2020-10-26,Brighton,West Brom,0.546807,0.295654,14487,2020,https://understat.com/getLeagueData/EPL/2020,2020-10-26,True
2020-10-26,Burnley,Tottenham,0.95045,0.797344,14488,2020,https://understat.com/getLeagueData/EPL/2020,2020-10-26,True
2020-10-30,Wolves,Crystal Palace,1.34895,0.802767,14504,2020,https://understat.com/getLeagueData/EPL/2020,2020-10-30,True
2020-10-31,Burnley,Chelsea,0.407341,1.23077,14496,2020,https://understat.com/getLeagueData/EPL/2020,2020-10-31,True
2020-10-31,Liverpool,West Ham,1.56302,0.269048,14499,2020,https://understat.com/getLeagueData/EPL/2020,2020-10-31,True
2020-10-31,Sheffield United,Man City,0.687544,1.89643,14502,2020,https://understat.com/getLeagueData/EPL/2020,2020-10-31,True
2020-11-01,Aston Villa,Southampton,2.44855,1.00333,14495,2020,https://understat.com/getLeagueData/EPL/2020,2020-11-01,True
2020-11-01,Man United,Arsenal,0.394113,0.998072,14500,2020,https://understat.com/getLeagueData/EPL/2020,2020-11-01,True
2020-11-01,Newcastle,Everton,2.6311,1.21805,14501,2020,https://understat.com/getLeagueData/EPL/2020,2020-11-01,True
2020-11-01,Tottenham,Brighton,1.97236,0.324457,14503,2020,https://understat.com/getLeagueData/EPL/2020,2020-11-01,True
2020-11-02,Fulham,West Brom,1.62247,0.482685,14497,2020,https://understat.com/getLeagueData/EPL/2020,2020-11-02,True
2020-11-02,Leeds,Leicester,1.74822,3.07657,14498,2020,https://understat.com/getLeagueData/EPL/2020,2020-11-02,True
2020-11-06,Brighton,Burnley,1.59022,0.326933,14506,2020,https://understat.com/getLeagueData/EPL/2020,2020-11-06,True
2020-11-06,Southampton,Newcastle,0.985828,0.175633,14512,2020,https://understat.com/getLeagueData/EPL/2020,2020-11-06,True
2020-11-07,Chelsea,Sheffield United,2.87622,0.743967,14507,2020,https://understat.com/getLeagueData/EPL/2020,2020-11-07,True
2020-11-07,Crystal Palace,Leeds,1.30169,0.847913,14508,2020,https://understat.com/getLeagueData/EPL/2020,2020-11-07,True
2020-11-07,Everton,Man United,0.376464,1.59642,14509,2020,https://understat.com/getLeagueData/EPL/2020,2020-11-07,True
2020-11-07,West Ham,Fulham,1.42614,1.84922,14514,2020,https://understat.com/getLeagueData/EPL/2020,2020-11-07,True
2020-11-08,Arsenal,Aston Villa,1.39037,1.98553,14505,2020,https://understat.com/getLeagueData/EPL/2020,2020-11-08,True
2020-11-08,Leicester,Wolves,2.0545,0.57936,14510,2020,https://understat.com/getLeagueData/EPL/2020,2020-11-08,True
2020-11-08,Man City,Liverpool,1.58487,1.18789,14511,2020,https://understat.com/getLeagueData/EPL/2020,2020-11-08,True
2020-11-08,West Brom,Tottenham,0.799352,1.87063,14513,2020,https://understat.com/getLeagueData/EPL/2020,2020-11-08,True
2020-11-21,Aston Villa,Brighton,1.76514,1.50038,14515,2020,https://understat.com/getLeagueData/EPL/2020,2020-11-21,True
2020-11-21,Man United,West Brom,2.42994,0.438646,14520,2020,https://understat.com/getLeagueData/EPL/2020,2020-11-21,True
2020-11-21,Newcastle,Chelsea,0.368286,1.81923,14521,2020,https://understat.com/getLeagueData/EPL/2020,2020-11-21,True
2020-11-21,Tottenham,Man City,0.761142,1.66325,14523,2020,https://understat.com/getLeagueData/EPL/2020,2020-11-21,True
2020-11-22,Fulham,Everton,1.87028,2.2508,14517,2020,https://understat.com/getLeagueData/EPL/2020,2020-11-22,True
2020-11-22,Leeds,Arsenal,1.9617,0.710778,14518,2020,https://understat.com/getLeagueData/EPL/2020,2020-11-22,True
2020-11-22,Liverpool,Leicester,3.77245,1.98397,14519,2020,https://understat.com/getLeagueData/EPL/2020,2020-11-22,True
2020-11-22,Sheffield United,West Ham,0.692374,2.1142,14522,2020,https://understat.com/getLeagueData/EPL/2020,2020-11-22,True
2020-11-23,Burnley,Crystal Palace,1.75343,1.28331,14516,2020,https://understat.com/getLeagueData/EPL/2020,2020-11-23,True
2020-11-23,Wolves,Southampton,1.57479,1.0785,14524,2020,https://understat.com/getLeagueData/EPL/2020,2020-11-23,True
2020-11-27,Crystal Palace,Newcastle,0.534893,1.27929,14530,2020,https://understat.com/getLeagueData/EPL/2020,2020-11-27,True
2020-11-28,Brighton,Liverpool,2.30722,0.28109,14528,2020,https://understat.com/getLeagueData/EPL/2020,2020-11-28,True
2020-11-28,Everton,Leeds,1.29229,3.11324,14531,2020,https://understat.com/getLeagueData/EPL/2020,2020-11-28,True
2020-11-28,Man City,Burnley,2.26129,0.419877,14533,2020,https://understat.com/getLeagueData/EPL/2020,2020-11-28,True
2020-11-28,West Brom,Sheffield United,1.71644,3.36544,14527,2020,https://understat.com/getLeagueData/EPL/2020,2020-11-28,True
2020-11-29,Arsenal,Wolves,1.1185,2.0069,14525,2020,https://understat.com/getLeagueData/EPL/2020,2020-11-29,True
2020-11-29,Chelsea,Tottenham,0.974755,0.22689,14529,2020,https://understat.com/getLeagueData/EPL/2020,2020-11-29,True
2020-11-29,Southampton,Man United,0.498783,2.47547,14534,2020,https://understat.com/getLeagueData/EPL/2020,2020-11-29,True
2020-11-30,Leicester,Fulham,1.27814,2.03719,14532,2020,https://understat.com/getLeagueData/EPL/2020,2020-11-30,True
2020-11-30,West Ham,Aston Villa,0.571633,2.39051,14526,2020,https://understat.com/getLeagueData/EPL/2020,2020-11-30,True
2020-12-05,Burnley,Everton,0.730434,2.28139,14537,2020,https://understat.com/getLeagueData/EPL/2020,2020-12-05,True
2020-12-05,Chelsea,Leeds,4.89472,1.0277,14538,2020,https://understat.com/getLeagueData/EPL/2020,2020-12-05,True
2020-12-05,Man City,Fulham,3.26328,0.287444,14540,2020,https://understat.com/getLeagueData/EPL/2020,2020-12-05,True
2020-12-05,West Ham,Man United,2.53006,1.78708,14544,2020,https://understat.com/getLeagueData/EPL/2020,2020-12-05,True
2020-12-06,Liverpool,Wolves,1.59454,0.357753,14539,2020,https://understat.com/getLeagueData/EPL/2020,2020-12-06,True
2020-12-06,Sheffield United,Leicester,0.290743,1.3904,14541,2020,https://understat.com/getLeagueData/EPL/2020,2020-12-06,True
2020-12-06,Tottenham,Arsenal,0.390629,0.595216,14542,2020,https://understat.com/getLeagueData/EPL/2020,2020-12-06,True
2020-12-06,West Brom,Crystal Palace,0.567234,1.68656,14543,2020,https://understat.com/getLeagueData/EPL/2020,2020-12-06,True
2020-12-07,Brighton,Southampton,2.03376,1.34801,14536,2020,https://understat.com/getLeagueData/EPL/2020,2020-12-07,True
2020-12-11,Leeds,West Ham,1.56644,1.7851,14548,2020,https://understat.com/getLeagueData/EPL/2020,2020-12-11,True
2020-12-12,Everton,Chelsea,1.2216,1.00627,14546,2020,https://understat.com/getLeagueData/EPL/2020,2020-12-12,True
2020-12-12,Man United,Man City,0.591617,1.28434,14549,2020,https://understat.com/getLeagueData/EPL/2020,2020-12-12,True
2020-12-12,Newcastle,West Brom,0.904163,0.57319,14550,2020,https://understat.com/getLeagueData/EPL/2020,2020-12-12,True
2020-12-12,Wolves,Aston Villa,1.1356,1.26872,14552,2020,https://understat.com/getLeagueData/EPL/2020,2020-12-12,True
2020-12-13,Arsenal,Burnley,1.85362,0.815375,14554,2020,https://understat.com/getLeagueData/EPL/2020,2020-12-13,True
2020-12-13,Crystal Palace,Tottenham,1.84443,1.40792,14545,2020,https://understat.com/getLeagueData/EPL/2020,2020-12-13,True
2020-12-13,Fulham,Liverpool,1.72509,1.82445,14547,2020,https://understat.com/getLeagueData/EPL/2020,2020-12-13,True
2020-12-13,Leicester,Brighton,1.64351,0.791673,14553,2020,https://understat.com/getLeagueData/EPL/2020,2020-12-13,True
2020-12-13,Southampton,Sheffield United,2.27973,0.219115,14551,2020,https://understat.com/getLeagueData/EPL/2020,2020-12-13,True
2020-12-15,Man City,West Brom,2.58593,0.210243,14564,2020,https://understat.com/getLeagueData/EPL/2020,2020-12-15,True
2020-12-15,Wolves,Chelsea,0.683783,1.56772,14562,2020,https://understat.com/getLeagueData/EPL/2020,2020-12-15,True
2020-12-16,Arsenal,Southampton,0.661135,1.11296,14555,2020,https://understat.com/getLeagueData/EPL/2020,2020-12-16,True
2020-12-16,Fulham,Brighton,1.00448,0.462456,14557,2020,https://understat.com/getLeagueData/EPL/2020,2020-12-16,True
2020-12-16,Leeds,Newcastle,2.95137,1.44437,14558,2020,https://understat.com/getLeagueData/EPL/2020,2020-12-16,True
2020-12-16,Leicester,Everton,0.83883,1.51486,14559,2020,https://understat.com/getLeagueData/EPL/2020,2020-12-16,True
2020-12-16,Liverpool,Tottenham,1.21783,1.5161,14563,2020,https://understat.com/getLeagueData/EPL/2020,2020-12-16,True
2020-12-16,West Ham,Crystal Palace,0.449469,1.09108,14561,2020,https://understat.com/getLeagueData/EPL/2020,2020-12-16,True
2020-12-17,Aston Villa,Burnley,1.81142,0.316737,14556,2020,https://understat.com/getLeagueData/EPL/2020,2020-12-17,True
2020-12-17,Sheffield United,Man United,1.23525,1.78667,14560,2020,https://understat.com/getLeagueData/EPL/2020,2020-12-17,True
2020-12-19,Crystal Palace,Liverpool,0.489318,2.86902,14568,2020,https://understat.com/getLeagueData/EPL/2020,2020-12-19,True
2020-12-19,Everton,Arsenal,0.661744,1.25206,14569,2020,https://understat.com/getLeagueData/EPL/2020,2020-12-19,True
2020-12-19,Newcastle,Fulham,1.26725,1.10645,14571,2020,https://understat.com/getLeagueData/EPL/2020,2020-12-19,True
2020-12-19,Southampton,Man City,0.586972,1.15599,14572,2020,https://understat.com/getLeagueData/EPL/2020,2020-12-19,True
2020-12-20,Brighton,Sheffield United,2.90097,1.03713,14565,2020,https://understat.com/getLeagueData/EPL/2020,2020-12-20,True
2020-12-20,Man United,Leeds,4.77743,1.63467,14570,2020,https://understat.com/getLeagueData/EPL/2020,2020-12-20,True
2020-12-20,Tottenham,Leicester,0.945932,1.74772,14573,2020,https://understat.com/getLeagueData/EPL/2020,2020-12-20,True
2020-12-20,West Brom,Aston Villa,0.0388442,2.61964,14574,2020,https://understat.com/getLeagueData/EPL/2020,2020-12-20,True
2020-12-21,Burnley,Wolves,1.20465,1.45722,14566,2020,https://understat.com/getLeagueData/EPL/2020,2020-12-21,True
2020-12-21,Chelsea,West Ham,2.41157,0.277737,14567,2020,https://understat.com/getLeagueData/EPL/2020,2020-12-21,True
2020-12-26,Arsenal,Chelsea,1.94485,2.25414,14575,2020,https://understat.com/getLeagueData/EPL/2020,2020-12-26,True
2020-12-26,Aston Villa,Crystal Palace,4.58214,0.849086,14576,2020,https://understat.com/getLeagueData/EPL/2020,2020-12-26,True
2020-12-26,Fulham,Southampton,0.781855,0.119709,14577,2020,https://understat.com/getLeagueData/EPL/2020,2020-12-26,True
2020-12-26,Leicester,Man United,1.0396,2.08423,14579,2020,https://understat.com/getLeagueData/EPL/2020,2020-12-26,True
2020-12-26,Man City,Newcastle,3.19575,0.200953,14581,2020,https://understat.com/getLeagueData/EPL/2020,2020-12-26,True
2020-12-26,Sheffield United,Everton,1.25106,0.568803,14582,2020,https://understat.com/getLeagueData/EPL/2020,2020-12-26,True
2020-12-27,Leeds,Burnley,2.13271,1.54591,14578,2020,https://understat.com/getLeagueData/EPL/2020,2020-12-27,True
2020-12-27,Liverpool,West Brom,1.45485,0.739845,14580,2020,https://understat.com/getLeagueData/EPL/2020,2020-12-27,True
2020-12-27,West Ham,Brighton,1.38877,1.50551,14583,2020,https://understat.com/getLeagueData/EPL/2020,2020-12-27,True
2020-12-27,Wolves,Tottenham,0.742598,0.408109,14584,2020,https://understat.com/getLeagueData/EPL/2020,2020-12-27,True
2020-12-28,Chelsea,Aston Villa,1.53701,0.730859,14586,2020,https://understat.com/getLeagueData/EPL/2020,2020-12-28,True
2020-12-28,Crystal Palace,Leicester,0.321348,1.72132,14594,2020,https://understat.com/getLeagueData/EPL/2020,2020-12-28,True
2020-12-29,Brighton,Arsenal,0.799368,1.31394,14585,2020,https://understat.com/getLeagueData/EPL/2020,2020-12-29,True
2020-12-29,Burnley,Sheffield United,0.973831,0.492578,14587,2020,https://understat.com/getLeagueData/EPL/2020,2020-12-29,True
2020-12-29,Man United,Wolves,1.48207,0.411046,14592,2020,https://understat.com/getLeagueData/EPL/2020,2020-12-29,True
2020-12-29,Southampton,West Ham,0.670996,1.07246,14588,2020,https://understat.com/getLeagueData/EPL/2020,2020-12-29,True
2020-12-29,West Brom,Leeds,0.43551,1.54225,14590,2020,https://understat.com/getLeagueData/EPL/2020,2020-12-29,True
2020-12-30,Newcastle,Liverpool,0.817935,1.32047,14591,2020,https://understat.com/getLeagueData/EPL/2020,2020-12-30,True
2021-01-01,Everton,West Ham,0.371045,1.19713,14595,2020,https://understat.com/getLeagueData/EPL/2020,2021-01-01,True
2021-01-01,Man United,Aston Villa,2.46473,1.56434,14596,2020,https://understat.com/getLeagueData/EPL/2020,2021-01-01,True
2021-01-02,Brighton,Wolves,2.4228,1.81856,14601,2020,https://understat.com/getLeagueData/EPL/2020,2021-01-02,True
2021-01-02,Crystal Palace,Sheffield United,0.598888,0.323158,14604,2020,https://understat.com/getLeagueData/EPL/2020,2021-01-02,True
2021-01-02,Tottenham,Leeds,2.5286,1.15626,14599,2020,https://understat.com/getLeagueData/EPL/2020,2021-01-02,True
2021-01-02,West Brom,Arsenal,0.869874,4.03429,14600,2020,https://understat.com/getLeagueData/EPL/2020,2021-01-02,True
2021-01-03,Chelsea,Man City,0.691013,3.18063,14603,2020,https://understat.com/getLeagueData/EPL/2020,2021-01-03,True
2021-01-03,Newcastle,Leicester,0.264584,0.702081,14597,2020,https://understat.com/getLeagueData/EPL/2020,2021-01-03,True
2021-01-04,Southampton,Liverpool,0.500436,1.37204,14598,2020,https://understat.com/getLeagueData/EPL/2020,2021-01-04,True
2021-01-12,Burnley,Man United,0.648582,1.23996,14088,2020,https://understat.com/getLeagueData/EPL/2020,2021-01-12,True
2021-01-12,Sheffield United,Newcastle,2.01315,1.04745,14610,2020,https://understat.com/getLeagueData/EPL/2020,2021-01-12,True
2021-01-12,Wolves,Everton,0.852495,0.323445,14612,2020,https://understat.com/getLeagueData/EPL/2020,2021-01-12,True
2021-01-13,Man City,Brighton,2.90855,0.177084,14614,2020,https://understat.com/getLeagueData/EPL/2020,2021-01-13,True
2021-01-13,Tottenham,Fulham,3.14372,1.05329,14589,2020,https://understat.com/getLeagueData/EPL/2020,2021-01-13,True
2021-01-14,Arsenal,Crystal Palace,0.368554,0.709634,14605,2020,https://understat.com/getLeagueData/EPL/2020,2021-01-14,True
2021-01-16,Fulham,Chelsea,0.46126,1.37939,14617,2020,https://understat.com/getLeagueData/EPL/2020,2021-01-16,True
2021-01-16,Leeds,Brighton,0.245193,1.14424,14618,2020,https://understat.com/getLeagueData/EPL/2020,2021-01-16,True
2021-01-16,Leicester,Southampton,2.12019,0.378147,14619,2020,https://understat.com/getLeagueData/EPL/2020,2021-01-16,True
2021-01-16,West Ham,Burnley,1.73397,0.395668,14623,2020,https://understat.com/getLeagueData/EPL/2020,2021-01-16,True
2021-01-16,Wolves,West Brom,1.94358,2.46332,14624,2020,https://understat.com/getLeagueData/EPL/2020,2021-01-16,True
2021-01-17,Liverpool,Man United,1.20205,1.18929,14620,2020,https://understat.com/getLeagueData/EPL/2020,2021-01-17,True
2021-01-17,Man City,Crystal Palace,0.961088,0.0515836,14621,2020,https://understat.com/getLeagueData/EPL/2020,2021-01-17,True
2021-01-17,Sheffield United,Tottenham,0.978133,1.28385,14622,2020,https://understat.com/getLeagueData/EPL/2020,2021-01-17,True
2021-01-18,Arsenal,Newcastle,2.30744,0.168796,14615,2020,https://understat.com/getLeagueData/EPL/2020,2021-01-18,True
2021-01-19,Leicester,Chelsea,1.1449,0.615727,14609,2020,https://understat.com/getLeagueData/EPL/2020,2021-01-19,True
2021-01-19,West Ham,West Brom,2.17512,0.464091,14611,2020,https://understat.com/getLeagueData/EPL/2020,2021-01-19,True
2021-01-20,Fulham,Man United,0.753669,1.68401,14607,2020,https://understat.com/getLeagueData/EPL/2020,2021-01-20,True
2021-01-20,Man City,Aston Villa,3.34385,0.601768,14089,2020,https://understat.com/getLeagueData/EPL/2020,2021-01-20,True
2021-01-21,Liverpool,Burnley,1.64907,1.08059,14613,2020,https://understat.com/getLeagueData/EPL/2020,2021-01-21,True
2021-01-23,Aston Villa,Newcastle,2.6026,0.400364,14535,2020,https://understat.com/getLeagueData/EPL/2020,2021-01-23,True
2021-01-26,Crystal Palace,West Ham,0.629033,3.30321,14634,2020,https://understat.com/getLeagueData/EPL/2020,2021-01-26,True
2021-01-26,Newcastle,Leeds,1.1364,0.785914,14631,2020,https://understat.com/getLeagueData/EPL/2020,2021-01-26,True
2021-01-26,Southampton,Arsenal,0.99504,2.4339,14632,2020,https://understat.com/getLeagueData/EPL/2020,2021-01-26,True
2021-01-26,West Brom,Man City,0.568258,2.24838,14629,2020,https://understat.com/getLeagueData/EPL/2020,2021-01-26,True
2021-01-27,Brighton,Fulham,2.29129,0.513226,14625,2020,https://understat.com/getLeagueData/EPL/2020,2021-01-27,True
2021-01-27,Burnley,Aston Villa,0.717681,2.70718,14626,2020,https://understat.com/getLeagueData/EPL/2020,2021-01-27,True
2021-01-27,Chelsea,Wolves,0.663324,0.63192,14630,2020,https://understat.com/getLeagueData/EPL/2020,2021-01-27,True
2021-01-27,Everton,Leicester,0.474981,0.792045,14627,2020,https://understat.com/getLeagueData/EPL/2020,2021-01-27,True
2021-01-27,Man United,Sheffield United,0.9931,0.689548,14628,2020,https://understat.com/getLeagueData/EPL/2020,2021-01-27,True
2021-01-28,Tottenham,Liverpool,0.104586,2.58798,14633,2020,https://understat.com/getLeagueData/EPL/2020,2021-01-28,True
2021-01-30,Arsenal,Man United,0.747166,1.51332,14635,2020,https://understat.com/getLeagueData/EPL/2020,2021-01-30,True
2021-01-30,Crystal Palace,Wolves,1.36877,0.450907,14638,2020,https://understat.com/getLeagueData/EPL/2020,2021-01-30,True
2021-01-30,Everton,Newcastle,0.966012,2.08832,14644,2020,https://understat.com/getLeagueData/EPL/2020,2021-01-30,True
2021-01-30,Man City,Sheffield United,1.53116,0.154537,14642,2020,https://understat.com/getLeagueData/EPL/2020,2021-01-30,True
2021-01-30,Southampton,Aston Villa,2.22557,0.795508,14641,2020,https://understat.com/getLeagueData/EPL/2020,2021-01-30,True
2021-01-30,West Brom,Fulham,0.994664,1.52044,14640,2020,https://understat.com/getLeagueData/EPL/2020,2021-01-30,True
2021-01-31,Brighton,Tottenham,1.77386,0.372524,14636,2020,https://understat.com/getLeagueData/EPL/2020,2021-01-31,True
2021-01-31,Chelsea,Burnley,1.4405,0.390714,14637,2020,https://understat.com/getLeagueData/EPL/2020,2021-01-31,True
2021-01-31,Leicester,Leeds,1.73432,1.8141,14643,2020,https://understat.com/getLeagueData/EPL/2020,2021-01-31,True
2021-01-31,West Ham,Liverpool,0.883061,2.05809,14639,2020,https://understat.com/getLeagueData/EPL/2020,2021-01-31,True
2021-02-02,Man United,Southampton,5.0325,0.507893,14651,2020,https://understat.com/getLeagueData/EPL/2020,2021-02-02,True
2021-02-02,Newcastle,Crystal Palace,1.90755,0.809312,14652,2020,https://understat.com/getLeagueData/EPL/2020,2021-02-02,True
2021-02-02,Sheffield United,West Brom,1.35804,1.61871,14649,2020,https://understat.com/getLeagueData/EPL/2020,2021-02-02,True
2021-02-02,Wolves,Arsenal,1.56162,0.716265,14650,2020,https://understat.com/getLeagueData/EPL/2020,2021-02-02,True
2021-02-03,Aston Villa,West Ham,0.741154,1.79064,14645,2020,https://understat.com/getLeagueData/EPL/2020,2021-02-03,True
2021-02-03,Burnley,Man City,0.0489155,2.12153,14646,2020,https://understat.com/getLeagueData/EPL/2020,2021-02-03,True
2021-02-03,Fulham,Leicester,0.731288,1.71299,14647,2020,https://understat.com/getLeagueData/EPL/2020,2021-02-03,True
2021-02-03,Leeds,Everton,1.14303,1.91539,14648,2020,https://understat.com/getLeagueData/EPL/2020,2021-02-03,True
2021-02-03,Liverpool,Brighton,1.09518,1.18977,14654,2020,https://understat.com/getLeagueData/EPL/2020,2021-02-03,True
2021-02-04,Tottenham,Chelsea,0.569446,2.393,14653,2020,https://understat.com/getLeagueData/EPL/2020,2021-02-04,True
2021-02-06,Aston Villa,Arsenal,1.19792,0.679649,14655,2020,https://understat.com/getLeagueData/EPL/2020,2021-02-06,True
2021-02-06,Burnley,Brighton,1.88934,0.612682,14656,2020,https://understat.com/getLeagueData/EPL/2020,2021-02-06,True
2021-02-06,Fulham,West Ham,1.60884,0.943539,14657,2020,https://understat.com/getLeagueData/EPL/2020,2021-02-06,True
2021-02-06,Man United,Everton,1.71769,1.5571,14660,2020,https://understat.com/getLeagueData/EPL/2020,2021-02-06,True
2021-02-06,Newcastle,Southampton,0.910553,1.43445,14661,2020,https://understat.com/getLeagueData/EPL/2020,2021-02-06,True
2021-02-07,Liverpool,Man City,1.17728,3.55196,14659,2020,https://understat.com/getLeagueData/EPL/2020,2021-02-07,True
2021-02-07,Sheffield United,Chelsea,0.623045,1.64144,14662,2020,https://understat.com/getLeagueData/EPL/2020,2021-02-07,True
2021-02-07,Tottenham,West Brom,1.92997,0.698686,14663,2020,https://understat.com/getLeagueData/EPL/2020,2021-02-07,True
2021-02-07,Wolves,Leicester,1.35506,0.632232,14664,2020,https://understat.com/getLeagueData/EPL/2020,2021-02-07,True
2021-02-08,Leeds,Crystal Palace,2.64769,0.370278,14658,2020,https://understat.com/getLeagueData/EPL/2020,2021-02-08,True
2021-02-13,Brighton,Aston Villa,2.33232,0.144036,14666,2020,https://understat.com/getLeagueData/EPL/2020,2021-02-13,True
2021-02-13,Crystal Palace,Burnley,0.645616,1.95502,14668,2020,https://understat.com/getLeagueData/EPL/2020,2021-02-13,True
2021-02-13,Leicester,Liverpool,2.07383,1.68325,14670,2020,https://understat.com/getLeagueData/EPL/2020,2021-02-13,True
2021-02-13,Man City,Tottenham,2.46219,0.4235,14671,2020,https://understat.com/getLeagueData/EPL/2020,2021-02-13,True
2021-02-14,Arsenal,Leeds,2.50614,0.77074,14665,2020,https://understat.com/getLeagueData/EPL/2020,2021-02-14,True
2021-02-14,Everton,Fulham,0.314075,2.55085,14669,2020,https://understat.com/getLeagueData/EPL/2020,2021-02-14,True
2021-02-14,Southampton,Wolves,0.8536,1.09361,14672,2020,https://understat.com/getLeagueData/EPL/2020,2021-02-14,True
2021-02-14,West Brom,Man United,0.945964,0.423885,14673,2020,https://understat.com/getLeagueData/EPL/2020,2021-02-14,True
2021-02-15,Chelsea,Newcastle,2.5428,0.432603,14667,2020,https://understat.com/getLeagueData/EPL/2020,2021-02-15,True
2021-02-15,West Ham,Sheffield United,2.32735,0.926652,14674,2020,https://understat.com/getLeagueData/EPL/2020,2021-02-15,True
2021-02-17,Burnley,Fulham,1.20642,0.594471,14602,2020,https://understat.com/getLeagueData/EPL/2020,2021-02-17,True
2021-02-17,Everton,Man City,1.04664,1.23218,14593,2020,https://understat.com/getLeagueData/EPL/2020,2021-02-17,True
2021-02-19,Wolves,Leeds,0.592049,2.4793,14684,2020,https://understat.com/getLeagueData/EPL/2020,2021-02-19,True
2021-02-20,Burnley,West Brom,0.535153,1.71922,14678,2020,https://understat.com/getLeagueData/EPL/2020,2021-02-20,True
2021-02-20,Fulham,Sheffield United,1.21006,0.977747,14679,2020,https://understat.com/getLeagueData/EPL/2020,2021-02-20,True
2021-02-20,Liverpool,Everton,1.54046,2.01468,14680,2020,https://understat.com/getLeagueData/EPL/2020,2021-02-20,True
2021-02-20,Southampton,Chelsea,0.496603,1.44849,14682,2020,https://understat.com/getLeagueData/EPL/2020,2021-02-20,True
2021-02-21,Arsenal,Man City,0.331188,2.08868,14675,2020,https://understat.com/getLeagueData/EPL/2020,2021-02-21,True
2021-02-21,Aston Villa,Leicester,1.7084,1.23852,14676,2020,https://understat.com/getLeagueData/EPL/2020,2021-02-21,True
2021-02-21,Man United,Newcastle,1.7256,0.341778,14681,2020,https://understat.com/getLeagueData/EPL/2020,2021-02-21,True
2021-02-21,West Ham,Tottenham,1.09246,0.770706,14683,2020,https://understat.com/getLeagueData/EPL/2020,2021-02-21,True
2021-02-22,Brighton,Crystal Palace,2.59204,0.179886,14677,2020,https://understat.com/getLeagueData/EPL/2020,2021-02-22,True
2021-02-23,Leeds,Southampton,1.84753,1.47981,14608,2020,https://understat.com/getLeagueData/EPL/2020,2021-02-23,True
2021-02-27,Leeds,Aston Villa,1.00106,0.876255,14691,2020,https://understat.com/getLeagueData/EPL/2020,2021-02-27,True
2021-02-27,Man City,West Ham,0.760574,1.92892,14689,2020,https://understat.com/getLeagueData/EPL/2020,2021-02-27,True
2021-02-27,Newcastle,Wolves,1.9519,1.27827,14688,2020,https://understat.com/getLeagueData/EPL/2020,2021-02-27,True
2021-02-27,West Brom,Brighton,0.687091,3.12111,14692,2020,https://understat.com/getLeagueData/EPL/2020,2021-02-27,True
2021-02-28,Chelsea,Man United,1.17294,0.35954,14685,2020,https://understat.com/getLeagueData/EPL/2020,2021-02-28,True
2021-02-28,Crystal Palace,Fulham,0.0880148,0.813134,14687,2020,https://understat.com/getLeagueData/EPL/2020,2021-02-28,True
2021-02-28,Leicester,Arsenal,0.533575,2.1065,14690,2020,https://understat.com/getLeagueData/EPL/2020,2021-02-28,True
2021-02-28,Sheffield United,Liverpool,0.777149,2.80551,14694,2020,https://understat.com/getLeagueData/EPL/2020,2021-02-28,True
2021-02-28,Tottenham,Burnley,2.35788,0.603212,14693,2020,https://understat.com/getLeagueData/EPL/2020,2021-02-28,True
2021-03-01,Everton,Southampton,1.42054,0.665743,14686,2020,https://understat.com/getLeagueData/EPL/2020,2021-03-01,True
2021-03-02,Man City,Wolves,3.26196,0.318824,14720,2020,https://understat.com/getLeagueData/EPL/2020,2021-03-02,True
2021-03-03,Burnley,Leicester,1.26793,1.24109,14716,2020,https://understat.com/getLeagueData/EPL/2020,2021-03-03,True
2021-03-03,Crystal Palace,Man United,0.742397,0.584016,14717,2020,https://understat.com/getLeagueData/EPL/2020,2021-03-03,True
2021-03-03,Sheffield United,Aston Villa,0.716254,1.44176,14721,2020,https://understat.com/getLeagueData/EPL/2020,2021-03-03,True
2021-03-04,Fulham,Tottenham,1.1715,1.5519,14757,2020,https://understat.com/getLeagueData/EPL/2020,2021-03-04,True
2021-03-04,Liverpool,Chelsea,0.247034,1.22635,14719,2020,https://understat.com/getLeagueData/EPL/2020,2021-03-04,True
2021-03-04,West Brom,Everton,1.02038,1.40789,14723,2020,https://understat.com/getLeagueData/EPL/2020,2021-03-04,True
2021-03-06,Aston Villa,Wolves,0.956392,2.15087,14695,2020,https://understat.com/getLeagueData/EPL/2020,2021-03-06,True
2021-03-06,Brighton,Leicester,0.75471,1.03801,14696,2020,https://understat.com/getLeagueData/EPL/2020,2021-03-06,True
2021-03-06,Burnley,Arsenal,1.10374,2.53692,14697,2020,https://understat.com/getLeagueData/EPL/2020,2021-03-06,True
2021-03-06,Sheffield United,Southampton,0.908155,2.37386,14701,2020,https://understat.com/getLeagueData/EPL/2020,2021-03-06,True
2021-03-07,Liverpool,Fulham,0.701764,1.37047,14699,2020,https://understat.com/getLeagueData/EPL/2020,2021-03-07,True
2021-03-07,Man City,Man United,1.27561,2.11411,14700,2020,https://understat.com/getLeagueData/EPL/2020,2021-03-07,True
2021-03-07,Tottenham,Crystal Palace,2.24159,0.559383,14702,2020,https://understat.com/getLeagueData/EPL/2020,2021-03-07,True
2021-03-07,West Brom,Newcastle,1.46503,0.454577,14703,2020,https://understat.com/getLeagueData/EPL/2020,2021-03-07,True
2021-03-08,Chelsea,Everton,2.57224,0.270757,14698,2020,https://understat.com/getLeagueData/EPL/2020,2021-03-08,True
2021-03-08,West Ham,Leeds,2.37556,1.34971,14704,2020,https://understat.com/getLeagueData/EPL/2020,2021-03-08,True
2021-03-10,Man City,Southampton,3.10503,1.60561,14761,2020,https://understat.com/getLeagueData/EPL/2020,2021-03-10,True
2021-03-12,Newcastle,Aston Villa,0.873171,0.748665,14712,2020,https://understat.com/getLeagueData/EPL/2020,2021-03-12,True
2021-03-13,Crystal Palace,West Brom,1.30694,0.513439,14706,2020,https://understat.com/getLeagueData/EPL/2020,2021-03-13,True
2021-03-13,Everton,Burnley,1.69849,0.74852,14707,2020,https://understat.com/getLeagueData/EPL/2020,2021-03-13,True
2021-03-13,Fulham,Man City,0.449499,2.72578,14708,2020,https://understat.com/getLeagueData/EPL/2020,2021-03-13,True
2021-03-13,Leeds,Chelsea,0.382957,0.971054,14709,2020,https://understat.com/getLeagueData/EPL/2020,2021-03-13,True
2021-03-14,Arsenal,Tottenham,1.56529,0.705566,14705,2020,https://understat.com/getLeagueData/EPL/2020,2021-03-14,True
2021-03-14,Leicester,Sheffield United,4.54571,0.0934777,14710,2020,https://understat.com/getLeagueData/EPL/2020,2021-03-14,True
2021-03-14,Man United,West Ham,1.70128,0.463737,14711,2020,https://understat.com/getLeagueData/EPL/2020,2021-03-14,True
2021-03-14,Southampton,Brighton,1.03495,0.895967,14713,2020,https://understat.com/getLeagueData/EPL/2020,2021-03-14,True
2021-03-15,Wolves,Liverpool,1.29175,1.0552,14714,2020,https://understat.com/getLeagueData/EPL/2020,2021-03-15,True
2021-03-19,Fulham,Leeds,1.47498,1.40706,14718,2020,https://understat.com/getLeagueData/EPL/2020,2021-03-19,True
2021-03-20,Brighton,Newcastle,0.951921,0.100945,14715,2020,https://understat.com/getLeagueData/EPL/2020,2021-03-20,True
2021-03-21,Aston Villa,Tottenham,0.439681,1.72011,14606,2020,https://understat.com/getLeagueData/EPL/2020,2021-03-21,True
2021-03-21,West Ham,Arsenal,2.50629,1.35217,14724,2020,https://understat.com/getLeagueData/EPL/2020,2021-03-21,True
2021-04-03,Arsenal,Liverpool,0.161161,2.43732,14725,2020,https://understat.com/getLeagueData/EPL/2020,2021-04-03,True
2021-04-03,Chelsea,West Brom,2.55917,1.38315,14727,2020,https://understat.com/getLeagueData/EPL/2020,2021-04-03,True
2021-04-03,Leeds,Sheffield United,2.50597,0.867652,14729,2020,https://understat.com/getLeagueData/EPL/2020,2021-04-03,True
2021-04-03,Leicester,Man City,0.284781,1.98438,14730,2020,https://understat.com/getLeagueData/EPL/2020,2021-04-03,True
2021-04-04,Aston Villa,Fulham,1.52229,1.52172,14726,2020,https://understat.com/getLeagueData/EPL/2020,2021-04-04,True
2021-04-04,Man United,Brighton,1.73474,1.41071,14731,2020,https://understat.com/getLeagueData/EPL/2020,2021-04-04,True
2021-04-04,Newcastle,Tottenham,3.30098,2.43683,14732,2020,https://understat.com/getLeagueData/EPL/2020,2021-04-04,True
2021-04-04,Southampton,Burnley,2.40272,1.50285,14733,2020,https://understat.com/getLeagueData/EPL/2020,2021-04-04,True
2021-04-05,Everton,Crystal Palace,2.53386,0.603749,14728,2020,https://understat.com/getLeagueData/EPL/2020,2021-04-05,True
2021-04-05,Wolves,West Ham,1.95649,1.59694,14734,2020,https://understat.com/getLeagueData/EPL/2020,2021-04-05,True
2021-04-09,Fulham,Wolves,0.733154,0.428134,14738,2020,https://understat.com/getLeagueData/EPL/2020,2021-04-09,True
2021-04-10,Crystal Palace,Chelsea,0.602167,3.85472,14737,2020,https://understat.com/getLeagueData/EPL/2020,2021-04-10,True
2021-04-10,Liverpool,Aston Villa,2.14592,0.760621,14739,2020,https://understat.com/getLeagueData/EPL/2020,2021-04-10,True
2021-04-10,Man City,Leeds,1.98825,0.17525,14740,2020,https://understat.com/getLeagueData/EPL/2020,2021-04-10,True
2021-04-11,Burnley,Newcastle,1.84262,1.34279,14736,2020,https://understat.com/getLeagueData/EPL/2020,2021-04-11,True
2021-04-11,Sheffield United,Arsenal,0.315121,1.93838,14741,2020,https://understat.com/getLeagueData/EPL/2020,2021-04-11,True
2021-04-11,Tottenham,Man United,0.921801,2.09737,14742,2020,https://understat.com/getLeagueData/EPL/2020,2021-04-11,True
2021-04-11,West Ham,Leicester,1.02408,1.17188,14744,2020,https://understat.com/getLeagueData/EPL/2020,2021-04-11,True
2021-04-12,Brighton,Everton,1.16465,0.306287,14735,2020,https://understat.com/getLeagueData/EPL/2020,2021-04-12,True
2021-04-12,West Brom,Southampton,2.77089,1.5002,14743,2020,https://understat.com/getLeagueData/EPL/2020,2021-04-12,True
2021-04-16,Everton,Tottenham,2.26022,1.4815,14748,2020,https://understat.com/getLeagueData/EPL/2020,2021-04-16,True
2021-04-17,Newcastle,West Ham,2.4314,2.06741,14752,2020,https://understat.com/getLeagueData/EPL/2020,2021-04-17,True
2021-04-17,Wolves,Sheffield United,1.22604,0.295925,14754,2020,https://understat.com/getLeagueData/EPL/2020,2021-04-17,True
2021-04-18,Arsenal,Fulham,2.85573,0.839128,14745,2020,https://understat.com/getLeagueData/EPL/2020,2021-04-18,True
2021-04-18,Man United,Burnley,2.87455,0.959804,14751,2020,https://understat.com/getLeagueData/EPL/2020,2021-04-18,True
2021-04-19,Leeds,Liverpool,2.59719,1.60043,14749,2020,https://understat.com/getLeagueData/EPL/2020,2021-04-19,True
2021-04-20,Chelsea,Brighton,0.807348,0.459568,14747,2020,https://understat.com/getLeagueData/EPL/2020,2021-04-20,True
2021-04-21,Aston Villa,Man City,0.801733,1.5634,14746,2020,https://understat.com/getLeagueData/EPL/2020,2021-04-21,True
2021-04-21,Tottenham,Southampton,1.28824,1.06134,14722,2020,https://understat.com/getLeagueData/EPL/2020,2021-04-21,True
2021-04-22,Leicester,West Brom,2.6712,0.277126,14750,2020,https://understat.com/getLeagueData/EPL/2020,2021-04-22,True
2021-04-23,Arsenal,Everton,0.735767,0.529676,14755,2020,https://understat.com/getLeagueData/EPL/2020,2021-04-23,True
2021-04-24,Liverpool,Newcastle,2.84708,0.860694,14760,2020,https://understat.com/getLeagueData/EPL/2020,2021-04-24,True
2021-04-24,Sheffield United,Brighton,0.786324,2.06038,14762,2020,https://understat.com/getLeagueData/EPL/2020,2021-04-24,True
2021-04-24,West Ham,Chelsea,0.267123,2.52059,14763,2020,https://understat.com/getLeagueData/EPL/2020,2021-04-24,True
2021-04-25,Aston Villa,West Brom,2.65394,1.56764,14756,2020,https://understat.com/getLeagueData/EPL/2020,2021-04-25,True
2021-04-25,Leeds,Man United,0.216834,1.11635,14758,2020,https://understat.com/getLeagueData/EPL/2020,2021-04-25,True
2021-04-25,Wolves,Burnley,0.351673,2.24049,14764,2020,https://understat.com/getLeagueData/EPL/2020,2021-04-25,True
2021-04-26,Leicester,Crystal Palace,1.23419,0.723112,14759,2020,https://understat.com/getLeagueData/EPL/2020,2021-04-26,True
2021-04-30,Southampton,Leicester,0.954057,2.51518,14772,2020,https://understat.com/getLeagueData/EPL/2020,2021-04-30,True
2021-05-01,Brighton,Leeds,2.52542,0.510874,14765,2020,https://understat.com/getLeagueData/EPL/2020,2021-05-01,True
2021-05-01,Chelsea,Fulham,1.8433,0.290042,14767,2020,https://understat.com/getLeagueData/EPL/2020,2021-05-01,True
2021-05-01,Crystal Palace,Man City,0.361866,2.04443,14768,2020,https://understat.com/getLeagueData/EPL/2020,2021-05-01,True
2021-05-01,Everton,Aston Villa,1.223,1.58811,14769,2020,https://understat.com/getLeagueData/EPL/2020,2021-05-01,True
2021-05-02,Newcastle,Arsenal,0.172988,1.78751,14771,2020,https://understat.com/getLeagueData/EPL/2020,2021-05-02,True
2021-05-02,Tottenham,Sheffield United,2.26016,0.469026,14773,2020,https://understat.com/getLeagueData/EPL/2020,2021-05-02,True
2021-05-03,Burnley,West Ham,1.68312,2.42477,14766,2020,https://understat.com/getLeagueData/EPL/2020,2021-05-03,True
2021-05-03,West Brom,Wolves,1.07133,0.844138,14774,2020,https://understat.com/getLeagueData/EPL/2020,2021-05-03,True
2021-05-07,Leicester,Newcastle,2.315,2.87261,14779,2020,https://understat.com/getLeagueData/EPL/2020,2021-05-07,True
2021-05-08,Leeds,Tottenham,2.55216,1.03384,14778,2020,https://understat.com/getLeagueData/EPL/2020,2021-05-08,True
2021-05-08,Liverpool,Southampton,2.26367,1.2289,14780,2020,https://understat.com/getLeagueData/EPL/2020,2021-05-08,True
2021-05-08,Man City,Chelsea,1.79168,0.619724,14781,2020,https://understat.com/getLeagueData/EPL/2020,2021-05-08,True
2021-05-08,Sheffield United,Crystal Palace,0.639325,2.25382,14782,2020,https://understat.com/getLeagueData/EPL/2020,2021-05-08,True
2021-05-09,Arsenal,West Brom,1.07042,1.83076,14775,2020,https://understat.com/getLeagueData/EPL/2020,2021-05-09,True
2021-05-09,Aston Villa,Man United,0.565472,1.88793,14776,2020,https://understat.com/getLeagueData/EPL/2020,2021-05-09,True
2021-05-09,West Ham,Everton,1.09704,1.56222,14783,2020,https://understat.com/getLeagueData/EPL/2020,2021-05-09,True
2021-05-09,Wolves,Brighton,1.1199,0.27571,14784,2020,https://understat.com/getLeagueData/EPL/2020,2021-05-09,True
2021-05-10,Fulham,Burnley,0.778074,1.65831,14777,2020,https://understat.com/getLeagueData/EPL/2020,2021-05-10,True
2021-05-11,Man United,Leicester,0.212874,0.991522,14788,2020,https://understat.com/getLeagueData/EPL/2020,2021-05-11,True
2021-05-11,Southampton,Crystal Palace,1.58872,1.32586,14753,2020,https://understat.com/getLeagueData/EPL/2020,2021-05-11,True
2021-05-12,Chelsea,Arsenal,1.56786,0.692043,14790,2020,https://understat.com/getLeagueData/EPL/2020,2021-05-12,True
2021-05-13,Aston Villa,Everton,0.558976,0.975408,14616,2020,https://understat.com/getLeagueData/EPL/2020,2021-05-13,True
2021-05-13,Man United,Liverpool,1.71328,2.938,14770,2020,https://understat.com/getLeagueData/EPL/2020,2021-05-13,True
2021-05-14,Newcastle,Man City,2.18312,1.477,14791,2020,https://understat.com/getLeagueData/EPL/2020,2021-05-14,True
2021-05-15,Brighton,West Ham,0.922587,1.92378,14785,2020,https://understat.com/getLeagueData/EPL/2020,2021-05-15,True
2021-05-15,Burnley,Leeds,1.41338,1.85654,14786,2020,https://understat.com/getLeagueData/EPL/2020,2021-05-15,True
2021-05-15,Southampton,Fulham,2.29146,0.875957,14792,2020,https://understat.com/getLeagueData/EPL/2020,2021-05-15,True
2021-05-16,Crystal Palace,Aston Villa,1.95285,1.2303,14794,2020,https://understat.com/getLeagueData/EPL/2020,2021-05-16,True
2021-05-16,Everton,Sheffield United,1.24609,1.391,14787,2020,https://understat.com/getLeagueData/EPL/2020,2021-05-16,True
2021-05-16,Tottenham,Wolves,3.13947,1.09206,14793,2020,https://understat.com/getLeagueData/EPL/2020,2021-05-16,True
2021-05-16,West Brom,Liverpool,1.14202,2.07854,14789,2020,https://understat.com/getLeagueData/EPL/2020,2021-05-16,True
2021-05-18,Brighton,Man City,1.22824,1.07139,14795,2020,https://understat.com/getLeagueData/EPL/2020,2021-05-18,True
2021-05-18,Chelsea,Leicester,2.86149,0.832596,14797,2020,https://understat.com/getLeagueData/EPL/2020,2021-05-18,True
2021-05-18,Man United,Fulham,0.92243,0.872643,14800,2020,https://understat.com/getLeagueData/EPL/2020,2021-05-18,True
2021-05-18,Southampton,Leeds,1.3084,1.58132,14802,2020,https://understat.com/getLeagueData/EPL/2020,2021-05-18,True
2021-05-19,Burnley,Liverpool,0.837048,2.73316,14796,2020,https://understat.com/getLeagueData/EPL/2020,2021-05-19,True
2021-05-19,Crystal Palace,Arsenal,0.998377,1.7945,14798,2020,https://understat.com/getLeagueData/EPL/2020,2021-05-19,True
2021-05-19,Everton,Wolves,0.670997,0.265526,14799,2020,https://understat.com/getLeagueData/EPL/2020,2021-05-19,True
2021-05-19,Newcastle,Sheffield United,1.82508,0.882242,14801,2020,https://understat.com/getLeagueData/EPL/2020,2021-05-19,True
2021-05-19,Tottenham,Aston Villa,0.89279,1.63669,14803,2020,https://understat.com/getLeagueData/EPL/2020,2021-05-19,True
2021-05-19,West Brom,West Ham,1.10741,3.56991,14804,2020,https://understat.com/getLeagueData/EPL/2020,2021-05-19,True
2021-05-23,Arsenal,Brighton,0.772904,0.193968,14805,2020,https://understat.com/getLeagueData/EPL/2020,2021-05-23,True
2021-05-23,Aston Villa,Chelsea,0.980413,3.43414,14806,2020,https://understat.com/getLeagueData/EPL/2020,2021-05-23,True
2021-05-23,Fulham,Newcastle,0.98902,1.60157,14807,2020,https://understat.com/getLeagueData/EPL/2020,2021-05-23,True
2021-05-23,Leeds,West Brom,2.49009,1.02209,14808,2020,https://understat.com/getLeagueData/EPL/2020,2021-05-23,True
2021-05-23,Leicester,Tottenham,1.82554,1.85229,14809,2020,https://understat.com/getLeagueData/EPL/2020,2021-05-23,True
2021-05-23,Liverpool,Crystal Palace,2.20348,0.772317,14810,2020,https://understat.com/getLeagueData/EPL/2020,2021-05-23,True
2021-05-23,Man City,Everton,2.88355,1.07258,14811,2020,https://understat.com/getLeagueData/EPL/2020,2021-05-23,True
2021-05-23,Sheffield United,Burnley,0.420006,0.558508,14812,2020,https://understat.com/getLeagueData/EPL/2020,2021-05-23,True
2021-05-23,West Ham,Southampton,1.98344,1.35179,14813,2020,https://understat.com/getLeagueData/EPL/2020,2021-05-23,True
2021-05-23,Wolves,Man United,0.701256,2.05229,14814,2020,https://understat.com/getLeagueData/EPL/2020,2021-05-23,True
2021-08-13,Brentford,Arsenal,1.88818,1.02385,16376,2021,https://understat.com/getLeagueData/EPL/2021,2021-08-13,True
2021-08-14,Burnley,Brighton,1.79548,1.6853,16378,2021,https://understat.com/getLeagueData/EPL/2021,2021-08-14,True
2021-08-14,Chelsea,Crystal Palace,1.18709,0.321701,16379,2021,https://understat.com/getLeagueData/EPL/2021,2021-08-14,True
2021-08-14,Everton,Southampton,2.38863,0.580601,16380,2021,https://understat.com/getLeagueData/EPL/2021,2021-08-14,True
2021-08-14,Leicester,Wolves,0.668082,1.32714,16381,2021,https://understat.com/getLeagueData/EPL/2021,2021-08-14,True
2021-08-14,Man United,Leeds,1.64248,0.568342,16377,2021,https://understat.com/getLeagueData/EPL/2021,2021-08-14,True
2021-08-14,Norwich,Liverpool,1.3333,1.78728,16383,2021,https://understat.com/getLeagueData/EPL/2021,2021-08-14,True
2021-08-14,Watford,Aston Villa,1.35036,1.13718,16382,2021,https://understat.com/getLeagueData/EPL/2021,2021-08-14,True
2021-08-15,Newcastle,West Ham,1.67926,3.00939,16384,2021,https://understat.com/getLeagueData/EPL/2021,2021-08-15,True
2021-08-15,Tottenham,Man City,1.06014,2.10585,16385,2021,https://understat.com/getLeagueData/EPL/2021,2021-08-15,True
2021-08-21,Aston Villa,Newcastle,1.18426,0.63163,16388,2021,https://understat.com/getLeagueData/EPL/2021,2021-08-21,True
2021-08-21,Brighton,Watford,1.77896,0.407224,16391,2021,https://understat.com/getLeagueData/EPL/2021,2021-08-21,True
2021-08-21,Crystal Palace,Brentford,0.606313,0.712439,16389,2021,https://understat.com/getLeagueData/EPL/2021,2021-08-21,True
2021-08-21,Leeds,Everton,0.966093,1.85713,16390,2021,https://understat.com/getLeagueData/EPL/2021,2021-08-21,True
2021-08-21,Liverpool,Burnley,2.63945,0.690464,16386,2021,https://understat.com/getLeagueData/EPL/2021,2021-08-21,True
2021-08-21,Man City,Norwich,2.43928,0.0250088,16387,2021,https://understat.com/getLeagueData/EPL/2021,2021-08-21,True
2021-08-22,Arsenal,Chelsea,0.630099,3.64132,16394,2021,https://understat.com/getLeagueData/EPL/2021,2021-08-22,True
2021-08-22,Southampton,Man United,0.587526,2.26173,16392,2021,https://understat.com/getLeagueData/EPL/2021,2021-08-22,True
2021-08-22,Wolves,Tottenham,1.51127,1.72636,16393,2021,https://understat.com/getLeagueData/EPL/2021,2021-08-22,True
2021-08-23,West Ham,Leicester,2.28613,0.62676,16395,2021,https://understat.com/getLeagueData/EPL/2021,2021-08-23,True
2021-08-28,Aston Villa,Brentford,0.431464,1.13312,16399,2021,https://understat.com/getLeagueData/EPL/2021,2021-08-28,True
2021-08-28,Brighton,Everton,0.701622,1.54868,16400,2021,https://understat.com/getLeagueData/EPL/2021,2021-08-28,True
2021-08-28,Liverpool,Chelsea,2.08462,0.573638,16402,2021,https://understat.com/getLeagueData/EPL/2021,2021-08-28,True
2021-08-28,Man City,Arsenal,4.47273,0.116805,16396,2021,https://understat.com/getLeagueData/EPL/2021,2021-08-28,True
2021-08-28,Newcastle,Southampton,1.19077,3.46036,16397,2021,https://understat.com/getLeagueData/EPL/2021,2021-08-28,True
2021-08-28,Norwich,Leicester,1.44084,1.27371,16398,2021,https://understat.com/getLeagueData/EPL/2021,2021-08-28,True
2021-08-28,West Ham,Crystal Palace,1.44748,1.67658,16401,2021,https://understat.com/getLeagueData/EPL/2021,2021-08-28,True
2021-08-29,Burnley,Leeds,1.71102,1.52078,16403,2021,https://understat.com/getLeagueData/EPL/2021,2021-08-29,True
2021-08-29,Tottenham,Watford,0.920963,0.596016,16404,2021,https://understat.com/getLeagueData/EPL/2021,2021-08-29,True
2021-08-29,Wolves,Man United,1.79575,0.944083,16405,2021,https://understat.com/getLeagueData/EPL/2021,2021-08-29,True
2021-09-11,Arsenal,Norwich,2.68515,0.577292,16407,2021,https://understat.com/getLeagueData/EPL/2021,2021-09-11,True
2021-09-11,Brentford,Brighton,0.729786,0.287902,16408,2021,https://understat.com/getLeagueData/EPL/2021,2021-09-11,True
2021-09-11,Chelsea,Aston Villa,1.22153,1.17349,16413,2021,https://understat.com/getLeagueData/EPL/2021,2021-09-11,True
2021-09-11,Crystal Palace,Tottenham,2.89372,0.0775646,16406,2021,https://understat.com/getLeagueData/EPL/2021,2021-09-11,True
2021-09-11,Leicester,Man City,0.8001,2.75058,16409,2021,https://understat.com/getLeagueData/EPL/2021,2021-09-11,True
2021-09-11,Man United,Newcastle,2.77326,0.622042,16410,2021,https://understat.com/getLeagueData/EPL/2021,2021-09-11,True
2021-09-11,Southampton,West Ham,0.692135,0.725407,16411,2021,https://understat.com/getLeagueData/EPL/2021,2021-09-11,True
2021-09-11,Watford,Wolves,0.185407,2.55922,16412,2021,https://understat.com/getLeagueData/EPL/2021,2021-09-11,True
2021-09-12,Leeds,Liverpool,0.652514,4.4016,16414,2021,https://understat.com/getLeagueData/EPL/2021,2021-09-12,True
2021-09-13,Everton,Burnley,1.80386,1.82061,16415,2021,https://understat.com/getLeagueData/EPL/2021,2021-09-13,True
2021-09-17,Newcastle,Leeds,1.17668,1.42995,16416,2021,https://understat.com/getLeagueData/EPL/2021,2021-09-17,True
2021-09-18,Aston Villa,Everton,0.777716,0.755035,16422,2021,https://understat.com/getLeagueData/EPL/2021,2021-09-18,True
2021-09-18,Burnley,Arsenal,0.775574,1.09928,16419,2021,https://understat.com/getLeagueData/EPL/2021,2021-09-18,True
2021-09-18,Liverpool,Crystal Palace,2.76793,0.644168,16420,2021,https://understat.com/getLeagueData/EPL/2021,2021-09-18,True
2021-09-18,Man City,Southampton,1.22451,0.490923,16421,2021,https://understat.com/getLeagueData/EPL/2021,2021-09-18,True
2021-09-18,Norwich,Watford,0.782665,2.42487,16418,2021,https://understat.com/getLeagueData/EPL/2021,2021-09-18,True
2021-09-18,Wolves,Brentford,1.02316,2.32741,16417,2021,https://understat.com/getLeagueData/EPL/2021,2021-09-18,True
2021-09-19,Brighton,Leicester,1.47438,1.25373,16423,2021,https://understat.com/getLeagueData/EPL/2021,2021-09-19,True
2021-09-19,Tottenham,Chelsea,0.70567,2.5869,16425,2021,https://understat.com/getLeagueData/EPL/2021,2021-09-19,True
2021-09-19,West Ham,Man United,1.6671,1.8954,16424,2021,https://understat.com/getLeagueData/EPL/2021,2021-09-19,True
2021-09-25,Brentford,Liverpool,2.94058,2.25736,16432,2021,https://understat.com/getLeagueData/EPL/2021,2021-09-25,True
2021-09-25,Chelsea,Man City,0.194202,1.69244,16426,2021,https://understat.com/getLeagueData/EPL/2021,2021-09-25,True
2021-09-25,Everton,Norwich,2.26681,0.800903,16428,2021,https://understat.com/getLeagueData/EPL/2021,2021-09-25,True
2021-09-25,Leeds,West Ham,1.1967,1.98962,16429,2021,https://understat.com/getLeagueData/EPL/2021,2021-09-25,True
2021-09-25,Leicester,Burnley,2.16233,0.428866,16430,2021,https://understat.com/getLeagueData/EPL/2021,2021-09-25,True
2021-09-25,Man United,Aston Villa,1.9251,1.57249,16431,2021,https://understat.com/getLeagueData/EPL/2021,2021-09-25,True
2021-09-25,Watford,Newcastle,0.904061,2.52338,16427,2021,https://understat.com/getLeagueData/EPL/2021,2021-09-25,True
2021-09-26,Arsenal,Tottenham,1.44499,0.980166,16434,2021,https://understat.com/getLeagueData/EPL/2021,2021-09-26,True
2021-09-26,Southampton,Wolves,0.909342,0.909833,16433,2021,https://understat.com/getLeagueData/EPL/2021,2021-09-26,True
2021-09-27,Crystal Palace,Brighton,1.36836,0.649566,16435,2021,https://understat.com/getLeagueData/EPL/2021,2021-09-27,True
2021-10-02,Brighton,Arsenal,1.11551,0.36431,16436,2021,https://understat.com/getLeagueData/EPL/2021,2021-10-02,True
2021-10-02,Burnley,Norwich,0.584725,0.673617,16437,2021,https://understat.com/getLeagueData/EPL/2021,2021-10-02,True
2021-10-02,Chelsea,Southampton,3.79243,1.52634,16438,2021,https://understat.com/getLeagueData/EPL/2021,2021-10-02,True
2021-10-02,Leeds,Watford,1.57388,0.192794,16440,2021,https://understat.com/getLeagueData/EPL/2021,2021-10-02,True
2021-10-02,Man United,Everton,1.0496,1.32211,16442,2021,https://understat.com/getLeagueData/EPL/2021,2021-10-02,True
2021-10-02,Wolves,Newcastle,1.15849,0.865217,16445,2021,https://understat.com/getLeagueData/EPL/2021,2021-10-02,True
2021-10-03,Crystal Palace,Leicester,1.1703,1.04322,16439,2021,https://understat.com/getLeagueData/EPL/2021,2021-10-03,True
2021-10-03,Liverpool,Man City,0.949368,1.04319,16441,2021,https://understat.com/getLeagueData/EPL/2021,2021-10-03,True
2021-10-03,Tottenham,Aston Villa,1.78187,1.07395,16443,2021,https://understat.com/getLeagueData/EPL/2021,2021-10-03,True
2021-10-03,West Ham,Brentford,1.37258,1.30098,16444,2021,https://understat.com/getLeagueData/EPL/2021,2021-10-03,True
2021-10-16,Aston Villa,Wolves,1.21276,2.19633,16447,2021,https://understat.com/getLeagueData/EPL/2021,2021-10-16,True
2021-10-16,Brentford,Chelsea,1.62169,0.248256,16448,2021,https://understat.com/getLeagueData/EPL/2021,2021-10-16,True
2021-10-16,Leicester,Man United,2.96611,1.02494,16450,2021,https://understat.com/getLeagueData/EPL/2021,2021-10-16,True
2021-10-16,Man City,Burnley,2.15712,1.07719,16451,2021,https://understat.com/getLeagueData/EPL/2021,2021-10-16,True
2021-10-16,Norwich,Brighton,1.16088,1.17572,16453,2021,https://understat.com/getLeagueData/EPL/2021,2021-10-16,True
2021-10-16,Southampton,Leeds,1.83082,0.446173,16454,2021,https://understat.com/getLeagueData/EPL/2021,2021-10-16,True
2021-10-16,Watford,Liverpool,0.302302,3.65553,16455,2021,https://understat.com/getLeagueData/EPL/2021,2021-10-16,True
2021-10-17,Everton,West Ham,0.854165,2.03034,16449,2021,https://understat.com/getLeagueData/EPL/2021,2021-10-17,True
2021-10-17,Newcastle,Tottenham,0.645658,1.55008,16452,2021,https://understat.com/getLeagueData/EPL/2021,2021-10-17,True
2021-10-18,Arsenal,Crystal Palace,1.7436,0.492239,16446,2021,https://understat.com/getLeagueData/EPL/2021,2021-10-18,True
2021-10-22,Arsenal,Aston Villa,3.4984,1.41088,16456,2021,https://understat.com/getLeagueData/EPL/2021,2021-10-22,True
2021-10-23,Brighton,Man City,1.1695,3.57376,16458,2021,https://understat.com/getLeagueData/EPL/2021,2021-10-23,True
2021-10-23,Chelsea,Norwich,3.10509,0.267429,16459,2021,https://understat.com/getLeagueData/EPL/2021,2021-10-23,True
2021-10-23,Crystal Palace,Newcastle,2.25588,0.721813,16460,2021,https://understat.com/getLeagueData/EPL/2021,2021-10-23,True
2021-10-23,Everton,Watford,1.84089,3.10344,16461,2021,https://understat.com/getLeagueData/EPL/2021,2021-10-23,True
2021-10-23,Leeds,Wolves,1.71313,0.858644,16462,2021,https://understat.com/getLeagueData/EPL/2021,2021-10-23,True
2021-10-23,Southampton,Burnley,1.42567,0.673195,16464,2021,https://understat.com/getLeagueData/EPL/2021,2021-10-23,True
2021-10-24,Brentford,Leicester,1.16789,1.00254,16457,2021,https://understat.com/getLeagueData/EPL/2021,2021-10-24,True
2021-10-24,Man United,Liverpool,1.35584,4.04765,16463,2021,https://understat.com/getLeagueData/EPL/2021,2021-10-24,True
2021-10-24,West Ham,Tottenham,1.73468,0.672198,16465,2021,https://understat.com/getLeagueData/EPL/2021,2021-10-24,True
2021-10-30,Burnley,Brentford,2.72901,0.834312,16467,2021,https://understat.com/getLeagueData/EPL/2021,2021-10-30,True
2021-10-30,Leicester,Arsenal,1.98801,1.10288,16468,2021,https://understat.com/getLeagueData/EPL/2021,2021-10-30,True
2021-10-30,Liverpool,Brighton,1.39778,1.51032,16469,2021,https://understat.com/getLeagueData/EPL/2021,2021-10-30,True
2021-10-30,Man City,Crystal Palace,0.65739,1.05029,16470,2021,https://understat.com/getLeagueData/EPL/2021,2021-10-30,True
2021-10-30,Newcastle,Chelsea,0.157616,2.16608,16471,2021,https://understat.com/getLeagueData/EPL/2021,2021-10-30,True
2021-10-30,Tottenham,Man United,1.15787,1.38612,16473,2021,https://understat.com/getLeagueData/EPL/2021,2021-10-30,True
2021-10-30,Watford,Southampton,0.852556,1.90757,16474,2021,https://understat.com/getLeagueData/EPL/2021,2021-10-30,True
2021-10-31,Aston Villa,West Ham,0.687551,2.66391,16466,2021,https://understat.com/getLeagueData/EPL/2021,2021-10-31,True
2021-10-31,Norwich,Leeds,0.661887,1.16855,16472,2021,https://understat.com/getLeagueData/EPL/2021,2021-10-31,True
2021-11-01,Wolves,Everton,1.69344,1.69767,16475,2021,https://understat.com/getLeagueData/EPL/2021,2021-11-01,True
2021-11-05,Southampton,Aston Villa,0.89818,0.536077,16484,2021,https://understat.com/getLeagueData/EPL/2021,2021-11-05,True
2021-11-06,Brentford,Norwich,2.79229,1.15797,16477,2021,https://understat.com/getLeagueData/EPL/2021,2021-11-06,True
2021-11-06,Brighton,Newcastle,1.43123,0.227321,16478,2021,https://understat.com/getLeagueData/EPL/2021,2021-11-06,True
2021-11-06,Chelsea,Burnley,3.00585,0.674072,16479,2021,https://understat.com/getLeagueData/EPL/2021,2021-11-06,True
2021-11-06,Crystal Palace,Wolves,2.65161,0.25416,16480,2021,https://understat.com/getLeagueData/EPL/2021,2021-11-06,True
2021-11-06,Man United,Man City,0.759561,2.04202,16483,2021,https://understat.com/getLeagueData/EPL/2021,2021-11-06,True
2021-11-07,Arsenal,Watford,1.49208,0.491659,16476,2021,https://understat.com/getLeagueData/EPL/2021,2021-11-07,True
2021-11-07,Everton,Tottenham,0.597906,0.801798,16481,2021,https://understat.com/getLeagueData/EPL/2021,2021-11-07,True
2021-11-07,Leeds,Leicester,1.96551,0.795292,16482,2021,https://understat.com/getLeagueData/EPL/2021,2021-11-07,True
2021-11-07,West Ham,Liverpool,1.25298,1.45641,16485,2021,https://understat.com/getLeagueData/EPL/2021,2021-11-07,True
2021-11-20,Aston Villa,Brighton,1.06946,0.582787,16486,2021,https://understat.com/getLeagueData/EPL/2021,2021-11-20,True
2021-11-20,Burnley,Crystal Palace,1.04224,1.74839,16487,2021,https://understat.com/getLeagueData/EPL/2021,2021-11-20,True
2021-11-20,Leicester,Chelsea,0.499504,2.57178,16488,2021,https://understat.com/getLeagueData/EPL/2021,2021-11-20,True
2021-11-20,Liverpool,Arsenal,3.97374,0.268025,16489,2021,https://understat.com/getLeagueData/EPL/2021,2021-11-20,True
2021-11-20,Newcastle,Brentford,2.18388,1.23275,16491,2021,https://understat.com/getLeagueData/EPL/2021,2021-11-20,True
2021-11-20,Norwich,Southampton,0.43778,1.13118,16492,2021,https://understat.com/getLeagueData/EPL/2021,2021-11-20,True
2021-11-20,Watford,Man United,2.73393,1.66794,16494,2021,https://understat.com/getLeagueData/EPL/2021,2021-11-20,True
2021-11-20,Wolves,West Ham,1.31903,0.436331,16495,2021,https://understat.com/getLeagueData/EPL/2021,2021-11-20,True
2021-11-21,Man City,Everton,2.61302,0.266894,16490,2021,https://understat.com/getLeagueData/EPL/2021,2021-11-21,True
2021-11-21,Tottenham,Leeds,2.31744,1.46689,16493,2021,https://understat.com/getLeagueData/EPL/2021,2021-11-21,True
2021-11-27,Arsenal,Newcastle,2.84493,0.185383,16496,2021,https://understat.com/getLeagueData/EPL/2021,2021-11-27,True
2021-11-27,Brighton,Leeds,1.90498,0.864829,16498,2021,https://understat.com/getLeagueData/EPL/2021,2021-11-27,True
2021-11-27,Crystal Palace,Aston Villa,0.962129,0.454305,16501,2021,https://understat.com/getLeagueData/EPL/2021,2021-11-27,True
2021-11-27,Liverpool,Southampton,3.07278,0.966132,16503,2021,https://understat.com/getLeagueData/EPL/2021,2021-11-27,True
2021-11-27,Norwich,Wolves,1.4047,0.297157,16505,2021,https://understat.com/getLeagueData/EPL/2021,2021-11-27,True
2021-11-28,Brentford,Everton,1.19813,0.968075,16497,2021,https://understat.com/getLeagueData/EPL/2021,2021-11-28,True
2021-11-28,Chelsea,Man United,2.34525,0.563367,16500,2021,https://understat.com/getLeagueData/EPL/2021,2021-11-28,True
2021-11-28,Leicester,Watford,2.16027,2.38383,16502,2021,https://understat.com/getLeagueData/EPL/2021,2021-11-28,True
2021-11-28,Man City,West Ham,2.72187,0.171763,16504,2021,https://understat.com/getLeagueData/EPL/2021,2021-11-28,True
2021-11-30,Leeds,Crystal Palace,1.9818,0.707328,16508,2021,https://understat.com/getLeagueData/EPL/2021,2021-11-30,True
2021-11-30,Newcastle,Norwich,1.15636,1.51084,16513,2021,https://understat.com/getLeagueData/EPL/2021,2021-11-30,True
2021-12-01,Aston Villa,Man City,0.772083,1.01897,16506,2021,https://understat.com/getLeagueData/EPL/2021,2021-12-01,True
2021-12-01,Everton,Liverpool,0.512263,2.86067,16507,2021,https://understat.com/getLeagueData/EPL/2021,2021-12-01,True
2021-12-01,Southampton,Leicester,1.91169,1.4401,16514,2021,https://understat.com/getLeagueData/EPL/2021,2021-12-01,True
2021-12-01,Watford,Chelsea,0.990877,0.908574,16509,2021,https://understat.com/getLeagueData/EPL/2021,2021-12-01,True
2021-12-01,West Ham,Brighton,1.14679,1.2607,16510,2021,https://understat.com/getLeagueData/EPL/2021,2021-12-01,True
2021-12-01,Wolves,Burnley,0.711691,0.195537,16511,2021,https://understat.com/getLeagueData/EPL/2021,2021-12-01,True
2021-12-02,Man United,Arsenal,1.85597,1.16638,16512,2021,https://understat.com/getLeagueData/EPL/2021,2021-12-02,True
2021-12-02,Tottenham,Brentford,2.07248,0.225492,16515,2021,https://understat.com/getLeagueData/EPL/2021,2021-12-02,True
2021-12-04,Newcastle,Burnley,1.70609,0.604599,16520,2021,https://understat.com/getLeagueData/EPL/2021,2021-12-04,True
2021-12-04,Southampton,Brighton,1.34236,1.4872,16521,2021,https://understat.com/getLeagueData/EPL/2021,2021-12-04,True
2021-12-04,Watford,Man City,0.675105,4.03223,16523,2021,https://understat.com/getLeagueData/EPL/2021,2021-12-04,True
2021-12-04,West Ham,Chelsea,2.0174,1.37049,16524,2021,https://understat.com/getLeagueData/EPL/2021,2021-12-04,True
2021-12-04,Wolves,Liverpool,0.095167,2.42332,16525,2021,https://understat.com/getLeagueData/EPL/2021,2021-12-04,True
2021-12-05,Aston Villa,Leicester,1.84818,0.982614,16516,2021,https://understat.com/getLeagueData/EPL/2021,2021-12-05,True
2021-12-05,Leeds,Brentford,1.41896,1.19959,16518,2021,https://understat.com/getLeagueData/EPL/2021,2021-12-05,True
2021-12-05,Man United,Crystal Palace,0.870376,0.520593,16519,2021,https://understat.com/getLeagueData/EPL/2021,2021-12-05,True
2021-12-05,Tottenham,Norwich,2.00668,1.06562,16522,2021,https://understat.com/getLeagueData/EPL/2021,2021-12-05,True
2021-12-06,Everton,Arsenal,1.06108,1.05723,16517,2021,https://understat.com/getLeagueData/EPL/2021,2021-12-06,True
2021-12-10,Brentford,Watford,1.82799,0.561554,16527,2021,https://understat.com/getLeagueData/EPL/2021,2021-12-10,True
2021-12-11,Arsenal,Southampton,2.08429,0.502215,16526,2021,https://understat.com/getLeagueData/EPL/2021,2021-12-11,True
2021-12-11,Chelsea,Leeds,2.74844,1.72934,16530,2021,https://understat.com/getLeagueData/EPL/2021,2021-12-11,True
2021-12-11,Liverpool,Aston Villa,2.71181,0.140573,16533,2021,https://understat.com/getLeagueData/EPL/2021,2021-12-11,True
2021-12-11,Man City,Wolves,2.99915,0.0762839,16534,2021,https://understat.com/getLeagueData/EPL/2021,2021-12-11,True
2021-12-11,Norwich,Man United,0.986107,2.09817,16535,2021,https://understat.com/getLeagueData/EPL/2021,2021-12-11,True
2021-12-12,Burnley,West Ham,0.54801,0.998813,16529,2021,https://understat.com/getLeagueData/EPL/2021,2021-12-12,True
2021-12-12,Crystal Palace,Everton,2.09864,1.27556,16531,2021,https://understat.com/getLeagueData/EPL/2021,2021-12-12,True
2021-12-12,Leicester,Newcastle,2.05771,0.511934,16532,2021,https://understat.com/getLeagueData/EPL/2021,2021-12-12,True
2021-12-14,Man City,Leeds,3.31349,0.227498,16545,2021,https://understat.com/getLeagueData/EPL/2021,2021-12-14,True
2021-12-14,Norwich,Aston Villa,0.502647,1.96261,16541,2021,https://understat.com/getLeagueData/EPL/2021,2021-12-14,True
2021-12-15,Arsenal,West Ham,2.81482,0.338855,16536,2021,https://understat.com/getLeagueData/EPL/2021,2021-12-15,True
2021-12-15,Brighton,Wolves,1.20118,1.11736,16538,2021,https://understat.com/getLeagueData/EPL/2021,2021-12-15,True
2021-12-15,Crystal Palace,Southampton,1.49244,0.625183,16542,2021,https://understat.com/getLeagueData/EPL/2021,2021-12-15,True
2021-12-16,Chelsea,Everton,3.20239,0.627528,16543,2021,https://understat.com/getLeagueData/EPL/2021,2021-12-16,True
2021-12-16,Liverpool,Newcastle,2.93912,0.2064,16544,2021,https://understat.com/getLeagueData/EPL/2021,2021-12-16,True
2021-12-18,Leeds,Arsenal,1.31408,3.69008,16548,2021,https://understat.com/getLeagueData/EPL/2021,2021-12-18,True
2021-12-19,Newcastle,Man City,0.174208,3.64686,16550,2021,https://understat.com/getLeagueData/EPL/2021,2021-12-19,True
2021-12-19,Tottenham,Liverpool,2.79777,1.54944,16552,2021,https://understat.com/getLeagueData/EPL/2021,2021-12-19,True
2021-12-19,Wolves,Chelsea,0.321371,0.793952,16555,2021,https://understat.com/getLeagueData/EPL/2021,2021-12-19,True
2021-12-26,Aston Villa,Chelsea,0.474029,2.8285,16556,2021,https://understat.com/getLeagueData/EPL/2021,2021-12-26,True
2021-12-26,Brighton,Brentford,0.943363,1.10342,16557,2021,https://understat.com/getLeagueData/EPL/2021,2021-12-26,True
2021-12-26,Man City,Leicester,3.82869,2.43425,16560,2021,https://understat.com/getLeagueData/EPL/2021,2021-12-26,True
2021-12-26,Norwich,Arsenal,0.154212,2.87539,16562,2021,https://understat.com/getLeagueData/EPL/2021,2021-12-26,True
2021-12-26,Tottenham,Crystal Palace,2.82148,0.178324,16563,2021,https://understat.com/getLeagueData/EPL/2021,2021-12-26,True
2021-12-26,West Ham,Southampton,1.53745,1.35643,16564,2021,https://understat.com/getLeagueData/EPL/2021,2021-12-26,True
2021-12-27,Newcastle,Man United,1.26586,1.75587,16561,2021,https://understat.com/getLeagueData/EPL/2021,2021-12-27,True
2021-12-28,Crystal Palace,Norwich,2.38978,0.594134,16570,2021,https://understat.com/getLeagueData/EPL/2021,2021-12-28,True
2021-12-28,Leicester,Liverpool,0.615892,2.72682,16573,2021,https://understat.com/getLeagueData/EPL/2021,2021-12-28,True
2021-12-28,Southampton,Tottenham,0.353043,2.80917,16575,2021,https://understat.com/getLeagueData/EPL/2021,2021-12-28,True
2021-12-28,Watford,West Ham,1.0143,2.84084,16569,2021,https://understat.com/getLeagueData/EPL/2021,2021-12-28,True
2021-12-29,Brentford,Man City,0.238829,1.01763,16567,2021,https://understat.com/getLeagueData/EPL/2021,2021-12-29,True
2021-12-29,Chelsea,Brighton,0.763458,0.78663,16568,2021,https://understat.com/getLeagueData/EPL/2021,2021-12-29,True
2021-12-30,Man United,Burnley,1.80776,0.871738,16574,2021,https://understat.com/getLeagueData/EPL/2021,2021-12-30,True
2022-01-01,Arsenal,Man City,0.836949,1.94623,16576,2021,https://understat.com/getLeagueData/EPL/2021,2022-01-01,True
2022-01-01,Crystal Palace,West Ham,2.69204,2.23146,16579,2021,https://understat.com/getLeagueData/EPL/2021,2022-01-01,True
2022-01-01,Watford,Tottenham,0.303514,1.93752,16585,2021,https://understat.com/getLeagueData/EPL/2021,2022-01-01,True
2022-01-02,Brentford,Aston Villa,0.501329,1.13821,16577,2021,https://understat.com/getLeagueData/EPL/2021,2022-01-02,True
2022-01-02,Chelsea,Liverpool,1.389,1.78897,16578,2021,https://understat.com/getLeagueData/EPL/2021,2022-01-02,True
2022-01-02,Everton,Brighton,1.82698,1.48397,16580,2021,https://understat.com/getLeagueData/EPL/2021,2022-01-02,True
2022-01-02,Leeds,Burnley,2.04186,0.960493,16581,2021,https://understat.com/getLeagueData/EPL/2021,2022-01-02,True
2022-01-03,Man United,Wolves,0.768752,0.840925,16583,2021,https://understat.com/getLeagueData/EPL/2021,2022-01-03,True
2022-01-11,Southampton,Brentford,1.59306,0.621466,16551,2021,https://understat.com/getLeagueData/EPL/2021,2022-01-11,True
2022-01-12,West Ham,Norwich,2.89217,0.343347,16554,2021,https://understat.com/getLeagueData/EPL/2021,2022-01-12,True
2022-01-14,Brighton,Crystal Palace,2.18053,0.509681,16587,2021,https://understat.com/getLeagueData/EPL/2021,2022-01-14,True
2022-01-15,Aston Villa,Man United,1.82784,1.35378,16586,2021,https://understat.com/getLeagueData/EPL/2021,2022-01-15,True
2022-01-15,Man City,Chelsea,0.901703,0.613757,16590,2021,https://understat.com/getLeagueData/EPL/2021,2022-01-15,True
2022-01-15,Newcastle,Watford,1.03855,1.49623,16591,2021,https://understat.com/getLeagueData/EPL/2021,2022-01-15,True
2022-01-15,Norwich,Everton,1.00153,0.541027,16592,2021,https://understat.com/getLeagueData/EPL/2021,2022-01-15,True
2022-01-15,Wolves,Southampton,2.29917,0.91728,16595,2021,https://understat.com/getLeagueData/EPL/2021,2022-01-15,True
2022-01-16,Liverpool,Brentford,3.49099,0.376656,16589,2021,https://understat.com/getLeagueData/EPL/2021,2022-01-16,True
2022-01-16,West Ham,Leeds,2.3549,2.26884,16594,2021,https://understat.com/getLeagueData/EPL/2021,2022-01-16,True
2022-01-18,Brighton,Chelsea,0.747557,0.572994,16607,2021,https://understat.com/getLeagueData/EPL/2021,2022-01-18,True
2022-01-19,Brentford,Man United,2.081,2.05969,16537,2021,https://understat.com/getLeagueData/EPL/2021,2022-01-19,True
2022-01-19,Leicester,Tottenham,1.95031,4.24711,16540,2021,https://understat.com/getLeagueData/EPL/2021,2022-01-19,True
2022-01-21,Watford,Norwich,1.30606,0.925212,16605,2021,https://understat.com/getLeagueData/EPL/2021,2022-01-21,True
2022-01-22,Brentford,Wolves,0.742573,0.218211,16597,2021,https://understat.com/getLeagueData/EPL/2021,2022-01-22,True
2022-01-22,Everton,Aston Villa,1.2384,0.860245,16600,2021,https://understat.com/getLeagueData/EPL/2021,2022-01-22,True
2022-01-22,Leeds,Newcastle,1.12992,1.15904,16601,2021,https://understat.com/getLeagueData/EPL/2021,2022-01-22,True
2022-01-22,Man United,West Ham,1.75857,0.238027,16603,2021,https://understat.com/getLeagueData/EPL/2021,2022-01-22,True
2022-01-22,Southampton,Man City,1.00222,1.62907,16604,2021,https://understat.com/getLeagueData/EPL/2021,2022-01-22,True
2022-01-23,Arsenal,Burnley,1.35507,0.388963,16596,2021,https://understat.com/getLeagueData/EPL/2021,2022-01-23,True
2022-01-23,Chelsea,Tottenham,1.04212,0.328818,16598,2021,https://understat.com/getLeagueData/EPL/2021,2022-01-23,True
2022-01-23,Crystal Palace,Liverpool,1.62615,1.49697,16599,2021,https://understat.com/getLeagueData/EPL/2021,2022-01-23,True
2022-01-23,Leicester,Brighton,1.70979,1.19738,16602,2021,https://understat.com/getLeagueData/EPL/2021,2022-01-23,True
2022-02-05,Burnley,Watford,0.765905,0.933965,16539,2021,https://understat.com/getLeagueData/EPL/2021,2022-02-05,True
2022-02-08,Burnley,Man United,0.772721,1.83387,16608,2021,https://understat.com/getLeagueData/EPL/2021,2022-02-08,True
2022-02-08,Newcastle,Everton,2.68732,0.823607,16612,2021,https://understat.com/getLeagueData/EPL/2021,2022-02-08,True
2022-02-08,West Ham,Watford,0.905143,0.335474,16610,2021,https://understat.com/getLeagueData/EPL/2021,2022-02-08,True
2022-02-09,Aston Villa,Leeds,1.5013,2.52914,16606,2021,https://understat.com/getLeagueData/EPL/2021,2022-02-09,True
2022-02-09,Man City,Brentford,1.98246,0.461305,16615,2021,https://understat.com/getLeagueData/EPL/2021,2022-02-09,True
2022-02-09,Norwich,Crystal Palace,0.296411,1.22883,16609,2021,https://understat.com/getLeagueData/EPL/2021,2022-02-09,True
2022-02-09,Tottenham,Southampton,1.74286,1.73293,16613,2021,https://understat.com/getLeagueData/EPL/2021,2022-02-09,True
2022-02-10,Liverpool,Leicester,2.72997,0.544954,16614,2021,https://understat.com/getLeagueData/EPL/2021,2022-02-10,True
2022-02-10,Wolves,Arsenal,0.641359,1.45247,16611,2021,https://understat.com/getLeagueData/EPL/2021,2022-02-10,True
2022-02-12,Brentford,Crystal Palace,1.97576,0.49802,16616,2021,https://understat.com/getLeagueData/EPL/2021,2022-02-12,True
2022-02-12,Everton,Leeds,2.58561,0.242668,16619,2021,https://understat.com/getLeagueData/EPL/2021,2022-02-12,True
2022-02-12,Man United,Southampton,2.99207,0.677386,16621,2021,https://understat.com/getLeagueData/EPL/2021,2022-02-12,True
2022-02-12,Norwich,Man City,0.356755,4.44653,16623,2021,https://understat.com/getLeagueData/EPL/2021,2022-02-12,True
2022-02-12,Watford,Brighton,0.532979,1.80456,16625,2021,https://understat.com/getLeagueData/EPL/2021,2022-02-12,True
2022-02-13,Burnley,Liverpool,1.16081,1.95722,16617,2021,https://understat.com/getLeagueData/EPL/2021,2022-02-13,True
2022-02-13,Leicester,West Ham,1.40693,0.745068,16620,2021,https://understat.com/getLeagueData/EPL/2021,2022-02-13,True
2022-02-13,Newcastle,Aston Villa,0.527571,0.455206,16622,2021,https://understat.com/getLeagueData/EPL/2021,2022-02-13,True
2022-02-13,Tottenham,Wolves,0.838197,1.87026,16624,2021,https://understat.com/getLeagueData/EPL/2021,2022-02-13,True
2022-02-15,Man United,Brighton,2.74936,1.26179,16549,2021,https://understat.com/getLeagueData/EPL/2021,2022-02-15,True
2022-02-19,Arsenal,Brentford,1.52247,0.640726,16626,2021,https://understat.com/getLeagueData/EPL/2021,2022-02-19,True
2022-02-19,Aston Villa,Watford,1.0267,1.82051,16627,2021,https://understat.com/getLeagueData/EPL/2021,2022-02-19,True
2022-02-19,Brighton,Burnley,0.44587,0.821228,16628,2021,https://understat.com/getLeagueData/EPL/2021,2022-02-19,True
2022-02-19,Crystal Palace,Chelsea,0.624023,1.12339,16629,2021,https://understat.com/getLeagueData/EPL/2021,2022-02-19,True
2022-02-19,Liverpool,Norwich,3.15449,0.66975,16631,2021,https://understat.com/getLeagueData/EPL/2021,2022-02-19,True
2022-02-19,Man City,Tottenham,2.31773,2.00235,16632,2021,https://understat.com/getLeagueData/EPL/2021,2022-02-19,True
2022-02-19,Southampton,Everton,2.72851,0.19991,16633,2021,https://understat.com/getLeagueData/EPL/2021,2022-02-19,True
2022-02-19,West Ham,Newcastle,0.847948,0.932574,16634,2021,https://understat.com/getLeagueData/EPL/2021,2022-02-19,True
2022-02-20,Leeds,Man United,1.74476,2.60999,16630,2021,https://understat.com/getLeagueData/EPL/2021,2022-02-20,True
2022-02-20,Wolves,Leicester,0.472777,1.55048,16635,2021,https://understat.com/getLeagueData/EPL/2021,2022-02-20,True
2022-02-23,Burnley,Tottenham,1.55576,0.691655,16499,2021,https://understat.com/getLeagueData/EPL/2021,2022-02-23,True
2022-02-23,Liverpool,Leeds,5.3303,0.141547,16559,2021,https://understat.com/getLeagueData/EPL/2021,2022-02-23,True
2022-02-23,Watford,Crystal Palace,1.71917,0.818403,16553,2021,https://understat.com/getLeagueData/EPL/2021,2022-02-23,True
2022-02-24,Arsenal,Wolves,2.50961,1.10934,16566,2021,https://understat.com/getLeagueData/EPL/2021,2022-02-24,True
2022-02-25,Southampton,Norwich,3.08863,0.424877,16644,2021,https://understat.com/getLeagueData/EPL/2021,2022-02-25,True
2022-02-26,Brentford,Newcastle,0.494232,2.25373,16637,2021,https://understat.com/getLeagueData/EPL/2021,2022-02-26,True
2022-02-26,Brighton,Aston Villa,0.627107,1.3027,16638,2021,https://understat.com/getLeagueData/EPL/2021,2022-02-26,True
2022-02-26,Crystal Palace,Burnley,1.03765,0.255988,16640,2021,https://understat.com/getLeagueData/EPL/2021,2022-02-26,True
2022-02-26,Everton,Man City,0.770819,1.93422,16641,2021,https://understat.com/getLeagueData/EPL/2021,2022-02-26,True
2022-02-26,Leeds,Tottenham,1.89569,2.47025,16642,2021,https://understat.com/getLeagueData/EPL/2021,2022-02-26,True
2022-02-26,Man United,Watford,2.41457,0.437185,16643,2021,https://understat.com/getLeagueData/EPL/2021,2022-02-26,True
2022-02-27,West Ham,Wolves,1.62241,0.892018,16645,2021,https://understat.com/getLeagueData/EPL/2021,2022-02-27,True
2022-03-01,Burnley,Leicester,1.04214,1.79558,16588,2021,https://understat.com/getLeagueData/EPL/2021,2022-03-01,True
2022-03-05,Aston Villa,Southampton,2.85379,1.32947,16646,2021,https://understat.com/getLeagueData/EPL/2021,2022-03-05,True
2022-03-05,Burnley,Chelsea,0.849232,2.2868,16647,2021,https://understat.com/getLeagueData/EPL/2021,2022-03-05,True
2022-03-05,Leicester,Leeds,0.359129,2.14389,16648,2021,https://understat.com/getLeagueData/EPL/2021,2022-03-05,True
2022-03-05,Liverpool,West Ham,2.18865,1.33829,16649,2021,https://understat.com/getLeagueData/EPL/2021,2022-03-05,True
2022-03-05,Newcastle,Brighton,1.58028,1.64995,16651,2021,https://understat.com/getLeagueData/EPL/2021,2022-03-05,True
2022-03-05,Norwich,Brentford,0.77334,2.22064,16652,2021,https://understat.com/getLeagueData/EPL/2021,2022-03-05,True
2022-03-05,Wolves,Crystal Palace,0.710865,2.53759,16655,2021,https://understat.com/getLeagueData/EPL/2021,2022-03-05,True
2022-03-06,Man City,Man United,2.74434,0.361782,16650,2021,https://understat.com/getLeagueData/EPL/2021,2022-03-06,True
2022-03-06,Watford,Arsenal,1.29603,1.00457,16654,2021,https://understat.com/getLeagueData/EPL/2021,2022-03-06,True
2022-03-07,Tottenham,Everton,3.24279,0.208263,16653,2021,https://understat.com/getLeagueData/EPL/2021,2022-03-07,True
2022-03-10,Leeds,Aston Villa,0.194028,1.2729,16572,2021,https://understat.com/getLeagueData/EPL/2021,2022-03-10,True
2022-03-10,Norwich,Chelsea,0.965723,2.1308,16672,2021,https://understat.com/getLeagueData/EPL/2021,2022-03-10,True
2022-03-10,Southampton,Newcastle,1.79835,0.812233,16584,2021,https://understat.com/getLeagueData/EPL/2021,2022-03-10,True
2022-03-10,Wolves,Watford,1.55037,0.498696,16565,2021,https://understat.com/getLeagueData/EPL/2021,2022-03-10,True
2022-03-12,Brentford,Burnley,1.82002,0.825311,16657,2021,https://understat.com/getLeagueData/EPL/2021,2022-03-12,True
2022-03-12,Brighton,Liverpool,0.629316,2.48312,16658,2021,https://understat.com/getLeagueData/EPL/2021,2022-03-12,True
2022-03-12,Man United,Tottenham,1.0181,1.62374,16663,2021,https://understat.com/getLeagueData/EPL/2021,2022-03-12,True
2022-03-13,Arsenal,Leicester,2.93665,0.54911,16656,2021,https://understat.com/getLeagueData/EPL/2021,2022-03-13,True
2022-03-13,Chelsea,Newcastle,1.07072,0.246037,16659,2021,https://understat.com/getLeagueData/EPL/2021,2022-03-13,True
2022-03-13,Everton,Wolves,0.397268,0.712135,16661,2021,https://understat.com/getLeagueData/EPL/2021,2022-03-13,True
2022-03-13,Leeds,Norwich,3.11755,1.40148,16662,2021,https://understat.com/getLeagueData/EPL/2021,2022-03-13,True
2022-03-13,Southampton,Watford,1.25696,1.29385,16664,2021,https://understat.com/getLeagueData/EPL/2021,2022-03-13,True
2022-03-13,West Ham,Aston Villa,1.58468,1.05391,16665,2021,https://understat.com/getLeagueData/EPL/2021,2022-03-13,True
2022-03-14,Crystal Palace,Man City,0.474002,2.04021,16660,2021,https://understat.com/getLeagueData/EPL/2021,2022-03-14,True
2022-03-16,Arsenal,Liverpool,0.534265,1.27681,16636,2021,https://understat.com/getLeagueData/EPL/2021,2022-03-16,True
2022-03-16,Brighton,Tottenham,1.04171,2.05196,16528,2021,https://understat.com/getLeagueData/EPL/2021,2022-03-16,True
2022-03-17,Everton,Newcastle,0.708809,0.75803,16571,2021,https://understat.com/getLeagueData/EPL/2021,2022-03-17,True
2022-03-18,Wolves,Leeds,1.24075,2.82103,16675,2021,https://understat.com/getLeagueData/EPL/2021,2022-03-18,True
2022-03-19,Aston Villa,Arsenal,0.309375,1.14522,16666,2021,https://understat.com/getLeagueData/EPL/2021,2022-03-19,True
2022-03-20,Leicester,Brentford,1.27865,1.72466,16668,2021,https://understat.com/getLeagueData/EPL/2021,2022-03-20,True
2022-03-20,Tottenham,West Ham,2.54795,0.644964,16673,2021,https://understat.com/getLeagueData/EPL/2021,2022-03-20,True
2022-04-02,Brighton,Norwich,2.38297,0.494112,16685,2021,https://understat.com/getLeagueData/EPL/2021,2022-04-02,True
2022-04-02,Burnley,Man City,0.0591223,1.62008,16684,2021,https://understat.com/getLeagueData/EPL/2021,2022-04-02,True
2022-04-02,Chelsea,Brentford,1.29014,2.43422,16683,2021,https://understat.com/getLeagueData/EPL/2021,2022-04-02,True
2022-04-02,Leeds,Southampton,1.50715,2.06387,16681,2021,https://understat.com/getLeagueData/EPL/2021,2022-04-02,True
2022-04-02,Liverpool,Watford,2.23651,0.753307,16680,2021,https://understat.com/getLeagueData/EPL/2021,2022-04-02,True
2022-04-02,Man United,Leicester,0.902127,1.07638,16679,2021,https://understat.com/getLeagueData/EPL/2021,2022-04-02,True
2022-04-02,Wolves,Aston Villa,1.62151,1.91256,16676,2021,https://understat.com/getLeagueData/EPL/2021,2022-04-02,True
2022-04-03,Tottenham,Newcastle,3.6081,0.538152,16678,2021,https://understat.com/getLeagueData/EPL/2021,2022-04-03,True
2022-04-03,West Ham,Everton,1.49657,0.657846,16677,2021,https://understat.com/getLeagueData/EPL/2021,2022-04-03,True
2022-04-04,Crystal Palace,Arsenal,1.39707,1.05199,16682,2021,https://understat.com/getLeagueData/EPL/2021,2022-04-04,True
2022-04-06,Burnley,Everton,2.24439,2.31574,16558,2021,https://understat.com/getLeagueData/EPL/2021,2022-04-06,True
2022-04-08,Newcastle,Wolves,1.43878,0.306867,16689,2021,https://understat.com/getLeagueData/EPL/2021,2022-04-08,True
2022-04-09,Arsenal,Brighton,2.35153,0.596106,16695,2021,https://understat.com/getLeagueData/EPL/2021,2022-04-09,True
2022-04-09,Aston Villa,Tottenham,1.48712,0.983601,16694,2021,https://understat.com/getLeagueData/EPL/2021,2022-04-09,True
2022-04-09,Everton,Man United,0.357295,0.762357,16692,2021,https://understat.com/getLeagueData/EPL/2021,2022-04-09,True
2022-04-09,Southampton,Chelsea,0.564726,4.39683,16687,2021,https://understat.com/getLeagueData/EPL/2021,2022-04-09,True
2022-04-09,Watford,Leeds,1.07422,0.895612,16686,2021,https://understat.com/getLeagueData/EPL/2021,2022-04-09,True
2022-04-10,Brentford,West Ham,1.85534,0.244824,16693,2021,https://understat.com/getLeagueData/EPL/2021,2022-04-10,True
2022-04-10,Leicester,Crystal Palace,0.879235,1.52767,16691,2021,https://understat.com/getLeagueData/EPL/2021,2022-04-10,True
2022-04-10,Man City,Liverpool,1.34647,1.29983,16690,2021,https://understat.com/getLeagueData/EPL/2021,2022-04-10,True
2022-04-10,Norwich,Burnley,1.6723,1.44652,16688,2021,https://understat.com/getLeagueData/EPL/2021,2022-04-10,True
2022-04-16,Man United,Norwich,1.66737,1.79754,16702,2021,https://understat.com/getLeagueData/EPL/2021,2022-04-16,True
2022-04-16,Southampton,Arsenal,1.04007,1.35002,16700,2021,https://understat.com/getLeagueData/EPL/2021,2022-04-16,True
2022-04-16,Tottenham,Brighton,0.58624,0.711155,16699,2021,https://understat.com/getLeagueData/EPL/2021,2022-04-16,True
2022-04-16,Watford,Brentford,1.50381,2.12457,16698,2021,https://understat.com/getLeagueData/EPL/2021,2022-04-16,True
2022-04-17,Newcastle,Leicester,2.54294,0.541084,16701,2021,https://understat.com/getLeagueData/EPL/2021,2022-04-17,True
2022-04-17,West Ham,Burnley,2.79175,1.88137,16697,2021,https://understat.com/getLeagueData/EPL/2021,2022-04-17,True
2022-04-19,Liverpool,Man United,2.25967,0.110227,16669,2021,https://understat.com/getLeagueData/EPL/2021,2022-04-19,True
2022-04-20,Chelsea,Arsenal,0.593801,1.87331,16618,2021,https://understat.com/getLeagueData/EPL/2021,2022-04-20,True
2022-04-20,Everton,Leicester,1.68819,0.786333,16547,2021,https://understat.com/getLeagueData/EPL/2021,2022-04-20,True
2022-04-20,Man City,Brighton,1.52844,0.117354,16670,2021,https://understat.com/getLeagueData/EPL/2021,2022-04-20,True
2022-04-20,Newcastle,Crystal Palace,0.767855,0.432788,16671,2021,https://understat.com/getLeagueData/EPL/2021,2022-04-20,True
2022-04-21,Burnley,Southampton,2.14743,1.31837,16667,2021,https://understat.com/getLeagueData/EPL/2021,2022-04-21,True
2022-04-23,Arsenal,Man United,2.54173,2.04244,16715,2021,https://understat.com/getLeagueData/EPL/2021,2022-04-23,True
2022-04-23,Brentford,Tottenham,1.3153,0.517755,16714,2021,https://understat.com/getLeagueData/EPL/2021,2022-04-23,True
2022-04-23,Leicester,Aston Villa,0.235635,0.593202,16709,2021,https://understat.com/getLeagueData/EPL/2021,2022-04-23,True
2022-04-23,Man City,Watford,3.68,0.42632,16707,2021,https://understat.com/getLeagueData/EPL/2021,2022-04-23,True
2022-04-23,Norwich,Newcastle,0.657661,1.87558,16706,2021,https://understat.com/getLeagueData/EPL/2021,2022-04-23,True
2022-04-24,Brighton,Southampton,1.87343,0.926764,16713,2021,https://understat.com/getLeagueData/EPL/2021,2022-04-24,True
2022-04-24,Burnley,Wolves,1.27298,0.592902,16712,2021,https://understat.com/getLeagueData/EPL/2021,2022-04-24,True
2022-04-24,Chelsea,West Ham,2.34959,0.388975,16711,2021,https://understat.com/getLeagueData/EPL/2021,2022-04-24,True
2022-04-24,Liverpool,Everton,1.70397,0.424961,16708,2021,https://understat.com/getLeagueData/EPL/2021,2022-04-24,True
2022-04-25,Crystal Palace,Leeds,1.61656,0.374044,16710,2021,https://understat.com/getLeagueData/EPL/2021,2022-04-25,True
2022-04-28,Man United,Chelsea,0.618456,2.46868,16742,2021,https://understat.com/getLeagueData/EPL/2021,2022-04-28,True
2022-04-30,Aston Villa,Norwich,2.31192,0.352212,16725,2021,https://understat.com/getLeagueData/EPL/2021,2022-04-30,True
2022-04-30,Leeds,Man City,1.03608,3.01431,16723,2021,https://understat.com/getLeagueData/EPL/2021,2022-04-30,True
2022-04-30,Newcastle,Liverpool,0.115353,2.73435,16721,2021,https://understat.com/getLeagueData/EPL/2021,2022-04-30,True
2022-04-30,Southampton,Crystal Palace,0.650256,0.756217,16720,2021,https://understat.com/getLeagueData/EPL/2021,2022-04-30,True
2022-04-30,Watford,Burnley,0.785742,1.37022,16718,2021,https://understat.com/getLeagueData/EPL/2021,2022-04-30,True
2022-04-30,Wolves,Brighton,0.525912,2.90679,16716,2021,https://understat.com/getLeagueData/EPL/2021,2022-04-30,True
2022-05-01,Everton,Chelsea,1.11712,1.21141,16724,2021,https://understat.com/getLeagueData/EPL/2021,2022-05-01,True
2022-05-01,Tottenham,Leicester,1.65338,0.274133,16719,2021,https://understat.com/getLeagueData/EPL/2021,2022-05-01,True
2022-05-01,West Ham,Arsenal,0.451976,0.964564,16717,2021,https://understat.com/getLeagueData/EPL/2021,2022-05-01,True
2022-05-02,Man United,Brentford,1.84111,0.681425,16722,2021,https://understat.com/getLeagueData/EPL/2021,2022-05-02,True
2022-05-07,Brentford,Southampton,3.68223,0.988574,16734,2021,https://understat.com/getLeagueData/EPL/2021,2022-05-07,True
2022-05-07,Brighton,Man United,2.82636,0.930715,16733,2021,https://understat.com/getLeagueData/EPL/2021,2022-05-07,True
2022-05-07,Burnley,Aston Villa,1.31028,1.81256,16732,2021,https://understat.com/getLeagueData/EPL/2021,2022-05-07,True
2022-05-07,Chelsea,Wolves,1.82098,1.6842,16731,2021,https://understat.com/getLeagueData/EPL/2021,2022-05-07,True
2022-05-07,Crystal Palace,Watford,2.49142,0.255373,16730,2021,https://understat.com/getLeagueData/EPL/2021,2022-05-07,True
2022-05-07,Liverpool,Tottenham,1.0481,0.982635,16728,2021,https://understat.com/getLeagueData/EPL/2021,2022-05-07,True
2022-05-08,Arsenal,Leeds,2.7227,0.696785,16735,2021,https://understat.com/getLeagueData/EPL/2021,2022-05-08,True
2022-05-08,Leicester,Everton,1.47479,1.55635,16729,2021,https://understat.com/getLeagueData/EPL/2021,2022-05-08,True
2022-05-08,Man City,Newcastle,4.05613,0.995099,16727,2021,https://understat.com/getLeagueData/EPL/2021,2022-05-08,True
2022-05-08,Norwich,West Ham,0.77895,3.25894,16726,2021,https://understat.com/getLeagueData/EPL/2021,2022-05-08,True
2022-05-10,Aston Villa,Liverpool,1.44726,1.75417,16705,2021,https://understat.com/getLeagueData/EPL/2021,2022-05-10,True
2022-05-11,Leeds,Chelsea,0.499789,1.46853,16703,2021,https://understat.com/getLeagueData/EPL/2021,2022-05-11,True
2022-05-11,Leicester,Norwich,2.57058,1.21966,16582,2021,https://understat.com/getLeagueData/EPL/2021,2022-05-11,True
2022-05-11,Watford,Everton,0.232236,0.812193,16674,2021,https://understat.com/getLeagueData/EPL/2021,2022-05-11,True
2022-05-11,Wolves,Man City,0.411857,3.39304,16696,2021,https://understat.com/getLeagueData/EPL/2021,2022-05-11,True
2022-05-12,Tottenham,Arsenal,3.42522,0.387446,16593,2021,https://understat.com/getLeagueData/EPL/2021,2022-05-12,True
2022-05-15,Aston Villa,Crystal Palace,0.799443,1.39009,16745,2021,https://understat.com/getLeagueData/EPL/2021,2022-05-15,True
2022-05-15,Everton,Brentford,2.69589,1.81626,16744,2021,https://understat.com/getLeagueData/EPL/2021,2022-05-15,True
2022-05-15,Leeds,Brighton,2.22282,2.25898,16743,2021,https://understat.com/getLeagueData/EPL/2021,2022-05-15,True
2022-05-15,Tottenham,Burnley,2.39449,0.629888,16739,2021,https://understat.com/getLeagueData/EPL/2021,2022-05-15,True
2022-05-15,Watford,Leicester,2.58968,2.27297,16738,2021,https://understat.com/getLeagueData/EPL/2021,2022-05-15,True
2022-05-15,West Ham,Man City,1.0088,2.14723,16737,2021,https://understat.com/getLeagueData/EPL/2021,2022-05-15,True
2022-05-15,Wolves,Norwich,0.999066,1.53212,16736,2021,https://understat.com/getLeagueData/EPL/2021,2022-05-15,True
2022-05-16,Newcastle,Arsenal,1.68299,0.492454,16741,2021,https://understat.com/getLeagueData/EPL/2021,2022-05-16,True
2022-05-17,Southampton,Liverpool,0.121506,1.19178,16740,2021,https://understat.com/getLeagueData/EPL/2021,2022-05-17,True
2022-05-19,Aston Villa,Burnley,0.996403,1.63117,16546,2021,https://understat.com/getLeagueData/EPL/2021,2022-05-19,True
2022-05-19,Chelsea,Leicester,1.61996,0.0417972,16639,2021,https://understat.com/getLeagueData/EPL/2021,2022-05-19,True
2022-05-19,Everton,Crystal Palace,0.813157,1.6023,16704,2021,https://understat.com/getLeagueData/EPL/2021,2022-05-19,True
2022-05-22,Arsenal,Everton,4.35597,1.08601,16746,2021,https://understat.com/getLeagueData/EPL/2021,2022-05-22,True
2022-05-22,Brentford,Leeds,0.844985,1.47786,16747,2021,https://understat.com/getLeagueData/EPL/2021,2022-05-22,True
2022-05-22,Brighton,West Ham,1.67774,0.268845,16748,2021,https://understat.com/getLeagueData/EPL/2021,2022-05-22,True
2022-05-22,Burnley,Newcastle,1.49164,1.74291,16749,2021,https://understat.com/getLeagueData/EPL/2021,2022-05-22,True
2022-05-22,Chelsea,Watford,2.59231,0.575755,16750,2021,https://understat.com/getLeagueData/EPL/2021,2022-05-22,True
2022-05-22,Crystal Palace,Man United,0.354618,0.782005,16751,2021,https://understat.com/getLeagueData/EPL/2021,2022-05-22,True
2022-05-22,Leicester,Southampton,3.42058,1.05141,16752,2021,https://understat.com/getLeagueData/EPL/2021,2022-05-22,True
2022-05-22,Liverpool,Wolves,3.19385,1.11708,16753,2021,https://understat.com/getLeagueData/EPL/2021,2022-05-22,True
2022-05-22,Man City,Aston Villa,3.3209,0.247841,16754,2021,https://understat.com/getLeagueData/EPL/2021,2022-05-22,True
2022-05-22,Norwich,Tottenham,0.310789,3.815,16755,2021,https://understat.com/getLeagueData/EPL/2021,2022-05-22,True
2022-08-05,Crystal Palace,Arsenal,1.20637,1.43601,18202,2022,https://understat.com/getLeagueData/EPL/2022,2022-08-05,True
2022-08-06,Bournemouth,Aston Villa,0.588341,0.488895,18204,2022,https://understat.com/getLeagueData/EPL/2022,2022-08-06,True
2022-08-06,Everton,Chelsea,0.541983,1.92315,18208,2022,https://understat.com/getLeagueData/EPL/2022,2022-08-06,True
2022-08-06,Fulham,Liverpool,1.26822,2.34111,18203,2022,https://understat.com/getLeagueData/EPL/2022,2022-08-06,True
2022-08-06,Leeds,Wolves,0.88917,1.10119,18205,2022,https://understat.com/getLeagueData/EPL/2022,2022-08-06,True
2022-08-06,Newcastle,Nott'm Forest,1.8591,0.235825,18206,2022,https://understat.com/getLeagueData/EPL/2022,2022-08-06,True
2022-08-06,Tottenham,Southampton,1.6172,0.386546,18207,2022,https://understat.com/getLeagueData/EPL/2022,2022-08-06,True
2022-08-07,Leicester,Brentford,0.455695,0.931067,18210,2022,https://understat.com/getLeagueData/EPL/2022,2022-08-07,True
2022-08-07,Man United,Brighton,1.42103,1.7289,18209,2022,https://understat.com/getLeagueData/EPL/2022,2022-08-07,True
2022-08-07,West Ham,Man City,0.246188,2.58739,18211,2022,https://understat.com/getLeagueData/EPL/2022,2022-08-07,True
2022-08-13,Arsenal,Leicester,3.0107,0.690679,18217,2022,https://understat.com/getLeagueData/EPL/2022,2022-08-13,True
2022-08-13,Aston Villa,Everton,2.66696,1.37507,18212,2022,https://understat.com/getLeagueData/EPL/2022,2022-08-13,True
2022-08-13,Brentford,Man United,1.38785,0.896038,18218,2022,https://understat.com/getLeagueData/EPL/2022,2022-08-13,True
2022-08-13,Brighton,Newcastle,1.60835,0.183952,18213,2022,https://understat.com/getLeagueData/EPL/2022,2022-08-13,True
2022-08-13,Man City,Bournemouth,1.69064,0.123946,18214,2022,https://understat.com/getLeagueData/EPL/2022,2022-08-13,True
2022-08-13,Southampton,Leeds,1.40906,1.99694,18215,2022,https://understat.com/getLeagueData/EPL/2022,2022-08-13,True
2022-08-13,Wolves,Fulham,0.975375,1.08813,18216,2022,https://understat.com/getLeagueData/EPL/2022,2022-08-13,True
2022-08-14,Chelsea,Tottenham,1.83945,1.58708,18220,2022,https://understat.com/getLeagueData/EPL/2022,2022-08-14,True
2022-08-14,Nott'm Forest,West Ham,1.9717,2.08634,18219,2022,https://understat.com/getLeagueData/EPL/2022,2022-08-14,True
2022-08-15,Liverpool,Crystal Palace,2.23596,1.64468,18221,2022,https://understat.com/getLeagueData/EPL/2022,2022-08-15,True
2022-08-20,Bournemouth,Arsenal,0.211335,1.71081,18227,2022,https://understat.com/getLeagueData/EPL/2022,2022-08-20,True
2022-08-20,Crystal Palace,Aston Villa,2.91137,0.803828,18223,2022,https://understat.com/getLeagueData/EPL/2022,2022-08-20,True
2022-08-20,Everton,Nott'm Forest,1.43408,0.918315,18224,2022,https://understat.com/getLeagueData/EPL/2022,2022-08-20,True
2022-08-20,Fulham,Brentford,2.89934,1.59352,18225,2022,https://understat.com/getLeagueData/EPL/2022,2022-08-20,True
2022-08-20,Leicester,Southampton,0.242948,1.24155,18226,2022,https://understat.com/getLeagueData/EPL/2022,2022-08-20,True
2022-08-20,Tottenham,Wolves,1.46608,0.686123,18222,2022,https://understat.com/getLeagueData/EPL/2022,2022-08-20,True
2022-08-21,Leeds,Chelsea,2.20971,0.692492,18228,2022,https://understat.com/getLeagueData/EPL/2022,2022-08-21,True
2022-08-21,Newcastle,Man City,2.2127,3.67382,18230,2022,https://understat.com/getLeagueData/EPL/2022,2022-08-21,True
2022-08-21,West Ham,Brighton,0.768634,1.82645,18229,2022,https://understat.com/getLeagueData/EPL/2022,2022-08-21,True
2022-08-22,Man United,Liverpool,2.01764,1.52301,18231,2022,https://understat.com/getLeagueData/EPL/2022,2022-08-22,True
2022-08-27,Arsenal,Fulham,2.47427,0.926007,18238,2022,https://understat.com/getLeagueData/EPL/2022,2022-08-27,True
2022-08-27,Brentford,Everton,2.28391,1.65465,18233,2022,https://understat.com/getLeagueData/EPL/2022,2022-08-27,True
2022-08-27,Brighton,Leeds,1.60986,1.14874,18234,2022,https://understat.com/getLeagueData/EPL/2022,2022-08-27,True
2022-08-27,Chelsea,Leicester,1.74916,1.96023,18235,2022,https://understat.com/getLeagueData/EPL/2022,2022-08-27,True
2022-08-27,Liverpool,Bournemouth,4.86035,0.180991,18236,2022,https://understat.com/getLeagueData/EPL/2022,2022-08-27,True
2022-08-27,Man City,Crystal Palace,2.3853,0.091976,18237,2022,https://understat.com/getLeagueData/EPL/2022,2022-08-27,True
2022-08-27,Southampton,Man United,1.35887,1.34359,18232,2022,https://understat.com/getLeagueData/EPL/2022,2022-08-27,True
2022-08-28,Aston Villa,West Ham,0.304555,0.334589,18239,2022,https://understat.com/getLeagueData/EPL/2022,2022-08-28,True
2022-08-28,Nott'm Forest,Tottenham,0.801369,2.44473,18241,2022,https://understat.com/getLeagueData/EPL/2022,2022-08-28,True
2022-08-28,Wolves,Newcastle,1.13248,1.93362,18240,2022,https://understat.com/getLeagueData/EPL/2022,2022-08-28,True
2022-08-30,Crystal Palace,Brentford,0.777363,1.61808,18243,2022,https://understat.com/getLeagueData/EPL/2022,2022-08-30,True
2022-08-30,Fulham,Brighton,1.07093,1.75359,18242,2022,https://understat.com/getLeagueData/EPL/2022,2022-08-30,True
2022-08-30,Leeds,Everton,1.04551,1.17189,18245,2022,https://understat.com/getLeagueData/EPL/2022,2022-08-30,True
2022-08-30,Southampton,Chelsea,1.44086,1.5047,18244,2022,https://understat.com/getLeagueData/EPL/2022,2022-08-30,True
2022-08-31,Arsenal,Aston Villa,2.79971,0.297168,18247,2022,https://understat.com/getLeagueData/EPL/2022,2022-08-31,True
2022-08-31,Bournemouth,Wolves,0.362035,1.53246,18248,2022,https://understat.com/getLeagueData/EPL/2022,2022-08-31,True
2022-08-31,Liverpool,Newcastle,1.76119,0.643546,18250,2022,https://understat.com/getLeagueData/EPL/2022,2022-08-31,True
2022-08-31,Man City,Nott'm Forest,3.83759,0.729752,18246,2022,https://understat.com/getLeagueData/EPL/2022,2022-08-31,True
2022-08-31,West Ham,Tottenham,1.52267,0.723285,18249,2022,https://understat.com/getLeagueData/EPL/2022,2022-08-31,True
2022-09-01,Leicester,Man United,0.615266,1.09969,18251,2022,https://understat.com/getLeagueData/EPL/2022,2022-09-01,True
2022-09-03,Aston Villa,Man City,0.279392,1.92143,18258,2022,https://understat.com/getLeagueData/EPL/2022,2022-09-03,True
2022-09-03,Brentford,Leeds,2.7485,1.796,18257,2022,https://understat.com/getLeagueData/EPL/2022,2022-09-03,True
2022-09-03,Chelsea,West Ham,0.707333,1.4196,18260,2022,https://understat.com/getLeagueData/EPL/2022,2022-09-03,True
2022-09-03,Everton,Liverpool,1.39169,1.38617,18252,2022,https://understat.com/getLeagueData/EPL/2022,2022-09-03,True
2022-09-03,Newcastle,Crystal Palace,2.90672,0.920595,18253,2022,https://understat.com/getLeagueData/EPL/2022,2022-09-03,True
2022-09-03,Nott'm Forest,Bournemouth,1.32895,0.905041,18254,2022,https://understat.com/getLeagueData/EPL/2022,2022-09-03,True
2022-09-03,Tottenham,Fulham,2.67823,0.381556,18255,2022,https://understat.com/getLeagueData/EPL/2022,2022-09-03,True
2022-09-03,Wolves,Southampton,1.10039,1.20838,18256,2022,https://understat.com/getLeagueData/EPL/2022,2022-09-03,True
2022-09-04,Brighton,Leicester,2.73166,1.06549,18259,2022,https://understat.com/getLeagueData/EPL/2022,2022-09-04,True
2022-09-04,Man United,Arsenal,2.02904,1.42238,18261,2022,https://understat.com/getLeagueData/EPL/2022,2022-09-04,True
2022-09-16,Aston Villa,Southampton,1.34365,0.218302,18272,2022,https://understat.com/getLeagueData/EPL/2022,2022-09-16,True
2022-09-16,Nott'm Forest,Fulham,1.41541,1.3496,18273,2022,https://understat.com/getLeagueData/EPL/2022,2022-09-16,True
2022-09-17,Newcastle,Bournemouth,1.54758,0.976948,18275,2022,https://understat.com/getLeagueData/EPL/2022,2022-09-17,True
2022-09-17,Tottenham,Leicester,1.98619,1.59449,18278,2022,https://understat.com/getLeagueData/EPL/2022,2022-09-17,True
2022-09-17,Wolves,Man City,0.310995,1.4242,18274,2022,https://understat.com/getLeagueData/EPL/2022,2022-09-17,True
2022-09-18,Brentford,Arsenal,0.54011,1.32021,18280,2022,https://understat.com/getLeagueData/EPL/2022,2022-09-18,True
2022-09-18,Everton,West Ham,0.39773,0.655351,18277,2022,https://understat.com/getLeagueData/EPL/2022,2022-09-18,True
2022-10-01,Arsenal,Tottenham,2.48403,1.5027,18282,2022,https://understat.com/getLeagueData/EPL/2022,2022-10-01,True
2022-10-01,Bournemouth,Brentford,0.758128,1.046,18283,2022,https://understat.com/getLeagueData/EPL/2022,2022-10-01,True
2022-10-01,Crystal Palace,Chelsea,0.70987,1.25506,18284,2022,https://understat.com/getLeagueData/EPL/2022,2022-10-01,True
2022-10-01,Fulham,Newcastle,0.683701,4.67198,18285,2022,https://understat.com/getLeagueData/EPL/2022,2022-10-01,True
2022-10-01,Liverpool,Brighton,2.1515,2.36567,18288,2022,https://understat.com/getLeagueData/EPL/2022,2022-10-01,True
2022-10-01,Southampton,Everton,1.95961,1.99979,18290,2022,https://understat.com/getLeagueData/EPL/2022,2022-10-01,True
2022-10-01,West Ham,Wolves,1.03934,0.575988,18291,2022,https://understat.com/getLeagueData/EPL/2022,2022-10-01,True
2022-10-02,Leeds,Aston Villa,0.298626,1.89645,18286,2022,https://understat.com/getLeagueData/EPL/2022,2022-10-02,True
2022-10-02,Man City,Man United,3.01103,1.71335,18289,2022,https://understat.com/getLeagueData/EPL/2022,2022-10-02,True
2022-10-03,Leicester,Nott'm Forest,1.2497,1.22169,18287,2022,https://understat.com/getLeagueData/EPL/2022,2022-10-03,True
2022-10-08,Bournemouth,Leicester,1.14891,1.18125,18293,2022,https://understat.com/getLeagueData/EPL/2022,2022-10-08,True
2022-10-08,Brighton,Tottenham,0.899735,0.771641,18294,2022,https://understat.com/getLeagueData/EPL/2022,2022-10-08,True
2022-10-08,Chelsea,Wolves,2.43092,0.748449,18295,2022,https://understat.com/getLeagueData/EPL/2022,2022-10-08,True
2022-10-08,Man City,Southampton,2.73536,0.101148,18298,2022,https://understat.com/getLeagueData/EPL/2022,2022-10-08,True
2022-10-08,Newcastle,Brentford,2.44631,1.13466,18299,2022,https://understat.com/getLeagueData/EPL/2022,2022-10-08,True
2022-10-09,Arsenal,Liverpool,2.81968,0.765151,18292,2022,https://understat.com/getLeagueData/EPL/2022,2022-10-09,True
2022-10-09,Crystal Palace,Leeds,1.65194,1.06564,18296,2022,https://understat.com/getLeagueData/EPL/2022,2022-10-09,True
2022-10-09,Everton,Man United,0.365844,1.82612,18297,2022,https://understat.com/getLeagueData/EPL/2022,2022-10-09,True
2022-10-09,West Ham,Fulham,3.43676,0.549848,18301,2022,https://understat.com/getLeagueData/EPL/2022,2022-10-09,True
2022-10-10,Nott'm Forest,Aston Villa,0.221346,0.657187,18300,2022,https://understat.com/getLeagueData/EPL/2022,2022-10-10,True
2022-10-14,Brentford,Brighton,1.90636,2.15668,18303,2022,https://understat.com/getLeagueData/EPL/2022,2022-10-14,True
2022-10-15,Fulham,Bournemouth,1.61738,1.62829,18304,2022,https://understat.com/getLeagueData/EPL/2022,2022-10-15,True
2022-10-15,Leicester,Crystal Palace,0.973426,0.346808,18306,2022,https://understat.com/getLeagueData/EPL/2022,2022-10-15,True
2022-10-15,Tottenham,Everton,2.49409,0.560039,18310,2022,https://understat.com/getLeagueData/EPL/2022,2022-10-15,True
2022-10-15,Wolves,Nott'm Forest,1.22368,1.24761,18311,2022,https://understat.com/getLeagueData/EPL/2022,2022-10-15,True
2022-10-16,Aston Villa,Chelsea,2.44542,1.23643,18302,2022,https://understat.com/getLeagueData/EPL/2022,2022-10-16,True
2022-10-16,Leeds,Arsenal,2.02232,0.821757,18305,2022,https://understat.com/getLeagueData/EPL/2022,2022-10-16,True
2022-10-16,Liverpool,Man City,1.9992,0.911493,18307,2022,https://understat.com/getLeagueData/EPL/2022,2022-10-16,True
2022-10-16,Man United,Newcastle,1.41606,0.78815,18308,2022,https://understat.com/getLeagueData/EPL/2022,2022-10-16,True
2022-10-16,Southampton,West Ham,0.524479,1.70727,18309,2022,https://understat.com/getLeagueData/EPL/2022,2022-10-16,True
2022-10-18,Brighton,Nott'm Forest,2.10188,0.195003,18315,2022,https://understat.com/getLeagueData/EPL/2022,2022-10-18,True
2022-10-18,Crystal Palace,Wolves,1.25617,0.857837,18318,2022,https://understat.com/getLeagueData/EPL/2022,2022-10-18,True
2022-10-19,Bournemouth,Southampton,0.810452,1.23878,18313,2022,https://understat.com/getLeagueData/EPL/2022,2022-10-19,True
2022-10-19,Brentford,Chelsea,1.45228,0.557405,18314,2022,https://understat.com/getLeagueData/EPL/2022,2022-10-19,True
2022-10-19,Liverpool,West Ham,2.24066,2.48649,18320,2022,https://understat.com/getLeagueData/EPL/2022,2022-10-19,True
2022-10-19,Man United,Tottenham,1.70973,0.658526,18321,2022,https://understat.com/getLeagueData/EPL/2022,2022-10-19,True
2022-10-19,Newcastle,Everton,1.13393,0.0609567,18319,2022,https://understat.com/getLeagueData/EPL/2022,2022-10-19,True
2022-10-20,Fulham,Aston Villa,2.892,0.711487,18316,2022,https://understat.com/getLeagueData/EPL/2022,2022-10-20,True
2022-10-20,Leicester,Leeds,0.655249,1.19464,18317,2022,https://understat.com/getLeagueData/EPL/2022,2022-10-20,True
2022-10-22,Chelsea,Man United,1.20238,0.730935,18323,2022,https://understat.com/getLeagueData/EPL/2022,2022-10-22,True
2022-10-22,Everton,Crystal Palace,1.93396,0.597167,18324,2022,https://understat.com/getLeagueData/EPL/2022,2022-10-22,True
2022-10-22,Man City,Brighton,1.86239,0.52863,18326,2022,https://understat.com/getLeagueData/EPL/2022,2022-10-22,True
2022-10-22,Nott'm Forest,Liverpool,2.50163,2.19752,18327,2022,https://understat.com/getLeagueData/EPL/2022,2022-10-22,True
2022-10-23,Aston Villa,Brentford,3.45617,1.00462,18322,2022,https://understat.com/getLeagueData/EPL/2022,2022-10-23,True
2022-10-23,Leeds,Fulham,1.96384,2.47512,18325,2022,https://understat.com/getLeagueData/EPL/2022,2022-10-23,True
2022-10-23,Southampton,Arsenal,0.622653,1.57897,18328,2022,https://understat.com/getLeagueData/EPL/2022,2022-10-23,True
2022-10-23,Tottenham,Newcastle,1.56513,1.1294,18329,2022,https://understat.com/getLeagueData/EPL/2022,2022-10-23,True
2022-10-23,Wolves,Leicester,1.61785,0.989075,18331,2022,https://understat.com/getLeagueData/EPL/2022,2022-10-23,True
2022-10-24,West Ham,Bournemouth,1.97715,0.730443,18330,2022,https://understat.com/getLeagueData/EPL/2022,2022-10-24,True
2022-10-29,Bournemouth,Tottenham,0.887533,2.1946,18333,2022,https://understat.com/getLeagueData/EPL/2022,2022-10-29,True
2022-10-29,Brentford,Wolves,1.29257,0.557605,18334,2022,https://understat.com/getLeagueData/EPL/2022,2022-10-29,True
2022-10-29,Brighton,Chelsea,2.881,1.07554,18335,2022,https://understat.com/getLeagueData/EPL/2022,2022-10-29,True
2022-10-29,Crystal Palace,Southampton,1.00384,1.35803,18336,2022,https://understat.com/getLeagueData/EPL/2022,2022-10-29,True
2022-10-29,Fulham,Everton,1.76438,1.19166,18337,2022,https://understat.com/getLeagueData/EPL/2022,2022-10-29,True
2022-10-29,Leicester,Man City,0.693597,0.703827,18338,2022,https://understat.com/getLeagueData/EPL/2022,2022-10-29,True
2022-10-29,Liverpool,Leeds,1.90889,1.61271,18339,2022,https://understat.com/getLeagueData/EPL/2022,2022-10-29,True
2022-10-29,Newcastle,Aston Villa,4.18808,0.270814,18341,2022,https://understat.com/getLeagueData/EPL/2022,2022-10-29,True
2022-10-30,Arsenal,Nott'm Forest,3.00699,0.206127,18332,2022,https://understat.com/getLeagueData/EPL/2022,2022-10-30,True
2022-10-30,Man United,West Ham,1.7514,1.00033,18340,2022,https://understat.com/getLeagueData/EPL/2022,2022-10-30,True
2022-11-05,Everton,Leicester,1.3729,2.2679,18344,2022,https://understat.com/getLeagueData/EPL/2022,2022-11-05,True
2022-11-05,Leeds,Bournemouth,2.22532,1.55594,18345,2022,https://understat.com/getLeagueData/EPL/2022,2022-11-05,True
2022-11-05,Man City,Fulham,2.39332,0.843884,18346,2022,https://understat.com/getLeagueData/EPL/2022,2022-11-05,True
2022-11-05,Nott'm Forest,Brentford,1.29696,1.2204,18347,2022,https://understat.com/getLeagueData/EPL/2022,2022-11-05,True
2022-11-05,Wolves,Brighton,1.29252,1.87375,18351,2022,https://understat.com/getLeagueData/EPL/2022,2022-11-05,True
2022-11-06,Aston Villa,Man United,0.578563,0.517189,18342,2022,https://understat.com/getLeagueData/EPL/2022,2022-11-06,True
2022-11-06,Chelsea,Arsenal,0.278815,2.37846,18343,2022,https://understat.com/getLeagueData/EPL/2022,2022-11-06,True
2022-11-06,Southampton,Newcastle,1.65228,1.42101,18348,2022,https://understat.com/getLeagueData/EPL/2022,2022-11-06,True
2022-11-06,Tottenham,Liverpool,1.81736,1.46548,18349,2022,https://understat.com/getLeagueData/EPL/2022,2022-11-06,True
2022-11-06,West Ham,Crystal Palace,0.192579,1.03344,18350,2022,https://understat.com/getLeagueData/EPL/2022,2022-11-06,True
2022-11-12,Bournemouth,Everton,2.45642,0.768756,18352,2022,https://understat.com/getLeagueData/EPL/2022,2022-11-12,True
2022-11-12,Liverpool,Southampton,2.74418,1.43427,18355,2022,https://understat.com/getLeagueData/EPL/2022,2022-11-12,True
2022-11-12,Man City,Brentford,1.605,3.29012,18356,2022,https://understat.com/getLeagueData/EPL/2022,2022-11-12,True
2022-11-12,Newcastle,Chelsea,1.3601,0.359105,18357,2022,https://understat.com/getLeagueData/EPL/2022,2022-11-12,True
2022-11-12,Nott'm Forest,Crystal Palace,1.23752,1.14552,18358,2022,https://understat.com/getLeagueData/EPL/2022,2022-11-12,True
2022-11-12,Tottenham,Leeds,2.58046,1.71731,18359,2022,https://understat.com/getLeagueData/EPL/2022,2022-11-12,True
2022-11-12,West Ham,Leicester,0.720721,1.60566,18360,2022,https://understat.com/getLeagueData/EPL/2022,2022-11-12,True
2022-11-12,Wolves,Arsenal,0.512339,2.27996,18361,2022,https://understat.com/getLeagueData/EPL/2022,2022-11-12,True
2022-11-13,Brighton,Aston Villa,0.829107,1.15437,18353,2022,https://understat.com/getLeagueData/EPL/2022,2022-11-13,True
2022-11-13,Fulham,Man United,1.70218,3.37664,18354,2022,https://understat.com/getLeagueData/EPL/2022,2022-11-13,True
2022-12-26,Arsenal,West Ham,1.88828,1.02652,18362,2022,https://understat.com/getLeagueData/EPL/2022,2022-12-26,True
2022-12-26,Aston Villa,Liverpool,1.69155,3.50694,18363,2022,https://understat.com/getLeagueData/EPL/2022,2022-12-26,True
2022-12-26,Brentford,Tottenham,2.25263,0.883787,18364,2022,https://understat.com/getLeagueData/EPL/2022,2022-12-26,True
2022-12-26,Crystal Palace,Fulham,0.421754,2.69927,18366,2022,https://understat.com/getLeagueData/EPL/2022,2022-12-26,True
2022-12-26,Everton,Wolves,1.22653,1.22076,18367,2022,https://understat.com/getLeagueData/EPL/2022,2022-12-26,True
2022-12-26,Leicester,Newcastle,0.31099,1.76382,18369,2022,https://understat.com/getLeagueData/EPL/2022,2022-12-26,True
2022-12-26,Southampton,Brighton,1.70709,1.00714,18371,2022,https://understat.com/getLeagueData/EPL/2022,2022-12-26,True
2022-12-27,Chelsea,Bournemouth,1.91378,0.44307,18365,2022,https://understat.com/getLeagueData/EPL/2022,2022-12-27,True
2022-12-27,Man United,Nott'm Forest,2.13668,0.477076,18370,2022,https://understat.com/getLeagueData/EPL/2022,2022-12-27,True
2022-12-28,Leeds,Man City,0.603751,4.16249,18368,2022,https://understat.com/getLeagueData/EPL/2022,2022-12-28,True
2022-12-30,Liverpool,Leicester,2.02463,0.863312,18375,2022,https://understat.com/getLeagueData/EPL/2022,2022-12-30,True
2022-12-30,West Ham,Brentford,1.13979,1.51436,18380,2022,https://understat.com/getLeagueData/EPL/2022,2022-12-30,True
2022-12-31,Bournemouth,Crystal Palace,0.895819,1.75264,18372,2022,https://understat.com/getLeagueData/EPL/2022,2022-12-31,True
2022-12-31,Brighton,Arsenal,1.15663,3.22106,18373,2022,https://understat.com/getLeagueData/EPL/2022,2022-12-31,True
2022-12-31,Fulham,Southampton,1.49305,0.698711,18374,2022,https://understat.com/getLeagueData/EPL/2022,2022-12-31,True
2022-12-31,Man City,Everton,2.36333,0.0760019,18376,2022,https://understat.com/getLeagueData/EPL/2022,2022-12-31,True
2022-12-31,Newcastle,Leeds,2.78846,0.517099,18377,2022,https://understat.com/getLeagueData/EPL/2022,2022-12-31,True
2022-12-31,Wolves,Man United,0.587672,2.44728,18381,2022,https://understat.com/getLeagueData/EPL/2022,2022-12-31,True
2023-01-01,Nott'm Forest,Chelsea,0.985219,1.37305,18378,2022,https://understat.com/getLeagueData/EPL/2022,2023-01-01,True
2023-01-01,Tottenham,Aston Villa,0.569383,1.21733,18379,2022,https://understat.com/getLeagueData/EPL/2022,2023-01-01,True
2023-01-02,Brentford,Liverpool,2.0991,2.10461,18384,2022,https://understat.com/getLeagueData/EPL/2022,2023-01-02,True
2023-01-03,Arsenal,Newcastle,0.970637,0.959523,18382,2022,https://understat.com/getLeagueData/EPL/2022,2023-01-03,True
2023-01-03,Everton,Brighton,1.16896,2.50731,18387,2022,https://understat.com/getLeagueData/EPL/2022,2023-01-03,True
2023-01-03,Leicester,Fulham,1.45221,1.33493,18389,2022,https://understat.com/getLeagueData/EPL/2022,2023-01-03,True
2023-01-03,Man United,Bournemouth,2.97383,0.679022,18390,2022,https://understat.com/getLeagueData/EPL/2022,2023-01-03,True
2023-01-04,Aston Villa,Wolves,1.03226,0.832522,18383,2022,https://understat.com/getLeagueData/EPL/2022,2023-01-04,True
2023-01-04,Crystal Palace,Tottenham,0.787525,1.66514,18386,2022,https://understat.com/getLeagueData/EPL/2022,2023-01-04,True
2023-01-04,Leeds,West Ham,1.2577,1.29245,18388,2022,https://understat.com/getLeagueData/EPL/2022,2023-01-04,True
2023-01-04,Southampton,Nott'm Forest,0.62937,1.22324,18391,2022,https://understat.com/getLeagueData/EPL/2022,2023-01-04,True
2023-01-05,Chelsea,Man City,0.493576,1.71972,18385,2022,https://understat.com/getLeagueData/EPL/2022,2023-01-05,True
2023-01-12,Fulham,Chelsea,0.711266,2.39911,18262,2022,https://understat.com/getLeagueData/EPL/2022,2023-01-12,True
2023-01-13,Aston Villa,Leeds,1.64599,2.46295,18392,2022,https://understat.com/getLeagueData/EPL/2022,2023-01-13,True
2023-01-14,Brentford,Bournemouth,1.29815,0.269283,18393,2022,https://understat.com/getLeagueData/EPL/2022,2023-01-14,True
2023-01-14,Brighton,Liverpool,2.40062,1.28853,18394,2022,https://understat.com/getLeagueData/EPL/2022,2023-01-14,True
2023-01-14,Everton,Southampton,1.18191,1.08412,18396,2022,https://understat.com/getLeagueData/EPL/2022,2023-01-14,True
2023-01-14,Man United,Man City,1.98228,0.73695,18397,2022,https://understat.com/getLeagueData/EPL/2022,2023-01-14,True
2023-01-14,Nott'm Forest,Leicester,1.75313,0.803421,18399,2022,https://understat.com/getLeagueData/EPL/2022,2023-01-14,True
2023-01-14,Wolves,West Ham,0.806232,0.735105,18401,2022,https://understat.com/getLeagueData/EPL/2022,2023-01-14,True
2023-01-15,Chelsea,Crystal Palace,2.12987,0.837366,18395,2022,https://understat.com/getLeagueData/EPL/2022,2023-01-15,True
2023-01-15,Newcastle,Fulham,1.96256,0.989872,18398,2022,https://understat.com/getLeagueData/EPL/2022,2023-01-15,True
2023-01-15,Tottenham,Arsenal,1.71032,2.04232,18400,2022,https://understat.com/getLeagueData/EPL/2022,2023-01-15,True
2023-01-18,Crystal Palace,Man United,0.413339,1.39437,18270,2022,https://understat.com/getLeagueData/EPL/2022,2023-01-18,True
2023-01-19,Man City,Tottenham,2.34166,1.16499,18267,2022,https://understat.com/getLeagueData/EPL/2022,2023-01-19,True
2023-01-21,Bournemouth,Nott'm Forest,1.80549,1.57544,18403,2022,https://understat.com/getLeagueData/EPL/2022,2023-01-21,True
2023-01-21,Crystal Palace,Newcastle,0.333154,1.44384,18404,2022,https://understat.com/getLeagueData/EPL/2022,2023-01-21,True
2023-01-21,Leicester,Brighton,1.35941,1.94491,18407,2022,https://understat.com/getLeagueData/EPL/2022,2023-01-21,True
2023-01-21,Liverpool,Chelsea,1.30125,1.84467,18408,2022,https://understat.com/getLeagueData/EPL/2022,2023-01-21,True
2023-01-21,Southampton,Aston Villa,0.672444,1.16432,18410,2022,https://understat.com/getLeagueData/EPL/2022,2023-01-21,True
2023-01-21,West Ham,Everton,2.46879,0.286826,18411,2022,https://understat.com/getLeagueData/EPL/2022,2023-01-21,True
2023-01-22,Arsenal,Man United,2.90273,0.272246,18402,2022,https://understat.com/getLeagueData/EPL/2022,2023-01-22,True
2023-01-22,Leeds,Brentford,0.374736,0.17114,18406,2022,https://understat.com/getLeagueData/EPL/2022,2023-01-22,True
2023-01-22,Man City,Wolves,3.32757,0.469277,18409,2022,https://understat.com/getLeagueData/EPL/2022,2023-01-22,True
2023-01-23,Fulham,Tottenham,1.09339,0.993805,18405,2022,https://understat.com/getLeagueData/EPL/2022,2023-01-23,True
2023-02-03,Chelsea,Fulham,1.41471,0.493341,18415,2022,https://understat.com/getLeagueData/EPL/2022,2023-02-03,True
2023-02-04,Aston Villa,Leicester,1.4989,2.49784,18412,2022,https://understat.com/getLeagueData/EPL/2022,2023-02-04,True
2023-02-04,Brentford,Southampton,2.36747,0.644385,18413,2022,https://understat.com/getLeagueData/EPL/2022,2023-02-04,True
2023-02-04,Brighton,Bournemouth,2.55696,0.908298,18414,2022,https://understat.com/getLeagueData/EPL/2022,2023-02-04,True
2023-02-04,Everton,Arsenal,2.09191,0.690102,18416,2022,https://understat.com/getLeagueData/EPL/2022,2023-02-04,True
2023-02-04,Man United,Crystal Palace,2.07035,1.3798,18417,2022,https://understat.com/getLeagueData/EPL/2022,2023-02-04,True
2023-02-04,Newcastle,West Ham,1.22883,1.27831,18418,2022,https://understat.com/getLeagueData/EPL/2022,2023-02-04,True
2023-02-04,Wolves,Liverpool,2.63328,1.30193,18421,2022,https://understat.com/getLeagueData/EPL/2022,2023-02-04,True
2023-02-05,Nott'm Forest,Leeds,0.3325,1.12331,18419,2022,https://understat.com/getLeagueData/EPL/2022,2023-02-05,True
2023-02-05,Tottenham,Man City,1.42168,0.773747,18420,2022,https://understat.com/getLeagueData/EPL/2022,2023-02-05,True
2023-02-08,Man United,Leeds,2.00007,0.554798,18279,2022,https://understat.com/getLeagueData/EPL/2022,2023-02-08,True
2023-02-11,Arsenal,Brentford,1.36738,2.17538,18422,2022,https://understat.com/getLeagueData/EPL/2022,2023-02-11,True
2023-02-11,Bournemouth,Newcastle,1.54458,1.54853,18423,2022,https://understat.com/getLeagueData/EPL/2022,2023-02-11,True
2023-02-11,Crystal Palace,Brighton,0.928279,2.64981,18424,2022,https://understat.com/getLeagueData/EPL/2022,2023-02-11,True
2023-02-11,Fulham,Nott'm Forest,1.69704,0.686824,18425,2022,https://understat.com/getLeagueData/EPL/2022,2023-02-11,True
2023-02-11,Leicester,Tottenham,1.41208,1.11709,18427,2022,https://understat.com/getLeagueData/EPL/2022,2023-02-11,True
2023-02-11,Southampton,Wolves,1.30203,0.615651,18430,2022,https://understat.com/getLeagueData/EPL/2022,2023-02-11,True
2023-02-11,West Ham,Chelsea,1.07615,0.900465,18431,2022,https://understat.com/getLeagueData/EPL/2022,2023-02-11,True
2023-02-12,Leeds,Man United,1.89163,1.30375,18426,2022,https://understat.com/getLeagueData/EPL/2022,2023-02-12,True
2023-02-12,Man City,Aston Villa,3.60987,0.275348,18429,2022,https://understat.com/getLeagueData/EPL/2022,2023-02-12,True
2023-02-13,Liverpool,Everton,2.23291,0.402331,18428,2022,https://understat.com/getLeagueData/EPL/2022,2023-02-13,True
2023-02-15,Arsenal,Man City,1.70139,2.00841,18312,2022,https://understat.com/getLeagueData/EPL/2022,2023-02-15,True
2023-02-18,Aston Villa,Arsenal,0.335752,2.85981,18432,2022,https://understat.com/getLeagueData/EPL/2022,2023-02-18,True
2023-02-18,Brentford,Crystal Palace,0.610105,1.12202,18433,2022,https://understat.com/getLeagueData/EPL/2022,2023-02-18,True
2023-02-18,Brighton,Fulham,2.71375,0.224214,18434,2022,https://understat.com/getLeagueData/EPL/2022,2023-02-18,True
2023-02-18,Chelsea,Southampton,1.61723,0.619532,18435,2022,https://understat.com/getLeagueData/EPL/2022,2023-02-18,True
2023-02-18,Everton,Leeds,1.53811,0.597403,18436,2022,https://understat.com/getLeagueData/EPL/2022,2023-02-18,True
2023-02-18,Newcastle,Liverpool,1.74852,2.16549,18438,2022,https://understat.com/getLeagueData/EPL/2022,2023-02-18,True
2023-02-18,Nott'm Forest,Man City,1.12735,2.80966,18439,2022,https://understat.com/getLeagueData/EPL/2022,2023-02-18,True
2023-02-18,Wolves,Bournemouth,0.911415,1.15274,18441,2022,https://understat.com/getLeagueData/EPL/2022,2023-02-18,True
2023-02-19,Man United,Leicester,4.24663,1.39678,18437,2022,https://understat.com/getLeagueData/EPL/2022,2023-02-19,True
2023-02-19,Tottenham,West Ham,1.43042,0.365173,18440,2022,https://understat.com/getLeagueData/EPL/2022,2023-02-19,True
2023-02-24,Fulham,Wolves,0.913133,0.997097,18445,2022,https://understat.com/getLeagueData/EPL/2022,2023-02-24,True
2023-02-25,Bournemouth,Man City,1.08527,2.98206,18442,2022,https://understat.com/getLeagueData/EPL/2022,2023-02-25,True
2023-02-25,Crystal Palace,Liverpool,0.989086,1.35123,18443,2022,https://understat.com/getLeagueData/EPL/2022,2023-02-25,True
2023-02-25,Everton,Aston Villa,1.54109,2.06037,18444,2022,https://understat.com/getLeagueData/EPL/2022,2023-02-25,True
2023-02-25,Leeds,Southampton,0.720048,0.391128,18446,2022,https://understat.com/getLeagueData/EPL/2022,2023-02-25,True
2023-02-25,Leicester,Arsenal,0.0203463,0.722059,18447,2022,https://understat.com/getLeagueData/EPL/2022,2023-02-25,True
2023-02-25,West Ham,Nott'm Forest,3.05032,0.350849,18451,2022,https://understat.com/getLeagueData/EPL/2022,2023-02-25,True
2023-02-26,Tottenham,Chelsea,0.926313,0.262281,18450,2022,https://understat.com/getLeagueData/EPL/2022,2023-02-26,True
2023-03-01,Arsenal,Everton,3.06919,1.604,18269,2022,https://understat.com/getLeagueData/EPL/2022,2023-03-01,True
2023-03-01,Liverpool,Wolves,2.70191,0.78681,18264,2022,https://understat.com/getLeagueData/EPL/2022,2023-03-01,True
2023-03-04,Arsenal,Bournemouth,2.46279,1.74267,18452,2022,https://understat.com/getLeagueData/EPL/2022,2023-03-04,True
2023-03-04,Aston Villa,Crystal Palace,0.890605,0.152761,18453,2022,https://understat.com/getLeagueData/EPL/2022,2023-03-04,True
2023-03-04,Brighton,West Ham,3.49993,0.250045,18455,2022,https://understat.com/getLeagueData/EPL/2022,2023-03-04,True
2023-03-04,Chelsea,Leeds,1.8678,0.633995,18456,2022,https://understat.com/getLeagueData/EPL/2022,2023-03-04,True
2023-03-04,Man City,Newcastle,1.34144,0.359809,18458,2022,https://understat.com/getLeagueData/EPL/2022,2023-03-04,True
2023-03-04,Southampton,Leicester,1.34332,1.67051,18460,2022,https://understat.com/getLeagueData/EPL/2022,2023-03-04,True
2023-03-04,Wolves,Tottenham,0.562477,1.25588,18461,2022,https://understat.com/getLeagueData/EPL/2022,2023-03-04,True
2023-03-05,Liverpool,Man United,3.44269,0.837542,18457,2022,https://understat.com/getLeagueData/EPL/2022,2023-03-05,True
2023-03-05,Nott'm Forest,Everton,0.799733,1.70877,18459,2022,https://understat.com/getLeagueData/EPL/2022,2023-03-05,True
2023-03-06,Brentford,Fulham,2.44358,1.67531,18454,2022,https://understat.com/getLeagueData/EPL/2022,2023-03-06,True
2023-03-11,Bournemouth,Liverpool,1.10128,2.13465,18462,2022,https://understat.com/getLeagueData/EPL/2022,2023-03-11,True
2023-03-11,Crystal Palace,Man City,0.185498,2.1884,18463,2022,https://understat.com/getLeagueData/EPL/2022,2023-03-11,True
2023-03-11,Everton,Brentford,1.71599,1.95088,18464,2022,https://understat.com/getLeagueData/EPL/2022,2023-03-11,True
2023-03-11,Leeds,Brighton,0.596738,1.51388,18466,2022,https://understat.com/getLeagueData/EPL/2022,2023-03-11,True
2023-03-11,Leicester,Chelsea,2.36139,1.49478,18467,2022,https://understat.com/getLeagueData/EPL/2022,2023-03-11,True
2023-03-11,Tottenham,Nott'm Forest,1.73482,1.62805,18470,2022,https://understat.com/getLeagueData/EPL/2022,2023-03-11,True
2023-03-12,Fulham,Arsenal,0.61832,2.64355,18465,2022,https://understat.com/getLeagueData/EPL/2022,2023-03-12,True
2023-03-12,Man United,Southampton,0.910911,1.18053,18468,2022,https://understat.com/getLeagueData/EPL/2022,2023-03-12,True
2023-03-12,Newcastle,Wolves,2.45527,0.709895,18469,2022,https://understat.com/getLeagueData/EPL/2022,2023-03-12,True
2023-03-12,West Ham,Aston Villa,2.14634,1.99139,18471,2022,https://understat.com/getLeagueData/EPL/2022,2023-03-12,True
2023-03-15,Brighton,Crystal Palace,0.588727,1.21452,18276,2022,https://understat.com/getLeagueData/EPL/2022,2023-03-15,True
2023-03-15,Southampton,Brentford,0.358977,1.66591,18265,2022,https://understat.com/getLeagueData/EPL/2022,2023-03-15,True
2023-03-17,Nott'm Forest,Newcastle,0.531985,2.50027,18479,2022,https://understat.com/getLeagueData/EPL/2022,2023-03-17,True
2023-03-18,Aston Villa,Bournemouth,3.45474,0.50014,18473,2022,https://understat.com/getLeagueData/EPL/2022,2023-03-18,True
2023-03-18,Brentford,Leicester,0.476467,1.42133,18474,2022,https://understat.com/getLeagueData/EPL/2022,2023-03-18,True
2023-03-18,Chelsea,Everton,1.90027,1.64675,18476,2022,https://understat.com/getLeagueData/EPL/2022,2023-03-18,True
2023-03-18,Southampton,Tottenham,2.52077,1.88473,18480,2022,https://understat.com/getLeagueData/EPL/2022,2023-03-18,True
2023-03-18,Wolves,Leeds,2.76358,1.6549,18481,2022,https://understat.com/getLeagueData/EPL/2022,2023-03-18,True
2023-03-19,Arsenal,Crystal Palace,1.53568,1.19194,18472,2022,https://understat.com/getLeagueData/EPL/2022,2023-03-19,True
2023-04-01,Arsenal,Leeds,3.29548,0.497609,18482,2022,https://understat.com/getLeagueData/EPL/2022,2023-04-01,True
2023-04-01,Bournemouth,Fulham,3.14054,0.601049,18483,2022,https://understat.com/getLeagueData/EPL/2022,2023-04-01,True
2023-04-01,Brighton,Brentford,3.8195,1.2788,18484,2022,https://understat.com/getLeagueData/EPL/2022,2023-04-01,True
2023-04-01,Chelsea,Aston Villa,2.38024,0.765794,18485,2022,https://understat.com/getLeagueData/EPL/2022,2023-04-01,True
2023-04-01,Crystal Palace,Leicester,1.93471,0.198959,18486,2022,https://understat.com/getLeagueData/EPL/2022,2023-04-01,True
2023-04-01,Man City,Liverpool,3.01243,0.318171,18488,2022,https://understat.com/getLeagueData/EPL/2022,2023-04-01,True
2023-04-01,Nott'm Forest,Wolves,1.11441,0.383739,18490,2022,https://understat.com/getLeagueData/EPL/2022,2023-04-01,True
2023-04-02,Newcastle,Man United,3.33162,0.334127,18489,2022,https://understat.com/getLeagueData/EPL/2022,2023-04-02,True
2023-04-02,West Ham,Southampton,1.40363,0.318261,18491,2022,https://understat.com/getLeagueData/EPL/2022,2023-04-02,True
2023-04-03,Everton,Tottenham,0.823365,1.39177,18487,2022,https://understat.com/getLeagueData/EPL/2022,2023-04-03,True
2023-04-04,Bournemouth,Brighton,1.15322,2.63392,18266,2022,https://understat.com/getLeagueData/EPL/2022,2023-04-04,True
2023-04-04,Chelsea,Liverpool,2.18903,0.202217,18281,2022,https://understat.com/getLeagueData/EPL/2022,2023-04-04,True
2023-04-04,Leeds,Nott'm Forest,2.43248,0.613917,18271,2022,https://understat.com/getLeagueData/EPL/2022,2023-04-04,True
2023-04-04,Leicester,Aston Villa,0.671597,1.00159,18263,2022,https://understat.com/getLeagueData/EPL/2022,2023-04-04,True
2023-04-05,Man United,Brentford,1.1445,0.64499,18448,2022,https://understat.com/getLeagueData/EPL/2022,2023-04-05,True
2023-04-05,West Ham,Newcastle,0.83342,2.84091,18268,2022,https://understat.com/getLeagueData/EPL/2022,2023-04-05,True
2023-04-08,Aston Villa,Nott'm Forest,1.42718,0.232452,18492,2022,https://understat.com/getLeagueData/EPL/2022,2023-04-08,True
2023-04-08,Brentford,Newcastle,2.06521,1.02337,18493,2022,https://understat.com/getLeagueData/EPL/2022,2023-04-08,True
2023-04-08,Fulham,West Ham,0.456524,1.23261,18494,2022,https://understat.com/getLeagueData/EPL/2022,2023-04-08,True
2023-04-08,Leicester,Bournemouth,0.731965,1.92396,18496,2022,https://understat.com/getLeagueData/EPL/2022,2023-04-08,True
2023-04-08,Man United,Everton,4.38578,0.949183,18498,2022,https://understat.com/getLeagueData/EPL/2022,2023-04-08,True
2023-04-08,Southampton,Man City,0.492801,3.05999,18499,2022,https://understat.com/getLeagueData/EPL/2022,2023-04-08,True
2023-04-08,Tottenham,Brighton,0.594139,1.47549,18500,2022,https://understat.com/getLeagueData/EPL/2022,2023-04-08,True
2023-04-08,Wolves,Chelsea,0.601153,0.815308,18501,2022,https://understat.com/getLeagueData/EPL/2022,2023-04-08,True
2023-04-09,Leeds,Crystal Palace,1.02075,3.22687,18495,2022,https://understat.com/getLeagueData/EPL/2022,2023-04-09,True
2023-04-09,Liverpool,Arsenal,4.64012,1.53631,18497,2022,https://understat.com/getLeagueData/EPL/2022,2023-04-09,True
2023-04-15,Aston Villa,Newcastle,1.91802,0.425086,18502,2022,https://understat.com/getLeagueData/EPL/2022,2023-04-15,True
2023-04-15,Chelsea,Brighton,0.46331,2.52107,18503,2022,https://understat.com/getLeagueData/EPL/2022,2023-04-15,True
2023-04-15,Everton,Fulham,2.24262,1.92209,18504,2022,https://understat.com/getLeagueData/EPL/2022,2023-04-15,True
2023-04-15,Man City,Leicester,1.60702,1.92692,18506,2022,https://understat.com/getLeagueData/EPL/2022,2023-04-15,True
2023-04-15,Southampton,Crystal Palace,0.678449,0.86306,18508,2022,https://understat.com/getLeagueData/EPL/2022,2023-04-15,True
2023-04-15,Tottenham,Bournemouth,2.30604,1.20598,18509,2022,https://understat.com/getLeagueData/EPL/2022,2023-04-15,True
2023-04-15,Wolves,Brentford,0.93912,1.5133,18511,2022,https://understat.com/getLeagueData/EPL/2022,2023-04-15,True
2023-04-16,Nott'm Forest,Man United,1.05289,3.33747,18507,2022,https://understat.com/getLeagueData/EPL/2022,2023-04-16,True
2023-04-16,West Ham,Arsenal,1.96095,2.71782,18510,2022,https://understat.com/getLeagueData/EPL/2022,2023-04-16,True
2023-04-17,Leeds,Liverpool,1.16748,2.65476,18505,2022,https://understat.com/getLeagueData/EPL/2022,2023-04-17,True
2023-04-21,Arsenal,Southampton,2.39609,1.43063,18512,2022,https://understat.com/getLeagueData/EPL/2022,2023-04-21,True
2023-04-22,Brentford,Aston Villa,2.03162,1.66602,18514,2022,https://understat.com/getLeagueData/EPL/2022,2023-04-22,True
2023-04-22,Crystal Palace,Everton,0.368137,0.433712,18516,2022,https://understat.com/getLeagueData/EPL/2022,2023-04-22,True
2023-04-22,Fulham,Leeds,1.43763,1.07482,18517,2022,https://understat.com/getLeagueData/EPL/2022,2023-04-22,True
2023-04-22,Leicester,Wolves,2.66929,0.59626,18518,2022,https://understat.com/getLeagueData/EPL/2022,2023-04-22,True
2023-04-22,Liverpool,Nott'm Forest,3.32745,0.724666,18519,2022,https://understat.com/getLeagueData/EPL/2022,2023-04-22,True
2023-04-23,Bournemouth,West Ham,0.974687,2.52322,18513,2022,https://understat.com/getLeagueData/EPL/2022,2023-04-23,True
2023-04-23,Newcastle,Tottenham,3.98532,0.883001,18521,2022,https://understat.com/getLeagueData/EPL/2022,2023-04-23,True
2023-04-25,Aston Villa,Fulham,0.839159,0.079864,18528,2022,https://understat.com/getLeagueData/EPL/2022,2023-04-25,True
2023-04-25,Leeds,Leicester,2.09645,2.08594,18523,2022,https://understat.com/getLeagueData/EPL/2022,2023-04-25,True
2023-04-25,Wolves,Crystal Palace,1.12829,0.580294,18527,2022,https://understat.com/getLeagueData/EPL/2022,2023-04-25,True
2023-04-26,Chelsea,Brentford,1.21124,0.695344,18529,2022,https://understat.com/getLeagueData/EPL/2022,2023-04-26,True
2023-04-26,Man City,Arsenal,2.01168,0.398372,18531,2022,https://understat.com/getLeagueData/EPL/2022,2023-04-26,True
2023-04-26,Nott'm Forest,Brighton,2.43846,2.33064,18524,2022,https://understat.com/getLeagueData/EPL/2022,2023-04-26,True
2023-04-26,West Ham,Liverpool,0.939348,1.7045,18526,2022,https://understat.com/getLeagueData/EPL/2022,2023-04-26,True
2023-04-27,Everton,Newcastle,0.777008,2.86368,18522,2022,https://understat.com/getLeagueData/EPL/2022,2023-04-27,True
2023-04-27,Southampton,Bournemouth,0.477034,0.988554,18530,2022,https://understat.com/getLeagueData/EPL/2022,2023-04-27,True
2023-04-27,Tottenham,Man United,2.37239,1.96508,18525,2022,https://understat.com/getLeagueData/EPL/2022,2023-04-27,True
2023-04-29,Brentford,Nott'm Forest,1.32059,0.939693,18534,2022,https://understat.com/getLeagueData/EPL/2022,2023-04-29,True
2023-04-29,Brighton,Wolves,3.60471,0.603985,18535,2022,https://understat.com/getLeagueData/EPL/2022,2023-04-29,True
2023-04-29,Crystal Palace,West Ham,2.31888,1.98262,18536,2022,https://understat.com/getLeagueData/EPL/2022,2023-04-29,True
2023-04-30,Bournemouth,Leeds,2.51723,1.33691,18533,2022,https://understat.com/getLeagueData/EPL/2022,2023-04-30,True
2023-04-30,Fulham,Man City,0.431813,2.32338,18537,2022,https://understat.com/getLeagueData/EPL/2022,2023-04-30,True
2023-04-30,Liverpool,Tottenham,2.42911,1.44927,18539,2022,https://understat.com/getLeagueData/EPL/2022,2023-04-30,True
2023-04-30,Man United,Aston Villa,1.3056,0.434738,18540,2022,https://understat.com/getLeagueData/EPL/2022,2023-04-30,True
2023-04-30,Newcastle,Southampton,3.91457,0.897175,18541,2022,https://understat.com/getLeagueData/EPL/2022,2023-04-30,True
2023-05-01,Leicester,Everton,3.32486,3.28648,18538,2022,https://understat.com/getLeagueData/EPL/2022,2023-05-01,True
2023-05-02,Arsenal,Chelsea,2.7832,0.785202,18532,2022,https://understat.com/getLeagueData/EPL/2022,2023-05-02,True
2023-05-03,Liverpool,Fulham,1.67372,0.740125,18477,2022,https://understat.com/getLeagueData/EPL/2022,2023-05-03,True
2023-05-03,Man City,West Ham,2.99908,0.492075,18478,2022,https://understat.com/getLeagueData/EPL/2022,2023-05-03,True
2023-05-04,Brighton,Man United,2.09953,1.32105,18475,2022,https://understat.com/getLeagueData/EPL/2022,2023-05-04,True
2023-05-06,Bournemouth,Chelsea,1.21755,1.76852,18542,2022,https://understat.com/getLeagueData/EPL/2022,2023-05-06,True
2023-05-06,Liverpool,Brentford,1.992,0.183892,18545,2022,https://understat.com/getLeagueData/EPL/2022,2023-05-06,True
2023-05-06,Man City,Leeds,2.83472,0.140924,18546,2022,https://understat.com/getLeagueData/EPL/2022,2023-05-06,True
2023-05-06,Tottenham,Crystal Palace,1.15665,0.306669,18549,2022,https://understat.com/getLeagueData/EPL/2022,2023-05-06,True
2023-05-06,Wolves,Aston Villa,0.80605,1.50158,18551,2022,https://understat.com/getLeagueData/EPL/2022,2023-05-06,True
2023-05-07,Newcastle,Arsenal,1.37224,1.29061,18547,2022,https://understat.com/getLeagueData/EPL/2022,2023-05-07,True
2023-05-07,West Ham,Man United,1.76618,1.1942,18550,2022,https://understat.com/getLeagueData/EPL/2022,2023-05-07,True
2023-05-08,Brighton,Everton,3.23717,2.94223,18543,2022,https://understat.com/getLeagueData/EPL/2022,2023-05-08,True
2023-05-08,Fulham,Leicester,1.75276,2.92566,18544,2022,https://understat.com/getLeagueData/EPL/2022,2023-05-08,True
2023-05-08,Nott'm Forest,Southampton,1.91326,3.31096,18548,2022,https://understat.com/getLeagueData/EPL/2022,2023-05-08,True
2023-05-13,Aston Villa,Tottenham,1.79987,1.18505,18553,2022,https://understat.com/getLeagueData/EPL/2022,2023-05-13,True
2023-05-13,Chelsea,Nott'm Forest,0.999181,1.96797,18555,2022,https://understat.com/getLeagueData/EPL/2022,2023-05-13,True
2023-05-13,Crystal Palace,Bournemouth,1.40237,0.262022,18556,2022,https://understat.com/getLeagueData/EPL/2022,2023-05-13,True
2023-05-13,Leeds,Newcastle,2.01567,2.35118,18558,2022,https://understat.com/getLeagueData/EPL/2022,2023-05-13,True
2023-05-13,Man United,Wolves,3.10118,0.268789,18560,2022,https://understat.com/getLeagueData/EPL/2022,2023-05-13,True
2023-05-13,Southampton,Fulham,0.149649,1.27085,18561,2022,https://understat.com/getLeagueData/EPL/2022,2023-05-13,True
2023-05-14,Arsenal,Brighton,0.958651,2.21276,18552,2022,https://understat.com/getLeagueData/EPL/2022,2023-05-14,True
2023-05-14,Brentford,West Ham,4.42571,0.203312,18554,2022,https://understat.com/getLeagueData/EPL/2022,2023-05-14,True
2023-05-14,Everton,Man City,1.18597,1.04338,18557,2022,https://understat.com/getLeagueData/EPL/2022,2023-05-14,True
2023-05-15,Leicester,Liverpool,0.527496,1.77085,18559,2022,https://understat.com/getLeagueData/EPL/2022,2023-05-15,True
2023-05-18,Newcastle,Brighton,4.11359,0.593493,18449,2022,https://understat.com/getLeagueData/EPL/2022,2023-05-18,True
2023-05-20,Bournemouth,Man United,0.815723,1.71783,18562,2022,https://understat.com/getLeagueData/EPL/2022,2023-05-20,True
2023-05-20,Fulham,Crystal Palace,1.95519,1.70785,18564,2022,https://understat.com/getLeagueData/EPL/2022,2023-05-20,True
2023-05-20,Liverpool,Aston Villa,0.918508,1.46948,18565,2022,https://understat.com/getLeagueData/EPL/2022,2023-05-20,True
2023-05-20,Nott'm Forest,Arsenal,1.1397,0.4902,18568,2022,https://understat.com/getLeagueData/EPL/2022,2023-05-20,True
2023-05-20,Tottenham,Brentford,1.61667,1.15344,18569,2022,https://understat.com/getLeagueData/EPL/2022,2023-05-20,True
2023-05-20,Wolves,Everton,1.28976,2.46976,18571,2022,https://understat.com/getLeagueData/EPL/2022,2023-05-20,True
2023-05-21,Brighton,Southampton,2.41418,0.863659,18563,2022,https://understat.com/getLeagueData/EPL/2022,2023-05-21,True
2023-05-21,Man City,Chelsea,1.20557,1.15648,18566,2022,https://understat.com/getLeagueData/EPL/2022,2023-05-21,True
2023-05-21,West Ham,Leeds,2.48001,0.645828,18570,2022,https://understat.com/getLeagueData/EPL/2022,2023-05-21,True
2023-05-22,Newcastle,Leicester,2.05089,0.0839072,18567,2022,https://understat.com/getLeagueData/EPL/2022,2023-05-22,True
2023-05-24,Brighton,Man City,2.11486,1.92973,18515,2022,https://understat.com/getLeagueData/EPL/2022,2023-05-24,True
2023-05-25,Man United,Chelsea,4.92231,1.68364,18520,2022,https://understat.com/getLeagueData/EPL/2022,2023-05-25,True
2023-05-28,Arsenal,Wolves,3.02466,0.38772,18572,2022,https://understat.com/getLeagueData/EPL/2022,2023-05-28,True
2023-05-28,Aston Villa,Brighton,2.55845,1.23117,18573,2022,https://understat.com/getLeagueData/EPL/2022,2023-05-28,True
2023-05-28,Brentford,Man City,1.43893,1.18649,18574,2022,https://understat.com/getLeagueData/EPL/2022,2023-05-28,True
2023-05-28,Chelsea,Newcastle,2.01924,1.51899,18575,2022,https://understat.com/getLeagueData/EPL/2022,2023-05-28,True
2023-05-28,Crystal Palace,Nott'm Forest,1.00786,0.436439,18576,2022,https://understat.com/getLeagueData/EPL/2022,2023-05-28,True
2023-05-28,Everton,Bournemouth,1.12933,0.432084,18577,2022,https://understat.com/getLeagueData/EPL/2022,2023-05-28,True
2023-05-28,Leeds,Tottenham,1.19151,2.03315,18578,2022,https://understat.com/getLeagueData/EPL/2022,2023-05-28,True
2023-05-28,Leicester,West Ham,2.03013,0.970352,18579,2022,https://understat.com/getLeagueData/EPL/2022,2023-05-28,True
2023-05-28,Man United,Fulham,2.74766,1.88167,18580,2022,https://understat.com/getLeagueData/EPL/2022,2023-05-28,True
2023-05-28,Southampton,Liverpool,1.33964,4.00345,18581,2022,https://understat.com/getLeagueData/EPL/2022,2023-05-28,True
2023-08-11,Burnley,Man City,0.311032,2.40074,22275,2023,https://understat.com/getLeagueData/EPL/2023,2023-08-11,True
2023-08-12,Arsenal,Nott'm Forest,0.84262,0.966305,22276,2023,https://understat.com/getLeagueData/EPL/2023,2023-08-12,True
2023-08-12,Bournemouth,West Ham,1.51025,1.4834,22277,2023,https://understat.com/getLeagueData/EPL/2023,2023-08-12,True
2023-08-12,Brighton,Luton,4.36748,1.88594,22278,2023,https://understat.com/getLeagueData/EPL/2023,2023-08-12,True
2023-08-12,Everton,Fulham,2.59001,1.58144,22279,2023,https://understat.com/getLeagueData/EPL/2023,2023-08-12,True
2023-08-12,Newcastle,Aston Villa,4.32208,1.486,22281,2023,https://understat.com/getLeagueData/EPL/2023,2023-08-12,True
2023-08-12,Sheffield United,Crystal Palace,0.422704,2.27616,22280,2023,https://understat.com/getLeagueData/EPL/2023,2023-08-12,True
2023-08-13,Brentford,Tottenham,1.90756,1.45316,22282,2023,https://understat.com/getLeagueData/EPL/2023,2023-08-13,True
2023-08-13,Chelsea,Liverpool,1.93258,1.29994,22283,2023,https://understat.com/getLeagueData/EPL/2023,2023-08-13,True
2023-08-14,Man United,Wolves,1.97087,1.72228,22284,2023,https://understat.com/getLeagueData/EPL/2023,2023-08-14,True
2023-08-18,Nott'm Forest,Sheffield United,1.37181,0.551038,22285,2023,https://understat.com/getLeagueData/EPL/2023,2023-08-18,True
2023-08-19,Fulham,Brentford,0.399899,3.46888,22287,2023,https://understat.com/getLeagueData/EPL/2023,2023-08-19,True
2023-08-19,Liverpool,Bournemouth,3.25448,1.3867,22288,2023,https://understat.com/getLeagueData/EPL/2023,2023-08-19,True
2023-08-19,Man City,Newcastle,1.22528,0.257154,22291,2023,https://understat.com/getLeagueData/EPL/2023,2023-08-19,True
2023-08-19,Tottenham,Man United,2.53904,2.44604,22290,2023,https://understat.com/getLeagueData/EPL/2023,2023-08-19,True
2023-08-19,Wolves,Brighton,2.68821,3.15562,22286,2023,https://understat.com/getLeagueData/EPL/2023,2023-08-19,True
2023-08-20,Aston Villa,Everton,3.24336,0.721465,22292,2023,https://understat.com/getLeagueData/EPL/2023,2023-08-20,True
2023-08-20,West Ham,Chelsea,1.71234,1.60916,22293,2023,https://understat.com/getLeagueData/EPL/2023,2023-08-20,True
2023-08-21,Crystal Palace,Arsenal,1.06916,2.20593,22294,2023,https://understat.com/getLeagueData/EPL/2023,2023-08-21,True
2023-08-25,Chelsea,Luton,3.41419,0.465741,22295,2023,https://understat.com/getLeagueData/EPL/2023,2023-08-25,True
2023-08-26,Arsenal,Fulham,3.23088,0.849817,22297,2023,https://understat.com/getLeagueData/EPL/2023,2023-08-26,True
2023-08-26,Bournemouth,Tottenham,0.483582,2.26115,22296,2023,https://understat.com/getLeagueData/EPL/2023,2023-08-26,True
2023-08-26,Brentford,Crystal Palace,0.948011,1.06061,22298,2023,https://understat.com/getLeagueData/EPL/2023,2023-08-26,True
2023-08-26,Brighton,West Ham,1.3743,2.9527,22301,2023,https://understat.com/getLeagueData/EPL/2023,2023-08-26,True
2023-08-26,Everton,Wolves,1.89792,1.40228,22299,2023,https://understat.com/getLeagueData/EPL/2023,2023-08-26,True
2023-08-26,Man United,Nott'm Forest,3.02803,0.960354,22300,2023,https://understat.com/getLeagueData/EPL/2023,2023-08-26,True
2023-08-27,Burnley,Aston Villa,0.630605,2.83691,22302,2023,https://understat.com/getLeagueData/EPL/2023,2023-08-27,True
2023-08-27,Newcastle,Liverpool,1.62037,0.856121,22304,2023,https://understat.com/getLeagueData/EPL/2023,2023-08-27,True
2023-08-27,Sheffield United,Man City,0.762232,3.84804,22303,2023,https://understat.com/getLeagueData/EPL/2023,2023-08-27,True
2023-09-01,Luton,West Ham,2.02244,1.22528,21925,2023,https://understat.com/getLeagueData/EPL/2023,2023-09-01,True
2023-09-02,Brentford,Bournemouth,3.07185,2.11013,21928,2023,https://understat.com/getLeagueData/EPL/2023,2023-09-02,True
2023-09-02,Brighton,Newcastle,1.32258,0.90476,21931,2023,https://understat.com/getLeagueData/EPL/2023,2023-09-02,True
2023-09-02,Burnley,Tottenham,1.66604,2.39785,21929,2023,https://understat.com/getLeagueData/EPL/2023,2023-09-02,True
2023-09-02,Chelsea,Nott'm Forest,2.28442,1.1505,21930,2023,https://understat.com/getLeagueData/EPL/2023,2023-09-02,True
2023-09-02,Man City,Fulham,2.00152,1.46427,21927,2023,https://understat.com/getLeagueData/EPL/2023,2023-09-02,True
2023-09-02,Sheffield United,Everton,1.575,2.73871,21926,2023,https://understat.com/getLeagueData/EPL/2023,2023-09-02,True
2023-09-03,Arsenal,Man United,1.90973,0.966109,21934,2023,https://understat.com/getLeagueData/EPL/2023,2023-09-03,True
2023-09-03,Crystal Palace,Wolves,2.32935,1.13911,21932,2023,https://understat.com/getLeagueData/EPL/2023,2023-09-03,True
2023-09-03,Liverpool,Aston Villa,2.73138,0.615503,21933,2023,https://understat.com/getLeagueData/EPL/2023,2023-09-03,True
2023-09-16,Aston Villa,Crystal Palace,2.31518,1.11696,21938,2023,https://understat.com/getLeagueData/EPL/2023,2023-09-16,True
2023-09-16,Fulham,Luton,1.75704,1.45705,21939,2023,https://understat.com/getLeagueData/EPL/2023,2023-09-16,True
2023-09-16,Man United,Brighton,0.719951,1.93908,21940,2023,https://understat.com/getLeagueData/EPL/2023,2023-09-16,True
2023-09-16,Newcastle,Brentford,1.50126,0.633678,21943,2023,https://understat.com/getLeagueData/EPL/2023,2023-09-16,True
2023-09-16,Tottenham,Sheffield United,2.15909,0.790655,21936,2023,https://understat.com/getLeagueData/EPL/2023,2023-09-16,True
2023-09-16,West Ham,Man City,0.895632,4.15046,21937,2023,https://understat.com/getLeagueData/EPL/2023,2023-09-16,True
2023-09-16,Wolves,Liverpool,0.538833,2.82701,21935,2023,https://understat.com/getLeagueData/EPL/2023,2023-09-16,True
2023-09-17,Bournemouth,Chelsea,1.32515,1.39677,21942,2023,https://understat.com/getLeagueData/EPL/2023,2023-09-17,True
2023-09-17,Everton,Arsenal,0.28317,0.802605,21941,2023,https://understat.com/getLeagueData/EPL/2023,2023-09-17,True
2023-09-18,Nott'm Forest,Burnley,0.705795,0.807651,21944,2023,https://understat.com/getLeagueData/EPL/2023,2023-09-18,True
2023-09-23,Brentford,Everton,1.57402,2.51497,21949,2023,https://understat.com/getLeagueData/EPL/2023,2023-09-23,True
2023-09-23,Burnley,Man United,0.935444,0.840273,21950,2023,https://understat.com/getLeagueData/EPL/2023,2023-09-23,True
2023-09-23,Crystal Palace,Fulham,0.37236,0.542678,21948,2023,https://understat.com/getLeagueData/EPL/2023,2023-09-23,True
2023-09-23,Luton,Wolves,2.24101,0.762984,21945,2023,https://understat.com/getLeagueData/EPL/2023,2023-09-23,True
2023-09-23,Man City,Nott'm Forest,1.33984,0.729109,21946,2023,https://understat.com/getLeagueData/EPL/2023,2023-09-23,True
2023-09-24,Arsenal,Tottenham,2.3429,2.21166,21952,2023,https://understat.com/getLeagueData/EPL/2023,2023-09-24,True
2023-09-24,Brighton,Bournemouth,2.14533,1.58984,21951,2023,https://understat.com/getLeagueData/EPL/2023,2023-09-24,True
2023-09-24,Chelsea,Aston Villa,1.19716,1.13479,21947,2023,https://understat.com/getLeagueData/EPL/2023,2023-09-24,True
2023-09-24,Liverpool,West Ham,4.14262,1.53878,21953,2023,https://understat.com/getLeagueData/EPL/2023,2023-09-24,True
2023-09-24,Sheffield United,Newcastle,0.579392,5.1082,21954,2023,https://understat.com/getLeagueData/EPL/2023,2023-09-24,True
2023-09-30,Aston Villa,Brighton,1.90746,1.72819,21955,2023,https://understat.com/getLeagueData/EPL/2023,2023-09-30,True
2023-09-30,Bournemouth,Arsenal,0.644443,4.0742,21959,2023,https://understat.com/getLeagueData/EPL/2023,2023-09-30,True
2023-09-30,Everton,Luton,3.65377,1.5102,21956,2023,https://understat.com/getLeagueData/EPL/2023,2023-09-30,True
2023-09-30,Man United,Crystal Palace,1.55408,1.19015,21957,2023,https://understat.com/getLeagueData/EPL/2023,2023-09-30,True
2023-09-30,Newcastle,Burnley,3.08516,0.801849,21958,2023,https://understat.com/getLeagueData/EPL/2023,2023-09-30,True
2023-09-30,Tottenham,Liverpool,2.18823,1.12299,21962,2023,https://understat.com/getLeagueData/EPL/2023,2023-09-30,True
2023-09-30,West Ham,Sheffield United,3.19753,0.911997,21960,2023,https://understat.com/getLeagueData/EPL/2023,2023-09-30,True
2023-09-30,Wolves,Man City,0.673985,0.98075,21961,2023,https://understat.com/getLeagueData/EPL/2023,2023-09-30,True
2023-10-01,Nott'm Forest,Brentford,0.800317,1.75862,21963,2023,https://understat.com/getLeagueData/EPL/2023,2023-10-01,True
2023-10-02,Fulham,Chelsea,0.889383,1.98461,21964,2023,https://understat.com/getLeagueData/EPL/2023,2023-10-02,True
2023-10-03,Luton,Burnley,1.53058,0.920206,22289,2023,https://understat.com/getLeagueData/EPL/2023,2023-10-03,True
2023-10-07,Burnley,Chelsea,0.956642,1.97566,21967,2023,https://understat.com/getLeagueData/EPL/2023,2023-10-07,True
2023-10-07,Crystal Palace,Nott'm Forest,0.982452,1.22105,21968,2023,https://understat.com/getLeagueData/EPL/2023,2023-10-07,True
2023-10-07,Everton,Bournemouth,3.16482,0.981732,21969,2023,https://understat.com/getLeagueData/EPL/2023,2023-10-07,True
2023-10-07,Fulham,Sheffield United,2.26612,0.251809,21970,2023,https://understat.com/getLeagueData/EPL/2023,2023-10-07,True
2023-10-07,Luton,Tottenham,0.848118,2.37947,21971,2023,https://understat.com/getLeagueData/EPL/2023,2023-10-07,True
2023-10-07,Man United,Brentford,1.29356,1.02509,21972,2023,https://understat.com/getLeagueData/EPL/2023,2023-10-07,True
2023-10-08,Arsenal,Man City,0.386558,0.858071,21965,2023,https://understat.com/getLeagueData/EPL/2023,2023-10-08,True
2023-10-08,Brighton,Liverpool,2.23187,2.51029,21966,2023,https://understat.com/getLeagueData/EPL/2023,2023-10-08,True
2023-10-08,West Ham,Newcastle,0.931345,1.97865,21973,2023,https://understat.com/getLeagueData/EPL/2023,2023-10-08,True
2023-10-08,Wolves,Aston Villa,1.76232,1.81618,21974,2023,https://understat.com/getLeagueData/EPL/2023,2023-10-08,True
2023-10-21,Bournemouth,Wolves,1.01839,2.30454,21975,2023,https://understat.com/getLeagueData/EPL/2023,2023-10-21,True
2023-10-21,Brentford,Burnley,3.15685,0.693129,21977,2023,https://understat.com/getLeagueData/EPL/2023,2023-10-21,True
2023-10-21,Chelsea,Arsenal,1.71838,1.05791,21978,2023,https://understat.com/getLeagueData/EPL/2023,2023-10-21,True
2023-10-21,Liverpool,Everton,2.28568,0.0937725,21979,2023,https://understat.com/getLeagueData/EPL/2023,2023-10-21,True
2023-10-21,Man City,Brighton,0.962509,0.963733,21980,2023,https://understat.com/getLeagueData/EPL/2023,2023-10-21,True
2023-10-21,Newcastle,Crystal Palace,3.73336,1.08795,21981,2023,https://understat.com/getLeagueData/EPL/2023,2023-10-21,True
2023-10-21,Nott'm Forest,Luton,3.27549,1.49555,21982,2023,https://understat.com/getLeagueData/EPL/2023,2023-10-21,True
2023-10-21,Sheffield United,Man United,1.41074,1.46187,21983,2023,https://understat.com/getLeagueData/EPL/2023,2023-10-21,True
2023-10-22,Aston Villa,West Ham,2.34143,0.659622,21976,2023,https://understat.com/getLeagueData/EPL/2023,2023-10-22,True
2023-10-23,Tottenham,Fulham,1.63523,0.745838,21984,2023,https://understat.com/getLeagueData/EPL/2023,2023-10-23,True
2023-10-27,Crystal Palace,Tottenham,0.561834,0.989103,21990,2023,https://understat.com/getLeagueData/EPL/2023,2023-10-27,True
2023-10-28,Arsenal,Sheffield United,3.03496,0.0281554,21986,2023,https://understat.com/getLeagueData/EPL/2023,2023-10-28,True
2023-10-28,Bournemouth,Burnley,1.10052,0.90255,21985,2023,https://understat.com/getLeagueData/EPL/2023,2023-10-28,True
2023-10-28,Chelsea,Brentford,1.71801,2.48137,21989,2023,https://understat.com/getLeagueData/EPL/2023,2023-10-28,True
2023-10-28,Wolves,Newcastle,0.863393,2.31987,21994,2023,https://understat.com/getLeagueData/EPL/2023,2023-10-28,True
2023-10-29,Aston Villa,Luton,3.07654,0.453117,21987,2023,https://understat.com/getLeagueData/EPL/2023,2023-10-29,True
2023-10-29,Brighton,Fulham,1.31996,0.552523,21988,2023,https://understat.com/getLeagueData/EPL/2023,2023-10-29,True
2023-10-29,Liverpool,Nott'm Forest,2.70428,0.642014,21991,2023,https://understat.com/getLeagueData/EPL/2023,2023-10-29,True
2023-10-29,Man United,Man City,0.714628,4.54595,21992,2023,https://understat.com/getLeagueData/EPL/2023,2023-10-29,True
2023-10-29,West Ham,Everton,0.618578,0.733813,21993,2023,https://understat.com/getLeagueData/EPL/2023,2023-10-29,True
2023-11-04,Brentford,West Ham,1.82944,1.75505,21995,2023,https://understat.com/getLeagueData/EPL/2023,2023-11-04,True
2023-11-04,Burnley,Crystal Palace,1.4998,1.43653,21996,2023,https://understat.com/getLeagueData/EPL/2023,2023-11-04,True
2023-11-04,Everton,Brighton,0.617607,0.442489,21997,2023,https://understat.com/getLeagueData/EPL/2023,2023-11-04,True
2023-11-04,Fulham,Man United,1.18241,0.697095,21998,2023,https://understat.com/getLeagueData/EPL/2023,2023-11-04,True
2023-11-04,Man City,Bournemouth,2.39949,0.643127,22000,2023,https://understat.com/getLeagueData/EPL/2023,2023-11-04,True
2023-11-04,Newcastle,Arsenal,1.12355,0.535473,22001,2023,https://understat.com/getLeagueData/EPL/2023,2023-11-04,True
2023-11-04,Sheffield United,Wolves,1.10165,1.14803,22003,2023,https://understat.com/getLeagueData/EPL/2023,2023-11-04,True
2023-11-05,Luton,Liverpool,1.3411,3.03925,21999,2023,https://understat.com/getLeagueData/EPL/2023,2023-11-05,True
2023-11-05,Nott'm Forest,Aston Villa,0.592447,1.33116,22002,2023,https://understat.com/getLeagueData/EPL/2023,2023-11-05,True
2023-11-06,Tottenham,Chelsea,0.959108,4.05865,22004,2023,https://understat.com/getLeagueData/EPL/2023,2023-11-06,True
2023-11-11,Arsenal,Burnley,2.63194,0.327706,22006,2023,https://understat.com/getLeagueData/EPL/2023,2023-11-11,True
2023-11-11,Bournemouth,Newcastle,2.78424,0.306141,22005,2023,https://understat.com/getLeagueData/EPL/2023,2023-11-11,True
2023-11-11,Crystal Palace,Everton,1.89194,1.7904,22010,2023,https://understat.com/getLeagueData/EPL/2023,2023-11-11,True
2023-11-11,Man United,Luton,2.74105,0.408265,22012,2023,https://understat.com/getLeagueData/EPL/2023,2023-11-11,True
2023-11-11,Wolves,Tottenham,1.90884,0.432315,22014,2023,https://understat.com/getLeagueData/EPL/2023,2023-11-11,True
2023-11-12,Aston Villa,Fulham,2.86039,0.648745,22007,2023,https://understat.com/getLeagueData/EPL/2023,2023-11-12,True
2023-11-12,Brighton,Sheffield United,1.08601,0.84434,22008,2023,https://understat.com/getLeagueData/EPL/2023,2023-11-12,True
2023-11-12,Chelsea,Man City,3.47238,3.19324,22009,2023,https://understat.com/getLeagueData/EPL/2023,2023-11-12,True
2023-11-12,Liverpool,Brentford,1.56004,1.44954,22011,2023,https://understat.com/getLeagueData/EPL/2023,2023-11-12,True
2023-11-12,West Ham,Nott'm Forest,2.06402,1.42128,22013,2023,https://understat.com/getLeagueData/EPL/2023,2023-11-12,True
2023-11-25,Brentford,Arsenal,1.66315,1.82699,22015,2023,https://understat.com/getLeagueData/EPL/2023,2023-11-25,True
2023-11-25,Burnley,West Ham,1.44228,1.36963,22016,2023,https://understat.com/getLeagueData/EPL/2023,2023-11-25,True
2023-11-25,Luton,Crystal Palace,0.996153,1.83546,22019,2023,https://understat.com/getLeagueData/EPL/2023,2023-11-25,True
2023-11-25,Man City,Liverpool,1.79622,0.766278,22020,2023,https://understat.com/getLeagueData/EPL/2023,2023-11-25,True
2023-11-25,Newcastle,Chelsea,2.15227,0.968061,22021,2023,https://understat.com/getLeagueData/EPL/2023,2023-11-25,True
2023-11-25,Nott'm Forest,Brighton,2.22655,1.21792,22022,2023,https://understat.com/getLeagueData/EPL/2023,2023-11-25,True
2023-11-25,Sheffield United,Bournemouth,0.816227,3.13975,22023,2023,https://understat.com/getLeagueData/EPL/2023,2023-11-25,True
2023-11-26,Everton,Man United,2.49764,2.07334,22017,2023,https://understat.com/getLeagueData/EPL/2023,2023-11-26,True
2023-11-26,Tottenham,Aston Villa,2.22542,2.39755,22024,2023,https://understat.com/getLeagueData/EPL/2023,2023-11-26,True
2023-11-27,Fulham,Wolves,2.49057,1.57875,22018,2023,https://understat.com/getLeagueData/EPL/2023,2023-11-27,True
2023-12-02,Arsenal,Wolves,3.30368,1.07886,22026,2023,https://understat.com/getLeagueData/EPL/2023,2023-12-02,True
2023-12-02,Brentford,Luton,3.25952,0.227176,22027,2023,https://understat.com/getLeagueData/EPL/2023,2023-12-02,True
2023-12-02,Burnley,Sheffield United,2.60469,0.618131,22028,2023,https://understat.com/getLeagueData/EPL/2023,2023-12-02,True
2023-12-02,Newcastle,Man United,2.90191,0.422674,22032,2023,https://understat.com/getLeagueData/EPL/2023,2023-12-02,True
2023-12-02,Nott'm Forest,Everton,0.673085,0.623789,22033,2023,https://understat.com/getLeagueData/EPL/2023,2023-12-02,True
2023-12-03,Bournemouth,Aston Villa,2.54937,0.89511,22025,2023,https://understat.com/getLeagueData/EPL/2023,2023-12-03,True
2023-12-03,Chelsea,Brighton,1.66304,0.855058,22029,2023,https://understat.com/getLeagueData/EPL/2023,2023-12-03,True
2023-12-03,Liverpool,Fulham,2.72831,1.51005,22030,2023,https://understat.com/getLeagueData/EPL/2023,2023-12-03,True
2023-12-03,Man City,Tottenham,2.90729,0.433077,22031,2023,https://understat.com/getLeagueData/EPL/2023,2023-12-03,True
2023-12-03,West Ham,Crystal Palace,1.1466,0.987682,22034,2023,https://understat.com/getLeagueData/EPL/2023,2023-12-03,True
2023-12-05,Luton,Arsenal,0.526254,2.58815,22039,2023,https://understat.com/getLeagueData/EPL/2023,2023-12-05,True
2023-12-05,Wolves,Burnley,1.11886,0.781542,22042,2023,https://understat.com/getLeagueData/EPL/2023,2023-12-05,True
2023-12-06,Aston Villa,Man City,2.1922,1.00198,22035,2023,https://understat.com/getLeagueData/EPL/2023,2023-12-06,True
2023-12-06,Brighton,Brentford,1.54099,1.22007,22036,2023,https://understat.com/getLeagueData/EPL/2023,2023-12-06,True
2023-12-06,Crystal Palace,Bournemouth,1.26441,1.79997,22043,2023,https://understat.com/getLeagueData/EPL/2023,2023-12-06,True
2023-12-06,Fulham,Nott'm Forest,3.09427,0.218659,22038,2023,https://understat.com/getLeagueData/EPL/2023,2023-12-06,True
2023-12-06,Man United,Chelsea,4.03949,2.3512,22044,2023,https://understat.com/getLeagueData/EPL/2023,2023-12-06,True
2023-12-06,Sheffield United,Liverpool,0.834172,1.80116,22040,2023,https://understat.com/getLeagueData/EPL/2023,2023-12-06,True
2023-12-07,Everton,Newcastle,2.95393,1.29564,22037,2023,https://understat.com/getLeagueData/EPL/2023,2023-12-07,True
2023-12-07,Tottenham,West Ham,1.61268,1.7409,22041,2023,https://understat.com/getLeagueData/EPL/2023,2023-12-07,True
2023-12-09,Aston Villa,Arsenal,0.628499,1.71667,22045,2023,https://understat.com/getLeagueData/EPL/2023,2023-12-09,True
2023-12-09,Brighton,Burnley,2.96247,1.05162,22046,2023,https://understat.com/getLeagueData/EPL/2023,2023-12-09,True
2023-12-09,Crystal Palace,Liverpool,1.79152,1.3708,22047,2023,https://understat.com/getLeagueData/EPL/2023,2023-12-09,True
2023-12-09,Man United,Bournemouth,1.11296,1.9742,22051,2023,https://understat.com/getLeagueData/EPL/2023,2023-12-09,True
2023-12-09,Sheffield United,Brentford,0.841976,0.644638,22052,2023,https://understat.com/getLeagueData/EPL/2023,2023-12-09,True
2023-12-09,Wolves,Nott'm Forest,1.02199,1.21801,22054,2023,https://understat.com/getLeagueData/EPL/2023,2023-12-09,True
2023-12-10,Everton,Chelsea,1.11437,0.885512,22048,2023,https://understat.com/getLeagueData/EPL/2023,2023-12-10,True
2023-12-10,Fulham,West Ham,2.1884,0.983,22049,2023,https://understat.com/getLeagueData/EPL/2023,2023-12-10,True
2023-12-10,Luton,Man City,0.689037,2.23353,22050,2023,https://understat.com/getLeagueData/EPL/2023,2023-12-10,True
2023-12-10,Tottenham,Newcastle,4.40118,1.61368,22053,2023,https://understat.com/getLeagueData/EPL/2023,2023-12-10,True
2023-12-15,Nott'm Forest,Tottenham,1.70569,1.60738,22063,2023,https://understat.com/getLeagueData/EPL/2023,2023-12-15,True
2023-12-16,Burnley,Everton,0.811435,2.22305,22058,2023,https://understat.com/getLeagueData/EPL/2023,2023-12-16,True
2023-12-16,Chelsea,Sheffield United,3.27322,0.44014,22059,2023,https://understat.com/getLeagueData/EPL/2023,2023-12-16,True
2023-12-16,Man City,Crystal Palace,2.41646,1.64977,22061,2023,https://understat.com/getLeagueData/EPL/2023,2023-12-16,True
2023-12-16,Newcastle,Fulham,4.27933,0.471042,22062,2023,https://understat.com/getLeagueData/EPL/2023,2023-12-16,True
2023-12-17,Arsenal,Brighton,2.76976,0.663054,22056,2023,https://understat.com/getLeagueData/EPL/2023,2023-12-17,True
2023-12-17,Brentford,Aston Villa,0.796812,1.4664,22057,2023,https://understat.com/getLeagueData/EPL/2023,2023-12-17,True
2023-12-17,Liverpool,Man United,1.97111,0.632715,22060,2023,https://understat.com/getLeagueData/EPL/2023,2023-12-17,True
2023-12-17,West Ham,Wolves,1.03828,0.556206,22064,2023,https://understat.com/getLeagueData/EPL/2023,2023-12-17,True
2023-12-21,Crystal Palace,Brighton,1.65409,1.33653,22066,2023,https://understat.com/getLeagueData/EPL/2023,2023-12-21,True
2023-12-22,Aston Villa,Sheffield United,1.21861,0.646159,22065,2023,https://understat.com/getLeagueData/EPL/2023,2023-12-22,True
2023-12-23,Fulham,Burnley,1.38096,0.41714,22067,2023,https://understat.com/getLeagueData/EPL/2023,2023-12-23,True
2023-12-23,Liverpool,Arsenal,0.982901,0.851681,22068,2023,https://understat.com/getLeagueData/EPL/2023,2023-12-23,True
2023-12-23,Luton,Newcastle,1.81844,1.41488,22069,2023,https://understat.com/getLeagueData/EPL/2023,2023-12-23,True
2023-12-23,Nott'm Forest,Bournemouth,0.791806,1.89067,22070,2023,https://understat.com/getLeagueData/EPL/2023,2023-12-23,True
2023-12-23,Tottenham,Everton,1.57527,1.98385,22071,2023,https://understat.com/getLeagueData/EPL/2023,2023-12-23,True
2023-12-23,West Ham,Man United,1.51468,0.730496,22072,2023,https://understat.com/getLeagueData/EPL/2023,2023-12-23,True
2023-12-24,Wolves,Chelsea,1.74626,1.75447,22073,2023,https://understat.com/getLeagueData/EPL/2023,2023-12-24,True
2023-12-26,Bournemouth,Fulham,2.07911,0.324365,22075,2023,https://understat.com/getLeagueData/EPL/2023,2023-12-26,True
2023-12-26,Burnley,Liverpool,0.972389,1.68451,22079,2023,https://understat.com/getLeagueData/EPL/2023,2023-12-26,True
2023-12-26,Man United,Aston Villa,1.20104,1.83637,22082,2023,https://understat.com/getLeagueData/EPL/2023,2023-12-26,True
2023-12-26,Newcastle,Nott'm Forest,2.79106,3.1074,22083,2023,https://understat.com/getLeagueData/EPL/2023,2023-12-26,True
2023-12-26,Sheffield United,Luton,3.61788,0.715575,22084,2023,https://understat.com/getLeagueData/EPL/2023,2023-12-26,True
2023-12-27,Brentford,Wolves,2.59347,1.89483,22077,2023,https://understat.com/getLeagueData/EPL/2023,2023-12-27,True
2023-12-27,Chelsea,Crystal Palace,2.73005,0.958077,22080,2023,https://understat.com/getLeagueData/EPL/2023,2023-12-27,True
2023-12-27,Everton,Man City,1.23529,2.28321,22081,2023,https://understat.com/getLeagueData/EPL/2023,2023-12-27,True
2023-12-28,Arsenal,West Ham,2.7884,1.59711,22076,2023,https://understat.com/getLeagueData/EPL/2023,2023-12-28,True
2023-12-28,Brighton,Tottenham,3.84702,2.06955,22078,2023,https://understat.com/getLeagueData/EPL/2023,2023-12-28,True
2023-12-30,Aston Villa,Burnley,2.92587,1.11923,22085,2023,https://understat.com/getLeagueData/EPL/2023,2023-12-30,True
2023-12-30,Crystal Palace,Brentford,1.61057,1.28731,22086,2023,https://understat.com/getLeagueData/EPL/2023,2023-12-30,True
2023-12-30,Luton,Chelsea,2.64093,1.57463,22089,2023,https://understat.com/getLeagueData/EPL/2023,2023-12-30,True
2023-12-30,Man City,Sheffield United,2.24229,0.263211,22090,2023,https://understat.com/getLeagueData/EPL/2023,2023-12-30,True
2023-12-30,Nott'm Forest,Man United,0.744348,0.651905,22091,2023,https://understat.com/getLeagueData/EPL/2023,2023-12-30,True
2023-12-30,Wolves,Everton,2.64477,0.519641,22094,2023,https://understat.com/getLeagueData/EPL/2023,2023-12-30,True
2023-12-31,Fulham,Arsenal,1.52829,1.6591,22087,2023,https://understat.com/getLeagueData/EPL/2023,2023-12-31,True
2023-12-31,Tottenham,Bournemouth,2.15027,1.58229,22092,2023,https://understat.com/getLeagueData/EPL/2023,2023-12-31,True
2024-01-01,Liverpool,Newcastle,6.67151,0.910974,22088,2023,https://understat.com/getLeagueData/EPL/2023,2024-01-01,True
2024-01-02,West Ham,Brighton,0.9831,2.1552,22093,2023,https://understat.com/getLeagueData/EPL/2023,2024-01-02,True
2024-01-12,Burnley,Luton,1.52023,0.965167,22096,2023,https://understat.com/getLeagueData/EPL/2023,2024-01-12,True
2024-01-13,Chelsea,Fulham,2.0456,0.697847,22097,2023,https://understat.com/getLeagueData/EPL/2023,2024-01-13,True
2024-01-13,Newcastle,Man City,1.23638,2.55452,22100,2023,https://understat.com/getLeagueData/EPL/2023,2024-01-13,True
2024-01-14,Everton,Aston Villa,1.03664,1.3435,22098,2023,https://understat.com/getLeagueData/EPL/2023,2024-01-14,True
2024-01-14,Man United,Tottenham,0.923233,1.31224,22099,2023,https://understat.com/getLeagueData/EPL/2023,2024-01-14,True
2024-01-20,Arsenal,Crystal Palace,3.52167,0.288083,22103,2023,https://understat.com/getLeagueData/EPL/2023,2024-01-20,True
2024-01-20,Brentford,Nott'm Forest,1.94219,1.22251,22104,2023,https://understat.com/getLeagueData/EPL/2023,2024-01-20,True
2024-01-21,Bournemouth,Liverpool,0.834585,1.53344,22102,2023,https://understat.com/getLeagueData/EPL/2023,2024-01-21,True
2024-01-21,Sheffield United,West Ham,2.61362,2.4241,22101,2023,https://understat.com/getLeagueData/EPL/2023,2024-01-21,True
2024-01-22,Brighton,Wolves,1.3701,1.14116,22095,2023,https://understat.com/getLeagueData/EPL/2023,2024-01-22,True
2024-01-30,Aston Villa,Newcastle,1.44485,3.3224,22105,2023,https://understat.com/getLeagueData/EPL/2023,2024-01-30,True
2024-01-30,Crystal Palace,Sheffield United,1.1601,0.768467,22112,2023,https://understat.com/getLeagueData/EPL/2023,2024-01-30,True
2024-01-30,Fulham,Everton,2.37499,2.83317,22106,2023,https://understat.com/getLeagueData/EPL/2023,2024-01-30,True
2024-01-30,Luton,Brighton,3.63312,1.01366,22107,2023,https://understat.com/getLeagueData/EPL/2023,2024-01-30,True
2024-01-30,Nott'm Forest,Arsenal,0.631618,1.39143,22108,2023,https://understat.com/getLeagueData/EPL/2023,2024-01-30,True
2024-01-31,Liverpool,Chelsea,3.6627,0.477972,22113,2023,https://understat.com/getLeagueData/EPL/2023,2024-01-31,True
2024-01-31,Man City,Burnley,1.84756,1.49114,22114,2023,https://understat.com/getLeagueData/EPL/2023,2024-01-31,True
2024-01-31,Tottenham,Brentford,3.36194,1.59637,22109,2023,https://understat.com/getLeagueData/EPL/2023,2024-01-31,True
2024-02-01,West Ham,Bournemouth,1.3128,1.13487,22110,2023,https://understat.com/getLeagueData/EPL/2023,2024-02-01,True
2024-02-01,Wolves,Man United,2.27609,3.22698,22111,2023,https://understat.com/getLeagueData/EPL/2023,2024-02-01,True
2024-02-03,Brighton,Crystal Palace,1.92591,0.241137,22118,2023,https://understat.com/getLeagueData/EPL/2023,2024-02-03,True
2024-02-03,Burnley,Fulham,1.00428,1.28806,22119,2023,https://understat.com/getLeagueData/EPL/2023,2024-02-03,True
2024-02-03,Everton,Tottenham,3.25881,0.922371,22121,2023,https://understat.com/getLeagueData/EPL/2023,2024-02-03,True
2024-02-03,Newcastle,Luton,2.37353,2.67463,22123,2023,https://understat.com/getLeagueData/EPL/2023,2024-02-03,True
2024-02-03,Sheffield United,Aston Villa,1.52784,2.99015,22124,2023,https://understat.com/getLeagueData/EPL/2023,2024-02-03,True
2024-02-04,Arsenal,Liverpool,2.8526,0.542052,22116,2023,https://understat.com/getLeagueData/EPL/2023,2024-02-04,True
2024-02-04,Bournemouth,Nott'm Forest,1.1895,0.456548,22115,2023,https://understat.com/getLeagueData/EPL/2023,2024-02-04,True
2024-02-04,Chelsea,Wolves,2.35967,2.48996,22120,2023,https://understat.com/getLeagueData/EPL/2023,2024-02-04,True
2024-02-04,Man United,West Ham,0.96721,1.1807,22122,2023,https://understat.com/getLeagueData/EPL/2023,2024-02-04,True
2024-02-05,Brentford,Man City,0.865741,2.10785,22117,2023,https://understat.com/getLeagueData/EPL/2023,2024-02-05,True
2024-02-10,Fulham,Bournemouth,1.7456,2.60612,22127,2023,https://understat.com/getLeagueData/EPL/2023,2024-02-10,True
2024-02-10,Liverpool,Burnley,3.14734,1.11123,22128,2023,https://understat.com/getLeagueData/EPL/2023,2024-02-10,True
2024-02-10,Luton,Sheffield United,1.76215,1.98283,22129,2023,https://understat.com/getLeagueData/EPL/2023,2024-02-10,True
2024-02-10,Man City,Everton,1.58971,0.192072,22130,2023,https://understat.com/getLeagueData/EPL/2023,2024-02-10,True
2024-02-10,Nott'm Forest,Newcastle,0.968075,0.511375,22131,2023,https://understat.com/getLeagueData/EPL/2023,2024-02-10,True
2024-02-10,Tottenham,Brighton,2.10928,1.49285,22132,2023,https://understat.com/getLeagueData/EPL/2023,2024-02-10,True
2024-02-10,Wolves,Brentford,1.05781,1.84908,22134,2023,https://understat.com/getLeagueData/EPL/2023,2024-02-10,True
2024-02-11,Aston Villa,Man United,2.64675,2.44591,22125,2023,https://understat.com/getLeagueData/EPL/2023,2024-02-11,True
2024-02-11,West Ham,Arsenal,0.191065,3.99893,22133,2023,https://understat.com/getLeagueData/EPL/2023,2024-02-11,True
2024-02-12,Crystal Palace,Chelsea,0.719516,1.26948,22126,2023,https://understat.com/getLeagueData/EPL/2023,2024-02-12,True
2024-02-17,Brentford,Liverpool,1.69518,3.08952,22135,2023,https://understat.com/getLeagueData/EPL/2023,2024-02-17,True
2024-02-17,Burnley,Arsenal,0.335143,2.20575,22136,2023,https://understat.com/getLeagueData/EPL/2023,2024-02-17,True
2024-02-17,Fulham,Aston Villa,1.41796,1.57297,22138,2023,https://understat.com/getLeagueData/EPL/2023,2024-02-17,True
2024-02-17,Man City,Chelsea,2.77713,1.82903,22140,2023,https://understat.com/getLeagueData/EPL/2023,2024-02-17,True
2024-02-17,Newcastle,Bournemouth,2.38425,2.08098,22141,2023,https://understat.com/getLeagueData/EPL/2023,2024-02-17,True
2024-02-17,Nott'm Forest,West Ham,2.66942,0.520016,22142,2023,https://understat.com/getLeagueData/EPL/2023,2024-02-17,True
2024-02-17,Tottenham,Wolves,1.59768,1.77591,22144,2023,https://understat.com/getLeagueData/EPL/2023,2024-02-17,True
2024-02-18,Luton,Man United,1.57234,3.58973,22139,2023,https://understat.com/getLeagueData/EPL/2023,2024-02-18,True
2024-02-18,Sheffield United,Brighton,0.586214,3.35549,22143,2023,https://understat.com/getLeagueData/EPL/2023,2024-02-18,True
2024-02-19,Everton,Crystal Palace,2.44588,0.734685,22137,2023,https://understat.com/getLeagueData/EPL/2023,2024-02-19,True
2024-02-20,Man City,Brentford,2.53766,0.503799,22074,2023,https://understat.com/getLeagueData/EPL/2023,2024-02-20,True
2024-02-21,Liverpool,Luton,3.70302,0.956512,22151,2023,https://understat.com/getLeagueData/EPL/2023,2024-02-21,True
2024-02-24,Arsenal,Newcastle,2.59336,0.217373,22146,2023,https://understat.com/getLeagueData/EPL/2023,2024-02-24,True
2024-02-24,Aston Villa,Nott'm Forest,3.48861,2.25569,22147,2023,https://understat.com/getLeagueData/EPL/2023,2024-02-24,True
2024-02-24,Bournemouth,Man City,0.925889,1.79636,22145,2023,https://understat.com/getLeagueData/EPL/2023,2024-02-24,True
2024-02-24,Brighton,Everton,1.6538,0.286655,22148,2023,https://understat.com/getLeagueData/EPL/2023,2024-02-24,True
2024-02-24,Crystal Palace,Burnley,2.41612,0.0760216,22150,2023,https://understat.com/getLeagueData/EPL/2023,2024-02-24,True
2024-02-24,Man United,Fulham,1.96036,1.1385,22152,2023,https://understat.com/getLeagueData/EPL/2023,2024-02-24,True
2024-02-25,Wolves,Sheffield United,1.21618,0.654342,22154,2023,https://understat.com/getLeagueData/EPL/2023,2024-02-25,True
2024-02-26,West Ham,Brentford,2.06873,1.33683,22153,2023,https://understat.com/getLeagueData/EPL/2023,2024-02-26,True
2024-03-02,Brentford,Chelsea,2.4732,2.1523,22155,2023,https://understat.com/getLeagueData/EPL/2023,2024-03-02,True
2024-03-02,Everton,West Ham,3.12075,2.17948,22157,2023,https://understat.com/getLeagueData/EPL/2023,2024-03-02,True
2024-03-02,Fulham,Brighton,1.37604,1.15198,22158,2023,https://understat.com/getLeagueData/EPL/2023,2024-03-02,True
2024-03-02,Luton,Aston Villa,2.43312,2.08586,22159,2023,https://understat.com/getLeagueData/EPL/2023,2024-03-02,True
2024-03-02,Newcastle,Wolves,3.33495,0.507769,22161,2023,https://understat.com/getLeagueData/EPL/2023,2024-03-02,True
2024-03-02,Nott'm Forest,Liverpool,0.971466,1.32259,22162,2023,https://understat.com/getLeagueData/EPL/2023,2024-03-02,True
2024-03-02,Tottenham,Crystal Palace,2.6625,0.277887,22164,2023,https://understat.com/getLeagueData/EPL/2023,2024-03-02,True
2024-03-03,Burnley,Bournemouth,1.60461,1.43616,22156,2023,https://understat.com/getLeagueData/EPL/2023,2024-03-03,True
2024-03-03,Man City,Man United,2.64173,0.153764,22160,2023,https://understat.com/getLeagueData/EPL/2023,2024-03-03,True
2024-03-04,Sheffield United,Arsenal,0.201374,2.47294,22163,2023,https://understat.com/getLeagueData/EPL/2023,2024-03-04,True
2024-03-09,Arsenal,Brentford,1.59369,0.733239,22166,2023,https://understat.com/getLeagueData/EPL/2023,2024-03-09,True
2024-03-09,Bournemouth,Sheffield United,3.92657,1.91752,22165,2023,https://understat.com/getLeagueData/EPL/2023,2024-03-09,True
2024-03-09,Crystal Palace,Luton,3.25103,1.08531,22170,2023,https://understat.com/getLeagueData/EPL/2023,2024-03-09,True
2024-03-09,Man United,Everton,2.9016,1.8214,22172,2023,https://understat.com/getLeagueData/EPL/2023,2024-03-09,True
2024-03-09,Wolves,Fulham,1.29589,2.94155,22174,2023,https://understat.com/getLeagueData/EPL/2023,2024-03-09,True
2024-03-10,Aston Villa,Tottenham,1.23267,2.25381,22167,2023,https://understat.com/getLeagueData/EPL/2023,2024-03-10,True
2024-03-10,Brighton,Nott'm Forest,0.534518,0.687034,22168,2023,https://understat.com/getLeagueData/EPL/2023,2024-03-10,True
2024-03-10,Liverpool,Man City,2.25492,1.37289,22171,2023,https://understat.com/getLeagueData/EPL/2023,2024-03-10,True
2024-03-10,West Ham,Burnley,1.87414,0.88131,22173,2023,https://understat.com/getLeagueData/EPL/2023,2024-03-10,True
2024-03-11,Chelsea,Newcastle,1.78315,0.568435,22169,2023,https://understat.com/getLeagueData/EPL/2023,2024-03-11,True
2024-03-13,Bournemouth,Luton,2.84403,2.79419,25861,2023,https://understat.com/getLeagueData/EPL/2023,2024-03-13,True
2024-03-16,Burnley,Brentford,2.69776,1.25123,22177,2023,https://understat.com/getLeagueData/EPL/2023,2024-03-16,True
2024-03-16,Fulham,Tottenham,2.47234,2.14564,22180,2023,https://understat.com/getLeagueData/EPL/2023,2024-03-16,True
2024-03-16,Luton,Nott'm Forest,0.853782,1.95268,22181,2023,https://understat.com/getLeagueData/EPL/2023,2024-03-16,True
2024-03-17,West Ham,Aston Villa,1.32829,0.911274,22183,2023,https://understat.com/getLeagueData/EPL/2023,2024-03-17,True
2024-03-30,Aston Villa,Wolves,1.28271,1.66232,22186,2023,https://understat.com/getLeagueData/EPL/2023,2024-03-30,True
2024-03-30,Bournemouth,Everton,1.39268,0.93378,22185,2023,https://understat.com/getLeagueData/EPL/2023,2024-03-30,True
2024-03-30,Brentford,Man United,3.16487,0.989565,22187,2023,https://understat.com/getLeagueData/EPL/2023,2024-03-30,True
2024-03-30,Chelsea,Burnley,4.46643,2.10422,22188,2023,https://understat.com/getLeagueData/EPL/2023,2024-03-30,True
2024-03-30,Newcastle,West Ham,3.80922,0.994584,22191,2023,https://understat.com/getLeagueData/EPL/2023,2024-03-30,True
2024-03-30,Nott'm Forest,Crystal Palace,0.784652,0.900972,22192,2023,https://understat.com/getLeagueData/EPL/2023,2024-03-30,True
2024-03-30,Sheffield United,Fulham,1.78824,1.10254,22193,2023,https://understat.com/getLeagueData/EPL/2023,2024-03-30,True
2024-03-30,Tottenham,Luton,2.46523,0.402402,22194,2023,https://understat.com/getLeagueData/EPL/2023,2024-03-30,True
2024-03-31,Liverpool,Brighton,3.21149,0.43922,22189,2023,https://understat.com/getLeagueData/EPL/2023,2024-03-31,True
2024-03-31,Man City,Arsenal,1.22009,0.511402,22190,2023,https://understat.com/getLeagueData/EPL/2023,2024-03-31,True
2024-04-02,Bournemouth,Crystal Palace,1.30969,0.174389,22195,2023,https://understat.com/getLeagueData/EPL/2023,2024-04-02,True
2024-04-02,Burnley,Wolves,1.12581,1.01021,22197,2023,https://understat.com/getLeagueData/EPL/2023,2024-04-02,True
2024-04-02,Newcastle,Everton,2.65009,1.69834,22202,2023,https://understat.com/getLeagueData/EPL/2023,2024-04-02,True
2024-04-02,Nott'm Forest,Fulham,1.94619,1.04304,22198,2023,https://understat.com/getLeagueData/EPL/2023,2024-04-02,True
2024-04-02,West Ham,Tottenham,1.47017,1.39423,22199,2023,https://understat.com/getLeagueData/EPL/2023,2024-04-02,True
2024-04-03,Arsenal,Luton,1.14384,0.292082,22196,2023,https://understat.com/getLeagueData/EPL/2023,2024-04-03,True
2024-04-03,Brentford,Brighton,0.423299,1.22404,22200,2023,https://understat.com/getLeagueData/EPL/2023,2024-04-03,True
2024-04-03,Man City,Aston Villa,3.87704,1.18643,22204,2023,https://understat.com/getLeagueData/EPL/2023,2024-04-03,True
2024-04-04,Chelsea,Man United,3.48048,1.56686,22201,2023,https://understat.com/getLeagueData/EPL/2023,2024-04-04,True
2024-04-04,Liverpool,Sheffield United,2.51772,0.720948,22203,2023,https://understat.com/getLeagueData/EPL/2023,2024-04-04,True
2024-04-06,Aston Villa,Brentford,1.16333,1.42064,22205,2023,https://understat.com/getLeagueData/EPL/2023,2024-04-06,True
2024-04-06,Brighton,Arsenal,0.428514,4.16518,22206,2023,https://understat.com/getLeagueData/EPL/2023,2024-04-06,True
2024-04-06,Crystal Palace,Man City,1.49472,2.26381,22207,2023,https://understat.com/getLeagueData/EPL/2023,2024-04-06,True
2024-04-06,Everton,Burnley,0.659844,0.34699,22208,2023,https://understat.com/getLeagueData/EPL/2023,2024-04-06,True
2024-04-06,Fulham,Newcastle,0.834564,1.18012,22209,2023,https://understat.com/getLeagueData/EPL/2023,2024-04-06,True
2024-04-06,Luton,Bournemouth,1.30478,0.616108,22210,2023,https://understat.com/getLeagueData/EPL/2023,2024-04-06,True
2024-04-06,Wolves,West Ham,1.78341,1.14133,22214,2023,https://understat.com/getLeagueData/EPL/2023,2024-04-06,True
2024-04-07,Man United,Liverpool,0.814509,4.43457,22211,2023,https://understat.com/getLeagueData/EPL/2023,2024-04-07,True
2024-04-07,Sheffield United,Chelsea,1.74265,0.521789,22212,2023,https://understat.com/getLeagueData/EPL/2023,2024-04-07,True
2024-04-07,Tottenham,Nott'm Forest,1.61978,2.00122,22213,2023,https://understat.com/getLeagueData/EPL/2023,2024-04-07,True
2024-04-13,Bournemouth,Man United,2.38519,1.52274,22215,2023,https://understat.com/getLeagueData/EPL/2023,2024-04-13,True
2024-04-13,Brentford,Sheffield United,1.09071,0.834498,22217,2023,https://understat.com/getLeagueData/EPL/2023,2024-04-13,True
2024-04-13,Burnley,Brighton,1.8522,0.889445,22218,2023,https://understat.com/getLeagueData/EPL/2023,2024-04-13,True
2024-04-13,Man City,Luton,4.64245,0.809775,22221,2023,https://understat.com/getLeagueData/EPL/2023,2024-04-13,True
2024-04-13,Newcastle,Tottenham,3.1483,0.737596,22222,2023,https://understat.com/getLeagueData/EPL/2023,2024-04-13,True
2024-04-13,Nott'm Forest,Wolves,1.76244,1.45688,22223,2023,https://understat.com/getLeagueData/EPL/2023,2024-04-13,True
2024-04-14,Arsenal,Aston Villa,1.89003,0.929049,22216,2023,https://understat.com/getLeagueData/EPL/2023,2024-04-14,True
2024-04-14,Liverpool,Crystal Palace,3.04497,2.12879,22220,2023,https://understat.com/getLeagueData/EPL/2023,2024-04-14,True
2024-04-14,West Ham,Fulham,1.45307,3.61413,22224,2023,https://understat.com/getLeagueData/EPL/2023,2024-04-14,True
2024-04-15,Chelsea,Everton,3.37093,1.21791,22219,2023,https://understat.com/getLeagueData/EPL/2023,2024-04-15,True
2024-04-20,Luton,Brentford,0.497799,3.7809,22230,2023,https://understat.com/getLeagueData/EPL/2023,2024-04-20,True
2024-04-20,Sheffield United,Burnley,1.97816,2.42338,22232,2023,https://understat.com/getLeagueData/EPL/2023,2024-04-20,True
2024-04-20,Wolves,Arsenal,0.164516,1.66179,22234,2023,https://understat.com/getLeagueData/EPL/2023,2024-04-20,True
2024-04-21,Aston Villa,Bournemouth,2.62687,2.05211,22225,2023,https://understat.com/getLeagueData/EPL/2023,2024-04-21,True
2024-04-21,Crystal Palace,West Ham,3.7185,1.34536,22227,2023,https://understat.com/getLeagueData/EPL/2023,2024-04-21,True
2024-04-21,Everton,Nott'm Forest,0.473233,1.18916,22228,2023,https://understat.com/getLeagueData/EPL/2023,2024-04-21,True
2024-04-21,Fulham,Liverpool,0.83885,1.02445,22229,2023,https://understat.com/getLeagueData/EPL/2023,2024-04-21,True
2024-04-23,Arsenal,Chelsea,3.45858,1.60343,22175,2023,https://understat.com/getLeagueData/EPL/2023,2024-04-23,True
2024-04-24,Crystal Palace,Newcastle,1.43661,0.55129,22178,2023,https://understat.com/getLeagueData/EPL/2023,2024-04-24,True
2024-04-24,Everton,Liverpool,1.89111,1.87155,22179,2023,https://understat.com/getLeagueData/EPL/2023,2024-04-24,True
2024-04-24,Man United,Sheffield United,3.51311,1.20517,22182,2023,https://understat.com/getLeagueData/EPL/2023,2024-04-24,True
2024-04-24,Wolves,Bournemouth,0.484454,2.40311,22184,2023,https://understat.com/getLeagueData/EPL/2023,2024-04-24,True
2024-04-25,Brighton,Man City,0.572021,1.90507,22176,2023,https://understat.com/getLeagueData/EPL/2023,2024-04-25,True
2024-04-27,Aston Villa,Chelsea,0.612257,1.56401,22236,2023,https://understat.com/getLeagueData/EPL/2023,2024-04-27,True
2024-04-27,Everton,Brentford,1.21399,0.956356,22237,2023,https://understat.com/getLeagueData/EPL/2023,2024-04-27,True
2024-04-27,Fulham,Crystal Palace,1.39418,1.05387,22238,2023,https://understat.com/getLeagueData/EPL/2023,2024-04-27,True
2024-04-27,Man United,Burnley,3.06197,1.89591,22239,2023,https://understat.com/getLeagueData/EPL/2023,2024-04-27,True
2024-04-27,Newcastle,Sheffield United,2.93477,1.82408,22240,2023,https://understat.com/getLeagueData/EPL/2023,2024-04-27,True
2024-04-27,West Ham,Liverpool,0.794025,2.29298,22243,2023,https://understat.com/getLeagueData/EPL/2023,2024-04-27,True
2024-04-27,Wolves,Luton,1.49011,0.90435,22244,2023,https://understat.com/getLeagueData/EPL/2023,2024-04-27,True
2024-04-28,Bournemouth,Brighton,2.48132,1.35682,22235,2023,https://understat.com/getLeagueData/EPL/2023,2024-04-28,True
2024-04-28,Nott'm Forest,Man City,2.17312,0.932063,22242,2023,https://understat.com/getLeagueData/EPL/2023,2024-04-28,True
2024-04-28,Tottenham,Arsenal,2.60458,1.51469,22241,2023,https://understat.com/getLeagueData/EPL/2023,2024-04-28,True
2024-05-02,Chelsea,Tottenham,2.22432,1.27064,22149,2023,https://understat.com/getLeagueData/EPL/2023,2024-05-02,True
2024-05-03,Luton,Everton,0.950391,1.22959,22252,2023,https://understat.com/getLeagueData/EPL/2023,2024-05-03,True
2024-05-04,Arsenal,Bournemouth,3.91372,0.4687,22245,2023,https://understat.com/getLeagueData/EPL/2023,2024-05-04,True
2024-05-04,Brentford,Fulham,0.809379,1.45579,22246,2023,https://understat.com/getLeagueData/EPL/2023,2024-05-04,True
2024-05-04,Burnley,Newcastle,1.28632,4.25643,22248,2023,https://understat.com/getLeagueData/EPL/2023,2024-05-04,True
2024-05-04,Man City,Wolves,4.52542,0.396887,22253,2023,https://understat.com/getLeagueData/EPL/2023,2024-05-04,True
2024-05-04,Sheffield United,Nott'm Forest,2.48986,1.93818,22254,2023,https://understat.com/getLeagueData/EPL/2023,2024-05-04,True
2024-05-05,Brighton,Aston Villa,2.63566,0.0644055,22247,2023,https://understat.com/getLeagueData/EPL/2023,2024-05-05,True
2024-05-05,Chelsea,West Ham,4.21838,0.893899,22249,2023,https://understat.com/getLeagueData/EPL/2023,2024-05-05,True
2024-05-05,Liverpool,Tottenham,3.26222,1.17205,22251,2023,https://understat.com/getLeagueData/EPL/2023,2024-05-05,True
2024-05-06,Crystal Palace,Man United,2.0656,0.341417,22250,2023,https://understat.com/getLeagueData/EPL/2023,2024-05-06,True
2024-05-11,Bournemouth,Brentford,1.07237,1.92722,22255,2023,https://understat.com/getLeagueData/EPL/2023,2024-05-11,True
2024-05-11,Everton,Sheffield United,1.82411,0.465523,22257,2023,https://understat.com/getLeagueData/EPL/2023,2024-05-11,True
2024-05-11,Fulham,Man City,0.0886245,3.15218,22258,2023,https://understat.com/getLeagueData/EPL/2023,2024-05-11,True
2024-05-11,Newcastle,Brighton,2.45163,1.91556,22260,2023,https://understat.com/getLeagueData/EPL/2023,2024-05-11,True
2024-05-11,Nott'm Forest,Chelsea,2.44569,2.41068,22261,2023,https://understat.com/getLeagueData/EPL/2023,2024-05-11,True
2024-05-11,Tottenham,Burnley,3.00238,0.950331,22262,2023,https://understat.com/getLeagueData/EPL/2023,2024-05-11,True
2024-05-11,West Ham,Luton,3.71009,0.640456,22263,2023,https://understat.com/getLeagueData/EPL/2023,2024-05-11,True
2024-05-11,Wolves,Crystal Palace,1.1561,2.51452,22264,2023,https://understat.com/getLeagueData/EPL/2023,2024-05-11,True
2024-05-12,Man United,Arsenal,0.551669,1.73104,22259,2023,https://understat.com/getLeagueData/EPL/2023,2024-05-12,True
2024-05-13,Aston Villa,Liverpool,2.71655,1.89968,22256,2023,https://understat.com/getLeagueData/EPL/2023,2024-05-13,True
2024-05-14,Tottenham,Man City,1.84285,2.70331,22233,2023,https://understat.com/getLeagueData/EPL/2023,2024-05-14,True
2024-05-15,Brighton,Chelsea,1.32423,1.544,22226,2023,https://understat.com/getLeagueData/EPL/2023,2024-05-15,True
2024-05-15,Man United,Newcastle,1.49706,2.27657,22231,2023,https://understat.com/getLeagueData/EPL/2023,2024-05-15,True
2024-05-19,Arsenal,Everton,3.2117,0.664904,22265,2023,https://understat.com/getLeagueData/EPL/2023,2024-05-19,True
2024-05-19,Brentford,Newcastle,1.70157,3.65044,22266,2023,https://understat.com/getLeagueData/EPL/2023,2024-05-19,True
2024-05-19,Brighton,Man United,1.9717,1.00404,22267,2023,https://understat.com/getLeagueData/EPL/2023,2024-05-19,True
2024-05-19,Burnley,Nott'm Forest,1.08222,1.57962,22268,2023,https://understat.com/getLeagueData/EPL/2023,2024-05-19,True
2024-05-19,Chelsea,Bournemouth,1.59771,2.002,22269,2023,https://understat.com/getLeagueData/EPL/2023,2024-05-19,True
2024-05-19,Crystal Palace,Aston Villa,2.23189,0.598846,22270,2023,https://understat.com/getLeagueData/EPL/2023,2024-05-19,True
2024-05-19,Liverpool,Wolves,5.65937,0.731254,22271,2023,https://understat.com/getLeagueData/EPL/2023,2024-05-19,True
2024-05-19,Luton,Fulham,2.06743,1.11598,22272,2023,https://understat.com/getLeagueData/EPL/2023,2024-05-19,True
2024-05-19,Man City,West Ham,2.31504,0.240159,22273,2023,https://understat.com/getLeagueData/EPL/2023,2024-05-19,True
2024-05-19,Sheffield United,Tottenham,0.697312,3.19675,22274,2023,https://understat.com/getLeagueData/EPL/2023,2024-05-19,True
2024-08-16,Man United,Fulham,2.04268,0.418711,26602,2024,https://understat.com/getLeagueData/EPL/2024,2024-08-16,True
2024-08-17,Arsenal,Wolves,1.6283,0.575835,26604,2024,https://understat.com/getLeagueData/EPL/2024,2024-08-17,True
2024-08-17,Everton,Brighton,0.405325,1.79083,26605,2024,https://understat.com/getLeagueData/EPL/2024,2024-08-17,True
2024-08-17,Ipswich,Liverpool,0.342601,3.92906,26603,2024,https://understat.com/getLeagueData/EPL/2024,2024-08-17,True
2024-08-17,Newcastle,Southampton,0.433489,1.95483,26606,2024,https://understat.com/getLeagueData/EPL/2024,2024-08-17,True
2024-08-17,Nott'm Forest,Bournemouth,1.24405,1.90915,26607,2024,https://understat.com/getLeagueData/EPL/2024,2024-08-17,True
2024-08-17,West Ham,Aston Villa,2.8047,2.6703,26608,2024,https://understat.com/getLeagueData/EPL/2024,2024-08-17,True
2024-08-18,Brentford,Crystal Palace,1.38064,1.14757,26609,2024,https://understat.com/getLeagueData/EPL/2024,2024-08-18,True
2024-08-18,Chelsea,Man City,1.06123,1.18038,26610,2024,https://understat.com/getLeagueData/EPL/2024,2024-08-18,True
2024-08-19,Leicester,Tottenham,1.02614,1.40775,26611,2024,https://understat.com/getLeagueData/EPL/2024,2024-08-19,True
2024-08-24,Aston Villa,Arsenal,1.31664,1.41399,26618,2024,https://understat.com/getLeagueData/EPL/2024,2024-08-24,True
2024-08-24,Brighton,Man United,2.14153,1.28556,26612,2024,https://understat.com/getLeagueData/EPL/2024,2024-08-24,True
2024-08-24,Crystal Palace,West Ham,1.3761,1.53421,26613,2024,https://understat.com/getLeagueData/EPL/2024,2024-08-24,True
2024-08-24,Fulham,Leicester,1.96218,0.857005,26614,2024,https://understat.com/getLeagueData/EPL/2024,2024-08-24,True
2024-08-24,Man City,Ipswich,3.07818,0.479999,26615,2024,https://understat.com/getLeagueData/EPL/2024,2024-08-24,True
2024-08-24,Southampton,Nott'm Forest,0.214952,2.86475,26616,2024,https://understat.com/getLeagueData/EPL/2024,2024-08-24,True
2024-08-24,Tottenham,Everton,2.61143,0.648869,26617,2024,https://understat.com/getLeagueData/EPL/2024,2024-08-24,True
2024-08-25,Bournemouth,Newcastle,2.53513,1.89287,26620,2024,https://understat.com/getLeagueData/EPL/2024,2024-08-25,True
2024-08-25,Liverpool,Brentford,2.71877,0.457239,26621,2024,https://understat.com/getLeagueData/EPL/2024,2024-08-25,True
2024-08-25,Wolves,Chelsea,2.4181,2.02935,26619,2024,https://understat.com/getLeagueData/EPL/2024,2024-08-25,True
2024-08-31,Arsenal,Brighton,2.41798,1.81748,26622,2024,https://understat.com/getLeagueData/EPL/2024,2024-08-31,True
2024-08-31,Brentford,Southampton,3.86281,1.64713,26623,2024,https://understat.com/getLeagueData/EPL/2024,2024-08-31,True
2024-08-31,Everton,Bournemouth,2.55629,2.95688,26624,2024,https://understat.com/getLeagueData/EPL/2024,2024-08-31,True
2024-08-31,Ipswich,Fulham,0.707048,1.18883,26625,2024,https://understat.com/getLeagueData/EPL/2024,2024-08-31,True
2024-08-31,Leicester,Aston Villa,0.774741,2.16385,26626,2024,https://understat.com/getLeagueData/EPL/2024,2024-08-31,True
2024-08-31,Nott'm Forest,Wolves,1.41069,0.937632,26627,2024,https://understat.com/getLeagueData/EPL/2024,2024-08-31,True
2024-08-31,West Ham,Man City,0.947201,3.19297,26628,2024,https://understat.com/getLeagueData/EPL/2024,2024-08-31,True
2024-09-01,Chelsea,Crystal Palace,2.97743,0.459708,26630,2024,https://understat.com/getLeagueData/EPL/2024,2024-09-01,True
2024-09-01,Man United,Liverpool,1.50087,2.10397,26631,2024,https://understat.com/getLeagueData/EPL/2024,2024-09-01,True
2024-09-01,Newcastle,Tottenham,1.58694,1.63304,26629,2024,https://understat.com/getLeagueData/EPL/2024,2024-09-01,True
2024-09-14,Aston Villa,Everton,3.15876,0.852158,26638,2024,https://understat.com/getLeagueData/EPL/2024,2024-09-14,True
2024-09-14,Bournemouth,Chelsea,1.53731,0.932726,26639,2024,https://understat.com/getLeagueData/EPL/2024,2024-09-14,True
2024-09-14,Brighton,Ipswich,1.75696,0.721323,26633,2024,https://understat.com/getLeagueData/EPL/2024,2024-09-14,True
2024-09-14,Crystal Palace,Leicester,2.88716,1.65187,26636,2024,https://understat.com/getLeagueData/EPL/2024,2024-09-14,True
2024-09-14,Fulham,West Ham,2.88601,0.682719,26634,2024,https://understat.com/getLeagueData/EPL/2024,2024-09-14,True
2024-09-14,Liverpool,Nott'm Forest,1.17044,0.589532,26635,2024,https://understat.com/getLeagueData/EPL/2024,2024-09-14,True
2024-09-14,Man City,Brentford,1.55279,1.05094,26637,2024,https://understat.com/getLeagueData/EPL/2024,2024-09-14,True
2024-09-14,Southampton,Man United,1.35593,3.02693,26632,2024,https://understat.com/getLeagueData/EPL/2024,2024-09-14,True
2024-09-15,Tottenham,Arsenal,0.792595,1.1209,26640,2024,https://understat.com/getLeagueData/EPL/2024,2024-09-15,True
2024-09-15,Wolves,Newcastle,1.46969,1.48343,26641,2024,https://understat.com/getLeagueData/EPL/2024,2024-09-15,True
2024-09-21,Aston Villa,Wolves,2.37351,0.520117,26647,2024,https://understat.com/getLeagueData/EPL/2024,2024-09-21,True
2024-09-21,Crystal Palace,Man United,1.66928,2.35056,26649,2024,https://understat.com/getLeagueData/EPL/2024,2024-09-21,True
2024-09-21,Fulham,Newcastle,3.21141,1.09768,26646,2024,https://understat.com/getLeagueData/EPL/2024,2024-09-21,True
2024-09-21,Leicester,Everton,1.33793,1.82377,26644,2024,https://understat.com/getLeagueData/EPL/2024,2024-09-21,True
2024-09-21,Liverpool,Bournemouth,2.43731,1.46979,26645,2024,https://understat.com/getLeagueData/EPL/2024,2024-09-21,True
2024-09-21,Southampton,Ipswich,2.89813,1.645,26643,2024,https://understat.com/getLeagueData/EPL/2024,2024-09-21,True
2024-09-21,Tottenham,Brentford,3.89481,0.893565,26648,2024,https://understat.com/getLeagueData/EPL/2024,2024-09-21,True
2024-09-21,West Ham,Chelsea,0.758267,2.39727,26642,2024,https://understat.com/getLeagueData/EPL/2024,2024-09-21,True
2024-09-22,Brighton,Nott'm Forest,1.56836,1.36923,26650,2024,https://understat.com/getLeagueData/EPL/2024,2024-09-22,True
2024-09-22,Man City,Arsenal,2.75588,1.28411,26651,2024,https://understat.com/getLeagueData/EPL/2024,2024-09-22,True
2024-09-28,Arsenal,Leicester,6.05305,0.337909,26655,2024,https://understat.com/getLeagueData/EPL/2024,2024-09-28,True
2024-09-28,Brentford,West Ham,0.370222,0.878617,26656,2024,https://understat.com/getLeagueData/EPL/2024,2024-09-28,True
2024-09-28,Chelsea,Brighton,3.65839,1.20712,26657,2024,https://understat.com/getLeagueData/EPL/2024,2024-09-28,True
2024-09-28,Everton,Crystal Palace,1.10959,1.12358,26654,2024,https://understat.com/getLeagueData/EPL/2024,2024-09-28,True
2024-09-28,Newcastle,Man City,1.34344,1.26516,26652,2024,https://understat.com/getLeagueData/EPL/2024,2024-09-28,True
2024-09-28,Nott'm Forest,Fulham,0.614351,1.43592,26653,2024,https://understat.com/getLeagueData/EPL/2024,2024-09-28,True
2024-09-28,Wolves,Liverpool,0.748925,2.11724,26658,2024,https://understat.com/getLeagueData/EPL/2024,2024-09-28,True
2024-09-29,Ipswich,Aston Villa,1.84608,1.14494,26659,2024,https://understat.com/getLeagueData/EPL/2024,2024-09-29,True
2024-09-29,Man United,Tottenham,0.600721,5.4072,26660,2024,https://understat.com/getLeagueData/EPL/2024,2024-09-29,True
2024-09-30,Bournemouth,Southampton,1.44215,0.696068,26661,2024,https://understat.com/getLeagueData/EPL/2024,2024-09-30,True
2024-10-05,Arsenal,Southampton,3.25165,1.27313,26666,2024,https://understat.com/getLeagueData/EPL/2024,2024-10-05,True
2024-10-05,Brentford,Wolves,4.13513,0.696254,26667,2024,https://understat.com/getLeagueData/EPL/2024,2024-10-05,True
2024-10-05,Crystal Palace,Liverpool,0.609481,2.07332,26662,2024,https://understat.com/getLeagueData/EPL/2024,2024-10-05,True
2024-10-05,Everton,Newcastle,0.692214,1.79048,26669,2024,https://understat.com/getLeagueData/EPL/2024,2024-10-05,True
2024-10-05,Leicester,Bournemouth,0.912063,1.94963,26663,2024,https://understat.com/getLeagueData/EPL/2024,2024-10-05,True
2024-10-05,Man City,Fulham,1.36684,2.75846,26664,2024,https://understat.com/getLeagueData/EPL/2024,2024-10-05,True
2024-10-05,West Ham,Ipswich,4.39402,1.18463,26665,2024,https://understat.com/getLeagueData/EPL/2024,2024-10-05,True
2024-10-06,Aston Villa,Man United,0.532809,0.448537,26670,2024,https://understat.com/getLeagueData/EPL/2024,2024-10-06,True
2024-10-06,Brighton,Tottenham,1.97217,1.09279,26671,2024,https://understat.com/getLeagueData/EPL/2024,2024-10-06,True
2024-10-06,Chelsea,Nott'm Forest,2.27752,1.66654,26668,2024,https://understat.com/getLeagueData/EPL/2024,2024-10-06,True
2024-10-19,Bournemouth,Arsenal,2.18419,0.740758,26680,2024,https://understat.com/getLeagueData/EPL/2024,2024-10-19,True
2024-10-19,Fulham,Aston Villa,2.63074,1.43595,26673,2024,https://understat.com/getLeagueData/EPL/2024,2024-10-19,True
2024-10-19,Ipswich,Everton,1.174,1.60804,26674,2024,https://understat.com/getLeagueData/EPL/2024,2024-10-19,True
2024-10-19,Man United,Brentford,1.76555,0.892843,26675,2024,https://understat.com/getLeagueData/EPL/2024,2024-10-19,True
2024-10-19,Newcastle,Brighton,1.93657,1.6779,26676,2024,https://understat.com/getLeagueData/EPL/2024,2024-10-19,True
2024-10-19,Southampton,Leicester,2.42776,2.83826,26678,2024,https://understat.com/getLeagueData/EPL/2024,2024-10-19,True
2024-10-19,Tottenham,West Ham,1.44052,0.858803,26672,2024,https://understat.com/getLeagueData/EPL/2024,2024-10-19,True
2024-10-20,Liverpool,Chelsea,2.22517,1.33904,26679,2024,https://understat.com/getLeagueData/EPL/2024,2024-10-20,True
2024-10-20,Wolves,Man City,0.761217,1.36569,26681,2024,https://understat.com/getLeagueData/EPL/2024,2024-10-20,True
2024-10-21,Nott'm Forest,Crystal Palace,1.88573,0.835001,26677,2024,https://understat.com/getLeagueData/EPL/2024,2024-10-21,True
2024-10-25,Leicester,Nott'm Forest,0.832415,2.54488,26682,2024,https://understat.com/getLeagueData/EPL/2024,2024-10-25,True
2024-10-26,Aston Villa,Bournemouth,1.974,0.328651,26684,2024,https://understat.com/getLeagueData/EPL/2024,2024-10-26,True
2024-10-26,Brentford,Ipswich,4.09663,1.65698,26685,2024,https://understat.com/getLeagueData/EPL/2024,2024-10-26,True
2024-10-26,Brighton,Wolves,1.51347,1.11074,26686,2024,https://understat.com/getLeagueData/EPL/2024,2024-10-26,True
2024-10-26,Everton,Fulham,0.884845,1.49531,26687,2024,https://understat.com/getLeagueData/EPL/2024,2024-10-26,True
2024-10-26,Man City,Southampton,3.16286,0.369989,26683,2024,https://understat.com/getLeagueData/EPL/2024,2024-10-26,True
2024-10-27,Arsenal,Liverpool,1.0883,1.35346,26691,2024,https://understat.com/getLeagueData/EPL/2024,2024-10-27,True
2024-10-27,Chelsea,Newcastle,1.61794,1.74225,26688,2024,https://understat.com/getLeagueData/EPL/2024,2024-10-27,True
2024-10-27,Crystal Palace,Tottenham,0.978611,1.0192,26689,2024,https://understat.com/getLeagueData/EPL/2024,2024-10-27,True
2024-10-27,West Ham,Man United,2.99312,2.62598,26690,2024,https://understat.com/getLeagueData/EPL/2024,2024-10-27,True
2024-11-02,Bournemouth,Man City,2.4493,2.3527,26692,2024,https://understat.com/getLeagueData/EPL/2024,2024-11-02,True
2024-11-02,Ipswich,Leicester,1.33617,2.33858,26695,2024,https://understat.com/getLeagueData/EPL/2024,2024-11-02,True
2024-11-02,Liverpool,Brighton,1.81037,1.01568,26696,2024,https://understat.com/getLeagueData/EPL/2024,2024-11-02,True
2024-11-02,Newcastle,Arsenal,0.859715,0.911305,26694,2024,https://understat.com/getLeagueData/EPL/2024,2024-11-02,True
2024-11-02,Nott'm Forest,West Ham,2.35011,0.132317,26698,2024,https://understat.com/getLeagueData/EPL/2024,2024-11-02,True
2024-11-02,Southampton,Everton,0.540345,1.78581,26699,2024,https://understat.com/getLeagueData/EPL/2024,2024-11-02,True
2024-11-02,Wolves,Crystal Palace,1.65018,2.64849,26701,2024,https://understat.com/getLeagueData/EPL/2024,2024-11-02,True
2024-11-03,Man United,Chelsea,2.1605,1.21071,26697,2024,https://understat.com/getLeagueData/EPL/2024,2024-11-03,True
2024-11-03,Tottenham,Aston Villa,2.09751,2.48749,26700,2024,https://understat.com/getLeagueData/EPL/2024,2024-11-03,True
2024-11-04,Fulham,Brentford,1.43017,0.739231,26693,2024,https://understat.com/getLeagueData/EPL/2024,2024-11-04,True
2024-11-09,Brentford,Bournemouth,1.56474,2.49234,26702,2024,https://understat.com/getLeagueData/EPL/2024,2024-11-09,True
2024-11-09,Brighton,Man City,2.87116,2.60334,26703,2024,https://understat.com/getLeagueData/EPL/2024,2024-11-09,True
2024-11-09,Crystal Palace,Fulham,1.96037,2.25331,26706,2024,https://understat.com/getLeagueData/EPL/2024,2024-11-09,True
2024-11-09,Liverpool,Aston Villa,2.68196,1.66337,26707,2024,https://understat.com/getLeagueData/EPL/2024,2024-11-09,True
2024-11-09,West Ham,Everton,1.1237,0.865983,26710,2024,https://understat.com/getLeagueData/EPL/2024,2024-11-09,True
2024-11-09,Wolves,Southampton,0.912781,0.792655,26711,2024,https://understat.com/getLeagueData/EPL/2024,2024-11-09,True
2024-11-10,Chelsea,Arsenal,1.24067,1.9605,26705,2024,https://understat.com/getLeagueData/EPL/2024,2024-11-10,True
2024-11-10,Man United,Leicester,1.2369,0.417295,26708,2024,https://understat.com/getLeagueData/EPL/2024,2024-11-10,True
2024-11-10,Nott'm Forest,Newcastle,1.17852,1.86904,26704,2024,https://understat.com/getLeagueData/EPL/2024,2024-11-10,True
2024-11-10,Tottenham,Ipswich,1.75088,2.18392,26709,2024,https://understat.com/getLeagueData/EPL/2024,2024-11-10,True
2024-11-23,Arsenal,Nott'm Forest,1.66016,0.403136,26714,2024,https://understat.com/getLeagueData/EPL/2024,2024-11-23,True
2024-11-23,Aston Villa,Crystal Palace,3.04455,1.61437,26716,2024,https://understat.com/getLeagueData/EPL/2024,2024-11-23,True
2024-11-23,Bournemouth,Brighton,1.91157,1.23059,26712,2024,https://understat.com/getLeagueData/EPL/2024,2024-11-23,True
2024-11-23,Everton,Brentford,1.5951,1.34314,26715,2024,https://understat.com/getLeagueData/EPL/2024,2024-11-23,True
2024-11-23,Fulham,Wolves,0.717158,1.33903,26717,2024,https://understat.com/getLeagueData/EPL/2024,2024-11-23,True
2024-11-23,Leicester,Chelsea,0.967987,2.81658,26719,2024,https://understat.com/getLeagueData/EPL/2024,2024-11-23,True
2024-11-23,Man City,Tottenham,2.15899,3.30449,26720,2024,https://understat.com/getLeagueData/EPL/2024,2024-11-23,True
2024-11-24,Ipswich,Man United,1.98714,1.26912,26718,2024,https://understat.com/getLeagueData/EPL/2024,2024-11-24,True
2024-11-24,Southampton,Liverpool,1.53985,3.18835,26721,2024,https://understat.com/getLeagueData/EPL/2024,2024-11-24,True
2024-11-25,Newcastle,West Ham,1.49781,0.942824,26713,2024,https://understat.com/getLeagueData/EPL/2024,2024-11-25,True
2024-11-29,Brighton,Southampton,1.86986,0.934969,26723,2024,https://understat.com/getLeagueData/EPL/2024,2024-11-29,True
2024-11-30,Brentford,Leicester,2.21885,0.907555,26722,2024,https://understat.com/getLeagueData/EPL/2024,2024-11-30,True
2024-11-30,Crystal Palace,Newcastle,2.29595,0.020989,26725,2024,https://understat.com/getLeagueData/EPL/2024,2024-11-30,True
2024-11-30,Nott'm Forest,Ipswich,1.76587,0.462771,26728,2024,https://understat.com/getLeagueData/EPL/2024,2024-11-30,True
2024-11-30,West Ham,Arsenal,1.23539,3.99935,26730,2024,https://understat.com/getLeagueData/EPL/2024,2024-11-30,True
2024-11-30,Wolves,Bournemouth,0.866034,3.07901,26731,2024,https://understat.com/getLeagueData/EPL/2024,2024-11-30,True
2024-12-01,Chelsea,Aston Villa,1.94939,0.875443,26724,2024,https://understat.com/getLeagueData/EPL/2024,2024-12-01,True
2024-12-01,Liverpool,Man City,3.70054,0.745015,26726,2024,https://understat.com/getLeagueData/EPL/2024,2024-12-01,True
2024-12-01,Man United,Everton,1.76161,0.766749,26727,2024,https://understat.com/getLeagueData/EPL/2024,2024-12-01,True
2024-12-01,Tottenham,Fulham,1.01086,1.57274,26729,2024,https://understat.com/getLeagueData/EPL/2024,2024-12-01,True
2024-12-03,Ipswich,Crystal Palace,0.471708,1.65422,26737,2024,https://understat.com/getLeagueData/EPL/2024,2024-12-03,True
2024-12-03,Leicester,West Ham,2.78061,2.87716,26738,2024,https://understat.com/getLeagueData/EPL/2024,2024-12-03,True
2024-12-04,Arsenal,Man United,2.96684,0.256083,26733,2024,https://understat.com/getLeagueData/EPL/2024,2024-12-04,True
2024-12-04,Aston Villa,Brentford,3.21673,1.13266,26734,2024,https://understat.com/getLeagueData/EPL/2024,2024-12-04,True
2024-12-04,Everton,Wolves,1.49904,0.847724,26735,2024,https://understat.com/getLeagueData/EPL/2024,2024-12-04,True
2024-12-04,Man City,Nott'm Forest,3.20169,0.802155,26739,2024,https://understat.com/getLeagueData/EPL/2024,2024-12-04,True
2024-12-04,Newcastle,Liverpool,1.52057,2.22766,26740,2024,https://understat.com/getLeagueData/EPL/2024,2024-12-04,True
2024-12-04,Southampton,Chelsea,1.91014,5.8331,26741,2024,https://understat.com/getLeagueData/EPL/2024,2024-12-04,True
2024-12-05,Bournemouth,Tottenham,3.27716,0.623934,26732,2024,https://understat.com/getLeagueData/EPL/2024,2024-12-05,True
2024-12-05,Fulham,Brighton,0.666644,1.09939,26736,2024,https://understat.com/getLeagueData/EPL/2024,2024-12-05,True
2024-12-07,Aston Villa,Southampton,2.51338,0.385832,26742,2024,https://understat.com/getLeagueData/EPL/2024,2024-12-07,True
2024-12-07,Brentford,Newcastle,1.746,1.95645,26743,2024,https://understat.com/getLeagueData/EPL/2024,2024-12-07,True
2024-12-07,Crystal Palace,Man City,1.21476,1.5846,26747,2024,https://understat.com/getLeagueData/EPL/2024,2024-12-07,True
2024-12-07,Man United,Nott'm Forest,1.4697,0.651217,26744,2024,https://understat.com/getLeagueData/EPL/2024,2024-12-07,True
2024-12-08,Fulham,Arsenal,0.150988,2.4333,26749,2024,https://understat.com/getLeagueData/EPL/2024,2024-12-08,True
2024-12-08,Ipswich,Bournemouth,1.5668,3.49127,26750,2024,https://understat.com/getLeagueData/EPL/2024,2024-12-08,True
2024-12-08,Leicester,Brighton,1.42438,1.12184,26751,2024,https://understat.com/getLeagueData/EPL/2024,2024-12-08,True
2024-12-08,Tottenham,Chelsea,3.25488,2.57326,26745,2024,https://understat.com/getLeagueData/EPL/2024,2024-12-08,True
2024-12-09,West Ham,Wolves,1.19808,1.47567,26746,2024,https://understat.com/getLeagueData/EPL/2024,2024-12-09,True
2024-12-14,Arsenal,Everton,1.30865,0.132166,26755,2024,https://understat.com/getLeagueData/EPL/2024,2024-12-14,True
2024-12-14,Liverpool,Fulham,2.09698,1.2862,26752,2024,https://understat.com/getLeagueData/EPL/2024,2024-12-14,True
2024-12-14,Newcastle,Leicester,3.95461,0.186759,26760,2024,https://understat.com/getLeagueData/EPL/2024,2024-12-14,True
2024-12-14,Nott'm Forest,Aston Villa,2.2861,0.389423,26761,2024,https://understat.com/getLeagueData/EPL/2024,2024-12-14,True
2024-12-14,Wolves,Ipswich,1.23748,1.73349,26758,2024,https://understat.com/getLeagueData/EPL/2024,2024-12-14,True
2024-12-15,Brighton,Crystal Palace,1.32323,3.00618,26756,2024,https://understat.com/getLeagueData/EPL/2024,2024-12-15,True
2024-12-15,Chelsea,Brentford,2.59146,1.65861,26757,2024,https://understat.com/getLeagueData/EPL/2024,2024-12-15,True
2024-12-15,Man City,Man United,0.638103,2.04662,26753,2024,https://understat.com/getLeagueData/EPL/2024,2024-12-15,True
2024-12-15,Southampton,Tottenham,1.27356,3.89322,26759,2024,https://understat.com/getLeagueData/EPL/2024,2024-12-15,True
2024-12-16,Bournemouth,West Ham,2.04842,1.81827,26754,2024,https://understat.com/getLeagueData/EPL/2024,2024-12-16,True
2024-12-21,Aston Villa,Man City,2.05988,1.09627,26762,2024,https://understat.com/getLeagueData/EPL/2024,2024-12-21,True
2024-12-21,Brentford,Nott'm Forest,0.769004,0.964897,26766,2024,https://understat.com/getLeagueData/EPL/2024,2024-12-21,True
2024-12-21,Crystal Palace,Arsenal,1.6052,3.05434,26765,2024,https://understat.com/getLeagueData/EPL/2024,2024-12-21,True
2024-12-21,Ipswich,Newcastle,1.06427,3.23386,26771,2024,https://understat.com/getLeagueData/EPL/2024,2024-12-21,True
2024-12-21,West Ham,Brighton,1.22937,1.34379,26767,2024,https://understat.com/getLeagueData/EPL/2024,2024-12-21,True
2024-12-22,Everton,Chelsea,1.07081,1.51591,26764,2024,https://understat.com/getLeagueData/EPL/2024,2024-12-22,True
2024-12-22,Fulham,Southampton,1.25255,0.280031,26763,2024,https://understat.com/getLeagueData/EPL/2024,2024-12-22,True
2024-12-22,Leicester,Wolves,0.78868,1.13531,26770,2024,https://understat.com/getLeagueData/EPL/2024,2024-12-22,True
2024-12-22,Man United,Bournemouth,2.28533,1.82831,26769,2024,https://understat.com/getLeagueData/EPL/2024,2024-12-22,True
2024-12-22,Tottenham,Liverpool,1.20245,5.20214,26768,2024,https://understat.com/getLeagueData/EPL/2024,2024-12-22,True
2024-12-26,Bournemouth,Crystal Palace,1.20189,0.500066,26772,2024,https://understat.com/getLeagueData/EPL/2024,2024-12-26,True
2024-12-26,Chelsea,Fulham,1.55626,1.77929,26775,2024,https://understat.com/getLeagueData/EPL/2024,2024-12-26,True
2024-12-26,Liverpool,Leicester,1.89935,0.22097,26776,2024,https://understat.com/getLeagueData/EPL/2024,2024-12-26,True
2024-12-26,Man City,Everton,2.51965,0.653289,26777,2024,https://understat.com/getLeagueData/EPL/2024,2024-12-26,True
2024-12-26,Newcastle,Aston Villa,2.82867,0.225522,26778,2024,https://understat.com/getLeagueData/EPL/2024,2024-12-26,True
2024-12-26,Nott'm Forest,Tottenham,1.30018,1.05758,26779,2024,https://understat.com/getLeagueData/EPL/2024,2024-12-26,True
2024-12-26,Southampton,West Ham,2.19833,1.90111,26780,2024,https://understat.com/getLeagueData/EPL/2024,2024-12-26,True
2024-12-26,Wolves,Man United,0.826489,0.358876,26781,2024,https://understat.com/getLeagueData/EPL/2024,2024-12-26,True
2024-12-27,Arsenal,Ipswich,2.16462,0.0783327,26773,2024,https://understat.com/getLeagueData/EPL/2024,2024-12-27,True
2024-12-27,Brighton,Brentford,1.33538,0.961233,26774,2024,https://understat.com/getLeagueData/EPL/2024,2024-12-27,True
2024-12-29,Crystal Palace,Southampton,3.05417,1.21853,26784,2024,https://understat.com/getLeagueData/EPL/2024,2024-12-29,True
2024-12-29,Everton,Nott'm Forest,0.615191,2.02753,26785,2024,https://understat.com/getLeagueData/EPL/2024,2024-12-29,True
2024-12-29,Fulham,Bournemouth,0.961566,1.70692,26786,2024,https://understat.com/getLeagueData/EPL/2024,2024-12-29,True
2024-12-29,Leicester,Man City,1.84208,1.58002,26788,2024,https://understat.com/getLeagueData/EPL/2024,2024-12-29,True
2024-12-29,Tottenham,Wolves,2.28433,0.640697,26790,2024,https://understat.com/getLeagueData/EPL/2024,2024-12-29,True
2024-12-29,West Ham,Liverpool,0.518279,3.29868,26791,2024,https://understat.com/getLeagueData/EPL/2024,2024-12-29,True
2024-12-30,Aston Villa,Brighton,1.87997,0.938042,26782,2024,https://understat.com/getLeagueData/EPL/2024,2024-12-30,True
2024-12-30,Ipswich,Chelsea,1.50093,1.60622,26787,2024,https://understat.com/getLeagueData/EPL/2024,2024-12-30,True
2024-12-30,Man United,Newcastle,1.00073,2.2424,26789,2024,https://understat.com/getLeagueData/EPL/2024,2024-12-30,True
2025-01-01,Brentford,Arsenal,0.272604,1.99848,26783,2024,https://understat.com/getLeagueData/EPL/2024,2025-01-01,True
2025-01-04,Aston Villa,Leicester,2.3456,0.81548,26793,2024,https://understat.com/getLeagueData/EPL/2024,2025-01-04,True
2025-01-04,Bournemouth,Everton,2.61852,0.561015,26792,2024,https://understat.com/getLeagueData/EPL/2024,2025-01-04,True
2025-01-04,Brighton,Arsenal,1.76513,1.81142,26794,2024,https://understat.com/getLeagueData/EPL/2024,2025-01-04,True
2025-01-04,Crystal Palace,Chelsea,1.2766,1.51541,26795,2024,https://understat.com/getLeagueData/EPL/2024,2025-01-04,True
2025-01-04,Man City,West Ham,1.97986,1.53286,26798,2024,https://understat.com/getLeagueData/EPL/2024,2025-01-04,True
2025-01-04,Southampton,Brentford,0.249614,5.54874,26799,2024,https://understat.com/getLeagueData/EPL/2024,2025-01-04,True
2025-01-04,Tottenham,Newcastle,1.00333,2.42963,26800,2024,https://understat.com/getLeagueData/EPL/2024,2025-01-04,True
2025-01-05,Fulham,Ipswich,2.65469,1.4434,26796,2024,https://understat.com/getLeagueData/EPL/2024,2025-01-05,True
2025-01-05,Liverpool,Man United,2.862,1.67469,26797,2024,https://understat.com/getLeagueData/EPL/2024,2025-01-05,True
2025-01-06,Wolves,Nott'm Forest,1.90463,2.57227,26801,2024,https://understat.com/getLeagueData/EPL/2024,2025-01-06,True
2025-01-14,Brentford,Man City,2.39088,2.65315,26803,2024,https://understat.com/getLeagueData/EPL/2024,2025-01-14,True
2025-01-14,Chelsea,Bournemouth,2.53808,1.14845,26809,2024,https://understat.com/getLeagueData/EPL/2024,2025-01-14,True
2025-01-14,Nott'm Forest,Liverpool,0.5292,2.72291,26807,2024,https://understat.com/getLeagueData/EPL/2024,2025-01-14,True
2025-01-14,West Ham,Fulham,0.937322,2.83581,26808,2024,https://understat.com/getLeagueData/EPL/2024,2025-01-14,True
2025-01-15,Arsenal,Tottenham,2.25501,0.777071,26802,2024,https://understat.com/getLeagueData/EPL/2024,2025-01-15,True
2025-01-15,Everton,Aston Villa,1.23126,1.28522,26804,2024,https://understat.com/getLeagueData/EPL/2024,2025-01-15,True
2025-01-15,Leicester,Crystal Palace,2.09904,2.2647,26806,2024,https://understat.com/getLeagueData/EPL/2024,2025-01-15,True
2025-01-15,Newcastle,Wolves,2.13327,1.47433,26810,2024,https://understat.com/getLeagueData/EPL/2024,2025-01-15,True
2025-01-16,Ipswich,Brighton,0.268127,1.06343,26805,2024,https://understat.com/getLeagueData/EPL/2024,2025-01-16,True
2025-01-16,Man United,Southampton,3.10847,1.36705,26811,2024,https://understat.com/getLeagueData/EPL/2024,2025-01-16,True
2025-01-18,Arsenal,Aston Villa,1.64458,1.20602,26812,2024,https://understat.com/getLeagueData/EPL/2024,2025-01-18,True
2025-01-18,Brentford,Liverpool,1.20021,4.16249,26813,2024,https://understat.com/getLeagueData/EPL/2024,2025-01-18,True
2025-01-18,Leicester,Fulham,0.676934,2.36823,26817,2024,https://understat.com/getLeagueData/EPL/2024,2025-01-18,True
2025-01-18,Newcastle,Bournemouth,0.837801,2.70174,26819,2024,https://understat.com/getLeagueData/EPL/2024,2025-01-18,True
2025-01-18,West Ham,Crystal Palace,0.221062,1.62561,26821,2024,https://understat.com/getLeagueData/EPL/2024,2025-01-18,True
2025-01-19,Everton,Tottenham,2.56089,1.35719,26815,2024,https://understat.com/getLeagueData/EPL/2024,2025-01-19,True
2025-01-19,Ipswich,Man City,0.795637,3.20228,26816,2024,https://understat.com/getLeagueData/EPL/2024,2025-01-19,True
2025-01-19,Man United,Brighton,1.31823,2.17172,26818,2024,https://understat.com/getLeagueData/EPL/2024,2025-01-19,True
2025-01-19,Nott'm Forest,Southampton,2.36419,1.25922,26820,2024,https://understat.com/getLeagueData/EPL/2024,2025-01-19,True
2025-01-20,Chelsea,Wolves,3.14882,1.06726,26814,2024,https://understat.com/getLeagueData/EPL/2024,2025-01-20,True
2025-01-25,Bournemouth,Nott'm Forest,2.8254,0.996166,26822,2024,https://understat.com/getLeagueData/EPL/2024,2025-01-25,True
2025-01-25,Brighton,Everton,0.64378,0.870883,26824,2024,https://understat.com/getLeagueData/EPL/2024,2025-01-25,True
2025-01-25,Liverpool,Ipswich,2.16809,0.804707,26827,2024,https://understat.com/getLeagueData/EPL/2024,2025-01-25,True
2025-01-25,Man City,Chelsea,2.23213,1.49843,26828,2024,https://understat.com/getLeagueData/EPL/2024,2025-01-25,True
2025-01-25,Southampton,Newcastle,0.825621,3.08319,26829,2024,https://understat.com/getLeagueData/EPL/2024,2025-01-25,True
2025-01-25,Wolves,Arsenal,0.514724,0.887358,26831,2024,https://understat.com/getLeagueData/EPL/2024,2025-01-25,True
2025-01-26,Aston Villa,West Ham,0.907851,1.67886,26823,2024,https://understat.com/getLeagueData/EPL/2024,2025-01-26,True
2025-01-26,Crystal Palace,Brentford,1.23177,1.92037,26825,2024,https://understat.com/getLeagueData/EPL/2024,2025-01-26,True
2025-01-26,Fulham,Man United,0.560571,0.201988,26826,2024,https://understat.com/getLeagueData/EPL/2024,2025-01-26,True
2025-01-26,Tottenham,Leicester,1.27483,1.40469,26830,2024,https://understat.com/getLeagueData/EPL/2024,2025-01-26,True
2025-02-01,Bournemouth,Liverpool,1.65273,2.7219,26832,2024,https://understat.com/getLeagueData/EPL/2024,2025-02-01,True
2025-02-01,Everton,Leicester,3.11261,0.447136,26836,2024,https://understat.com/getLeagueData/EPL/2024,2025-02-01,True
2025-02-01,Ipswich,Southampton,1.94845,1.17566,26837,2024,https://understat.com/getLeagueData/EPL/2024,2025-02-01,True
2025-02-01,Newcastle,Fulham,1.22716,1.60881,26839,2024,https://understat.com/getLeagueData/EPL/2024,2025-02-01,True
2025-02-01,Nott'm Forest,Brighton,4.0677,0.756296,26840,2024,https://understat.com/getLeagueData/EPL/2024,2025-02-01,True
2025-02-01,Wolves,Aston Villa,2.00146,0.742809,26841,2024,https://understat.com/getLeagueData/EPL/2024,2025-02-01,True
2025-02-02,Arsenal,Man City,1.53202,0.743191,26833,2024,https://understat.com/getLeagueData/EPL/2024,2025-02-02,True
2025-02-02,Brentford,Tottenham,1.66475,0.945355,26834,2024,https://understat.com/getLeagueData/EPL/2024,2025-02-02,True
2025-02-02,Man United,Crystal Palace,1.50706,2.44633,26838,2024,https://understat.com/getLeagueData/EPL/2024,2025-02-02,True
2025-02-03,Chelsea,West Ham,1.39066,1.1868,26835,2024,https://understat.com/getLeagueData/EPL/2024,2025-02-03,True
2025-02-12,Everton,Liverpool,0.910523,0.929103,26748,2024,https://understat.com/getLeagueData/EPL/2024,2025-02-12,True
2025-02-14,Brighton,Chelsea,2.06892,0.649788,26843,2024,https://understat.com/getLeagueData/EPL/2024,2025-02-14,True
2025-02-15,Aston Villa,Ipswich,2.89841,0.332864,26842,2024,https://understat.com/getLeagueData/EPL/2024,2025-02-15,True
2025-02-15,Crystal Palace,Everton,2.30646,1.01565,26844,2024,https://understat.com/getLeagueData/EPL/2024,2025-02-15,True
2025-02-15,Fulham,Nott'm Forest,2.20993,0.331301,26845,2024,https://understat.com/getLeagueData/EPL/2024,2025-02-15,True
2025-02-15,Leicester,Arsenal,0.233209,1.75,26846,2024,https://understat.com/getLeagueData/EPL/2024,2025-02-15,True
2025-02-15,Man City,Newcastle,2.12004,0.157211,26848,2024,https://understat.com/getLeagueData/EPL/2024,2025-02-15,True
2025-02-15,Southampton,Bournemouth,0.974418,2.08722,26849,2024,https://understat.com/getLeagueData/EPL/2024,2025-02-15,True
2025-02-15,West Ham,Brentford,0.673466,1.96499,26851,2024,https://understat.com/getLeagueData/EPL/2024,2025-02-15,True
2025-02-16,Liverpool,Wolves,1.86758,1.05329,26847,2024,https://understat.com/getLeagueData/EPL/2024,2025-02-16,True
2025-02-16,Tottenham,Man United,1.97109,1.42652,26850,2024,https://understat.com/getLeagueData/EPL/2024,2025-02-16,True
2025-02-19,Aston Villa,Liverpool,1.02269,2.04279,26884,2024,https://understat.com/getLeagueData/EPL/2024,2025-02-19,True
2025-02-21,Leicester,Brentford,0.727901,2.03465,26858,2024,https://understat.com/getLeagueData/EPL/2024,2025-02-21,True
2025-02-22,Arsenal,West Ham,1.37264,1.02684,26853,2024,https://understat.com/getLeagueData/EPL/2024,2025-02-22,True
2025-02-22,Aston Villa,Chelsea,2.69413,2.17418,26854,2024,https://understat.com/getLeagueData/EPL/2024,2025-02-22,True
2025-02-22,Bournemouth,Wolves,0.629691,2.10124,26852,2024,https://understat.com/getLeagueData/EPL/2024,2025-02-22,True
2025-02-22,Everton,Man United,2.10444,0.645685,26855,2024,https://understat.com/getLeagueData/EPL/2024,2025-02-22,True
2025-02-22,Fulham,Crystal Palace,0.23426,1.46203,26856,2024,https://understat.com/getLeagueData/EPL/2024,2025-02-22,True
2025-02-22,Ipswich,Tottenham,1.15389,1.58741,26857,2024,https://understat.com/getLeagueData/EPL/2024,2025-02-22,True
2025-02-22,Southampton,Brighton,0.154147,5.12018,26861,2024,https://understat.com/getLeagueData/EPL/2024,2025-02-22,True
2025-02-23,Man City,Liverpool,0.58248,0.807058,26859,2024,https://understat.com/getLeagueData/EPL/2024,2025-02-23,True
2025-02-23,Newcastle,Nott'm Forest,3.45858,2.38603,26860,2024,https://understat.com/getLeagueData/EPL/2024,2025-02-23,True
2025-02-25,Brighton,Bournemouth,2.57927,1.70169,26863,2024,https://understat.com/getLeagueData/EPL/2024,2025-02-25,True
2025-02-25,Chelsea,Southampton,2.98234,0.845039,26869,2024,https://understat.com/getLeagueData/EPL/2024,2025-02-25,True
2025-02-25,Crystal Palace,Aston Villa,4.02522,0.667217,26868,2024,https://understat.com/getLeagueData/EPL/2024,2025-02-25,True
2025-02-25,Wolves,Fulham,0.928973,1.43473,26867,2024,https://understat.com/getLeagueData/EPL/2024,2025-02-25,True
2025-02-26,Brentford,Everton,1.34009,1.44955,26862,2024,https://understat.com/getLeagueData/EPL/2024,2025-02-26,True
2025-02-26,Liverpool,Newcastle,1.40027,0.45882,26870,2024,https://understat.com/getLeagueData/EPL/2024,2025-02-26,True
2025-02-26,Man United,Ipswich,1.40202,1.04498,26871,2024,https://understat.com/getLeagueData/EPL/2024,2025-02-26,True
2025-02-26,Nott'm Forest,Arsenal,0.508611,1.31766,26864,2024,https://understat.com/getLeagueData/EPL/2024,2025-02-26,True
2025-02-26,Tottenham,Man City,1.28426,2.38641,26865,2024,https://understat.com/getLeagueData/EPL/2024,2025-02-26,True
2025-02-27,West Ham,Leicester,1.70437,0.289578,26866,2024,https://understat.com/getLeagueData/EPL/2024,2025-02-27,True
2025-03-08,Brentford,Aston Villa,0.637743,1.29638,26872,2024,https://understat.com/getLeagueData/EPL/2024,2025-03-08,True
2025-03-08,Brighton,Fulham,1.94417,0.708227,26873,2024,https://understat.com/getLeagueData/EPL/2024,2025-03-08,True
2025-03-08,Crystal Palace,Ipswich,3.13879,1.63282,26875,2024,https://understat.com/getLeagueData/EPL/2024,2025-03-08,True
2025-03-08,Liverpool,Southampton,4.98996,0.511566,26876,2024,https://understat.com/getLeagueData/EPL/2024,2025-03-08,True
2025-03-08,Nott'm Forest,Man City,0.501476,0.721234,26878,2024,https://understat.com/getLeagueData/EPL/2024,2025-03-08,True
2025-03-08,Wolves,Everton,0.812432,1.3672,26881,2024,https://understat.com/getLeagueData/EPL/2024,2025-03-08,True
2025-03-09,Chelsea,Leicester,1.76844,0.108487,26874,2024,https://understat.com/getLeagueData/EPL/2024,2025-03-09,True
2025-03-09,Man United,Arsenal,1.31107,1.82996,26877,2024,https://understat.com/getLeagueData/EPL/2024,2025-03-09,True
2025-03-09,Tottenham,Bournemouth,1.35053,2.22536,26879,2024,https://understat.com/getLeagueData/EPL/2024,2025-03-09,True
2025-03-10,West Ham,Newcastle,0.823986,1.62976,26880,2024,https://understat.com/getLeagueData/EPL/2024,2025-03-10,True
2025-03-15,Bournemouth,Brentford,2.02714,1.60321,26882,2024,https://understat.com/getLeagueData/EPL/2024,2025-03-15,True
2025-03-15,Everton,West Ham,1.189,0.516029,26885,2024,https://understat.com/getLeagueData/EPL/2024,2025-03-15,True
2025-03-15,Ipswich,Nott'm Forest,0.520839,1.30722,26887,2024,https://understat.com/getLeagueData/EPL/2024,2025-03-15,True
2025-03-15,Man City,Brighton,2.02642,2.11119,26889,2024,https://understat.com/getLeagueData/EPL/2024,2025-03-15,True
2025-03-15,Southampton,Wolves,1.2821,0.540718,26891,2024,https://understat.com/getLeagueData/EPL/2024,2025-03-15,True
2025-03-16,Arsenal,Chelsea,0.695725,0.286036,26883,2024,https://understat.com/getLeagueData/EPL/2024,2025-03-16,True
2025-03-16,Fulham,Tottenham,1.03966,1.40865,26886,2024,https://understat.com/getLeagueData/EPL/2024,2025-03-16,True
2025-03-16,Leicester,Man United,1.30455,1.13892,26888,2024,https://understat.com/getLeagueData/EPL/2024,2025-03-16,True
2025-04-01,Arsenal,Fulham,2.30189,1.44206,26892,2024,https://understat.com/getLeagueData/EPL/2024,2025-04-01,True
2025-04-01,Nott'm Forest,Man United,0.512063,1.86688,26894,2024,https://understat.com/getLeagueData/EPL/2024,2025-04-01,True
2025-04-01,Wolves,West Ham,1.10359,1.73057,26895,2024,https://understat.com/getLeagueData/EPL/2024,2025-04-01,True
2025-04-02,Bournemouth,Ipswich,1.99637,1.41263,26896,2024,https://understat.com/getLeagueData/EPL/2024,2025-04-02,True
2025-04-02,Brighton,Aston Villa,0.558009,1.20715,26893,2024,https://understat.com/getLeagueData/EPL/2024,2025-04-02,True
2025-04-02,Liverpool,Everton,1.29718,0.823136,26901,2024,https://understat.com/getLeagueData/EPL/2024,2025-04-02,True
2025-04-02,Man City,Leicester,2.07165,0.104741,26898,2024,https://understat.com/getLeagueData/EPL/2024,2025-04-02,True
2025-04-02,Newcastle,Brentford,2.26584,1.53201,26899,2024,https://understat.com/getLeagueData/EPL/2024,2025-04-02,True
2025-04-02,Southampton,Crystal Palace,0.687304,0.93776,26900,2024,https://understat.com/getLeagueData/EPL/2024,2025-04-02,True
2025-04-03,Chelsea,Tottenham,1.30443,1.40274,26897,2024,https://understat.com/getLeagueData/EPL/2024,2025-04-03,True
2025-04-05,Aston Villa,Nott'm Forest,2.63349,0.96769,26902,2024,https://understat.com/getLeagueData/EPL/2024,2025-04-05,True
2025-04-05,Crystal Palace,Brighton,0.443965,1.27226,26904,2024,https://understat.com/getLeagueData/EPL/2024,2025-04-05,True
2025-04-05,Everton,Arsenal,1.22875,1.4031,26905,2024,https://understat.com/getLeagueData/EPL/2024,2025-04-05,True
2025-04-05,Ipswich,Wolves,0.872356,2.8096,26907,2024,https://understat.com/getLeagueData/EPL/2024,2025-04-05,True
2025-04-05,West Ham,Bournemouth,0.907832,1.94869,26911,2024,https://understat.com/getLeagueData/EPL/2024,2025-04-05,True
2025-04-06,Brentford,Chelsea,1.36123,1.47829,26903,2024,https://understat.com/getLeagueData/EPL/2024,2025-04-06,True
2025-04-06,Fulham,Liverpool,1.72764,1.40638,26906,2024,https://understat.com/getLeagueData/EPL/2024,2025-04-06,True
2025-04-06,Man United,Man City,1.23317,0.687894,26909,2024,https://understat.com/getLeagueData/EPL/2024,2025-04-06,True
2025-04-06,Tottenham,Southampton,2.648,0.780439,26910,2024,https://understat.com/getLeagueData/EPL/2024,2025-04-06,True
2025-04-07,Leicester,Newcastle,0.354575,3.44111,26908,2024,https://understat.com/getLeagueData/EPL/2024,2025-04-07,True
2025-04-12,Arsenal,Brentford,0.767369,0.588583,26913,2024,https://understat.com/getLeagueData/EPL/2024,2025-04-12,True
2025-04-12,Brighton,Leicester,3.6978,1.98444,26914,2024,https://understat.com/getLeagueData/EPL/2024,2025-04-12,True
2025-04-12,Man City,Crystal Palace,4.59724,1.33808,26917,2024,https://understat.com/getLeagueData/EPL/2024,2025-04-12,True
2025-04-12,Nott'm Forest,Everton,0.423949,1.26036,26920,2024,https://understat.com/getLeagueData/EPL/2024,2025-04-12,True
2025-04-12,Southampton,Aston Villa,0.412256,2.99927,26921,2024,https://understat.com/getLeagueData/EPL/2024,2025-04-12,True
2025-04-13,Chelsea,Ipswich,2.90758,1.60301,26915,2024,https://understat.com/getLeagueData/EPL/2024,2025-04-13,True
2025-04-13,Liverpool,West Ham,1.42902,1.46598,26916,2024,https://understat.com/getLeagueData/EPL/2024,2025-04-13,True
2025-04-13,Newcastle,Man United,2.6383,0.786568,26918,2024,https://understat.com/getLeagueData/EPL/2024,2025-04-13,True
2025-04-13,Wolves,Tottenham,2.22977,1.62887,26919,2024,https://understat.com/getLeagueData/EPL/2024,2025-04-13,True
2025-04-14,Bournemouth,Fulham,1.8577,1.07203,26912,2024,https://understat.com/getLeagueData/EPL/2024,2025-04-14,True
2025-04-16,Newcastle,Crystal Palace,2.32947,2.37548,26890,2024,https://understat.com/getLeagueData/EPL/2024,2025-04-16,True
2025-04-19,Aston Villa,Newcastle,3.05371,1.27176,26922,2024,https://understat.com/getLeagueData/EPL/2024,2025-04-19,True
2025-04-19,Brentford,Brighton,2.95516,1.24107,26923,2024,https://understat.com/getLeagueData/EPL/2024,2025-04-19,True
2025-04-19,Crystal Palace,Bournemouth,0.337818,0.664093,26924,2024,https://understat.com/getLeagueData/EPL/2024,2025-04-19,True
2025-04-19,Everton,Man City,0.81683,1.87989,26925,2024,https://understat.com/getLeagueData/EPL/2024,2025-04-19,True
2025-04-19,West Ham,Southampton,0.98423,0.922877,26931,2024,https://understat.com/getLeagueData/EPL/2024,2025-04-19,True
2025-04-20,Fulham,Chelsea,0.306122,0.75172,26926,2024,https://understat.com/getLeagueData/EPL/2024,2025-04-20,True
2025-04-20,Ipswich,Arsenal,0.192879,2.81362,26927,2024,https://understat.com/getLeagueData/EPL/2024,2025-04-20,True
2025-04-20,Leicester,Liverpool,0.232205,4.52706,26928,2024,https://understat.com/getLeagueData/EPL/2024,2025-04-20,True
2025-04-20,Man United,Wolves,1.13966,0.187814,26929,2024,https://understat.com/getLeagueData/EPL/2024,2025-04-20,True
2025-04-21,Tottenham,Nott'm Forest,2.4024,0.557682,26930,2024,https://understat.com/getLeagueData/EPL/2024,2025-04-21,True
2025-04-22,Man City,Aston Villa,1.36232,1.85906,26937,2024,https://understat.com/getLeagueData/EPL/2024,2025-04-22,True
2025-04-23,Arsenal,Crystal Palace,1.92149,2.50515,26933,2024,https://understat.com/getLeagueData/EPL/2024,2025-04-23,True
2025-04-26,Brighton,West Ham,1.29433,1.24134,26934,2024,https://understat.com/getLeagueData/EPL/2024,2025-04-26,True
2025-04-26,Chelsea,Everton,0.768313,0.916838,26935,2024,https://understat.com/getLeagueData/EPL/2024,2025-04-26,True
2025-04-26,Newcastle,Ipswich,4.11539,0.127203,26938,2024,https://understat.com/getLeagueData/EPL/2024,2025-04-26,True
2025-04-26,Southampton,Fulham,0.935581,1.9956,26940,2024,https://understat.com/getLeagueData/EPL/2024,2025-04-26,True
2025-04-26,Wolves,Leicester,2.57666,1.04978,26941,2024,https://understat.com/getLeagueData/EPL/2024,2025-04-26,True
2025-04-27,Bournemouth,Man United,0.60995,1.91039,26932,2024,https://understat.com/getLeagueData/EPL/2024,2025-04-27,True
2025-04-27,Liverpool,Tottenham,2.51104,0.512812,26936,2024,https://understat.com/getLeagueData/EPL/2024,2025-04-27,True
2025-05-01,Nott'm Forest,Brentford,0.670607,1.52054,26939,2024,https://understat.com/getLeagueData/EPL/2024,2025-05-01,True
2025-05-02,Man City,Wolves,0.859463,0.622455,26942,2024,https://understat.com/getLeagueData/EPL/2024,2025-05-02,True
2025-05-03,Arsenal,Bournemouth,2.05484,1.41783,26945,2024,https://understat.com/getLeagueData/EPL/2024,2025-05-03,True
2025-05-03,Aston Villa,Fulham,1.29013,0.702787,26946,2024,https://understat.com/getLeagueData/EPL/2024,2025-05-03,True
2025-05-03,Everton,Ipswich,0.808481,1.14351,26950,2024,https://understat.com/getLeagueData/EPL/2024,2025-05-03,True
2025-05-03,Leicester,Southampton,1.60739,0.550774,26951,2024,https://understat.com/getLeagueData/EPL/2024,2025-05-03,True
2025-05-04,Brentford,Man United,3.58737,1.13404,26947,2024,https://understat.com/getLeagueData/EPL/2024,2025-05-04,True
2025-05-04,Brighton,Newcastle,0.687863,1.63777,26944,2024,https://understat.com/getLeagueData/EPL/2024,2025-05-04,True
2025-05-04,Chelsea,Liverpool,3.51944,1.4267,26948,2024,https://understat.com/getLeagueData/EPL/2024,2025-05-04,True
2025-05-04,West Ham,Tottenham,1.15166,0.847022,26943,2024,https://understat.com/getLeagueData/EPL/2024,2025-05-04,True
2025-05-05,Crystal Palace,Nott'm Forest,2.34037,0.63684,26949,2024,https://understat.com/getLeagueData/EPL/2024,2025-05-05,True
2025-05-10,Bournemouth,Aston Villa,1.02272,1.12376,26955,2024,https://understat.com/getLeagueData/EPL/2024,2025-05-10,True
2025-05-10,Fulham,Everton,1.20869,1.32604,26953,2024,https://understat.com/getLeagueData/EPL/2024,2025-05-10,True
2025-05-10,Ipswich,Brentford,0.717433,1.32077,26954,2024,https://understat.com/getLeagueData/EPL/2024,2025-05-10,True
2025-05-10,Southampton,Man City,0.136995,1.58463,26959,2024,https://understat.com/getLeagueData/EPL/2024,2025-05-10,True
2025-05-10,Wolves,Brighton,0.73395,1.41254,26961,2024,https://understat.com/getLeagueData/EPL/2024,2025-05-10,True
2025-05-11,Liverpool,Arsenal,2.74682,2.18795,26952,2024,https://understat.com/getLeagueData/EPL/2024,2025-05-11,True
2025-05-11,Man United,West Ham,2.31287,2.15985,26956,2024,https://understat.com/getLeagueData/EPL/2024,2025-05-11,True
2025-05-11,Newcastle,Chelsea,1.6703,0.646426,26957,2024,https://understat.com/getLeagueData/EPL/2024,2025-05-11,True
2025-05-11,Nott'm Forest,Leicester,1.76909,1.22949,26958,2024,https://understat.com/getLeagueData/EPL/2024,2025-05-11,True
2025-05-11,Tottenham,Crystal Palace,0.806792,3.98546,26960,2024,https://understat.com/getLeagueData/EPL/2024,2025-05-11,True
2025-05-16,Aston Villa,Tottenham,1.69061,0.523016,26963,2024,https://understat.com/getLeagueData/EPL/2024,2025-05-16,True
2025-05-16,Chelsea,Man United,1.29571,0.337632,26966,2024,https://understat.com/getLeagueData/EPL/2024,2025-05-16,True
2025-05-18,Arsenal,Newcastle,1.15958,2.24634,26962,2024,https://understat.com/getLeagueData/EPL/2024,2025-05-18,True
2025-05-18,Brentford,Fulham,2.43045,1.61741,26964,2024,https://understat.com/getLeagueData/EPL/2024,2025-05-18,True
2025-05-18,Everton,Southampton,2.67793,1.05025,26968,2024,https://understat.com/getLeagueData/EPL/2024,2025-05-18,True
2025-05-18,Leicester,Ipswich,0.788544,1.36957,26969,2024,https://understat.com/getLeagueData/EPL/2024,2025-05-18,True
2025-05-18,West Ham,Nott'm Forest,0.850457,2.14756,26971,2024,https://understat.com/getLeagueData/EPL/2024,2025-05-18,True
2025-05-19,Brighton,Liverpool,2.17789,3.065,26965,2024,https://understat.com/getLeagueData/EPL/2024,2025-05-19,True
2025-05-20,Crystal Palace,Wolves,1.68451,1.42886,26967,2024,https://understat.com/getLeagueData/EPL/2024,2025-05-20,True
2025-05-20,Man City,Bournemouth,1.59779,0.962014,26970,2024,https://understat.com/getLeagueData/EPL/2024,2025-05-20,True
2025-05-25,Bournemouth,Leicester,2.72449,0.156702,26979,2024,https://understat.com/getLeagueData/EPL/2024,2025-05-25,True
2025-05-25,Fulham,Man City,2.21797,2.45923,26981,2024,https://understat.com/getLeagueData/EPL/2024,2025-05-25,True
2025-05-25,Ipswich,West Ham,0.893095,0.967379,26980,2024,https://understat.com/getLeagueData/EPL/2024,2025-05-25,True
2025-05-25,Liverpool,Crystal Palace,1.92122,1.4144,26975,2024,https://understat.com/getLeagueData/EPL/2024,2025-05-25,True
2025-05-25,Man United,Aston Villa,2.96259,0.335222,26974,2024,https://understat.com/getLeagueData/EPL/2024,2025-05-25,True
2025-05-25,Newcastle,Everton,1.1591,1.07279,26973,2024,https://understat.com/getLeagueData/EPL/2024,2025-05-25,True
2025-05-25,Nott'm Forest,Chelsea,1.58014,1.30874,26972,2024,https://understat.com/getLeagueData/EPL/2024,2025-05-25,True
2025-05-25,Southampton,Arsenal,0.598144,2.40711,26977,2024,https://understat.com/getLeagueData/EPL/2024,2025-05-25,True
2025-05-25,Tottenham,Brighton,1.85265,3.11624,26976,2024,https://understat.com/getLeagueData/EPL/2024,2025-05-25,True
2025-05-25,Wolves,Brentford,1.10889,1.97196,26978,2024,https://understat.com/getLeagueData/EPL/2024,2025-05-25,True
2025-08-15,Liverpool,Bournemouth,2.33007,1.57303,28778,2025,https://understat.com/getLeagueData/EPL/2025,2025-08-15,True
2025-08-16,Aston Villa,Newcastle,0.318601,1.40098,28779,2025,https://understat.com/getLeagueData/EPL/2025,2025-08-16,True
2025-08-16,Brighton,Fulham,1.44008,0.902883,28780,2025,https://understat.com/getLeagueData/EPL/2025,2025-08-16,True
2025-08-16,Sunderland,West Ham,0.724368,0.558948,28781,2025,https://understat.com/getLeagueData/EPL/2025,2025-08-16,True
2025-08-16,Tottenham,Burnley,1.97858,0.734138,28782,2025,https://understat.com/getLeagueData/EPL/2025,2025-08-16,True
2025-08-16,Wolves,Man City,0.519436,2.29903,28783,2025,https://understat.com/getLeagueData/EPL/2025,2025-08-16,True
2025-08-17,Chelsea,Crystal Palace,1.36793,1.03414,28784,2025,https://understat.com/getLeagueData/EPL/2025,2025-08-17,True
2025-08-17,Man United,Arsenal,1.37653,1.3304,28786,2025,https://understat.com/getLeagueData/EPL/2025,2025-08-17,True
2025-08-17,Nott'm Forest,Brentford,1.7555,1.32516,28785,2025,https://understat.com/getLeagueData/EPL/2025,2025-08-17,True
2025-08-18,Leeds,Everton,2.3812,0.674338,28787,2025,https://understat.com/getLeagueData/EPL/2025,2025-08-18,True
2025-08-22,West Ham,Chelsea,0.978572,3.94997,28788,2025,https://understat.com/getLeagueData/EPL/2025,2025-08-22,True
2025-08-23,Arsenal,Leeds,2.73761,0.156761,28793,2025,https://understat.com/getLeagueData/EPL/2025,2025-08-23,True
2025-08-23,Bournemouth,Wolves,1.78462,0.373367,28792,2025,https://understat.com/getLeagueData/EPL/2025,2025-08-23,True
2025-08-23,Brentford,Aston Villa,1.12964,0.976852,28790,2025,https://understat.com/getLeagueData/EPL/2025,2025-08-23,True
2025-08-23,Burnley,Sunderland,1.00381,1.12127,28791,2025,https://understat.com/getLeagueData/EPL/2025,2025-08-23,True
2025-08-23,Man City,Tottenham,1.2475,1.28015,28789,2025,https://understat.com/getLeagueData/EPL/2025,2025-08-23,True
2025-08-24,Crystal Palace,Nott'm Forest,1.10188,1.32987,28794,2025,https://understat.com/getLeagueData/EPL/2025,2025-08-24,True
2025-08-24,Everton,Brighton,1.80116,2.08487,28795,2025,https://understat.com/getLeagueData/EPL/2025,2025-08-24,True
2025-08-24,Fulham,Man United,1.65333,1.54603,28796,2025,https://understat.com/getLeagueData/EPL/2025,2025-08-24,True
2025-08-25,Newcastle,Liverpool,1.96342,0.646559,28797,2025,https://understat.com/getLeagueData/EPL/2025,2025-08-25,True
2025-08-30,Chelsea,Fulham,2.4324,0.736228,28798,2025,https://understat.com/getLeagueData/EPL/2025,2025-08-30,True
2025-08-30,Leeds,Newcastle,0.6773,0.303635,28803,2025,https://understat.com/getLeagueData/EPL/2025,2025-08-30,True
2025-08-30,Man United,Burnley,4.02237,1.32618,28802,2025,https://understat.com/getLeagueData/EPL/2025,2025-08-30,True
2025-08-30,Sunderland,Brentford,1.57127,1.44604,28801,2025,https://understat.com/getLeagueData/EPL/2025,2025-08-30,True
2025-08-30,Tottenham,Bournemouth,0.17067,2.1201,28799,2025,https://understat.com/getLeagueData/EPL/2025,2025-08-30,True
2025-08-30,Wolves,Everton,0.943257,2.03791,28800,2025,https://understat.com/getLeagueData/EPL/2025,2025-08-30,True
2025-08-31,Aston Villa,Crystal Palace,1.20586,2.59713,28807,2025,https://understat.com/getLeagueData/EPL/2025,2025-08-31,True
2025-08-31,Brighton,Man City,2.20864,2.13418,28805,2025,https://understat.com/getLeagueData/EPL/2025,2025-08-31,True
2025-08-31,Liverpool,Arsenal,0.481404,0.485679,28806,2025,https://understat.com/getLeagueData/EPL/2025,2025-08-31,True
2025-08-31,Nott'm Forest,West Ham,0.716018,2.236,28804,2025,https://understat.com/getLeagueData/EPL/2025,2025-08-31,True
2025-09-13,Arsenal,Nott'm Forest,2.8817,0.293681,28808,2025,https://understat.com/getLeagueData/EPL/2025,2025-09-13,True
2025-09-13,Bournemouth,Brighton,1.44187,0.624923,28810,2025,https://understat.com/getLeagueData/EPL/2025,2025-09-13,True
2025-09-13,Brentford,Chelsea,1.17533,0.755999,28815,2025,https://understat.com/getLeagueData/EPL/2025,2025-09-13,True
2025-09-13,Crystal Palace,Sunderland,1.75805,0.354129,28811,2025,https://understat.com/getLeagueData/EPL/2025,2025-09-13,True
2025-09-13,Everton,Aston Villa,1.8927,0.354327,28812,2025,https://understat.com/getLeagueData/EPL/2025,2025-09-13,True
2025-09-13,Fulham,Leeds,1.13979,0.830398,28813,2025,https://understat.com/getLeagueData/EPL/2025,2025-09-13,True
2025-09-13,Newcastle,Wolves,1.19186,0.375942,28809,2025,https://understat.com/getLeagueData/EPL/2025,2025-09-13,True
2025-09-13,West Ham,Tottenham,0.793248,1.51402,28814,2025,https://understat.com/getLeagueData/EPL/2025,2025-09-13,True
2025-09-14,Burnley,Liverpool,0.168041,2.79492,28816,2025,https://understat.com/getLeagueData/EPL/2025,2025-09-14,True
2025-09-14,Man City,Man United,1.99725,1.51915,28817,2025,https://understat.com/getLeagueData/EPL/2025,2025-09-14,True
2025-09-20,Brighton,Tottenham,1.40466,1.19181,28821,2025,https://understat.com/getLeagueData/EPL/2025,2025-09-20,True
2025-09-20,Burnley,Nott'm Forest,1.14159,0.830779,28822,2025,https://understat.com/getLeagueData/EPL/2025,2025-09-20,True
2025-09-20,Fulham,Brentford,1.52431,0.826556,28825,2025,https://understat.com/getLeagueData/EPL/2025,2025-09-20,True
2025-09-20,Liverpool,Everton,1.06166,0.721371,28818,2025,https://understat.com/getLeagueData/EPL/2025,2025-09-20,True
2025-09-20,Man United,Chelsea,1.34458,0.469843,28824,2025,https://understat.com/getLeagueData/EPL/2025,2025-09-20,True
2025-09-20,West Ham,Crystal Palace,0.466365,2.33565,28819,2025,https://understat.com/getLeagueData/EPL/2025,2025-09-20,True
2025-09-20,Wolves,Leeds,1.5661,0.456988,28820,2025,https://understat.com/getLeagueData/EPL/2025,2025-09-20,True
2025-09-21,Arsenal,Man City,0.718575,1.1227,28827,2025,https://understat.com/getLeagueData/EPL/2025,2025-09-21,True
2025-09-21,Bournemouth,Newcastle,0.55066,0.153629,28823,2025,https://understat.com/getLeagueData/EPL/2025,2025-09-21,True
2025-09-21,Sunderland,Aston Villa,0.938312,0.939354,28826,2025,https://understat.com/getLeagueData/EPL/2025,2025-09-21,True
2025-09-27,Brentford,Man United,2.78726,2.23609,28828,2025,https://understat.com/getLeagueData/EPL/2025,2025-09-27,True
2025-09-27,Chelsea,Brighton,2.02653,2.4751,28829,2025,https://understat.com/getLeagueData/EPL/2025,2025-09-27,True
2025-09-27,Crystal Palace,Liverpool,3.53323,3.10176,28830,2025,https://understat.com/getLeagueData/EPL/2025,2025-09-27,True
2025-09-27,Leeds,Bournemouth,2.04728,1.06033,28832,2025,https://understat.com/getLeagueData/EPL/2025,2025-09-27,True
2025-09-27,Man City,Burnley,3.22133,0.509491,28833,2025,https://understat.com/getLeagueData/EPL/2025,2025-09-27,True
2025-09-27,Nott'm Forest,Sunderland,1.4203,1.94154,28834,2025,https://understat.com/getLeagueData/EPL/2025,2025-09-27,True
2025-09-27,Tottenham,Wolves,0.818711,1.15951,28835,2025,https://understat.com/getLeagueData/EPL/2025,2025-09-27,True
2025-09-28,Aston Villa,Fulham,1.36575,0.952612,28831,2025,https://understat.com/getLeagueData/EPL/2025,2025-09-28,True
2025-09-28,Newcastle,Arsenal,0.739851,2.07048,28836,2025,https://understat.com/getLeagueData/EPL/2025,2025-09-28,True
2025-09-29,Everton,West Ham,0.909703,0.775766,28837,2025,https://understat.com/getLeagueData/EPL/2025,2025-09-29,True
2025-10-03,Bournemouth,Fulham,1.33458,0.84335,28838,2025,https://understat.com/getLeagueData/EPL/2025,2025-10-03,True
2025-10-04,Arsenal,West Ham,3.0585,0.864549,28839,2025,https://understat.com/getLeagueData/EPL/2025,2025-10-04,True
2025-10-04,Chelsea,Liverpool,1.23721,2.05981,28842,2025,https://understat.com/getLeagueData/EPL/2025,2025-10-04,True
2025-10-04,Leeds,Tottenham,1.48051,0.688198,28844,2025,https://understat.com/getLeagueData/EPL/2025,2025-10-04,True
2025-10-04,Man United,Sunderland,1.9298,0.807119,28845,2025,https://understat.com/getLeagueData/EPL/2025,2025-10-04,True
2025-10-05,Aston Villa,Burnley,1.73572,0.502292,28840,2025,https://understat.com/getLeagueData/EPL/2025,2025-10-05,True
2025-10-05,Brentford,Man City,0.693758,1.09647,28841,2025,https://understat.com/getLeagueData/EPL/2025,2025-10-05,True
2025-10-05,Everton,Crystal Palace,2.13876,2.17789,28843,2025,https://understat.com/getLeagueData/EPL/2025,2025-10-05,True
2025-10-05,Newcastle,Nott'm Forest,3.81662,0.337689,28846,2025,https://understat.com/getLeagueData/EPL/2025,2025-10-05,True
2025-10-05,Wolves,Brighton,0.369404,1.39158,28847,2025,https://understat.com/getLeagueData/EPL/2025,2025-10-05,True
2025-10-18,Brighton,Newcastle,0.857104,1.28313,28848,2025,https://understat.com/getLeagueData/EPL/2025,2025-10-18,True
2025-10-18,Burnley,Leeds,0.509647,2.33152,28849,2025,https://understat.com/getLeagueData/EPL/2025,2025-10-18,True
2025-10-18,Crystal Palace,Bournemouth,4.56284,2.0471,28850,2025,https://understat.com/getLeagueData/EPL/2025,2025-10-18,True
2025-10-18,Fulham,Arsenal,0.502332,2.07823,28851,2025,https://understat.com/getLeagueData/EPL/2025,2025-10-18,True
2025-10-18,Man City,Everton,2.4799,0.794622,28853,2025,https://understat.com/getLeagueData/EPL/2025,2025-10-18,True
2025-10-18,Nott'm Forest,Chelsea,2.0555,2.5583,28854,2025,https://understat.com/getLeagueData/EPL/2025,2025-10-18,True
2025-10-18,Sunderland,Wolves,1.02481,0.676323,28855,2025,https://understat.com/getLeagueData/EPL/2025,2025-10-18,True
2025-10-19,Liverpool,Man United,2.60972,2.53117,28852,2025,https://understat.com/getLeagueData/EPL/2025,2025-10-19,True
2025-10-19,Tottenham,Aston Villa,1.51461,0.352231,28856,2025,https://understat.com/getLeagueData/EPL/2025,2025-10-19,True
2025-10-20,West Ham,Brentford,0.260251,3.46635,28857,2025,https://understat.com/getLeagueData/EPL/2025,2025-10-20,True
2025-10-24,Leeds,West Ham,2.2214,0.498653,28864,2025,https://understat.com/getLeagueData/EPL/2025,2025-10-24,True
2025-10-25,Brentford,Liverpool,3.27126,2.11838,28861,2025,https://understat.com/getLeagueData/EPL/2025,2025-10-25,True
2025-10-25,Chelsea,Sunderland,1.21332,1.5506,28862,2025,https://understat.com/getLeagueData/EPL/2025,2025-10-25,True
2025-10-25,Man United,Brighton,1.96231,0.947154,28865,2025,https://understat.com/getLeagueData/EPL/2025,2025-10-25,True
2025-10-25,Newcastle,Fulham,2.76806,1.52001,28866,2025,https://understat.com/getLeagueData/EPL/2025,2025-10-25,True
2025-10-26,Arsenal,Crystal Palace,0.856175,0.350534,28859,2025,https://understat.com/getLeagueData/EPL/2025,2025-10-26,True
2025-10-26,Aston Villa,Man City,0.843906,1.36914,28860,2025,https://understat.com/getLeagueData/EPL/2025,2025-10-26,True
2025-10-26,Bournemouth,Nott'm Forest,0.656601,0.305493,28858,2025,https://understat.com/getLeagueData/EPL/2025,2025-10-26,True
2025-10-26,Everton,Tottenham,1.4032,2.09327,28863,2025,https://understat.com/getLeagueData/EPL/2025,2025-10-26,True
2025-10-26,Wolves,Burnley,2.58132,1.54544,28867,2025,https://understat.com/getLeagueData/EPL/2025,2025-10-26,True
2025-11-01,Brighton,Leeds,2.64127,0.35919,28868,2025,https://understat.com/getLeagueData/EPL/2025,2025-11-01,True
2025-11-01,Burnley,Arsenal,0.679177,2.51649,28869,2025,https://understat.com/getLeagueData/EPL/2025,2025-11-01,True
2025-11-01,Crystal Palace,Brentford,0.734558,0.820498,28870,2025,https://understat.com/getLeagueData/EPL/2025,2025-11-01,True
2025-11-01,Fulham,Wolves,1.91207,0.209934,28871,2025,https://understat.com/getLeagueData/EPL/2025,2025-11-01,True
2025-11-01,Liverpool,Aston Villa,1.47021,0.43502,28872,2025,https://understat.com/getLeagueData/EPL/2025,2025-11-01,True
2025-11-01,Nott'm Forest,Man United,1.55066,0.91622,28874,2025,https://understat.com/getLeagueData/EPL/2025,2025-11-01,True
2025-11-01,Tottenham,Chelsea,0.146954,3.34251,28876,2025,https://understat.com/getLeagueData/EPL/2025,2025-11-01,True
2025-11-02,Man City,Bournemouth,2.48999,0.899846,28873,2025,https://understat.com/getLeagueData/EPL/2025,2025-11-02,True
2025-11-02,West Ham,Newcastle,1.41383,0.523615,28877,2025,https://understat.com/getLeagueData/EPL/2025,2025-11-02,True
2025-11-03,Sunderland,Everton,1.18068,1.00741,28875,2025,https://understat.com/getLeagueData/EPL/2025,2025-11-03,True
2025-11-08,Chelsea,Wolves,3.98342,0.111462,28880,2025,https://understat.com/getLeagueData/EPL/2025,2025-11-08,True
2025-11-08,Everton,Fulham,2.30607,0.424478,28882,2025,https://understat.com/getLeagueData/EPL/2025,2025-11-08,True
2025-11-08,Sunderland,Arsenal,1.20495,2.32943,28885,2025,https://understat.com/getLeagueData/EPL/2025,2025-11-08,True
2025-11-08,Tottenham,Man United,1.35532,0.820256,28886,2025,https://understat.com/getLeagueData/EPL/2025,2025-11-08,True
2025-11-08,West Ham,Burnley,2.96728,1.87478,28887,2025,https://understat.com/getLeagueData/EPL/2025,2025-11-08,True
2025-11-09,Aston Villa,Bournemouth,1.88282,2.00992,28878,2025,https://understat.com/getLeagueData/EPL/2025,2025-11-09,True
2025-11-09,Brentford,Newcastle,2.73729,0.432277,28879,2025,https://understat.com/getLeagueData/EPL/2025,2025-11-09,True
2025-11-09,Crystal Palace,Brighton,0.839547,0.637037,28881,2025,https://understat.com/getLeagueData/EPL/2025,2025-11-09,True
2025-11-09,Man City,Liverpool,1.59542,1.0281,28883,2025,https://understat.com/getLeagueData/EPL/2025,2025-11-09,True
2025-11-09,Nott'm Forest,Leeds,2.49097,0.419461,28884,2025,https://understat.com/getLeagueData/EPL/2025,2025-11-09,True
2025-11-22,Bournemouth,West Ham,3.48299,0.390782,28888,2025,https://understat.com/getLeagueData/EPL/2025,2025-11-22,True
2025-11-22,Brighton,Brentford,0.977488,2.19979,28890,2025,https://understat.com/getLeagueData/EPL/2025,2025-11-22,True
2025-11-22,Burnley,Chelsea,0.660943,1.72093,28891,2025,https://understat.com/getLeagueData/EPL/2025,2025-11-22,True
2025-11-22,Fulham,Sunderland,2.83729,0.222768,28892,2025,https://understat.com/getLeagueData/EPL/2025,2025-11-22,True
2025-11-22,Liverpool,Nott'm Forest,1.79273,1.19459,28894,2025,https://understat.com/getLeagueData/EPL/2025,2025-11-22,True
2025-11-22,Newcastle,Man City,2.40555,2.45648,28896,2025,https://understat.com/getLeagueData/EPL/2025,2025-11-22,True
2025-11-22,Wolves,Crystal Palace,1.66409,1.44933,28897,2025,https://understat.com/getLeagueData/EPL/2025,2025-11-22,True
2025-11-23,Arsenal,Tottenham,2.27827,0.0300672,28889,2025,https://understat.com/getLeagueData/EPL/2025,2025-11-23,True
2025-11-23,Leeds,Aston Villa,1.84668,1.35978,28893,2025,https://understat.com/getLeagueData/EPL/2025,2025-11-23,True
2025-11-24,Man United,Everton,2.2737,0.155063,28895,2025,https://understat.com/getLeagueData/EPL/2025,2025-11-24,True
2025-11-29,Brentford,Burnley,3.72106,0.874025,28899,2025,https://understat.com/getLeagueData/EPL/2025,2025-11-29,True
2025-11-29,Everton,Newcastle,1.01125,2.45882,28902,2025,https://understat.com/getLeagueData/EPL/2025,2025-11-29,True
2025-11-29,Man City,Leeds,2.85292,1.75142,28903,2025,https://understat.com/getLeagueData/EPL/2025,2025-11-29,True
2025-11-29,Sunderland,Bournemouth,1.16955,1.79274,28905,2025,https://understat.com/getLeagueData/EPL/2025,2025-11-29,True
2025-11-29,Tottenham,Fulham,1.04396,0.494736,28906,2025,https://understat.com/getLeagueData/EPL/2025,2025-11-29,True
2025-11-30,Aston Villa,Wolves,1.15486,0.692588,28898,2025,https://understat.com/getLeagueData/EPL/2025,2025-11-30,True
2025-11-30,Chelsea,Arsenal,0.791914,1.22828,28900,2025,https://understat.com/getLeagueData/EPL/2025,2025-11-30,True
2025-11-30,Crystal Palace,Man United,2.13561,1.47768,28901,2025,https://understat.com/getLeagueData/EPL/2025,2025-11-30,True
2025-11-30,Nott'm Forest,Brighton,0.960325,2.0572,28904,2025,https://understat.com/getLeagueData/EPL/2025,2025-11-30,True
2025-11-30,West Ham,Liverpool,0.364152,1.56793,28907,2025,https://understat.com/getLeagueData/EPL/2025,2025-11-30,True
2025-12-02,Bournemouth,Everton,0.635415,1.19573,28908,2025,https://understat.com/getLeagueData/EPL/2025,2025-12-02,True
2025-12-02,Fulham,Man City,0.972635,1.96225,28912,2025,https://understat.com/getLeagueData/EPL/2025,2025-12-02,True
2025-12-02,Newcastle,Tottenham,1.88558,1.05205,28916,2025,https://understat.com/getLeagueData/EPL/2025,2025-12-02,True
2025-12-03,Arsenal,Brentford,2.63126,0.588716,28909,2025,https://understat.com/getLeagueData/EPL/2025,2025-12-03,True
2025-12-03,Brighton,Aston Villa,1.96298,3.15745,28910,2025,https://understat.com/getLeagueData/EPL/2025,2025-12-03,True
2025-12-03,Burnley,Crystal Palace,1.16852,0.987797,28911,2025,https://understat.com/getLeagueData/EPL/2025,2025-12-03,True
2025-12-03,Leeds,Chelsea,2.2047,0.964018,28913,2025,https://understat.com/getLeagueData/EPL/2025,2025-12-03,True
2025-12-03,Liverpool,Sunderland,1.37633,0.712662,28914,2025,https://understat.com/getLeagueData/EPL/2025,2025-12-03,True
2025-12-03,Wolves,Nott'm Forest,1.02461,1.12389,28917,2025,https://understat.com/getLeagueData/EPL/2025,2025-12-03,True
2025-12-04,Man United,West Ham,2.27674,1.36584,28915,2025,https://understat.com/getLeagueData/EPL/2025,2025-12-04,True
2025-12-06,Aston Villa,Arsenal,2.71986,1.85965,28919,2025,https://understat.com/getLeagueData/EPL/2025,2025-12-06,True
2025-12-06,Bournemouth,Chelsea,1.41931,0.672602,28918,2025,https://understat.com/getLeagueData/EPL/2025,2025-12-06,True
2025-12-06,Everton,Nott'm Forest,1.25348,0.31234,28921,2025,https://understat.com/getLeagueData/EPL/2025,2025-12-06,True
2025-12-06,Leeds,Liverpool,1.79333,2.04805,28923,2025,https://understat.com/getLeagueData/EPL/2025,2025-12-06,True
2025-12-06,Man City,Sunderland,2.41605,0.626486,28924,2025,https://understat.com/getLeagueData/EPL/2025,2025-12-06,True
2025-12-06,Newcastle,Burnley,1.80708,1.58375,28925,2025,https://understat.com/getLeagueData/EPL/2025,2025-12-06,True
2025-12-06,Tottenham,Brentford,2.42388,0.470563,28926,2025,https://understat.com/getLeagueData/EPL/2025,2025-12-06,True
2025-12-07,Brighton,West Ham,2.10077,1.7064,28920,2025,https://understat.com/getLeagueData/EPL/2025,2025-12-07,True
2025-12-07,Fulham,Crystal Palace,0.766771,1.71109,28922,2025,https://understat.com/getLeagueData/EPL/2025,2025-12-07,True
2025-12-08,Wolves,Man United,0.262147,4.04708,28927,2025,https://understat.com/getLeagueData/EPL/2025,2025-12-08,True
2025-12-13,Arsenal,Wolves,1.61796,0.61997,28928,2025,https://understat.com/getLeagueData/EPL/2025,2025-12-13,True
2025-12-13,Burnley,Fulham,2.05486,1.65053,28930,2025,https://understat.com/getLeagueData/EPL/2025,2025-12-13,True
2025-12-13,Chelsea,Everton,2.64457,1.34,28931,2025,https://understat.com/getLeagueData/EPL/2025,2025-12-13,True
2025-12-13,Liverpool,Brighton,2.4127,1.69004,28933,2025,https://understat.com/getLeagueData/EPL/2025,2025-12-13,True
2025-12-14,Brentford,Leeds,0.697006,1.63409,28929,2025,https://understat.com/getLeagueData/EPL/2025,2025-12-14,True
2025-12-14,Crystal Palace,Man City,1.30092,1.35317,28932,2025,https://understat.com/getLeagueData/EPL/2025,2025-12-14,True
2025-12-14,Nott'm Forest,Tottenham,2.32658,0.380246,28935,2025,https://understat.com/getLeagueData/EPL/2025,2025-12-14,True
2025-12-14,Sunderland,Newcastle,0.630045,0.169329,28936,2025,https://understat.com/getLeagueData/EPL/2025,2025-12-14,True
2025-12-14,West Ham,Aston Villa,1.27701,0.595093,28937,2025,https://understat.com/getLeagueData/EPL/2025,2025-12-14,True
2025-12-15,Man United,Bournemouth,3.21204,2.35196,28934,2025,https://understat.com/getLeagueData/EPL/2025,2025-12-15,True
2025-12-20,Bournemouth,Burnley,1.81847,0.480528,28938,2025,https://understat.com/getLeagueData/EPL/2025,2025-12-20,True
2025-12-20,Brighton,Sunderland,0.919272,1.31044,28940,2025,https://understat.com/getLeagueData/EPL/2025,2025-12-20,True
2025-12-20,Everton,Arsenal,0.213273,1.84723,28941,2025,https://understat.com/getLeagueData/EPL/2025,2025-12-20,True
2025-12-20,Leeds,Crystal Palace,2.90786,1.53058,28943,2025,https://understat.com/getLeagueData/EPL/2025,2025-12-20,True
2025-12-20,Man City,West Ham,3.58188,1.02143,28944,2025,https://understat.com/getLeagueData/EPL/2025,2025-12-20,True
2025-12-20,Newcastle,Chelsea,2.87863,1.0261,28945,2025,https://understat.com/getLeagueData/EPL/2025,2025-12-20,True
2025-12-20,Tottenham,Liverpool,1.34905,1.23164,28946,2025,https://understat.com/getLeagueData/EPL/2025,2025-12-20,True
2025-12-20,Wolves,Brentford,1.26823,1.56309,28947,2025,https://understat.com/getLeagueData/EPL/2025,2025-12-20,True
2025-12-21,Aston Villa,Man United,1.86917,1.30455,28939,2025,https://understat.com/getLeagueData/EPL/2025,2025-12-21,True
2025-12-22,Fulham,Nott'm Forest,1.70568,0.486296,28942,2025,https://understat.com/getLeagueData/EPL/2025,2025-12-22,True
2025-12-26,Man United,Newcastle,0.940811,1.12998,28954,2025,https://understat.com/getLeagueData/EPL/2025,2025-12-26,True
2025-12-27,Arsenal,Brighton,2.54318,0.710064,28948,2025,https://understat.com/getLeagueData/EPL/2025,2025-12-27,True
2025-12-27,Brentford,Bournemouth,2.8513,2.56183,28949,2025,https://understat.com/getLeagueData/EPL/2025,2025-12-27,True
2025-12-27,Burnley,Everton,1.24948,1.25204,28950,2025,https://understat.com/getLeagueData/EPL/2025,2025-12-27,True
2025-12-27,Chelsea,Aston Villa,1.97155,2.05918,28951,2025,https://understat.com/getLeagueData/EPL/2025,2025-12-27,True
2025-12-27,Liverpool,Wolves,1.56502,0.780664,28953,2025,https://understat.com/getLeagueData/EPL/2025,2025-12-27,True
2025-12-27,Nott'm Forest,Man City,0.600141,1.46468,28955,2025,https://understat.com/getLeagueData/EPL/2025,2025-12-27,True
2025-12-27,West Ham,Fulham,1.13719,1.11436,28957,2025,https://understat.com/getLeagueData/EPL/2025,2025-12-27,True
2025-12-28,Crystal Palace,Tottenham,0.929681,0.870768,28952,2025,https://understat.com/getLeagueData/EPL/2025,2025-12-28,True
2025-12-28,Sunderland,Leeds,0.805957,2.60653,28956,2025,https://understat.com/getLeagueData/EPL/2025,2025-12-28,True
2025-12-30,Arsenal,Aston Villa,4.41335,2.94195,28958,2025,https://understat.com/getLeagueData/EPL/2025,2025-12-30,True
2025-12-30,Burnley,Newcastle,1.32551,2.49248,28960,2025,https://understat.com/getLeagueData/EPL/2025,2025-12-30,True
2025-12-30,Chelsea,Bournemouth,2.33294,3.49142,28961,2025,https://understat.com/getLeagueData/EPL/2025,2025-12-30,True
2025-12-30,Man United,Wolves,1.13306,1.21784,28964,2025,https://understat.com/getLeagueData/EPL/2025,2025-12-30,True
2025-12-30,Nott'm Forest,Everton,1.75445,1.69525,28965,2025,https://understat.com/getLeagueData/EPL/2025,2025-12-30,True
2025-12-30,West Ham,Brighton,2.27644,3.08914,28967,2025,https://understat.com/getLeagueData/EPL/2025,2025-12-30,True
2026-01-01,Brentford,Tottenham,0.556304,0.608309,28959,2025,https://understat.com/getLeagueData/EPL/2025,2026-01-01,True
2026-01-01,Crystal Palace,Fulham,2.35346,1.75434,28962,2025,https://understat.com/getLeagueData/EPL/2025,2026-01-01,True
2026-01-01,Liverpool,Leeds,1.67833,0.15936,28963,2025,https://understat.com/getLeagueData/EPL/2025,2026-01-01,True
2026-01-01,Sunderland,Man City,0.962141,2.44247,28966,2025,https://understat.com/getLeagueData/EPL/2025,2026-01-01,True
2026-01-03,Aston Villa,Nott'm Forest,1.42988,0.8982,28972,2025,https://understat.com/getLeagueData/EPL/2025,2026-01-03,True
2026-01-03,Bournemouth,Arsenal,0.947846,1.28,28971,2025,https://understat.com/getLeagueData/EPL/2025,2026-01-03,True
2026-01-03,Brighton,Burnley,1.4717,0.254551,28973,2025,https://understat.com/getLeagueData/EPL/2025,2026-01-03,True
2026-01-03,Wolves,West Ham,2.23925,0.235678,28970,2025,https://understat.com/getLeagueData/EPL/2025,2026-01-03,True
2026-01-04,Everton,Brentford,1.00566,3.05179,28974,2025,https://understat.com/getLeagueData/EPL/2025,2026-01-04,True
2026-01-04,Fulham,Liverpool,0.609182,1.7188,28975,2025,https://understat.com/getLeagueData/EPL/2025,2026-01-04,True
2026-01-04,Leeds,Man United,0.970138,1.94781,28976,2025,https://understat.com/getLeagueData/EPL/2025,2026-01-04,True
2026-01-04,Man City,Chelsea,1.03049,2.03726,28977,2025,https://understat.com/getLeagueData/EPL/2025,2026-01-04,True
2026-01-04,Newcastle,Crystal Palace,2.72764,1.27825,28968,2025,https://understat.com/getLeagueData/EPL/2025,2026-01-04,True
2026-01-04,Tottenham,Sunderland,1.4175,0.467481,28969,2025,https://understat.com/getLeagueData/EPL/2025,2026-01-04,True
2026-01-06,West Ham,Nott'm Forest,1.73697,1.26683,28987,2025,https://understat.com/getLeagueData/EPL/2025,2026-01-06,True
2026-01-07,Bournemouth,Tottenham,1.19014,1.6261,28979,2025,https://understat.com/getLeagueData/EPL/2025,2026-01-07,True
2026-01-07,Brentford,Sunderland,3.86096,1.50644,28981,2025,https://understat.com/getLeagueData/EPL/2025,2026-01-07,True
2026-01-07,Burnley,Man United,0.31971,2.52488,28982,2025,https://understat.com/getLeagueData/EPL/2025,2026-01-07,True
2026-01-07,Crystal Palace,Aston Villa,1.32505,2.07015,28983,2025,https://understat.com/getLeagueData/EPL/2025,2026-01-07,True
2026-01-07,Everton,Wolves,1.63321,0.71329,28978,2025,https://understat.com/getLeagueData/EPL/2025,2026-01-07,True
2026-01-07,Fulham,Chelsea,1.06013,2.45107,28984,2025,https://understat.com/getLeagueData/EPL/2025,2026-01-07,True
2026-01-07,Man City,Brighton,2.95904,1.33162,28985,2025,https://understat.com/getLeagueData/EPL/2025,2026-01-07,True
2026-01-07,Newcastle,Leeds,2.43495,2.35318,28986,2025,https://understat.com/getLeagueData/EPL/2025,2026-01-07,True
2026-01-08,Arsenal,Liverpool,0.701832,0.318642,28980,2025,https://understat.com/getLeagueData/EPL/2025,2026-01-08,True
2026-01-17,Chelsea,Brentford,1.62263,1.47521,28990,2025,https://understat.com/getLeagueData/EPL/2025,2026-01-17,True
2026-01-17,Leeds,Fulham,2.16898,0.258796,28991,2025,https://understat.com/getLeagueData/EPL/2025,2026-01-17,True
2026-01-17,Liverpool,Burnley,3.49045,0.546971,28992,2025,https://understat.com/getLeagueData/EPL/2025,2026-01-17,True
2026-01-17,Man United,Man City,3.07278,0.387015,28993,2025,https://understat.com/getLeagueData/EPL/2025,2026-01-17,True
2026-01-17,Nott'm Forest,Arsenal,0.318481,2.86323,28994,2025,https://understat.com/getLeagueData/EPL/2025,2026-01-17,True
2026-01-17,Sunderland,Crystal Palace,1.84601,1.15169,28995,2025,https://understat.com/getLeagueData/EPL/2025,2026-01-17,True
2026-01-17,Tottenham,West Ham,1.65292,2.76761,28996,2025,https://understat.com/getLeagueData/EPL/2025,2026-01-17,True
2026-01-18,Aston Villa,Everton,0.905393,0.745859,28988,2025,https://understat.com/getLeagueData/EPL/2025,2026-01-18,True
2026-01-18,Wolves,Newcastle,0.390216,0.813313,28997,2025,https://understat.com/getLeagueData/EPL/2025,2026-01-18,True
2026-01-19,Brighton,Bournemouth,0.995777,1.69737,28989,2025,https://understat.com/getLeagueData/EPL/2025,2026-01-19,True
2026-01-24,Bournemouth,Liverpool,3.31474,0.937335,28998,2025,https://understat.com/getLeagueData/EPL/2025,2026-01-24,True
2026-01-24,Burnley,Tottenham,1.54884,2.59093,29001,2025,https://understat.com/getLeagueData/EPL/2025,2026-01-24,True
2026-01-24,Fulham,Brighton,1.13243,1.94652,29004,2025,https://understat.com/getLeagueData/EPL/2025,2026-01-24,True
2026-01-24,Man City,Wolves,1.0654,0.542683,29005,2025,https://understat.com/getLeagueData/EPL/2025,2026-01-24,True
2026-01-24,West Ham,Sunderland,2.18675,0.713838,29007,2025,https://understat.com/getLeagueData/EPL/2025,2026-01-24,True
2026-01-25,Arsenal,Man United,1.42411,0.640902,28999,2025,https://understat.com/getLeagueData/EPL/2025,2026-01-25,True
2026-01-25,Brentford,Nott'm Forest,2.00413,1.38958,29000,2025,https://understat.com/getLeagueData/EPL/2025,2026-01-25,True
2026-01-25,Crystal Palace,Chelsea,2.41793,3.08817,29002,2025,https://understat.com/getLeagueData/EPL/2025,2026-01-25,True
2026-01-25,Newcastle,Aston Villa,1.95484,1.32143,29006,2025,https://understat.com/getLeagueData/EPL/2025,2026-01-25,True
2026-01-26,Everton,Leeds,0.889916,1.6766,29003,2025,https://understat.com/getLeagueData/EPL/2025,2026-01-26,True
2026-01-31,Brighton,Everton,1.42825,1.28126,29010,2025,https://understat.com/getLeagueData/EPL/2025,2026-01-31,True
2026-01-31,Chelsea,West Ham,2.66133,1.72585,29009,2025,https://understat.com/getLeagueData/EPL/2025,2026-01-31,True
2026-01-31,Leeds,Arsenal,0.17871,3.54427,29015,2025,https://understat.com/getLeagueData/EPL/2025,2026-01-31,True
2026-01-31,Liverpool,Newcastle,3.09973,0.284319,29014,2025,https://understat.com/getLeagueData/EPL/2025,2026-01-31,True
2026-01-31,Wolves,Bournemouth,2.10353,1.59116,29017,2025,https://understat.com/getLeagueData/EPL/2025,2026-01-31,True
2026-02-01,Aston Villa,Brentford,2.15316,0.314916,29008,2025,https://understat.com/getLeagueData/EPL/2025,2026-02-01,True
2026-02-01,Man United,Fulham,1.84362,1.71998,29012,2025,https://understat.com/getLeagueData/EPL/2025,2026-02-01,True
2026-02-01,Nott'm Forest,Crystal Palace,0.987254,1.648,29013,2025,https://understat.com/getLeagueData/EPL/2025,2026-02-01,True
2026-02-01,Tottenham,Man City,1.49738,2.03614,29016,2025,https://understat.com/getLeagueData/EPL/2025,2026-02-01,True
2026-02-02,Sunderland,Burnley,1.8865,0.126371,29011,2025,https://understat.com/getLeagueData/EPL/2025,2026-02-02,True
2026-02-06,Leeds,Nott'm Forest,3.38179,1.6608,29023,2025,https://understat.com/getLeagueData/EPL/2025,2026-02-06,True
2026-02-07,Arsenal,Sunderland,1.19401,0.427225,29019,2025,https://understat.com/getLeagueData/EPL/2025,2026-02-07,True
2026-02-07,Bournemouth,Aston Villa,1.82646,0.646496,29018,2025,https://understat.com/getLeagueData/EPL/2025,2026-02-07,True
2026-02-07,Burnley,West Ham,1.84644,1.1223,29021,2025,https://understat.com/getLeagueData/EPL/2025,2026-02-07,True
2026-02-07,Fulham,Everton,2.20126,1.88778,29022,2025,https://understat.com/getLeagueData/EPL/2025,2026-02-07,True
2026-02-07,Man United,Tottenham,2.16576,0.593404,29025,2025,https://understat.com/getLeagueData/EPL/2025,2026-02-07,True
2026-02-07,Newcastle,Brentford,3.3215,1.65022,29026,2025,https://understat.com/getLeagueData/EPL/2025,2026-02-07,True
2026-02-07,Wolves,Chelsea,1.11372,3.76278,29027,2025,https://understat.com/getLeagueData/EPL/2025,2026-02-07,True
2026-02-08,Brighton,Crystal Palace,0.737798,0.928404,29020,2025,https://understat.com/getLeagueData/EPL/2025,2026-02-08,True
2026-02-08,Liverpool,Man City,1.26652,2.41476,29024,2025,https://understat.com/getLeagueData/EPL/2025,2026-02-08,True
2026-02-10,Chelsea,Leeds,3.21176,1.28948,29030,2025,https://understat.com/getLeagueData/EPL/2025,2026-02-10,True
2026-02-10,Everton,Bournemouth,2.33114,1.4121,29032,2025,https://understat.com/getLeagueData/EPL/2025,2026-02-10,True
2026-02-10,Tottenham,Newcastle,1.68925,2.46991,29036,2025,https://understat.com/getLeagueData/EPL/2025,2026-02-10,True
2026-02-10,West Ham,Man United,1.30746,0.735767,29037,2025,https://understat.com/getLeagueData/EPL/2025,2026-02-10,True
2026-02-11,Aston Villa,Brighton,0.576138,0.481306,29028,2025,https://understat.com/getLeagueData/EPL/2025,2026-02-11,True
2026-02-11,Crystal Palace,Burnley,2.1276,0.691273,29031,2025,https://understat.com/getLeagueData/EPL/2025,2026-02-11,True
2026-02-11,Man City,Fulham,1.67722,1.05283,29033,2025,https://understat.com/getLeagueData/EPL/2025,2026-02-11,True
2026-02-11,Nott'm Forest,Wolves,3.69094,0.406959,29034,2025,https://understat.com/getLeagueData/EPL/2025,2026-02-11,True
2026-02-11,Sunderland,Liverpool,0.693794,3.08172,29035,2025,https://understat.com/getLeagueData/EPL/2025,2026-02-11,True
2026-02-12,Brentford,Arsenal,1.81154,0.78418,29029,2025,https://understat.com/getLeagueData/EPL/2025,2026-02-12,True
2026-02-18,Wolves,Arsenal,0.173119,2.01018,29087,2025,https://understat.com/getLeagueData/EPL/2025,2026-02-18,True
2026-02-21,Aston Villa,Leeds,1.25439,1.27855,29038,2025,https://understat.com/getLeagueData/EPL/2025,2026-02-21,True
2026-02-21,Brentford,Brighton,1.69023,1.37203,29039,2025,https://understat.com/getLeagueData/EPL/2025,2026-02-21,True
2026-02-21,Chelsea,Burnley,2.51534,1.01255,29040,2025,https://understat.com/getLeagueData/EPL/2025,2026-02-21,True
2026-02-21,Man City,Newcastle,2.22648,0.507954,29043,2025,https://understat.com/getLeagueData/EPL/2025,2026-02-21,True
2026-02-21,West Ham,Bournemouth,2.34412,0.522731,29047,2025,https://understat.com/getLeagueData/EPL/2025,2026-02-21,True
2026-02-22,Crystal Palace,Wolves,2.03559,1.67749,29041,2025,https://understat.com/getLeagueData/EPL/2025,2026-02-22,True
2026-02-22,Nott'm Forest,Liverpool,0.934768,2.39634,29044,2025,https://understat.com/getLeagueData/EPL/2025,2026-02-22,True
2026-02-22,Sunderland,Fulham,1.7609,2.16696,29045,2025,https://understat.com/getLeagueData/EPL/2025,2026-02-22,True
2026-02-22,Tottenham,Arsenal,0.383264,3.31701,29046,2025,https://understat.com/getLeagueData/EPL/2025,2026-02-22,True
2026-02-23,Everton,Man United,0.560924,1.4547,29042,2025,https://understat.com/getLeagueData/EPL/2025,2026-02-23,True
2026-02-27,Wolves,Aston Villa,1.50771,1.31328,29057,2025,https://understat.com/getLeagueData/EPL/2025,2026-02-27,True
2026-02-28,Bournemouth,Sunderland,1.82434,1.07887,29048,2025,https://understat.com/getLeagueData/EPL/2025,2026-02-28,True
2026-02-28,Burnley,Brentford,0.823824,2.44595,29051,2025,https://understat.com/getLeagueData/EPL/2025,2026-02-28,True
2026-02-28,Leeds,Man City,1.37824,2.46834,29053,2025,https://understat.com/getLeagueData/EPL/2025,2026-02-28,True
2026-02-28,Liverpool,West Ham,2.09939,1.3517,29054,2025,https://understat.com/getLeagueData/EPL/2025,2026-02-28,True
2026-02-28,Newcastle,Everton,1.11889,2.40731,29056,2025,https://understat.com/getLeagueData/EPL/2025,2026-02-28,True
2026-03-01,Arsenal,Chelsea,1.71598,1.35268,29049,2025,https://understat.com/getLeagueData/EPL/2025,2026-03-01,True
2026-03-01,Brighton,Nott'm Forest,1.20107,0.83055,29050,2025,https://understat.com/getLeagueData/EPL/2025,2026-03-01,True
2026-03-01,Fulham,Tottenham,2.3207,0.952091,29052,2025,https://understat.com/getLeagueData/EPL/2025,2026-03-01,True
2026-03-01,Man United,Crystal Palace,2.34609,0.384699,29055,2025,https://understat.com/getLeagueData/EPL/2025,2026-03-01,True
2026-03-03,Bournemouth,Brentford,2.3177,0.673328,29058,2025,https://understat.com/getLeagueData/EPL/2025,2026-03-03,True
2026-03-03,Everton,Burnley,1.15845,0.762229,29061,2025,https://understat.com/getLeagueData/EPL/2025,2026-03-03,True
2026-03-03,Leeds,Sunderland,0.888232,0.843856,29063,2025,https://understat.com/getLeagueData/EPL/2025,2026-03-03,True
2026-03-03,Wolves,Liverpool,0.636033,2.17217,29067,2025,https://understat.com/getLeagueData/EPL/2025,2026-03-03,True
2026-03-04,Aston Villa,Chelsea,1.06854,3.38883,29059,2025,https://understat.com/getLeagueData/EPL/2025,2026-03-04,True
2026-03-04,Brighton,Arsenal,0.919228,0.514803,29060,2025,https://understat.com/getLeagueData/EPL/2025,2026-03-04,True
2026-03-04,Fulham,West Ham,0.628123,1.49528,29062,2025,https://understat.com/getLeagueData/EPL/2025,2026-03-04,True
2026-03-04,Man City,Nott'm Forest,2.72655,1.23642,29064,2025,https://understat.com/getLeagueData/EPL/2025,2026-03-04,True
2026-03-04,Newcastle,Man United,1.96637,1.80571,29065,2025,https://understat.com/getLeagueData/EPL/2025,2026-03-04,True
2026-03-05,Tottenham,Crystal Palace,1.29615,1.91515,29066,2025,https://understat.com/getLeagueData/EPL/2025,2026-03-05,True
2026-03-14,Arsenal,Everton,1.90855,1.17847,29068,2025,https://understat.com/getLeagueData/EPL/2025,2026-03-14,True
2026-03-14,Burnley,Bournemouth,1.67695,2.36979,29070,2025,https://understat.com/getLeagueData/EPL/2025,2026-03-14,True
2026-03-14,Chelsea,Newcastle,1.72508,1.03251,29071,2025,https://understat.com/getLeagueData/EPL/2025,2026-03-14,True
2026-03-14,Sunderland,Brighton,0.659083,1.12832,29076,2025,https://understat.com/getLeagueData/EPL/2025,2026-03-14,True
2026-03-14,West Ham,Man City,0.488982,1.9546,29077,2025,https://understat.com/getLeagueData/EPL/2025,2026-03-14,True
2026-03-15,Crystal Palace,Leeds,0.525205,1.13558,29072,2025,https://understat.com/getLeagueData/EPL/2025,2026-03-15,True
2026-03-15,Liverpool,Tottenham,1.30076,1.15636,29073,2025,https://understat.com/getLeagueData/EPL/2025,2026-03-15,True
2026-03-15,Man United,Aston Villa,1.67823,1.21071,29074,2025,https://understat.com/getLeagueData/EPL/2025,2026-03-15,True
2026-03-15,Nott'm Forest,Fulham,0.821011,0.933988,29075,2025,https://understat.com/getLeagueData/EPL/2025,2026-03-15,True
2026-03-16,Brentford,Wolves,2.7966,1.80044,29069,2025,https://understat.com/getLeagueData/EPL/2025,2026-03-16,True
2026-03-20,Bournemouth,Man United,1.76664,1.74574,29078,2025,https://understat.com/getLeagueData/EPL/2025,2026-03-20,True
2026-03-21,Brighton,Liverpool,3.42956,0.956801,29080,2025,https://understat.com/getLeagueData/EPL/2025,2026-03-21,True
2026-03-21,Everton,Chelsea,1.44532,1.35143,29081,2025,https://understat.com/getLeagueData/EPL/2025,2026-03-21,True
2026-03-21,Fulham,Burnley,3.48438,1.92556,29082,2025,https://understat.com/getLeagueData/EPL/2025,2026-03-21,True
2026-03-21,Leeds,Brentford,0.417296,0.302221,29083,2025,https://understat.com/getLeagueData/EPL/2025,2026-03-21,True
2026-03-22,Aston Villa,West Ham,2.48528,0.760054,29079,2025,https://understat.com/getLeagueData/EPL/2025,2026-03-22,True
2026-03-22,Newcastle,Sunderland,1.26705,2.66657,29085,2025,https://understat.com/getLeagueData/EPL/2025,2026-03-22,True
2026-03-22,Tottenham,Nott'm Forest,1.6189,1.54408,29086,2025,https://understat.com/getLeagueData/EPL/2025,2026-03-22,True
2026-04-10,West Ham,Wolves,2.54379,0.571967,29091,2025,https://understat.com/getLeagueData/EPL/2025,2026-04-10,True
2026-04-11,Arsenal,Bournemouth,3.16346,1.39461,29092,2025,https://understat.com/getLeagueData/EPL/2025,2026-04-11,True
2026-04-11,Brentford,Everton,2.26302,1.57033,29093,2025,https://understat.com/getLeagueData/EPL/2025,2026-04-11,True
2026-04-11,Burnley,Brighton,0.812029,1.07182,29094,2025,https://understat.com/getLeagueData/EPL/2025,2026-04-11,True
2026-04-11,Liverpool,Fulham,2.01499,1.42024,29097,2025,https://understat.com/getLeagueData/EPL/2025,2026-04-11,True
2026-04-12,Chelsea,Man City,1.22108,2.40839,29095,2025,https://understat.com/getLeagueData/EPL/2025,2026-04-12,True
2026-04-12,Crystal Palace,Newcastle,3.13933,1.27299,29096,2025,https://understat.com/getLeagueData/EPL/2025,2026-04-12,True
2026-04-12,Nott'm Forest,Aston Villa,0.85045,1.36297,29089,2025,https://understat.com/getLeagueData/EPL/2025,2026-04-12,True
2026-04-12,Sunderland,Tottenham,1.77584,1.01598,29090,2025,https://understat.com/getLeagueData/EPL/2025,2026-04-12,True
2026-04-13,Man United,Leeds,1.36555,2.95118,29088,2025,https://understat.com/getLeagueData/EPL/2025,2026-04-13,True
2026-04-18,Brentford,Fulham,2.33552,0.790707,29099,2025,https://understat.com/getLeagueData/EPL/2025,2026-04-18,True
2026-04-18,Chelsea,Man United,1.28109,0.436043,29100,2025,https://understat.com/getLeagueData/EPL/2025,2026-04-18,True
2026-04-18,Leeds,Wolves,3.55804,0.568627,29103,2025,https://understat.com/getLeagueData/EPL/2025,2026-04-18,True
2026-04-18,Newcastle,Bournemouth,1.61167,3.36662,29105,2025,https://understat.com/getLeagueData/EPL/2025,2026-04-18,True
2026-04-18,Tottenham,Brighton,1.56052,1.1373,29107,2025,https://understat.com/getLeagueData/EPL/2025,2026-04-18,True
2026-04-19,Aston Villa,Sunderland,3.90223,1.56008,29098,2025,https://understat.com/getLeagueData/EPL/2025,2026-04-19,True
2026-04-19,Everton,Liverpool,1.4784,1.38333,29102,2025,https://understat.com/getLeagueData/EPL/2025,2026-04-19,True
2026-04-19,Man City,Arsenal,2.61528,2.28964,29104,2025,https://understat.com/getLeagueData/EPL/2025,2026-04-19,True
2026-04-19,Nott'm Forest,Burnley,1.4425,0.601418,29106,2025,https://understat.com/getLeagueData/EPL/2025,2026-04-19,True
2026-04-20,Crystal Palace,West Ham,0.733442,0.622445,29101,2025,https://understat.com/getLeagueData/EPL/2025,2026-04-20,True
2026-04-21,Brighton,Chelsea,2.51784,0.297865,29110,2025,https://understat.com/getLeagueData/EPL/2025,2026-04-21,True
2026-04-22,Bournemouth,Leeds,1.91355,1.21601,29108,2025,https://understat.com/getLeagueData/EPL/2025,2026-04-22,True
2026-04-22,Burnley,Man City,0.973776,3.40888,29111,2025,https://understat.com/getLeagueData/EPL/2025,2026-04-22,True
2026-04-24,Sunderland,Nott'm Forest,0.614323,1.54208,29115,2025,https://understat.com/getLeagueData/EPL/2025,2026-04-24,True
2026-04-25,Arsenal,Newcastle,0.639189,0.868897,29109,2025,https://understat.com/getLeagueData/EPL/2025,2026-04-25,True
2026-04-25,Fulham,Aston Villa,1.24069,0.906156,29112,2025,https://understat.com/getLeagueData/EPL/2025,2026-04-25,True
2026-04-25,Liverpool,Crystal Palace,1.45071,2.19912,29113,2025,https://understat.com/getLeagueData/EPL/2025,2026-04-25,True
2026-04-25,West Ham,Everton,1.8356,1.1144,29116,2025,https://understat.com/getLeagueData/EPL/2025,2026-04-25,True
2026-04-25,Wolves,Tottenham,0.762656,1.06403,29117,2025,https://understat.com/getLeagueData/EPL/2025,2026-04-25,True
2026-04-27,Man United,Brentford,1.84852,1.30383,29114,2025,https://understat.com/getLeagueData/EPL/2025,2026-04-27,True
2026-05-01,Leeds,Burnley,2.09546,0.434597,29124,2025,https://understat.com/getLeagueData/EPL/2025,2026-05-01,True
2026-05-02,Arsenal,Fulham,4.09079,0.696714,29119,2025,https://understat.com/getLeagueData/EPL/2025,2026-05-02,True
2026-05-02,Brentford,West Ham,2.27374,0.753895,29121,2025,https://understat.com/getLeagueData/EPL/2025,2026-05-02,True
2026-05-02,Newcastle,Brighton,3.12933,1.87112,29126,2025,https://understat.com/getLeagueData/EPL/2025,2026-05-02,True
2026-05-02,Wolves,Sunderland,1.96131,0.923954,29127,2025,https://understat.com/getLeagueData/EPL/2025,2026-05-02,True
2026-05-03,Aston Villa,Tottenham,0.609494,1.12225,29120,2025,https://understat.com/getLeagueData/EPL/2025,2026-05-03,True
2026-05-03,Bournemouth,Crystal Palace,2.29626,0.678329,29118,2025,https://understat.com/getLeagueData/EPL/2025,2026-05-03,True
2026-05-03,Man United,Liverpool,2.55612,1.02814,29125,2025,https://understat.com/getLeagueData/EPL/2025,2026-05-03,True
2026-05-04,Chelsea,Nott'm Forest,2.17132,2.31019,29122,2025,https://understat.com/getLeagueData/EPL/2025,2026-05-04,True
2026-05-04,Everton,Man City,1.68558,1.41706,29123,2025,https://understat.com/getLeagueData/EPL/2025,2026-05-04,True
2026-05-09,Brighton,Wolves,2.22427,0.515647,29128,2025,https://understat.com/getLeagueData/EPL/2025,2026-05-09,True
2026-05-09,Fulham,Bournemouth,1.24334,0.998003,29131,2025,https://understat.com/getLeagueData/EPL/2025,2026-05-09,True
2026-05-09,Liverpool,Chelsea,0.623191,0.597184,29132,2025,https://understat.com/getLeagueData/EPL/2025,2026-05-09,True
2026-05-09,Man City,Brentford,4.37429,0.670038,29133,2025,https://understat.com/getLeagueData/EPL/2025,2026-05-09,True
2026-05-09,Sunderland,Man United,1.2376,0.535981,29135,2025,https://understat.com/getLeagueData/EPL/2025,2026-05-09,True
2026-05-10,Burnley,Aston Villa,1.71234,1.75493,29129,2025,https://understat.com/getLeagueData/EPL/2025,2026-05-10,True
2026-05-10,Crystal Palace,Everton,3.28826,2.10265,29130,2025,https://understat.com/getLeagueData/EPL/2025,2026-05-10,True
2026-05-10,Nott'm Forest,Newcastle,1.46434,1.65067,29134,2025,https://understat.com/getLeagueData/EPL/2025,2026-05-10,True
2026-05-10,West Ham,Arsenal,1.32011,1.42953,29137,2025,https://understat.com/getLeagueData/EPL/2025,2026-05-10,True
2026-05-11,Tottenham,Leeds,1.49036,1.86976,29136,2025,https://understat.com/getLeagueData/EPL/2025,2026-05-11,True
2026-05-13,Man City,Crystal Palace,1.95679,0.428862,29084,2025,https://understat.com/getLeagueData/EPL/2025,2026-05-13,True
2026-05-15,Aston Villa,Liverpool,2.5252,1.55027,29140,2025,https://understat.com/getLeagueData/EPL/2025,2026-05-15,True
2026-05-17,Brentford,Crystal Palace,1.54564,1.82274,29141,2025,https://understat.com/getLeagueData/EPL/2025,2026-05-17,True
2026-05-17,Everton,Sunderland,1.32181,1.28383,29143,2025,https://understat.com/getLeagueData/EPL/2025,2026-05-17,True
2026-05-17,Leeds,Brighton,0.747756,2.23238,29144,2025,https://understat.com/getLeagueData/EPL/2025,2026-05-17,True
2026-05-17,Man United,Nott'm Forest,4.28532,1.84418,29145,2025,https://understat.com/getLeagueData/EPL/2025,2026-05-17,True
2026-05-17,Newcastle,West Ham,2.1336,0.957771,29146,2025,https://understat.com/getLeagueData/EPL/2025,2026-05-17,True
2026-05-17,Wolves,Fulham,1.49725,1.48412,29147,2025,https://understat.com/getLeagueData/EPL/2025,2026-05-17,True
2026-05-18,Arsenal,Burnley,1.22695,0.194884,29139,2025,https://understat.com/getLeagueData/EPL/2025,2026-05-18,True
2026-05-19,Bournemouth,Man City,1.71486,1.26917,29138,2025,https://understat.com/getLeagueData/EPL/2025,2026-05-19,True
2026-05-19,Chelsea,Tottenham,1.09262,2.15227,29142,2025,https://understat.com/getLeagueData/EPL/2025,2026-05-19,True
2026-05-24,Brighton,Man United,0.702398,2.32868,29148,2025,https://understat.com/getLeagueData/EPL/2025,2026-05-24,True
2026-05-24,Burnley,Wolves,1.28476,2.8433,29149,2025,https://understat.com/getLeagueData/EPL/2025,2026-05-24,True
2026-05-24,Crystal Palace,Arsenal,1.00492,3.90645,29150,2025,https://understat.com/getLeagueData/EPL/2025,2026-05-24,True
2026-05-24,Fulham,Newcastle,1.72878,0.24232,29151,2025,https://understat.com/getLeagueData/EPL/2025,2026-05-24,True
2026-05-24,Liverpool,Brentford,2.99412,1.46082,29152,2025,https://understat.com/getLeagueData/EPL/2025,2026-05-24,True
2026-05-24,Man City,Aston Villa,1.38085,2.4397,29153,2025,https://understat.com/getLeagueData/EPL/2025,2026-05-24,True
2026-05-24,Nott'm Forest,Bournemouth,2.05852,1.33684,29154,2025,https://understat.com/getLeagueData/EPL/2025,2026-05-24,True
2026-05-24,Sunderland,Chelsea,2.33109,0.920885,29155,2025,https://understat.com/getLeagueData/EPL/2025,2026-05-24,True
2026-05-24,Tottenham,Everton,1.40597,0.268476,29156,2025,https://understat.com/getLeagueData/EPL/2025,2026-05-24,True
2026-05-24,West Ham,Leeds,2.73135,1.94969,29157,2025,https://understat.com/getLeagueData/EPL/2025,2026-05-24,True
2026-08-21,Arsenal,Coventry,1.85424,0.558336,31180,2026,https://understat.com/getLeagueData/EPL/2026,2026-08-21,True
2026-08-22,Brentford,Tottenham,4.04155,0.756284,31185,2026,https://understat.com/getLeagueData/EPL/2026,2026-08-22,True
2026-08-22,Everton,Crystal Palace,1.45085,2.23095,31182,2026,https://understat.com/getLeagueData/EPL/2026,2026-08-22,True
2026-08-22,Hull,Man United,1.49627,1.77874,31181,2026,https://understat.com/getLeagueData/EPL/2026,2026-08-22,True
2026-08-22,Ipswich,Sunderland,1.58452,1.17743,31183,2026,https://understat.com/getLeagueData/EPL/2026,2026-08-22,True
2026-08-22,Nott'm Forest,Leeds,0.656681,0.466247,31184,2026,https://understat.com/getLeagueData/EPL/2026,2026-08-22,True
2026-08-23,Brighton,Aston Villa,4.00327,0.275249,31186,2026,https://understat.com/getLeagueData/EPL/2026,2026-08-23,True
2026-08-23,Man City,Bournemouth,2.47444,0.707541,31187,2026,https://understat.com/getLeagueData/EPL/2026,2026-08-23,True
2026-08-23,Newcastle,Liverpool,1.59465,3.13133,31188,2026,https://understat.com/getLeagueData/EPL/2026,2026-08-23,True
2026-08-24,Fulham,Chelsea,1.41707,2.58384,31189,2026,https://understat.com/getLeagueData/EPL/2026,2026-08-24,True
2026-08-28,Crystal Palace,Man City,0.926624,2.56662,31190,2026,https://understat.com/getLeagueData/EPL/2026,2026-08-28,True
2026-08-29,Bournemouth,Everton,2.25803,1.66352,31193,2026,https://understat.com/getLeagueData/EPL/2026,2026-08-29,True
2026-08-29,Coventry,Hull,1.18233,0.459726,31192,2026,https://understat.com/getLeagueData/EPL/2026,2026-08-29,True
2026-08-29,Liverpool,Nott'm Forest,1.27921,2.87937,31191,2026,https://understat.com/getLeagueData/EPL/2026,2026-08-29,True
2026-08-29,Tottenham,Newcastle,1.12037,1.00952,31194,2026,https://understat.com/getLeagueData/EPL/2026,2026-08-29,True
2026-08-30,Chelsea,Brighton,3.8289,1.79173,31196,2026,https://understat.com/getLeagueData/EPL/2026,2026-08-30,True
2026-08-30,Leeds,Brentford,1.14993,1.61344,31197,2026,https://understat.com/getLeagueData/EPL/2026,2026-08-30,True
2026-08-30,Man United,Ipswich,4.86612,1.80548,31198,2026,https://understat.com/getLeagueData/EPL/2026,2026-08-30,True
2026-08-30,Sunderland,Fulham,1.56229,1.02405,31195,2026,https://understat.com/getLeagueData/EPL/2026,2026-08-30,True
2026-08-31,Aston Villa,Arsenal,0.281925,1.52441,31199,2026,https://understat.com/getLeagueData/EPL/2026,2026-08-31,True
2026-09-04,Ipswich,Liverpool,0.597972,0.744139,31200,2026,https://understat.com/getLeagueData/EPL/2026,2026-09-04,True
2026-09-05,Brentford,Sunderland,1.58584,2.15489,31205,2026,https://understat.com/getLeagueData/EPL/2026,2026-09-05,True
2026-09-05,Brighton,Leeds,2.22026,2.23407,31206,2026,https://understat.com/getLeagueData/EPL/2026,2026-09-05,True
2026-09-05,Fulham,Crystal Palace,2.88274,2.35981,31204,2026,https://understat.com/getLeagueData/EPL/2026,2026-09-05,True
2026-09-05,Hull,Aston Villa,0.812385,1.63526,31207,2026,https://understat.com/getLeagueData/EPL/2026,2026-09-05,True
2026-09-05,Man City,Coventry,2.19038,1.49306,31202,2026,https://understat.com/getLeagueData/EPL/2026,2026-09-05,True
2026-09-05,Newcastle,Bournemouth,0.771636,1.63891,31201,2026,https://understat.com/getLeagueData/EPL/2026,2026-09-05,True
2026-09-05,Nott'm Forest,Tottenham,0.831692,1.48446,31203,2026,https://understat.com/getLeagueData/EPL/2026,2026-09-05,True
2026-09-06,Arsenal,Chelsea,2.80555,0.430508,31209,2026,https://understat.com/getLeagueData/EPL/2026,2026-09-06,True
2026-09-06,Everton,Man United,1.05629,0.872225,31208,2026,https://understat.com/getLeagueData/EPL/2026,2026-09-06,True
2026-09-12,Aston Villa,Nott'm Forest,1.08786,2.79451,31211,2026,https://understat.com/getLeagueData/EPL/2026,2026-09-12,True
2026-09-12,Bournemouth,Brentford,2.54949,0.794238,31210,2026,https://understat.com/getLeagueData/EPL/2026,2026-09-12,True
2026-09-12,Chelsea,Hull,1.21374,1.80363,31212,2026,https://understat.com/getLeagueData/EPL/2026,2026-09-12,True
2026-09-12,Crystal Palace,Ipswich,0.937888,2.03423,31213,2026,https://understat.com/getLeagueData/EPL/2026,2026-09-12,True
2026-09-12,Liverpool,Fulham,1.79832,0.922453,31214,2026,https://understat.com/getLeagueData/EPL/2026,2026-09-12,True
2026-09-12,Sunderland,Arsenal,2.07033,1.98905,31216,2026,https://understat.com/getLeagueData/EPL/2026,2026-09-12,True
2026-09-12,Tottenham,Everton,0.736856,1.60056,31215,2026,https://understat.com/getLeagueData/EPL/2026,2026-09-12,True
2026-09-13,Coventry,Brighton,1.04812,2.76518,31217,2026,https://understat.com/getLeagueData/EPL/2026,2026-09-13,True
2026-09-13,Man United,Man City,0.943406,1.14073,31218,2026,https://understat.com/getLeagueData/EPL/2026,2026-09-13,True
2026-09-14,Leeds,Newcastle,2.2902,0.793165,31219,2026,https://understat.com/getLeagueData/EPL/2026,2026-09-14,True
2026-09-18,Brentford,Chelsea,2.47935,0.885111,31220,2026,https://understat.com/getLeagueData/EPL/2026,2026-09-18,True
2026-09-19,Brighton,Arsenal,2.11268,1.23979,31224,2026,https://understat.com/getLeagueData/EPL/2026,2026-09-19,True
2026-09-19,Everton,Ipswich,2.58285,1.10179,31226,2026,https://understat.com/getLeagueData/EPL/2026,2026-09-19,True
2026-09-19,Newcastle,Hull,1.37521,1.15888,31223,2026,https://understat.com/getLeagueData/EPL/2026,2026-09-19,True
2026-09-19,Nott'm Forest,Coventry,1.31852,0.69375,31227,2026,https://understat.com/getLeagueData/EPL/2026,2026-09-19,True
2026-09-19,Tottenham,Aston Villa,1.72177,1.7092,31221,2026,https://understat.com/getLeagueData/EPL/2026,2026-09-19,True
2026-09-20,Bournemouth,Liverpool,0.944706,1.29116,31228,2026,https://understat.com/getLeagueData/EPL/2026,2026-09-20,True
2026-09-20,Fulham,Man United,1.71719,2.12453,31229,2026,https://understat.com/getLeagueData/EPL/2026,2026-09-20,True
2026-09-20,Leeds,Crystal Palace,1.08552,1.12905,31225,2026,https://understat.com/getLeagueData/EPL/2026,2026-09-20,True
2026-09-20,Man City,Sunderland,2.66856,3.10661,31222,2026,https://understat.com/getLeagueData/EPL/2026,2026-09-20,True
