date,HomeTeam,AwayTeam,xG_Home,xG_Away,understat_id,season,source_url,understat_date,results_date_verified
2015-08-14,Bayern Munich,Hamburg,3.22904,0.154234,1021,2015,https://understat.com/getLeagueData/Bundesliga/2015,2015-08-14,True
2015-08-15,Augsburg,Hertha,1.14869,1.23291,1023,2015,https://understat.com/getLeagueData/Bundesliga/2015,2015-08-15,True
2015-08-15,Darmstadt,Hannover,1.80912,1.85731,1026,2015,https://understat.com/getLeagueData/Bundesliga/2015,2015-08-15,True
2015-08-15,Dortmund,M'gladbach,2.42013,0.18521,1027,2015,https://understat.com/getLeagueData/Bundesliga/2015,2015-08-15,True
2015-08-15,Leverkusen,Hoffenheim,3.52773,0.483949,1022,2015,https://understat.com/getLeagueData/Bundesliga/2015,2015-08-15,True
2015-08-15,Mainz,Ingolstadt,0.547769,0.577316,1025,2015,https://understat.com/getLeagueData/Bundesliga/2015,2015-08-15,True
2015-08-15,Werder Bremen,Schalke 04,0.914717,1.4498,1024,2015,https://understat.com/getLeagueData/Bundesliga/2015,2015-08-15,True
2015-08-16,Stuttgart,FC Koln,2.98558,1.85087,1029,2015,https://understat.com/getLeagueData/Bundesliga/2015,2015-08-16,True
2015-08-16,Wolfsburg,Ein Frankfurt,0.740041,0.950098,1028,2015,https://understat.com/getLeagueData/Bundesliga/2015,2015-08-16,True
2015-08-21,Hertha,Werder Bremen,0.494279,0.957641,1030,2015,https://understat.com/getLeagueData/Bundesliga/2015,2015-08-21,True
2015-08-22,Ein Frankfurt,Augsburg,0.945278,1.26112,1033,2015,https://understat.com/getLeagueData/Bundesliga/2015,2015-08-22,True
2015-08-22,FC Koln,Wolfsburg,1.37825,2.14017,1034,2015,https://understat.com/getLeagueData/Bundesliga/2015,2015-08-22,True
2015-08-22,Hamburg,Stuttgart,1.32114,1.89549,1036,2015,https://understat.com/getLeagueData/Bundesliga/2015,2015-08-22,True
2015-08-22,Hannover,Leverkusen,0.0975496,1.37365,1035,2015,https://understat.com/getLeagueData/Bundesliga/2015,2015-08-22,True
2015-08-22,Hoffenheim,Bayern Munich,1.29953,2.53588,1031,2015,https://understat.com/getLeagueData/Bundesliga/2015,2015-08-22,True
2015-08-22,Schalke 04,Darmstadt,1.05775,0.790379,1032,2015,https://understat.com/getLeagueData/Bundesliga/2015,2015-08-22,True
2015-08-23,Ingolstadt,Dortmund,0.0514071,3.63386,1037,2015,https://understat.com/getLeagueData/Bundesliga/2015,2015-08-23,True
2015-08-23,M'gladbach,Mainz,1.22742,2.01071,1038,2015,https://understat.com/getLeagueData/Bundesliga/2015,2015-08-23,True
2015-08-28,Wolfsburg,Schalke 04,1.52939,0.748153,1039,2015,https://understat.com/getLeagueData/Bundesliga/2015,2015-08-28,True
2015-08-29,Augsburg,Ingolstadt,0.832315,1.24787,1041,2015,https://understat.com/getLeagueData/Bundesliga/2015,2015-08-29,True
2015-08-29,Bayern Munich,Leverkusen,3.52476,0.420202,1045,2015,https://understat.com/getLeagueData/Bundesliga/2015,2015-08-29,True
2015-08-29,Darmstadt,Hoffenheim,0.287238,1.3935,1044,2015,https://understat.com/getLeagueData/Bundesliga/2015,2015-08-29,True
2015-08-29,FC Koln,Hamburg,1.67081,1.44461,1042,2015,https://understat.com/getLeagueData/Bundesliga/2015,2015-08-29,True
2015-08-29,Mainz,Hannover,3.41346,0.373166,1043,2015,https://understat.com/getLeagueData/Bundesliga/2015,2015-08-29,True
2015-08-29,Stuttgart,Ein Frankfurt,2.52237,1.9601,1040,2015,https://understat.com/getLeagueData/Bundesliga/2015,2015-08-29,True
2015-08-30,Dortmund,Hertha,3.73248,0.633538,1046,2015,https://understat.com/getLeagueData/Bundesliga/2015,2015-08-30,True
2015-08-30,Werder Bremen,M'gladbach,3.23257,0.755739,1047,2015,https://understat.com/getLeagueData/Bundesliga/2015,2015-08-30,True
2015-09-11,M'gladbach,Hamburg,0.436066,1.02932,1048,2015,https://understat.com/getLeagueData/Bundesliga/2015,2015-09-11,True
2015-09-12,Bayern Munich,Augsburg,3.85642,0.15319,1049,2015,https://understat.com/getLeagueData/Bundesliga/2015,2015-09-12,True
2015-09-12,Ein Frankfurt,FC Koln,2.93005,0.902695,1054,2015,https://understat.com/getLeagueData/Bundesliga/2015,2015-09-12,True
2015-09-12,Hannover,Dortmund,0.582795,2.16909,1050,2015,https://understat.com/getLeagueData/Bundesliga/2015,2015-09-12,True
2015-09-12,Hertha,Stuttgart,1.47686,1.02726,1051,2015,https://understat.com/getLeagueData/Bundesliga/2015,2015-09-12,True
2015-09-12,Ingolstadt,Wolfsburg,0.178191,0.732037,1052,2015,https://understat.com/getLeagueData/Bundesliga/2015,2015-09-12,True
2015-09-12,Leverkusen,Darmstadt,1.3554,0.284787,1053,2015,https://understat.com/getLeagueData/Bundesliga/2015,2015-09-12,True
2015-09-13,Hoffenheim,Werder Bremen,0.694948,2.2128,1055,2015,https://understat.com/getLeagueData/Bundesliga/2015,2015-09-13,True
2015-09-13,Schalke 04,Mainz,3.13941,2.94627,1056,2015,https://understat.com/getLeagueData/Bundesliga/2015,2015-09-13,True
2015-09-18,Mainz,Hoffenheim,1.27625,1.01304,1057,2015,https://understat.com/getLeagueData/Bundesliga/2015,2015-09-18,True
2015-09-19,Darmstadt,Bayern Munich,0.204756,1.71752,1058,2015,https://understat.com/getLeagueData/Bundesliga/2015,2015-09-19,True
2015-09-19,FC Koln,M'gladbach,0.541995,0.4042,1062,2015,https://understat.com/getLeagueData/Bundesliga/2015,2015-09-19,True
2015-09-19,Hamburg,Ein Frankfurt,0.909692,0.221397,1060,2015,https://understat.com/getLeagueData/Bundesliga/2015,2015-09-19,True
2015-09-19,Werder Bremen,Ingolstadt,1.22829,1.47429,1061,2015,https://understat.com/getLeagueData/Bundesliga/2015,2015-09-19,True
2015-09-19,Wolfsburg,Hertha,2.42975,0.271584,1059,2015,https://understat.com/getLeagueData/Bundesliga/2015,2015-09-19,True
2015-09-20,Augsburg,Hannover,2.24649,0.56218,1064,2015,https://understat.com/getLeagueData/Bundesliga/2015,2015-09-20,True
2015-09-20,Dortmund,Leverkusen,4.08165,0.927753,1065,2015,https://understat.com/getLeagueData/Bundesliga/2015,2015-09-20,True
2015-09-20,Stuttgart,Schalke 04,3.31265,1.09359,1063,2015,https://understat.com/getLeagueData/Bundesliga/2015,2015-09-20,True
2015-09-22,Bayern Munich,Wolfsburg,3.68676,0.160394,1066,2015,https://understat.com/getLeagueData/Bundesliga/2015,2015-09-22,True
2015-09-22,Darmstadt,Werder Bremen,1.91868,1.19628,1069,2015,https://understat.com/getLeagueData/Bundesliga/2015,2015-09-22,True
2015-09-22,Hertha,FC Koln,1.34684,0.853586,1067,2015,https://understat.com/getLeagueData/Bundesliga/2015,2015-09-22,True
2015-09-22,Ingolstadt,Hamburg,0.718034,1.16174,1068,2015,https://understat.com/getLeagueData/Bundesliga/2015,2015-09-22,True
2015-09-23,Hannover,Stuttgart,0.807709,1.81814,1074,2015,https://understat.com/getLeagueData/Bundesliga/2015,2015-09-23,True
2015-09-23,Hoffenheim,Dortmund,1.18726,1.63998,1070,2015,https://understat.com/getLeagueData/Bundesliga/2015,2015-09-23,True
2015-09-23,Leverkusen,Mainz,1.74157,0.476793,1072,2015,https://understat.com/getLeagueData/Bundesliga/2015,2015-09-23,True
2015-09-23,M'gladbach,Augsburg,2.84575,1.92244,1073,2015,https://understat.com/getLeagueData/Bundesliga/2015,2015-09-23,True
2015-09-23,Schalke 04,Ein Frankfurt,2.25209,0.952574,1071,2015,https://understat.com/getLeagueData/Bundesliga/2015,2015-09-23,True
2015-09-25,FC Koln,Ingolstadt,1.3352,0.638071,1075,2015,https://understat.com/getLeagueData/Bundesliga/2015,2015-09-25,True
2015-09-26,Augsburg,Hoffenheim,1.94324,1.5923,1078,2015,https://understat.com/getLeagueData/Bundesliga/2015,2015-09-26,True
2015-09-26,Hamburg,Schalke 04,0.583026,1.27784,1081,2015,https://understat.com/getLeagueData/Bundesliga/2015,2015-09-26,True
2015-09-26,Mainz,Bayern Munich,0.75194,2.77408,1076,2015,https://understat.com/getLeagueData/Bundesliga/2015,2015-09-26,True
2015-09-26,Stuttgart,M'gladbach,2.45923,1.18534,1077,2015,https://understat.com/getLeagueData/Bundesliga/2015,2015-09-26,True
2015-09-26,Werder Bremen,Leverkusen,0.326706,1.3026,1079,2015,https://understat.com/getLeagueData/Bundesliga/2015,2015-09-26,True
2015-09-26,Wolfsburg,Hannover,1.41905,1.08934,1080,2015,https://understat.com/getLeagueData/Bundesliga/2015,2015-09-26,True
2015-09-27,Dortmund,Darmstadt,1.97055,0.508638,1083,2015,https://understat.com/getLeagueData/Bundesliga/2015,2015-09-27,True
2015-09-27,Ein Frankfurt,Hertha,1.41369,2.23038,1082,2015,https://understat.com/getLeagueData/Bundesliga/2015,2015-09-27,True
2015-10-02,Darmstadt,Mainz,1.86109,1.45155,1084,2015,https://understat.com/getLeagueData/Bundesliga/2015,2015-10-02,True
2015-10-03,Hannover,Werder Bremen,0.695247,1.50158,1086,2015,https://understat.com/getLeagueData/Bundesliga/2015,2015-10-03,True
2015-10-03,Hertha,Hamburg,2.0435,0.315135,1087,2015,https://understat.com/getLeagueData/Bundesliga/2015,2015-10-03,True
2015-10-03,Hoffenheim,Stuttgart,1.90929,2.36648,1088,2015,https://understat.com/getLeagueData/Bundesliga/2015,2015-10-03,True
2015-10-03,Ingolstadt,Ein Frankfurt,1.185,0.740308,1089,2015,https://understat.com/getLeagueData/Bundesliga/2015,2015-10-03,True
2015-10-03,M'gladbach,Wolfsburg,1.45907,0.813505,1085,2015,https://understat.com/getLeagueData/Bundesliga/2015,2015-10-03,True
2015-10-04,Bayern Munich,Dortmund,3.72164,1.10489,1092,2015,https://understat.com/getLeagueData/Bundesliga/2015,2015-10-04,True
2015-10-04,Leverkusen,Augsburg,1.98173,0.119117,1091,2015,https://understat.com/getLeagueData/Bundesliga/2015,2015-10-04,True
2015-10-04,Schalke 04,FC Koln,1.11607,1.32,1090,2015,https://understat.com/getLeagueData/Bundesliga/2015,2015-10-04,True
2015-10-16,Mainz,Dortmund,1.55155,3.64229,1093,2015,https://understat.com/getLeagueData/Bundesliga/2015,2015-10-16,True
2015-10-17,Augsburg,Darmstadt,1.42706,2.54284,1094,2015,https://understat.com/getLeagueData/Bundesliga/2015,2015-10-17,True
2015-10-17,Ein Frankfurt,M'gladbach,0.990091,3.50891,1099,2015,https://understat.com/getLeagueData/Bundesliga/2015,2015-10-17,True
2015-10-17,Hamburg,Leverkusen,0.469945,0.875048,1098,2015,https://understat.com/getLeagueData/Bundesliga/2015,2015-10-17,True
2015-10-17,Schalke 04,Hertha,2.51235,0.933849,1096,2015,https://understat.com/getLeagueData/Bundesliga/2015,2015-10-17,True
2015-10-17,Werder Bremen,Bayern Munich,0.691198,2.13219,1095,2015,https://understat.com/getLeagueData/Bundesliga/2015,2015-10-17,True
2015-10-17,Wolfsburg,Hoffenheim,2.80506,1.07639,1097,2015,https://understat.com/getLeagueData/Bundesliga/2015,2015-10-17,True
2015-10-18,FC Koln,Hannover,1.52116,1.26113,1100,2015,https://understat.com/getLeagueData/Bundesliga/2015,2015-10-18,True
2015-10-18,Stuttgart,Ingolstadt,1.33256,1.63336,1101,2015,https://understat.com/getLeagueData/Bundesliga/2015,2015-10-18,True
2015-10-23,Hoffenheim,Hamburg,0.586765,3.11642,1102,2015,https://understat.com/getLeagueData/Bundesliga/2015,2015-10-23,True
2015-10-24,Bayern Munich,FC Koln,3.69101,0.230279,1107,2015,https://understat.com/getLeagueData/Bundesliga/2015,2015-10-24,True
2015-10-24,Darmstadt,Wolfsburg,0.594469,0.976111,1104,2015,https://understat.com/getLeagueData/Bundesliga/2015,2015-10-24,True
2015-10-24,Hannover,Ein Frankfurt,0.454178,0.74964,1105,2015,https://understat.com/getLeagueData/Bundesliga/2015,2015-10-24,True
2015-10-24,Ingolstadt,Hertha,0.66126,0.702791,1108,2015,https://understat.com/getLeagueData/Bundesliga/2015,2015-10-24,True
2015-10-24,Leverkusen,Stuttgart,2.87154,2.40291,1106,2015,https://understat.com/getLeagueData/Bundesliga/2015,2015-10-24,True
2015-10-24,Mainz,Werder Bremen,1.53001,2.29004,1103,2015,https://understat.com/getLeagueData/Bundesliga/2015,2015-10-24,True
2015-10-25,Dortmund,Augsburg,4.21104,0.293643,1109,2015,https://understat.com/getLeagueData/Bundesliga/2015,2015-10-25,True
2015-10-25,M'gladbach,Schalke 04,2.25814,0.767714,1110,2015,https://understat.com/getLeagueData/Bundesliga/2015,2015-10-25,True
2015-10-30,Ein Frankfurt,Bayern Munich,0.251519,1.38915,1111,2015,https://understat.com/getLeagueData/Bundesliga/2015,2015-10-30,True
2015-10-31,Augsburg,Mainz,2.98084,1.72651,1114,2015,https://understat.com/getLeagueData/Bundesliga/2015,2015-10-31,True
2015-10-31,FC Koln,Hoffenheim,1.33774,0.90728,1112,2015,https://understat.com/getLeagueData/Bundesliga/2015,2015-10-31,True
2015-10-31,Hertha,M'gladbach,2.31638,1.29051,1113,2015,https://understat.com/getLeagueData/Bundesliga/2015,2015-10-31,True
2015-10-31,Schalke 04,Ingolstadt,1.07951,0.26092,1116,2015,https://understat.com/getLeagueData/Bundesliga/2015,2015-10-31,True
2015-10-31,Werder Bremen,Dortmund,0.983033,3.35901,1115,2015,https://understat.com/getLeagueData/Bundesliga/2015,2015-10-31,True
2015-10-31,Wolfsburg,Leverkusen,2.11288,1.31846,1117,2015,https://understat.com/getLeagueData/Bundesliga/2015,2015-10-31,True
2015-11-01,Hamburg,Hannover,2.44912,0.843812,1119,2015,https://understat.com/getLeagueData/Bundesliga/2015,2015-11-01,True
2015-11-01,Stuttgart,Darmstadt,2.13203,1.08627,1118,2015,https://understat.com/getLeagueData/Bundesliga/2015,2015-11-01,True
2015-11-06,Hannover,Hertha,1.1491,1.8958,1120,2015,https://understat.com/getLeagueData/Bundesliga/2015,2015-11-06,True
2015-11-07,Bayern Munich,Stuttgart,4.71083,0.284883,1125,2015,https://understat.com/getLeagueData/Bundesliga/2015,2015-11-07,True
2015-11-07,Darmstadt,Hamburg,1.6995,1.15876,1126,2015,https://understat.com/getLeagueData/Bundesliga/2015,2015-11-07,True
2015-11-07,Hoffenheim,Ein Frankfurt,0.680401,1.60253,1121,2015,https://understat.com/getLeagueData/Bundesliga/2015,2015-11-07,True
2015-11-07,Leverkusen,FC Koln,0.457253,2.03601,1123,2015,https://understat.com/getLeagueData/Bundesliga/2015,2015-11-07,True
2015-11-07,M'gladbach,Ingolstadt,1.28313,0.939938,1124,2015,https://understat.com/getLeagueData/Bundesliga/2015,2015-11-07,True
2015-11-07,Mainz,Wolfsburg,1.36046,0.153219,1122,2015,https://understat.com/getLeagueData/Bundesliga/2015,2015-11-07,True
2015-11-08,Augsburg,Werder Bremen,1.70717,1.31037,1128,2015,https://understat.com/getLeagueData/Bundesliga/2015,2015-11-08,True
2015-11-08,Dortmund,Schalke 04,2.14772,1.37138,1127,2015,https://understat.com/getLeagueData/Bundesliga/2015,2015-11-08,True
2015-11-20,Hamburg,Dortmund,1.47142,2.31377,1129,2015,https://understat.com/getLeagueData/Bundesliga/2015,2015-11-20,True
2015-11-21,Ein Frankfurt,Leverkusen,0.620149,1.67235,1131,2015,https://understat.com/getLeagueData/Bundesliga/2015,2015-11-21,True
2015-11-21,FC Koln,Mainz,0.868247,0.315868,1132,2015,https://understat.com/getLeagueData/Bundesliga/2015,2015-11-21,True
2015-11-21,M'gladbach,Hannover,2.61888,2.19568,1133,2015,https://understat.com/getLeagueData/Bundesliga/2015,2015-11-21,True
2015-11-21,Schalke 04,Bayern Munich,0.217596,2.27848,1135,2015,https://understat.com/getLeagueData/Bundesliga/2015,2015-11-21,True
2015-11-21,Stuttgart,Augsburg,0.921864,2.23123,1130,2015,https://understat.com/getLeagueData/Bundesliga/2015,2015-11-21,True
2015-11-21,Wolfsburg,Werder Bremen,4.16408,0.724132,1134,2015,https://understat.com/getLeagueData/Bundesliga/2015,2015-11-21,True
2015-11-22,Hertha,Hoffenheim,0.100337,0.328805,1136,2015,https://understat.com/getLeagueData/Bundesliga/2015,2015-11-22,True
2015-11-22,Ingolstadt,Darmstadt,2.73623,0.58372,1137,2015,https://understat.com/getLeagueData/Bundesliga/2015,2015-11-22,True
2015-11-27,Darmstadt,FC Koln,0.508721,0.933778,1138,2015,https://understat.com/getLeagueData/Bundesliga/2015,2015-11-27,True
2015-11-28,Bayern Munich,Hertha,3.93799,0.218952,1142,2015,https://understat.com/getLeagueData/Bundesliga/2015,2015-11-28,True
2015-11-28,Hannover,Ingolstadt,1.50396,0.366248,1140,2015,https://understat.com/getLeagueData/Bundesliga/2015,2015-11-28,True
2015-11-28,Hoffenheim,M'gladbach,2.07714,1.66132,1141,2015,https://understat.com/getLeagueData/Bundesliga/2015,2015-11-28,True
2015-11-28,Mainz,Ein Frankfurt,2.44079,0.62621,1143,2015,https://understat.com/getLeagueData/Bundesliga/2015,2015-11-28,True
2015-11-28,Werder Bremen,Hamburg,0.977105,1.13161,1139,2015,https://understat.com/getLeagueData/Bundesliga/2015,2015-11-28,True
2015-11-29,Augsburg,Wolfsburg,1.26639,0.559526,1146,2015,https://understat.com/getLeagueData/Bundesliga/2015,2015-11-29,True
2015-11-29,Dortmund,Stuttgart,2.12434,0.700582,1144,2015,https://understat.com/getLeagueData/Bundesliga/2015,2015-11-29,True
2015-11-29,Leverkusen,Schalke 04,2.13995,0.949254,1145,2015,https://understat.com/getLeagueData/Bundesliga/2015,2015-11-29,True
2015-12-04,Schalke 04,Hannover,3.56394,0.228822,1147,2015,https://understat.com/getLeagueData/Bundesliga/2015,2015-12-04,True
2015-12-05,FC Koln,Augsburg,2.36543,2.1005,1150,2015,https://understat.com/getLeagueData/Bundesliga/2015,2015-12-05,True
2015-12-05,Hamburg,Mainz,1.30558,1.19413,1149,2015,https://understat.com/getLeagueData/Bundesliga/2015,2015-12-05,True
2015-12-05,Hertha,Leverkusen,1.02556,1.2452,1151,2015,https://understat.com/getLeagueData/Bundesliga/2015,2015-12-05,True
2015-12-05,Ingolstadt,Hoffenheim,0.489495,1.12887,1152,2015,https://understat.com/getLeagueData/Bundesliga/2015,2015-12-05,True
2015-12-05,M'gladbach,Bayern Munich,2.15779,2.28915,1148,2015,https://understat.com/getLeagueData/Bundesliga/2015,2015-12-05,True
2015-12-05,Wolfsburg,Dortmund,1.78593,2.58853,1153,2015,https://understat.com/getLeagueData/Bundesliga/2015,2015-12-05,True
2015-12-06,Ein Frankfurt,Darmstadt,1.0568,1.55006,1155,2015,https://understat.com/getLeagueData/Bundesliga/2015,2015-12-06,True
2015-12-06,Stuttgart,Werder Bremen,1.49974,0.886678,1154,2015,https://understat.com/getLeagueData/Bundesliga/2015,2015-12-06,True
2015-12-11,Mainz,Stuttgart,0.747148,0.601794,1156,2015,https://understat.com/getLeagueData/Bundesliga/2015,2015-12-11,True
2015-12-12,Bayern Munich,Ingolstadt,2.49703,1.00727,1161,2015,https://understat.com/getLeagueData/Bundesliga/2015,2015-12-12,True
2015-12-12,Darmstadt,Hertha,0.26179,1.99133,1157,2015,https://understat.com/getLeagueData/Bundesliga/2015,2015-12-12,True
2015-12-12,Hoffenheim,Hannover,1.55239,1.3987,1160,2015,https://understat.com/getLeagueData/Bundesliga/2015,2015-12-12,True
2015-12-12,Leverkusen,M'gladbach,2.75163,0.376285,1162,2015,https://understat.com/getLeagueData/Bundesliga/2015,2015-12-12,True
2015-12-12,Werder Bremen,FC Koln,1.34869,1.22073,1159,2015,https://understat.com/getLeagueData/Bundesliga/2015,2015-12-12,True
2015-12-12,Wolfsburg,Hamburg,2.00091,0.210485,1158,2015,https://understat.com/getLeagueData/Bundesliga/2015,2015-12-12,True
2015-12-13,Augsburg,Schalke 04,1.2358,1.45492,1163,2015,https://understat.com/getLeagueData/Bundesliga/2015,2015-12-13,True
2015-12-13,Dortmund,Ein Frankfurt,6.02931,0.133013,1164,2015,https://understat.com/getLeagueData/Bundesliga/2015,2015-12-13,True
2015-12-18,Schalke 04,Hoffenheim,0.722775,0.870611,1165,2015,https://understat.com/getLeagueData/Bundesliga/2015,2015-12-18,True
2015-12-19,Ein Frankfurt,Werder Bremen,1.84525,0.87057,1168,2015,https://understat.com/getLeagueData/Bundesliga/2015,2015-12-19,True
2015-12-19,FC Koln,Dortmund,0.769926,0.750674,1169,2015,https://understat.com/getLeagueData/Bundesliga/2015,2015-12-19,True
2015-12-19,Hamburg,Augsburg,1.24397,2.50129,1167,2015,https://understat.com/getLeagueData/Bundesliga/2015,2015-12-19,True
2015-12-19,Hannover,Bayern Munich,0.221793,2.52645,1170,2015,https://understat.com/getLeagueData/Bundesliga/2015,2015-12-19,True
2015-12-19,Ingolstadt,Leverkusen,0.461211,0.717973,1166,2015,https://understat.com/getLeagueData/Bundesliga/2015,2015-12-19,True
2015-12-19,Stuttgart,Wolfsburg,1.7755,1.32762,1171,2015,https://understat.com/getLeagueData/Bundesliga/2015,2015-12-19,True
2015-12-20,Hertha,Mainz,1.52652,0.26315,1172,2015,https://understat.com/getLeagueData/Bundesliga/2015,2015-12-20,True
2015-12-20,M'gladbach,Darmstadt,1.0366,2.23006,1173,2015,https://understat.com/getLeagueData/Bundesliga/2015,2015-12-20,True
2016-01-22,Hamburg,Bayern Munich,0.378362,1.95463,1174,2015,https://understat.com/getLeagueData/Bundesliga/2015,2016-01-22,True
2016-01-23,FC Koln,Stuttgart,2.33406,2.63662,1175,2015,https://understat.com/getLeagueData/Bundesliga/2015,2016-01-23,True
2016-01-23,Hannover,Darmstadt,1.28887,2.76698,1176,2015,https://understat.com/getLeagueData/Bundesliga/2015,2016-01-23,True
2016-01-23,Hertha,Augsburg,0.638542,0.704125,1177,2015,https://understat.com/getLeagueData/Bundesliga/2015,2016-01-23,True
2016-01-23,Hoffenheim,Leverkusen,0.756054,1.82105,1178,2015,https://understat.com/getLeagueData/Bundesliga/2015,2016-01-23,True
2016-01-23,Ingolstadt,Mainz,1.79614,0.651914,1179,2015,https://understat.com/getLeagueData/Bundesliga/2015,2016-01-23,True
2016-01-23,M'gladbach,Dortmund,0.969724,2.60367,1180,2015,https://understat.com/getLeagueData/Bundesliga/2015,2016-01-23,True
2016-01-24,Ein Frankfurt,Wolfsburg,1.18879,2.75506,1181,2015,https://understat.com/getLeagueData/Bundesliga/2015,2016-01-24,True
2016-01-24,Schalke 04,Werder Bremen,2.01652,1.82961,1182,2015,https://understat.com/getLeagueData/Bundesliga/2015,2016-01-24,True
2016-01-29,Mainz,M'gladbach,0.852232,1.91691,1183,2015,https://understat.com/getLeagueData/Bundesliga/2015,2016-01-29,True
2016-01-30,Augsburg,Ein Frankfurt,0.609193,1.25574,1187,2015,https://understat.com/getLeagueData/Bundesliga/2015,2016-01-30,True
2016-01-30,Darmstadt,Schalke 04,0.0939969,1.56117,1184,2015,https://understat.com/getLeagueData/Bundesliga/2015,2016-01-30,True
2016-01-30,Dortmund,Ingolstadt,2.19495,0.145484,1185,2015,https://understat.com/getLeagueData/Bundesliga/2015,2016-01-30,True
2016-01-30,Leverkusen,Hannover,1.96768,0.177765,1186,2015,https://understat.com/getLeagueData/Bundesliga/2015,2016-01-30,True
2016-01-30,Stuttgart,Hamburg,2.69957,1.77488,1189,2015,https://understat.com/getLeagueData/Bundesliga/2015,2016-01-30,True
2016-01-30,Werder Bremen,Hertha,2.40454,1.33238,1188,2015,https://understat.com/getLeagueData/Bundesliga/2015,2016-01-30,True
2016-01-31,Bayern Munich,Hoffenheim,3.08952,0.463233,1191,2015,https://understat.com/getLeagueData/Bundesliga/2015,2016-01-31,True
2016-01-31,Wolfsburg,FC Koln,2.04894,0.698473,1190,2015,https://understat.com/getLeagueData/Bundesliga/2015,2016-01-31,True
2016-02-05,M'gladbach,Werder Bremen,3.16316,1.67818,1192,2015,https://understat.com/getLeagueData/Bundesliga/2015,2016-02-05,True
2016-02-06,Ein Frankfurt,Stuttgart,2.36752,3.36402,1194,2015,https://understat.com/getLeagueData/Bundesliga/2015,2016-02-06,True
2016-02-06,Hannover,Mainz,0.638351,0.857195,1195,2015,https://understat.com/getLeagueData/Bundesliga/2015,2016-02-06,True
2016-02-06,Hertha,Dortmund,0.881103,0.391491,1196,2015,https://understat.com/getLeagueData/Bundesliga/2015,2016-02-06,True
2016-02-06,Ingolstadt,Augsburg,2.8596,0.232784,1197,2015,https://understat.com/getLeagueData/Bundesliga/2015,2016-02-06,True
2016-02-06,Leverkusen,Bayern Munich,0.288974,1.17556,1198,2015,https://understat.com/getLeagueData/Bundesliga/2015,2016-02-06,True
2016-02-06,Schalke 04,Wolfsburg,0.785917,0.559619,1193,2015,https://understat.com/getLeagueData/Bundesliga/2015,2016-02-06,True
2016-02-07,Hamburg,FC Koln,0.197661,1.37214,1199,2015,https://understat.com/getLeagueData/Bundesliga/2015,2016-02-07,True
2016-02-07,Hoffenheim,Darmstadt,0.584715,2.06675,1200,2015,https://understat.com/getLeagueData/Bundesliga/2015,2016-02-07,True
2016-02-12,Mainz,Schalke 04,1.00349,0.980702,1201,2015,https://understat.com/getLeagueData/Bundesliga/2015,2016-02-12,True
2016-02-13,Darmstadt,Leverkusen,1.07695,1.5656,1202,2015,https://understat.com/getLeagueData/Bundesliga/2015,2016-02-13,True
2016-02-13,Dortmund,Hannover,1.23883,0.212153,1203,2015,https://understat.com/getLeagueData/Bundesliga/2015,2016-02-13,True
2016-02-13,FC Koln,Ein Frankfurt,2.27377,0.606015,1207,2015,https://understat.com/getLeagueData/Bundesliga/2015,2016-02-13,True
2016-02-13,Stuttgart,Hertha,1.27221,1.12753,1205,2015,https://understat.com/getLeagueData/Bundesliga/2015,2016-02-13,True
2016-02-13,Werder Bremen,Hoffenheim,1.83283,0.57006,1206,2015,https://understat.com/getLeagueData/Bundesliga/2015,2016-02-13,True
2016-02-13,Wolfsburg,Ingolstadt,1.37415,0.549133,1204,2015,https://understat.com/getLeagueData/Bundesliga/2015,2016-02-13,True
2016-02-14,Augsburg,Bayern Munich,0.310362,2.21151,1209,2015,https://understat.com/getLeagueData/Bundesliga/2015,2016-02-14,True
2016-02-14,Hamburg,M'gladbach,1.48178,2.07387,1208,2015,https://understat.com/getLeagueData/Bundesliga/2015,2016-02-14,True
2016-02-19,Ein Frankfurt,Hamburg,0.45464,0.807708,1210,2015,https://understat.com/getLeagueData/Bundesliga/2015,2016-02-19,True
2016-02-20,Bayern Munich,Darmstadt,3.08206,0.61234,1211,2015,https://understat.com/getLeagueData/Bundesliga/2015,2016-02-20,True
2016-02-20,Hertha,Wolfsburg,0.693683,0.743911,1212,2015,https://understat.com/getLeagueData/Bundesliga/2015,2016-02-20,True
2016-02-20,Hoffenheim,Mainz,1.83746,1.16619,1213,2015,https://understat.com/getLeagueData/Bundesliga/2015,2016-02-20,True
2016-02-20,Ingolstadt,Werder Bremen,1.85348,0.572222,1214,2015,https://understat.com/getLeagueData/Bundesliga/2015,2016-02-20,True
2016-02-20,M'gladbach,FC Koln,0.907861,0.568002,1215,2015,https://understat.com/getLeagueData/Bundesliga/2015,2016-02-20,True
2016-02-21,Hannover,Augsburg,0.433505,1.17413,1217,2015,https://understat.com/getLeagueData/Bundesliga/2015,2016-02-21,True
2016-02-21,Leverkusen,Dortmund,0.788355,1.25829,1216,2015,https://understat.com/getLeagueData/Bundesliga/2015,2016-02-21,True
2016-02-21,Schalke 04,Stuttgart,0.989802,1.68313,1218,2015,https://understat.com/getLeagueData/Bundesliga/2015,2016-02-21,True
2016-02-26,FC Koln,Hertha,0.787942,0.842565,1219,2015,https://understat.com/getLeagueData/Bundesliga/2015,2016-02-26,True
2016-02-27,Hamburg,Ingolstadt,0.897328,1.01142,1222,2015,https://understat.com/getLeagueData/Bundesliga/2015,2016-02-27,True
2016-02-27,Stuttgart,Hannover,3.13363,1.59513,1223,2015,https://understat.com/getLeagueData/Bundesliga/2015,2016-02-27,True
2016-02-27,Werder Bremen,Darmstadt,2.2106,1.16123,1220,2015,https://understat.com/getLeagueData/Bundesliga/2015,2016-02-27,True
2016-02-27,Wolfsburg,Bayern Munich,0.686422,1.21707,1221,2015,https://understat.com/getLeagueData/Bundesliga/2015,2016-02-27,True
2016-02-28,Augsburg,M'gladbach,1.80948,1.80962,1224,2015,https://understat.com/getLeagueData/Bundesliga/2015,2016-02-28,True
2016-02-28,Dortmund,Hoffenheim,2.47417,0.88117,1225,2015,https://understat.com/getLeagueData/Bundesliga/2015,2016-02-28,True
2016-02-28,Ein Frankfurt,Schalke 04,0.775413,0.223305,1227,2015,https://understat.com/getLeagueData/Bundesliga/2015,2016-02-28,True
2016-02-28,Mainz,Leverkusen,2.61685,0.81358,1226,2015,https://understat.com/getLeagueData/Bundesliga/2015,2016-02-28,True
2016-03-01,Hannover,Wolfsburg,0.395343,3.15639,1228,2015,https://understat.com/getLeagueData/Bundesliga/2015,2016-03-01,True
2016-03-01,Ingolstadt,FC Koln,1.40092,1.14458,1229,2015,https://understat.com/getLeagueData/Bundesliga/2015,2016-03-01,True
2016-03-02,Bayern Munich,Mainz,0.652757,0.723063,1233,2015,https://understat.com/getLeagueData/Bundesliga/2015,2016-03-02,True
2016-03-02,Darmstadt,Dortmund,0.422078,3.36158,1230,2015,https://understat.com/getLeagueData/Bundesliga/2015,2016-03-02,True
2016-03-02,Hertha,Ein Frankfurt,1.21008,0.339767,1231,2015,https://understat.com/getLeagueData/Bundesliga/2015,2016-03-02,True
2016-03-02,Hoffenheim,Augsburg,1.60086,1.8142,1232,2015,https://understat.com/getLeagueData/Bundesliga/2015,2016-03-02,True
2016-03-02,Leverkusen,Werder Bremen,1.00958,1.88024,1235,2015,https://understat.com/getLeagueData/Bundesliga/2015,2016-03-02,True
2016-03-02,M'gladbach,Stuttgart,3.23676,0.281312,1236,2015,https://understat.com/getLeagueData/Bundesliga/2015,2016-03-02,True
2016-03-02,Schalke 04,Hamburg,2.61412,0.825944,1234,2015,https://understat.com/getLeagueData/Bundesliga/2015,2016-03-02,True
2016-03-05,Augsburg,Leverkusen,1.63701,1.46029,1238,2015,https://understat.com/getLeagueData/Bundesliga/2015,2016-03-05,True
2016-03-05,Dortmund,Bayern Munich,0.750153,1.15007,1243,2015,https://understat.com/getLeagueData/Bundesliga/2015,2016-03-05,True
2016-03-05,Ein Frankfurt,Ingolstadt,2.63935,1.55385,1240,2015,https://understat.com/getLeagueData/Bundesliga/2015,2016-03-05,True
2016-03-05,FC Koln,Schalke 04,2.44466,2.23816,1241,2015,https://understat.com/getLeagueData/Bundesliga/2015,2016-03-05,True
2016-03-05,Stuttgart,Hoffenheim,3.82557,0.918227,1237,2015,https://understat.com/getLeagueData/Bundesliga/2015,2016-03-05,True
2016-03-05,Werder Bremen,Hannover,2.14361,1.14266,1239,2015,https://understat.com/getLeagueData/Bundesliga/2015,2016-03-05,True
2016-03-05,Wolfsburg,M'gladbach,0.863815,1.0738,1242,2015,https://understat.com/getLeagueData/Bundesliga/2015,2016-03-05,True
2016-03-06,Hamburg,Hertha,1.10346,0.22915,1245,2015,https://understat.com/getLeagueData/Bundesliga/2015,2016-03-06,True
2016-03-06,Mainz,Darmstadt,1.18471,1.02252,1244,2015,https://understat.com/getLeagueData/Bundesliga/2015,2016-03-06,True
2016-03-11,Hertha,Schalke 04,1.41068,1.08126,1246,2015,https://understat.com/getLeagueData/Bundesliga/2015,2016-03-11,True
2016-03-12,Bayern Munich,Werder Bremen,3.14093,0.0947484,1252,2015,https://understat.com/getLeagueData/Bundesliga/2015,2016-03-12,True
2016-03-12,Darmstadt,Augsburg,1.35865,1.28135,1249,2015,https://understat.com/getLeagueData/Bundesliga/2015,2016-03-12,True
2016-03-12,Hannover,FC Koln,0.988474,1.12909,1251,2015,https://understat.com/getLeagueData/Bundesliga/2015,2016-03-12,True
2016-03-12,Hoffenheim,Wolfsburg,1.40359,0.680487,1247,2015,https://understat.com/getLeagueData/Bundesliga/2015,2016-03-12,True
2016-03-12,Ingolstadt,Stuttgart,1.86907,3.11394,1248,2015,https://understat.com/getLeagueData/Bundesliga/2015,2016-03-12,True
2016-03-12,M'gladbach,Ein Frankfurt,1.87363,0.0789648,1250,2015,https://understat.com/getLeagueData/Bundesliga/2015,2016-03-12,True
2016-03-13,Dortmund,Mainz,3.95436,0.136645,1254,2015,https://understat.com/getLeagueData/Bundesliga/2015,2016-03-13,True
2016-03-13,Leverkusen,Hamburg,1.46364,1.03957,1253,2015,https://understat.com/getLeagueData/Bundesliga/2015,2016-03-13,True
2016-03-18,Schalke 04,M'gladbach,0.10538,2.14568,1255,2015,https://understat.com/getLeagueData/Bundesliga/2015,2016-03-18,True
2016-03-19,Ein Frankfurt,Hannover,1.3943,0.381106,1261,2015,https://understat.com/getLeagueData/Bundesliga/2015,2016-03-19,True
2016-03-19,FC Koln,Bayern Munich,1.00667,0.343724,1259,2015,https://understat.com/getLeagueData/Bundesliga/2015,2016-03-19,True
2016-03-19,Hamburg,Hoffenheim,2.27762,2.21883,1257,2015,https://understat.com/getLeagueData/Bundesliga/2015,2016-03-19,True
2016-03-19,Hertha,Ingolstadt,1.12049,0.67263,1260,2015,https://understat.com/getLeagueData/Bundesliga/2015,2016-03-19,True
2016-03-19,Werder Bremen,Mainz,1.15003,0.685087,1258,2015,https://understat.com/getLeagueData/Bundesliga/2015,2016-03-19,True
2016-03-19,Wolfsburg,Darmstadt,1.31288,1.3773,1256,2015,https://understat.com/getLeagueData/Bundesliga/2015,2016-03-19,True
2016-03-20,Augsburg,Dortmund,1.01768,1.52542,1263,2015,https://understat.com/getLeagueData/Bundesliga/2015,2016-03-20,True
2016-03-20,Stuttgart,Leverkusen,0.64082,2.29012,1262,2015,https://understat.com/getLeagueData/Bundesliga/2015,2016-03-20,True
2016-04-01,Leverkusen,Wolfsburg,0.705961,0.572215,1264,2015,https://understat.com/getLeagueData/Bundesliga/2015,2016-04-01,True
2016-04-02,Bayern Munich,Ein Frankfurt,1.08122,0.118042,1265,2015,https://understat.com/getLeagueData/Bundesliga/2015,2016-04-02,True
2016-04-02,Darmstadt,Stuttgart,2.21695,0.480572,1268,2015,https://understat.com/getLeagueData/Bundesliga/2015,2016-04-02,True
2016-04-02,Dortmund,Werder Bremen,2.84328,0.436067,1270,2015,https://understat.com/getLeagueData/Bundesliga/2015,2016-04-02,True
2016-04-02,Hannover,Hamburg,1.16167,2.17031,1269,2015,https://understat.com/getLeagueData/Bundesliga/2015,2016-04-02,True
2016-04-02,Ingolstadt,Schalke 04,1.86933,0.864055,1267,2015,https://understat.com/getLeagueData/Bundesliga/2015,2016-04-02,True
2016-04-02,Mainz,Augsburg,3.6054,0.784999,1266,2015,https://understat.com/getLeagueData/Bundesliga/2015,2016-04-02,True
2016-04-03,Hoffenheim,FC Koln,1.04133,1.09032,1272,2015,https://understat.com/getLeagueData/Bundesliga/2015,2016-04-03,True
2016-04-03,M'gladbach,Hertha,2.41386,0.280578,1271,2015,https://understat.com/getLeagueData/Bundesliga/2015,2016-04-03,True
2016-04-08,Hertha,Hannover,1.66964,1.25141,1273,2015,https://understat.com/getLeagueData/Bundesliga/2015,2016-04-08,True
2016-04-09,Ein Frankfurt,Hoffenheim,0.581161,1.3548,1278,2015,https://understat.com/getLeagueData/Bundesliga/2015,2016-04-09,True
2016-04-09,Hamburg,Darmstadt,0.70616,1.04297,1275,2015,https://understat.com/getLeagueData/Bundesliga/2015,2016-04-09,True
2016-04-09,Ingolstadt,M'gladbach,2.04687,0.311628,1274,2015,https://understat.com/getLeagueData/Bundesliga/2015,2016-04-09,True
2016-04-09,Stuttgart,Bayern Munich,0.959571,0.728737,1276,2015,https://understat.com/getLeagueData/Bundesliga/2015,2016-04-09,True
2016-04-09,Werder Bremen,Augsburg,0.716015,0.923628,1277,2015,https://understat.com/getLeagueData/Bundesliga/2015,2016-04-09,True
2016-04-09,Wolfsburg,Mainz,1.0116,1.76775,1279,2015,https://understat.com/getLeagueData/Bundesliga/2015,2016-04-09,True
2016-04-10,FC Koln,Leverkusen,0.731816,1.36907,1281,2015,https://understat.com/getLeagueData/Bundesliga/2015,2016-04-10,True
2016-04-10,Schalke 04,Dortmund,1.23275,1.6976,1280,2015,https://understat.com/getLeagueData/Bundesliga/2015,2016-04-10,True
2016-04-15,Hannover,M'gladbach,1.64388,0.732627,1282,2015,https://understat.com/getLeagueData/Bundesliga/2015,2016-04-15,True
2016-04-16,Augsburg,Stuttgart,1.28148,0.428691,1286,2015,https://understat.com/getLeagueData/Bundesliga/2015,2016-04-16,True
2016-04-16,Bayern Munich,Schalke 04,1.27153,0.430468,1288,2015,https://understat.com/getLeagueData/Bundesliga/2015,2016-04-16,True
2016-04-16,Darmstadt,Ingolstadt,1.24602,0.351721,1284,2015,https://understat.com/getLeagueData/Bundesliga/2015,2016-04-16,True
2016-04-16,Hoffenheim,Hertha,1.31625,1.09114,1283,2015,https://understat.com/getLeagueData/Bundesliga/2015,2016-04-16,True
2016-04-16,Leverkusen,Ein Frankfurt,1.12161,0.878427,1285,2015,https://understat.com/getLeagueData/Bundesliga/2015,2016-04-16,True
2016-04-16,Werder Bremen,Wolfsburg,3.58106,1.09409,1287,2015,https://understat.com/getLeagueData/Bundesliga/2015,2016-04-16,True
2016-04-17,Dortmund,Hamburg,1.90773,0.617113,1289,2015,https://understat.com/getLeagueData/Bundesliga/2015,2016-04-17,True
2016-04-17,Mainz,FC Koln,1.80923,1.14393,1290,2015,https://understat.com/getLeagueData/Bundesliga/2015,2016-04-17,True
2016-04-22,Hamburg,Werder Bremen,1.90362,2.52835,1291,2015,https://understat.com/getLeagueData/Bundesliga/2015,2016-04-22,True
2016-04-23,FC Koln,Darmstadt,2.56591,1.03362,1294,2015,https://understat.com/getLeagueData/Bundesliga/2015,2016-04-23,True
2016-04-23,Hertha,Bayern Munich,0.351189,0.192443,1295,2015,https://understat.com/getLeagueData/Bundesliga/2015,2016-04-23,True
2016-04-23,Ingolstadt,Hannover,1.16542,1.22986,1296,2015,https://understat.com/getLeagueData/Bundesliga/2015,2016-04-23,True
2016-04-23,Schalke 04,Leverkusen,2.42823,1.52773,1297,2015,https://understat.com/getLeagueData/Bundesliga/2015,2016-04-23,True
2016-04-23,Stuttgart,Dortmund,0.479435,3.53521,1292,2015,https://understat.com/getLeagueData/Bundesliga/2015,2016-04-23,True
2016-04-23,Wolfsburg,Augsburg,1.38162,0.967552,1293,2015,https://understat.com/getLeagueData/Bundesliga/2015,2016-04-23,True
2016-04-24,Ein Frankfurt,Mainz,0.547038,0.490667,1299,2015,https://understat.com/getLeagueData/Bundesliga/2015,2016-04-24,True
2016-04-24,M'gladbach,Hoffenheim,2.90034,1.18468,1298,2015,https://understat.com/getLeagueData/Bundesliga/2015,2016-04-24,True
2016-04-29,Augsburg,FC Koln,0.88211,0.257362,1300,2015,https://understat.com/getLeagueData/Bundesliga/2015,2016-04-29,True
2016-04-30,Bayern Munich,M'gladbach,0.283796,0.337244,1305,2015,https://understat.com/getLeagueData/Bundesliga/2015,2016-04-30,True
2016-04-30,Darmstadt,Ein Frankfurt,1.19136,0.846611,1304,2015,https://understat.com/getLeagueData/Bundesliga/2015,2016-04-30,True
2016-04-30,Dortmund,Wolfsburg,3.1369,0.643223,1306,2015,https://understat.com/getLeagueData/Bundesliga/2015,2016-04-30,True
2016-04-30,Hannover,Schalke 04,2.06666,1.79057,1301,2015,https://understat.com/getLeagueData/Bundesliga/2015,2016-04-30,True
2016-04-30,Hoffenheim,Ingolstadt,1.82345,2.37831,1302,2015,https://understat.com/getLeagueData/Bundesliga/2015,2016-04-30,True
2016-04-30,Leverkusen,Hertha,2.98724,0.344918,1307,2015,https://understat.com/getLeagueData/Bundesliga/2015,2016-04-30,True
2016-04-30,Mainz,Hamburg,0.973992,0.570155,1303,2015,https://understat.com/getLeagueData/Bundesliga/2015,2016-04-30,True
2016-05-02,Werder Bremen,Stuttgart,2.87488,0.814877,1308,2015,https://understat.com/getLeagueData/Bundesliga/2015,2016-05-02,True
2016-05-07,Ein Frankfurt,Dortmund,0.697175,1.4668,1313,2015,https://understat.com/getLeagueData/Bundesliga/2015,2016-05-07,True
2016-05-07,FC Koln,Werder Bremen,0.578238,0.585339,1314,2015,https://understat.com/getLeagueData/Bundesliga/2015,2016-05-07,True
2016-05-07,Hamburg,Wolfsburg,0.427188,1.96183,1311,2015,https://understat.com/getLeagueData/Bundesliga/2015,2016-05-07,True
2016-05-07,Hannover,Hoffenheim,0.689753,1.39948,1315,2015,https://understat.com/getLeagueData/Bundesliga/2015,2016-05-07,True
2016-05-07,Hertha,Darmstadt,1.35682,1.26224,1316,2015,https://understat.com/getLeagueData/Bundesliga/2015,2016-05-07,True
2016-05-07,Ingolstadt,Bayern Munich,1.94299,2.27556,1317,2015,https://understat.com/getLeagueData/Bundesliga/2015,2016-05-07,True
2016-05-07,M'gladbach,Leverkusen,1.24034,1.96166,1310,2015,https://understat.com/getLeagueData/Bundesliga/2015,2016-05-07,True
2016-05-07,Schalke 04,Augsburg,1.4111,0.557159,1309,2015,https://understat.com/getLeagueData/Bundesliga/2015,2016-05-07,True
2016-05-07,Stuttgart,Mainz,0.873428,3.89767,1312,2015,https://understat.com/getLeagueData/Bundesliga/2015,2016-05-07,True
2016-05-14,Augsburg,Hamburg,1.03269,2.0985,1318,2015,https://understat.com/getLeagueData/Bundesliga/2015,2016-05-14,True
2016-05-14,Bayern Munich,Hannover,2.692,1.81013,1319,2015,https://understat.com/getLeagueData/Bundesliga/2015,2016-05-14,True
2016-05-14,Darmstadt,M'gladbach,0.357258,1.87154,1326,2015,https://understat.com/getLeagueData/Bundesliga/2015,2016-05-14,True
2016-05-14,Dortmund,FC Koln,1.15049,1.60855,1321,2015,https://understat.com/getLeagueData/Bundesliga/2015,2016-05-14,True
2016-05-14,Hoffenheim,Schalke 04,1.41779,1.60217,1322,2015,https://understat.com/getLeagueData/Bundesliga/2015,2016-05-14,True
2016-05-14,Leverkusen,Ingolstadt,3.08569,2.93125,1323,2015,https://understat.com/getLeagueData/Bundesliga/2015,2016-05-14,True
2016-05-14,Mainz,Hertha,1.48776,0.873124,1324,2015,https://understat.com/getLeagueData/Bundesliga/2015,2016-05-14,True
2016-05-14,Werder Bremen,Ein Frankfurt,1.9531,0.191835,1320,2015,https://understat.com/getLeagueData/Bundesliga/2015,2016-05-14,True
2016-05-14,Wolfsburg,Stuttgart,2.79348,0.973203,1325,2015,https://understat.com/getLeagueData/Bundesliga/2015,2016-05-14,True
2016-08-26,Bayern Munich,Werder Bremen,4.53263,0.185791,1327,2016,https://understat.com/getLeagueData/Bundesliga/2016,2016-08-26,True
2016-08-27,Augsburg,Wolfsburg,0.452708,0.711094,1328,2016,https://understat.com/getLeagueData/Bundesliga/2016,2016-08-27,True
2016-08-27,Dortmund,Mainz,1.81984,1.07885,1332,2016,https://understat.com/getLeagueData/Bundesliga/2016,2016-08-27,True
2016-08-27,Ein Frankfurt,Schalke 04,1.86688,0.930915,1330,2016,https://understat.com/getLeagueData/Bundesliga/2016,2016-08-27,True
2016-08-27,FC Koln,Darmstadt,3.13195,0.558815,1331,2016,https://understat.com/getLeagueData/Bundesliga/2016,2016-08-27,True
2016-08-27,Hamburg,Ingolstadt,0.309707,1.20744,1329,2016,https://understat.com/getLeagueData/Bundesliga/2016,2016-08-27,True
2016-08-27,M'gladbach,Leverkusen,1.88815,1.11067,1333,2016,https://understat.com/getLeagueData/Bundesliga/2016,2016-08-27,True
2016-08-28,Hertha,Freiburg,0.869084,0.360723,1334,2016,https://understat.com/getLeagueData/Bundesliga/2016,2016-08-28,True
2016-08-28,Hoffenheim,RB Leipzig,1.15624,2.47526,1335,2016,https://understat.com/getLeagueData/Bundesliga/2016,2016-08-28,True
2016-09-09,Schalke 04,Bayern Munich,0.965209,2.2266,1336,2016,https://understat.com/getLeagueData/Bundesliga/2016,2016-09-09,True
2016-09-10,Darmstadt,Ein Frankfurt,0.277384,1.64252,1339,2016,https://understat.com/getLeagueData/Bundesliga/2016,2016-09-10,True
2016-09-10,Freiburg,M'gladbach,1.55438,0.130259,1340,2016,https://understat.com/getLeagueData/Bundesliga/2016,2016-09-10,True
2016-09-10,Ingolstadt,Hertha,0.986677,0.854096,1338,2016,https://understat.com/getLeagueData/Bundesliga/2016,2016-09-10,True
2016-09-10,Leverkusen,Hamburg,2.1378,0.65629,1341,2016,https://understat.com/getLeagueData/Bundesliga/2016,2016-09-10,True
2016-09-10,RB Leipzig,Dortmund,0.950658,0.482478,1342,2016,https://understat.com/getLeagueData/Bundesliga/2016,2016-09-10,True
2016-09-10,Wolfsburg,FC Koln,0.914326,1.36943,1337,2016,https://understat.com/getLeagueData/Bundesliga/2016,2016-09-10,True
2016-09-11,Mainz,Hoffenheim,0.788235,2.26684,1344,2016,https://understat.com/getLeagueData/Bundesliga/2016,2016-09-11,True
2016-09-11,Werder Bremen,Augsburg,1.62947,1.65986,1343,2016,https://understat.com/getLeagueData/Bundesliga/2016,2016-09-11,True
2016-09-16,FC Koln,Freiburg,1.40487,1.4295,1345,2016,https://understat.com/getLeagueData/Bundesliga/2016,2016-09-16,True
2016-09-17,Bayern Munich,Ingolstadt,0.446972,1.54672,1349,2016,https://understat.com/getLeagueData/Bundesliga/2016,2016-09-17,True
2016-09-17,Dortmund,Darmstadt,4.05385,0.179729,1350,2016,https://understat.com/getLeagueData/Bundesliga/2016,2016-09-17,True
2016-09-17,Ein Frankfurt,Leverkusen,2.14781,2.11932,1348,2016,https://understat.com/getLeagueData/Bundesliga/2016,2016-09-17,True
2016-09-17,Hamburg,RB Leipzig,1.08134,3.30009,1346,2016,https://understat.com/getLeagueData/Bundesliga/2016,2016-09-17,True
2016-09-17,Hoffenheim,Wolfsburg,1.93562,2.34852,1347,2016,https://understat.com/getLeagueData/Bundesliga/2016,2016-09-17,True
2016-09-17,M'gladbach,Werder Bremen,3.63049,1.20156,1351,2016,https://understat.com/getLeagueData/Bundesliga/2016,2016-09-17,True
2016-09-18,Augsburg,Mainz,0.82866,1.54386,1352,2016,https://understat.com/getLeagueData/Bundesliga/2016,2016-09-18,True
2016-09-18,Hertha,Schalke 04,0.724842,0.424457,1353,2016,https://understat.com/getLeagueData/Bundesliga/2016,2016-09-18,True
2016-09-20,Darmstadt,Hoffenheim,1.62811,1.44238,1356,2016,https://understat.com/getLeagueData/Bundesliga/2016,2016-09-20,True
2016-09-20,Freiburg,Hamburg,1.78293,0.647916,1357,2016,https://understat.com/getLeagueData/Bundesliga/2016,2016-09-20,True
2016-09-20,Ingolstadt,Ein Frankfurt,0.782075,0.352096,1355,2016,https://understat.com/getLeagueData/Bundesliga/2016,2016-09-20,True
2016-09-20,Wolfsburg,Dortmund,2.71087,2.34245,1354,2016,https://understat.com/getLeagueData/Bundesliga/2016,2016-09-20,True
2016-09-21,Bayern Munich,Hertha,2.71721,0.153422,1360,2016,https://understat.com/getLeagueData/Bundesliga/2016,2016-09-21,True
2016-09-21,Leverkusen,Augsburg,2.0338,0.230565,1361,2016,https://understat.com/getLeagueData/Bundesliga/2016,2016-09-21,True
2016-09-21,RB Leipzig,M'gladbach,1.58682,0.224262,1358,2016,https://understat.com/getLeagueData/Bundesliga/2016,2016-09-21,True
2016-09-21,Schalke 04,FC Koln,1.37614,1.18875,1362,2016,https://understat.com/getLeagueData/Bundesliga/2016,2016-09-21,True
2016-09-21,Werder Bremen,Mainz,0.916,1.38592,1359,2016,https://understat.com/getLeagueData/Bundesliga/2016,2016-09-21,True
2016-09-23,Dortmund,Freiburg,3.2333,1.05384,1363,2016,https://understat.com/getLeagueData/Bundesliga/2016,2016-09-23,True
2016-09-24,Augsburg,Darmstadt,1.95473,0.129868,1367,2016,https://understat.com/getLeagueData/Bundesliga/2016,2016-09-24,True
2016-09-24,Ein Frankfurt,Hertha,1.50633,1.17158,1368,2016,https://understat.com/getLeagueData/Bundesliga/2016,2016-09-24,True
2016-09-24,Hamburg,Bayern Munich,0.304936,2.12276,1366,2016,https://understat.com/getLeagueData/Bundesliga/2016,2016-09-24,True
2016-09-24,M'gladbach,Ingolstadt,1.18177,0.535119,1364,2016,https://understat.com/getLeagueData/Bundesliga/2016,2016-09-24,True
2016-09-24,Mainz,Leverkusen,1.73915,1.73598,1365,2016,https://understat.com/getLeagueData/Bundesliga/2016,2016-09-24,True
2016-09-24,Werder Bremen,Wolfsburg,1.11466,0.483419,1369,2016,https://understat.com/getLeagueData/Bundesliga/2016,2016-09-24,True
2016-09-25,FC Koln,RB Leipzig,0.366844,0.819612,1371,2016,https://understat.com/getLeagueData/Bundesliga/2016,2016-09-25,True
2016-09-25,Hoffenheim,Schalke 04,1.8649,1.04708,1370,2016,https://understat.com/getLeagueData/Bundesliga/2016,2016-09-25,True
2016-09-30,RB Leipzig,Augsburg,1.04258,0.313816,1372,2016,https://understat.com/getLeagueData/Bundesliga/2016,2016-09-30,True
2016-10-01,Bayern Munich,FC Koln,2.20563,0.899194,1373,2016,https://understat.com/getLeagueData/Bundesliga/2016,2016-10-01,True
2016-10-01,Darmstadt,Werder Bremen,1.27773,1.54526,1376,2016,https://understat.com/getLeagueData/Bundesliga/2016,2016-10-01,True
2016-10-01,Freiburg,Ein Frankfurt,0.464817,0.715723,1377,2016,https://understat.com/getLeagueData/Bundesliga/2016,2016-10-01,True
2016-10-01,Hertha,Hamburg,2.44266,1.11245,1374,2016,https://understat.com/getLeagueData/Bundesliga/2016,2016-10-01,True
2016-10-01,Ingolstadt,Hoffenheim,2.21758,3.31162,1375,2016,https://understat.com/getLeagueData/Bundesliga/2016,2016-10-01,True
2016-10-01,Leverkusen,Dortmund,1.52698,0.837447,1378,2016,https://understat.com/getLeagueData/Bundesliga/2016,2016-10-01,True
2016-10-02,Schalke 04,M'gladbach,3.05307,0.802215,1380,2016,https://understat.com/getLeagueData/Bundesliga/2016,2016-10-02,True
2016-10-02,Wolfsburg,Mainz,1.32308,0.256465,1379,2016,https://understat.com/getLeagueData/Bundesliga/2016,2016-10-02,True
2016-10-14,Dortmund,Hertha,2.60334,0.994838,1381,2016,https://understat.com/getLeagueData/Bundesliga/2016,2016-10-14,True
2016-10-15,Augsburg,Schalke 04,0.414301,0.73357,1384,2016,https://understat.com/getLeagueData/Bundesliga/2016,2016-10-15,True
2016-10-15,Ein Frankfurt,Bayern Munich,2.01559,1.4782,1386,2016,https://understat.com/getLeagueData/Bundesliga/2016,2016-10-15,True
2016-10-15,FC Koln,Ingolstadt,3.98127,1.07265,1383,2016,https://understat.com/getLeagueData/Bundesliga/2016,2016-10-15,True
2016-10-15,Hoffenheim,Freiburg,2.4316,0.860554,1385,2016,https://understat.com/getLeagueData/Bundesliga/2016,2016-10-15,True
2016-10-15,M'gladbach,Hamburg,3.46166,0.209913,1382,2016,https://understat.com/getLeagueData/Bundesliga/2016,2016-10-15,True
2016-10-15,Werder Bremen,Leverkusen,1.51915,0.548105,1387,2016,https://understat.com/getLeagueData/Bundesliga/2016,2016-10-15,True
2016-10-16,Mainz,Darmstadt,2.86526,1.93127,1388,2016,https://understat.com/getLeagueData/Bundesliga/2016,2016-10-16,True
2016-10-16,Wolfsburg,RB Leipzig,0.684268,1.82053,1389,2016,https://understat.com/getLeagueData/Bundesliga/2016,2016-10-16,True
2016-10-21,Hamburg,Ein Frankfurt,0.163638,1.31119,1390,2016,https://understat.com/getLeagueData/Bundesliga/2016,2016-10-21,True
2016-10-22,Bayern Munich,M'gladbach,1.73353,0.49977,1396,2016,https://understat.com/getLeagueData/Bundesliga/2016,2016-10-22,True
2016-10-22,Darmstadt,Wolfsburg,1.38031,0.577877,1392,2016,https://understat.com/getLeagueData/Bundesliga/2016,2016-10-22,True
2016-10-22,Freiburg,Augsburg,1.53071,1.23006,1393,2016,https://understat.com/getLeagueData/Bundesliga/2016,2016-10-22,True
2016-10-22,Hertha,FC Koln,1.43523,1.35639,1394,2016,https://understat.com/getLeagueData/Bundesliga/2016,2016-10-22,True
2016-10-22,Ingolstadt,Dortmund,1.69325,2.51636,1391,2016,https://understat.com/getLeagueData/Bundesliga/2016,2016-10-22,True
2016-10-22,Leverkusen,Hoffenheim,0.598561,2.30615,1395,2016,https://understat.com/getLeagueData/Bundesliga/2016,2016-10-22,True
2016-10-23,RB Leipzig,Werder Bremen,3.33619,0.913725,1397,2016,https://understat.com/getLeagueData/Bundesliga/2016,2016-10-23,True
2016-10-23,Schalke 04,Mainz,1.21196,0.987414,1398,2016,https://understat.com/getLeagueData/Bundesliga/2016,2016-10-23,True
2016-10-28,M'gladbach,Ein Frankfurt,0.605662,0.388618,3299,2016,https://understat.com/getLeagueData/Bundesliga/2016,2016-10-28,True
2016-10-29,Augsburg,Bayern Munich,0.724858,3.47304,3302,2016,https://understat.com/getLeagueData/Bundesliga/2016,2016-10-29,True
2016-10-29,Darmstadt,RB Leipzig,0.199603,1.64364,3304,2016,https://understat.com/getLeagueData/Bundesliga/2016,2016-10-29,True
2016-10-29,Dortmund,Schalke 04,0.816002,0.46649,3305,2016,https://understat.com/getLeagueData/Bundesliga/2016,2016-10-29,True
2016-10-29,Mainz,Ingolstadt,2.21072,0.216935,3300,2016,https://understat.com/getLeagueData/Bundesliga/2016,2016-10-29,True
2016-10-29,Werder Bremen,Freiburg,1.29428,1.71134,3303,2016,https://understat.com/getLeagueData/Bundesliga/2016,2016-10-29,True
2016-10-29,Wolfsburg,Leverkusen,1.1136,2.12119,3301,2016,https://understat.com/getLeagueData/Bundesliga/2016,2016-10-29,True
2016-10-30,FC Koln,Hamburg,2.93112,0.307566,3307,2016,https://understat.com/getLeagueData/Bundesliga/2016,2016-10-30,True
2016-10-30,Hoffenheim,Hertha,2.77857,0.251867,3306,2016,https://understat.com/getLeagueData/Bundesliga/2016,2016-10-30,True
2016-11-04,Hertha,M'gladbach,1.66602,0.636014,2806,2016,https://understat.com/getLeagueData/Bundesliga/2016,2016-11-04,True
2016-11-05,Bayern Munich,Hoffenheim,1.49595,0.24666,2809,2016,https://understat.com/getLeagueData/Bundesliga/2016,2016-11-05,True
2016-11-05,Ein Frankfurt,FC Koln,0.860348,0.638081,2812,2016,https://understat.com/getLeagueData/Bundesliga/2016,2016-11-05,True
2016-11-05,Freiburg,Wolfsburg,0.916201,2.12583,2811,2016,https://understat.com/getLeagueData/Bundesliga/2016,2016-11-05,True
2016-11-05,Hamburg,Dortmund,0.716262,2.88584,2807,2016,https://understat.com/getLeagueData/Bundesliga/2016,2016-11-05,True
2016-11-05,Ingolstadt,Augsburg,0.587399,1.15792,2808,2016,https://understat.com/getLeagueData/Bundesliga/2016,2016-11-05,True
2016-11-05,Leverkusen,Darmstadt,0.674028,0.863248,2810,2016,https://understat.com/getLeagueData/Bundesliga/2016,2016-11-05,True
2016-11-06,RB Leipzig,Mainz,2.98005,0.510631,2813,2016,https://understat.com/getLeagueData/Bundesliga/2016,2016-11-06,True
2016-11-06,Schalke 04,Werder Bremen,2.84842,1.0143,2814,2016,https://understat.com/getLeagueData/Bundesliga/2016,2016-11-06,True
2016-11-18,Leverkusen,RB Leipzig,1.85187,1.13026,2815,2016,https://understat.com/getLeagueData/Bundesliga/2016,2016-11-18,True
2016-11-19,Augsburg,Hertha,1.1004,1.42162,2819,2016,https://understat.com/getLeagueData/Bundesliga/2016,2016-11-19,True
2016-11-19,Darmstadt,Ingolstadt,1.92547,1.18409,2820,2016,https://understat.com/getLeagueData/Bundesliga/2016,2016-11-19,True
2016-11-19,Dortmund,Bayern Munich,1.55352,0.929514,2821,2016,https://understat.com/getLeagueData/Bundesliga/2016,2016-11-19,True
2016-11-19,M'gladbach,FC Koln,2.04672,0.413052,2816,2016,https://understat.com/getLeagueData/Bundesliga/2016,2016-11-19,True
2016-11-19,Mainz,Freiburg,2.51061,2.46211,2817,2016,https://understat.com/getLeagueData/Bundesliga/2016,2016-11-19,True
2016-11-19,Wolfsburg,Schalke 04,0.273387,1.12414,2818,2016,https://understat.com/getLeagueData/Bundesliga/2016,2016-11-19,True
2016-11-20,Hoffenheim,Hamburg,2.31892,1.80116,2822,2016,https://understat.com/getLeagueData/Bundesliga/2016,2016-11-20,True
2016-11-20,Werder Bremen,Ein Frankfurt,1.03212,1.62014,2823,2016,https://understat.com/getLeagueData/Bundesliga/2016,2016-11-20,True
2016-11-25,Freiburg,RB Leipzig,0.683397,1.90539,2824,2016,https://understat.com/getLeagueData/Bundesliga/2016,2016-11-25,True
2016-11-26,Bayern Munich,Leverkusen,1.68783,1.26793,2830,2016,https://understat.com/getLeagueData/Bundesliga/2016,2016-11-26,True
2016-11-26,Ein Frankfurt,Dortmund,0.686336,1.66759,2829,2016,https://understat.com/getLeagueData/Bundesliga/2016,2016-11-26,True
2016-11-26,FC Koln,Augsburg,1.38658,0.50809,2825,2016,https://understat.com/getLeagueData/Bundesliga/2016,2016-11-26,True
2016-11-26,Hamburg,Werder Bremen,2.17271,1.21396,2827,2016,https://understat.com/getLeagueData/Bundesliga/2016,2016-11-26,True
2016-11-26,Ingolstadt,Wolfsburg,3.68791,0.504027,2828,2016,https://understat.com/getLeagueData/Bundesliga/2016,2016-11-26,True
2016-11-26,M'gladbach,Hoffenheim,1.845,0.827583,2826,2016,https://understat.com/getLeagueData/Bundesliga/2016,2016-11-26,True
2016-11-27,Hertha,Mainz,1.63472,1.52234,2832,2016,https://understat.com/getLeagueData/Bundesliga/2016,2016-11-27,True
2016-11-27,Schalke 04,Darmstadt,2.7318,1.26539,2831,2016,https://understat.com/getLeagueData/Bundesliga/2016,2016-11-27,True
2016-12-02,Mainz,Bayern Munich,0.47533,1.67552,3192,2016,https://understat.com/getLeagueData/Bundesliga/2016,2016-12-02,True
2016-12-03,Dortmund,M'gladbach,2.39193,0.731465,3194,2016,https://understat.com/getLeagueData/Bundesliga/2016,2016-12-03,True
2016-12-03,Hoffenheim,FC Koln,2.16731,1.83627,3196,2016,https://understat.com/getLeagueData/Bundesliga/2016,2016-12-03,True
2016-12-03,Leverkusen,Freiburg,3.31063,0.599753,3195,2016,https://understat.com/getLeagueData/Bundesliga/2016,2016-12-03,True
2016-12-03,RB Leipzig,Schalke 04,1.8836,1.12833,3198,2016,https://understat.com/getLeagueData/Bundesliga/2016,2016-12-03,True
2016-12-03,Werder Bremen,Ingolstadt,2.23558,1.09704,3197,2016,https://understat.com/getLeagueData/Bundesliga/2016,2016-12-03,True
2016-12-03,Wolfsburg,Hertha,1.13683,1.54821,3193,2016,https://understat.com/getLeagueData/Bundesliga/2016,2016-12-03,True
2016-12-04,Augsburg,Ein Frankfurt,0.671214,0.390793,3200,2016,https://understat.com/getLeagueData/Bundesliga/2016,2016-12-04,True
2016-12-04,Darmstadt,Hamburg,0.567564,2.12004,3199,2016,https://understat.com/getLeagueData/Bundesliga/2016,2016-12-04,True
2016-12-09,Ein Frankfurt,Hoffenheim,0.582927,0.212786,3201,2016,https://understat.com/getLeagueData/Bundesliga/2016,2016-12-09,True
2016-12-10,Bayern Munich,Wolfsburg,2.18433,0.422847,3206,2016,https://understat.com/getLeagueData/Bundesliga/2016,2016-12-10,True
2016-12-10,FC Koln,Dortmund,0.905376,0.740252,3203,2016,https://understat.com/getLeagueData/Bundesliga/2016,2016-12-10,True
2016-12-10,Freiburg,Darmstadt,1.61481,0.604576,3202,2016,https://understat.com/getLeagueData/Bundesliga/2016,2016-12-10,True
2016-12-10,Hamburg,Augsburg,0.886586,0.952731,3204,2016,https://understat.com/getLeagueData/Bundesliga/2016,2016-12-10,True
2016-12-10,Hertha,Werder Bremen,0.521946,1.371,3207,2016,https://understat.com/getLeagueData/Bundesliga/2016,2016-12-10,True
2016-12-10,Ingolstadt,RB Leipzig,0.577386,1.51305,3205,2016,https://understat.com/getLeagueData/Bundesliga/2016,2016-12-10,True
2016-12-11,M'gladbach,Mainz,0.355797,0.530834,3208,2016,https://understat.com/getLeagueData/Bundesliga/2016,2016-12-11,True
2016-12-11,Schalke 04,Leverkusen,0.699097,1.23195,3209,2016,https://understat.com/getLeagueData/Bundesliga/2016,2016-12-11,True
2016-12-16,Hoffenheim,Dortmund,1.54298,1.48937,3210,2016,https://understat.com/getLeagueData/Bundesliga/2016,2016-12-16,True
2016-12-17,Augsburg,M'gladbach,0.34872,0.283914,3211,2016,https://understat.com/getLeagueData/Bundesliga/2016,2016-12-17,True
2016-12-17,Mainz,Hamburg,1.36545,0.900534,3215,2016,https://understat.com/getLeagueData/Bundesliga/2016,2016-12-17,True
2016-12-17,RB Leipzig,Hertha,1.64142,0.199768,3213,2016,https://understat.com/getLeagueData/Bundesliga/2016,2016-12-17,True
2016-12-17,Schalke 04,Freiburg,0.958265,1.25505,3214,2016,https://understat.com/getLeagueData/Bundesliga/2016,2016-12-17,True
2016-12-17,Werder Bremen,FC Koln,0.377752,1.84906,3212,2016,https://understat.com/getLeagueData/Bundesliga/2016,2016-12-17,True
2016-12-17,Wolfsburg,Ein Frankfurt,1.75441,1.38982,3216,2016,https://understat.com/getLeagueData/Bundesliga/2016,2016-12-17,True
2016-12-18,Darmstadt,Bayern Munich,0.869666,1.21772,3217,2016,https://understat.com/getLeagueData/Bundesliga/2016,2016-12-18,True
2016-12-18,Leverkusen,Ingolstadt,0.571467,2.29253,3218,2016,https://understat.com/getLeagueData/Bundesliga/2016,2016-12-18,True
2016-12-20,Dortmund,Augsburg,1.98186,1.18385,3222,2016,https://understat.com/getLeagueData/Bundesliga/2016,2016-12-20,True
2016-12-20,Ein Frankfurt,Mainz,1.76293,1.05038,3219,2016,https://understat.com/getLeagueData/Bundesliga/2016,2016-12-20,True
2016-12-20,Hamburg,Schalke 04,2.47737,0.439814,3221,2016,https://understat.com/getLeagueData/Bundesliga/2016,2016-12-20,True
2016-12-20,M'gladbach,Wolfsburg,1.53544,2.26217,3220,2016,https://understat.com/getLeagueData/Bundesliga/2016,2016-12-20,True
2016-12-21,Bayern Munich,RB Leipzig,4.92205,0.135897,3227,2016,https://understat.com/getLeagueData/Bundesliga/2016,2016-12-21,True
2016-12-21,FC Koln,Leverkusen,0.721118,1.45189,3226,2016,https://understat.com/getLeagueData/Bundesliga/2016,2016-12-21,True
2016-12-21,Hertha,Darmstadt,2.04959,1.07625,3225,2016,https://understat.com/getLeagueData/Bundesliga/2016,2016-12-21,True
2016-12-21,Hoffenheim,Werder Bremen,1.51059,0.546119,3224,2016,https://understat.com/getLeagueData/Bundesliga/2016,2016-12-21,True
2016-12-21,Ingolstadt,Freiburg,1.2843,1.5487,3223,2016,https://understat.com/getLeagueData/Bundesliga/2016,2016-12-21,True
2017-01-20,Freiburg,Bayern Munich,0.696302,0.60487,3722,2016,https://understat.com/getLeagueData/Bundesliga/2016,2017-01-20,True
2017-01-21,Augsburg,Hoffenheim,0.45179,1.89483,3725,2016,https://understat.com/getLeagueData/Bundesliga/2016,2017-01-21,True
2017-01-21,Darmstadt,M'gladbach,0.802235,1.26715,3727,2016,https://understat.com/getLeagueData/Bundesliga/2016,2017-01-21,True
2017-01-21,RB Leipzig,Ein Frankfurt,3.05773,0.617185,3728,2016,https://understat.com/getLeagueData/Bundesliga/2016,2017-01-21,True
2017-01-21,Schalke 04,Ingolstadt,2.02155,0.522735,3723,2016,https://understat.com/getLeagueData/Bundesliga/2016,2017-01-21,True
2017-01-21,Werder Bremen,Dortmund,0.683532,2.86037,3726,2016,https://understat.com/getLeagueData/Bundesliga/2016,2017-01-21,True
2017-01-21,Wolfsburg,Hamburg,1.13564,0.666936,3724,2016,https://understat.com/getLeagueData/Bundesliga/2016,2017-01-21,True
2017-01-22,Leverkusen,Hertha,2.20774,1.18956,3729,2016,https://understat.com/getLeagueData/Bundesliga/2016,2017-01-22,True
2017-01-22,Mainz,FC Koln,0.489561,0.407808,3730,2016,https://understat.com/getLeagueData/Bundesliga/2016,2017-01-22,True
2017-01-27,Schalke 04,Ein Frankfurt,0.621137,0.416066,3731,2016,https://understat.com/getLeagueData/Bundesliga/2016,2017-01-27,True
2017-01-28,Darmstadt,FC Koln,1.55993,3.27302,3736,2016,https://understat.com/getLeagueData/Bundesliga/2016,2017-01-28,True
2017-01-28,Ingolstadt,Hamburg,1.41586,0.491104,3734,2016,https://understat.com/getLeagueData/Bundesliga/2016,2017-01-28,True
2017-01-28,Leverkusen,M'gladbach,1.53578,1.90101,3737,2016,https://understat.com/getLeagueData/Bundesliga/2016,2017-01-28,True
2017-01-28,RB Leipzig,Hoffenheim,1.47923,0.793259,3732,2016,https://understat.com/getLeagueData/Bundesliga/2016,2017-01-28,True
2017-01-28,Werder Bremen,Bayern Munich,0.740585,0.664364,3735,2016,https://understat.com/getLeagueData/Bundesliga/2016,2017-01-28,True
2017-01-28,Wolfsburg,Augsburg,1.51608,2.03309,3733,2016,https://understat.com/getLeagueData/Bundesliga/2016,2017-01-28,True
2017-01-29,Freiburg,Hertha,0.618883,0.529186,3738,2016,https://understat.com/getLeagueData/Bundesliga/2016,2017-01-29,True
2017-01-29,Mainz,Dortmund,0.681513,1.16864,3739,2016,https://understat.com/getLeagueData/Bundesliga/2016,2017-01-29,True
2017-02-03,Hamburg,Leverkusen,1.0957,0.258906,3740,2016,https://understat.com/getLeagueData/Bundesliga/2016,2017-02-03,True
2017-02-04,Bayern Munich,Schalke 04,1.20803,0.933229,3743,2016,https://understat.com/getLeagueData/Bundesliga/2016,2017-02-04,True
2017-02-04,Dortmund,RB Leipzig,3.12438,0.0680623,3746,2016,https://understat.com/getLeagueData/Bundesliga/2016,2017-02-04,True
2017-02-04,FC Koln,Wolfsburg,1.1942,0.620852,3741,2016,https://understat.com/getLeagueData/Bundesliga/2016,2017-02-04,True
2017-02-04,Hertha,Ingolstadt,0.810684,0.523057,3745,2016,https://understat.com/getLeagueData/Bundesliga/2016,2017-02-04,True
2017-02-04,Hoffenheim,Mainz,2.43327,0.895123,3742,2016,https://understat.com/getLeagueData/Bundesliga/2016,2017-02-04,True
2017-02-04,M'gladbach,Freiburg,1.86188,0.546023,3744,2016,https://understat.com/getLeagueData/Bundesliga/2016,2017-02-04,True
2017-02-05,Augsburg,Werder Bremen,1.59519,2.32944,3747,2016,https://understat.com/getLeagueData/Bundesliga/2016,2017-02-05,True
2017-02-05,Ein Frankfurt,Darmstadt,2.40111,0.250504,3748,2016,https://understat.com/getLeagueData/Bundesliga/2016,2017-02-05,True
2017-02-10,Mainz,Augsburg,1.63564,0.427462,3749,2016,https://understat.com/getLeagueData/Bundesliga/2016,2017-02-10,True
2017-02-11,Darmstadt,Dortmund,1.93475,0.746753,3751,2016,https://understat.com/getLeagueData/Bundesliga/2016,2017-02-11,True
2017-02-11,Ingolstadt,Bayern Munich,0.436757,1.89105,3753,2016,https://understat.com/getLeagueData/Bundesliga/2016,2017-02-11,True
2017-02-11,Leverkusen,Ein Frankfurt,2.54416,0.632868,3750,2016,https://understat.com/getLeagueData/Bundesliga/2016,2017-02-11,True
2017-02-11,RB Leipzig,Hamburg,1.39703,1.4821,3752,2016,https://understat.com/getLeagueData/Bundesliga/2016,2017-02-11,True
2017-02-11,Schalke 04,Hertha,1.20548,0.577284,3755,2016,https://understat.com/getLeagueData/Bundesliga/2016,2017-02-11,True
2017-02-11,Werder Bremen,M'gladbach,1.06174,1.32359,3754,2016,https://understat.com/getLeagueData/Bundesliga/2016,2017-02-11,True
2017-02-12,Freiburg,FC Koln,0.928509,1.74238,3757,2016,https://understat.com/getLeagueData/Bundesliga/2016,2017-02-12,True
2017-02-12,Wolfsburg,Hoffenheim,2.33121,0.874317,3756,2016,https://understat.com/getLeagueData/Bundesliga/2016,2017-02-12,True
2017-02-17,Augsburg,Leverkusen,1.44908,3.27707,3758,2016,https://understat.com/getLeagueData/Bundesliga/2016,2017-02-17,True
2017-02-18,Dortmund,Wolfsburg,2.5227,0.213682,3763,2016,https://understat.com/getLeagueData/Bundesliga/2016,2017-02-18,True
2017-02-18,Ein Frankfurt,Ingolstadt,2.1199,1.37301,3759,2016,https://understat.com/getLeagueData/Bundesliga/2016,2017-02-18,True
2017-02-18,Hamburg,Freiburg,1.63591,0.940296,3764,2016,https://understat.com/getLeagueData/Bundesliga/2016,2017-02-18,True
2017-02-18,Hertha,Bayern Munich,0.925318,1.28308,3762,2016,https://understat.com/getLeagueData/Bundesliga/2016,2017-02-18,True
2017-02-18,Hoffenheim,Darmstadt,1.73239,0.316848,3760,2016,https://understat.com/getLeagueData/Bundesliga/2016,2017-02-18,True
2017-02-18,Mainz,Werder Bremen,0.855557,0.560453,3761,2016,https://understat.com/getLeagueData/Bundesliga/2016,2017-02-18,True
2017-02-19,FC Koln,Schalke 04,0.302197,1.77578,3766,2016,https://understat.com/getLeagueData/Bundesliga/2016,2017-02-19,True
2017-02-19,M'gladbach,RB Leipzig,1.38933,0.75509,3765,2016,https://understat.com/getLeagueData/Bundesliga/2016,2017-02-19,True
2017-02-24,Wolfsburg,Werder Bremen,2.1184,1.05277,3767,2016,https://understat.com/getLeagueData/Bundesliga/2016,2017-02-24,True
2017-02-25,Bayern Munich,Hamburg,3.61743,0.228928,3772,2016,https://understat.com/getLeagueData/Bundesliga/2016,2017-02-25,True
2017-02-25,Darmstadt,Augsburg,0.680607,1.81789,3768,2016,https://understat.com/getLeagueData/Bundesliga/2016,2017-02-25,True
2017-02-25,Freiburg,Dortmund,0.318406,5.0778,3770,2016,https://understat.com/getLeagueData/Bundesliga/2016,2017-02-25,True
2017-02-25,Hertha,Ein Frankfurt,0.743606,0.550767,3773,2016,https://understat.com/getLeagueData/Bundesliga/2016,2017-02-25,True
2017-02-25,Leverkusen,Mainz,1.00907,1.36951,3771,2016,https://understat.com/getLeagueData/Bundesliga/2016,2017-02-25,True
2017-02-25,RB Leipzig,FC Koln,0.94132,0.696948,3769,2016,https://understat.com/getLeagueData/Bundesliga/2016,2017-02-25,True
2017-02-26,Ingolstadt,M'gladbach,0.876174,1.15857,3774,2016,https://understat.com/getLeagueData/Bundesliga/2016,2017-02-26,True
2017-02-26,Schalke 04,Hoffenheim,0.282474,0.907791,3775,2016,https://understat.com/getLeagueData/Bundesliga/2016,2017-02-26,True
2017-03-03,Augsburg,RB Leipzig,0.825387,1.38005,3776,2016,https://understat.com/getLeagueData/Bundesliga/2016,2017-03-03,True
2017-03-04,Dortmund,Leverkusen,4.87346,0.634697,3781,2016,https://understat.com/getLeagueData/Bundesliga/2016,2017-03-04,True
2017-03-04,FC Koln,Bayern Munich,0.184391,1.609,3778,2016,https://understat.com/getLeagueData/Bundesliga/2016,2017-03-04,True
2017-03-04,Hoffenheim,Ingolstadt,2.00625,0.755565,3780,2016,https://understat.com/getLeagueData/Bundesliga/2016,2017-03-04,True
2017-03-04,M'gladbach,Schalke 04,3.02164,1.29836,3782,2016,https://understat.com/getLeagueData/Bundesliga/2016,2017-03-04,True
2017-03-04,Mainz,Wolfsburg,0.943015,0.753265,3777,2016,https://understat.com/getLeagueData/Bundesliga/2016,2017-03-04,True
2017-03-04,Werder Bremen,Darmstadt,1.99892,1.68003,3779,2016,https://understat.com/getLeagueData/Bundesliga/2016,2017-03-04,True
2017-03-05,Ein Frankfurt,Freiburg,1.72726,1.64187,3783,2016,https://understat.com/getLeagueData/Bundesliga/2016,2017-03-05,True
2017-03-05,Hamburg,Hertha,0.696504,0.385743,3784,2016,https://understat.com/getLeagueData/Bundesliga/2016,2017-03-05,True
2017-03-10,Leverkusen,Werder Bremen,1.64424,0.977419,3785,2016,https://understat.com/getLeagueData/Bundesliga/2016,2017-03-10,True
2017-03-11,Bayern Munich,Ein Frankfurt,2.93121,0.753534,3786,2016,https://understat.com/getLeagueData/Bundesliga/2016,2017-03-11,True
2017-03-11,Darmstadt,Mainz,1.66213,1.29857,3787,2016,https://understat.com/getLeagueData/Bundesliga/2016,2017-03-11,True
2017-03-11,Freiburg,Hoffenheim,1.14554,1.59538,3788,2016,https://understat.com/getLeagueData/Bundesliga/2016,2017-03-11,True
2017-03-11,Hertha,Dortmund,1.73774,1.08133,3790,2016,https://understat.com/getLeagueData/Bundesliga/2016,2017-03-11,True
2017-03-11,Ingolstadt,FC Koln,1.42995,1.28155,3791,2016,https://understat.com/getLeagueData/Bundesliga/2016,2017-03-11,True
2017-03-11,RB Leipzig,Wolfsburg,0.594929,1.70049,3789,2016,https://understat.com/getLeagueData/Bundesliga/2016,2017-03-11,True
2017-03-12,Hamburg,M'gladbach,1.4575,1.31382,3793,2016,https://understat.com/getLeagueData/Bundesliga/2016,2017-03-12,True
2017-03-12,Schalke 04,Augsburg,3.76518,1.05335,3792,2016,https://understat.com/getLeagueData/Bundesliga/2016,2017-03-12,True
2017-03-17,Dortmund,Ingolstadt,0.574065,1.37608,3794,2016,https://understat.com/getLeagueData/Bundesliga/2016,2017-03-17,True
2017-03-18,Augsburg,Freiburg,1.13915,1.03907,3797,2016,https://understat.com/getLeagueData/Bundesliga/2016,2017-03-18,True
2017-03-18,Ein Frankfurt,Hamburg,1.03591,0.134726,3800,2016,https://understat.com/getLeagueData/Bundesliga/2016,2017-03-18,True
2017-03-18,FC Koln,Hertha,1.0584,1.69998,3796,2016,https://understat.com/getLeagueData/Bundesliga/2016,2017-03-18,True
2017-03-18,Hoffenheim,Leverkusen,1.75958,0.992443,3799,2016,https://understat.com/getLeagueData/Bundesliga/2016,2017-03-18,True
2017-03-18,Werder Bremen,RB Leipzig,1.39387,0.689398,3798,2016,https://understat.com/getLeagueData/Bundesliga/2016,2017-03-18,True
2017-03-18,Wolfsburg,Darmstadt,2.27784,0.745708,3795,2016,https://understat.com/getLeagueData/Bundesliga/2016,2017-03-18,True
2017-03-19,M'gladbach,Bayern Munich,0.75605,2.21621,3802,2016,https://understat.com/getLeagueData/Bundesliga/2016,2017-03-19,True
2017-03-19,Mainz,Schalke 04,0.645262,1.04603,3801,2016,https://understat.com/getLeagueData/Bundesliga/2016,2017-03-19,True
2017-03-31,Hertha,Hoffenheim,0.269789,3.16527,3803,2016,https://understat.com/getLeagueData/Bundesliga/2016,2017-03-31,True
2017-04-01,Bayern Munich,Augsburg,3.67736,0.186673,3805,2016,https://understat.com/getLeagueData/Bundesliga/2016,2017-04-01,True
2017-04-01,Ein Frankfurt,M'gladbach,2.70815,0.205804,3809,2016,https://understat.com/getLeagueData/Bundesliga/2016,2017-04-01,True
2017-04-01,Freiburg,Werder Bremen,1.76818,1.03239,3807,2016,https://understat.com/getLeagueData/Bundesliga/2016,2017-04-01,True
2017-04-01,Hamburg,FC Koln,1.36149,1.13052,3804,2016,https://understat.com/getLeagueData/Bundesliga/2016,2017-04-01,True
2017-04-01,RB Leipzig,Darmstadt,4.00225,1.05189,3808,2016,https://understat.com/getLeagueData/Bundesliga/2016,2017-04-01,True
2017-04-01,Schalke 04,Dortmund,0.578624,0.916317,3806,2016,https://understat.com/getLeagueData/Bundesliga/2016,2017-04-01,True
2017-04-02,Ingolstadt,Mainz,1.5092,0.767112,3810,2016,https://understat.com/getLeagueData/Bundesliga/2016,2017-04-02,True
2017-04-02,Leverkusen,Wolfsburg,0.779828,1.79787,3811,2016,https://understat.com/getLeagueData/Bundesliga/2016,2017-04-02,True
2017-04-04,Dortmund,Hamburg,3.96885,1.01065,3812,2016,https://understat.com/getLeagueData/Bundesliga/2016,2017-04-04,True
2017-04-04,FC Koln,Ein Frankfurt,0.731269,0.651039,3813,2016,https://understat.com/getLeagueData/Bundesliga/2016,2017-04-04,True
2017-04-04,Hoffenheim,Bayern Munich,0.972676,1.89107,3815,2016,https://understat.com/getLeagueData/Bundesliga/2016,2017-04-04,True
2017-04-04,Werder Bremen,Schalke 04,2.02275,0.731092,3814,2016,https://understat.com/getLeagueData/Bundesliga/2016,2017-04-04,True
2017-04-05,Augsburg,Ingolstadt,1.36168,1.76551,3817,2016,https://understat.com/getLeagueData/Bundesliga/2016,2017-04-05,True
2017-04-05,Darmstadt,Leverkusen,0.548735,2.05324,3816,2016,https://understat.com/getLeagueData/Bundesliga/2016,2017-04-05,True
2017-04-05,M'gladbach,Hertha,1.82471,0.863378,3820,2016,https://understat.com/getLeagueData/Bundesliga/2016,2017-04-05,True
2017-04-05,Mainz,RB Leipzig,2.90081,1.62551,3818,2016,https://understat.com/getLeagueData/Bundesliga/2016,2017-04-05,True
2017-04-05,Wolfsburg,Freiburg,1.9679,0.859006,3819,2016,https://understat.com/getLeagueData/Bundesliga/2016,2017-04-05,True
2017-04-07,Ein Frankfurt,Werder Bremen,2.5197,0.550904,3821,2016,https://understat.com/getLeagueData/Bundesliga/2016,2017-04-07,True
2017-04-08,Bayern Munich,Dortmund,1.9556,0.696828,3827,2016,https://understat.com/getLeagueData/Bundesliga/2016,2017-04-08,True
2017-04-08,FC Koln,M'gladbach,0.968922,0.615319,3825,2016,https://understat.com/getLeagueData/Bundesliga/2016,2017-04-08,True
2017-04-08,Freiburg,Mainz,0.937258,0.851206,3822,2016,https://understat.com/getLeagueData/Bundesliga/2016,2017-04-08,True
2017-04-08,Hamburg,Hoffenheim,0.920754,1.40908,3826,2016,https://understat.com/getLeagueData/Bundesliga/2016,2017-04-08,True
2017-04-08,RB Leipzig,Leverkusen,1.51489,0.629889,3823,2016,https://understat.com/getLeagueData/Bundesliga/2016,2017-04-08,True
2017-04-08,Schalke 04,Wolfsburg,1.64298,1.59019,3824,2016,https://understat.com/getLeagueData/Bundesliga/2016,2017-04-08,True
2017-04-09,Hertha,Augsburg,1.87729,0.668736,3828,2016,https://understat.com/getLeagueData/Bundesliga/2016,2017-04-09,True
2017-04-09,Ingolstadt,Darmstadt,3.65862,0.980139,3829,2016,https://understat.com/getLeagueData/Bundesliga/2016,2017-04-09,True
2017-04-15,Augsburg,FC Koln,1.08513,1.39565,3834,2016,https://understat.com/getLeagueData/Bundesliga/2016,2017-04-15,True
2017-04-15,Dortmund,Ein Frankfurt,2.56997,0.981383,3830,2016,https://understat.com/getLeagueData/Bundesliga/2016,2017-04-15,True
2017-04-15,Hoffenheim,M'gladbach,2.0053,2.23834,3838,2016,https://understat.com/getLeagueData/Bundesliga/2016,2017-04-15,True
2017-04-15,Leverkusen,Bayern Munich,0.380752,2.14432,3831,2016,https://understat.com/getLeagueData/Bundesliga/2016,2017-04-15,True
2017-04-15,Mainz,Hertha,1.02606,0.261043,3835,2016,https://understat.com/getLeagueData/Bundesliga/2016,2017-04-15,True
2017-04-15,RB Leipzig,Freiburg,1.19051,0.690412,3837,2016,https://understat.com/getLeagueData/Bundesliga/2016,2017-04-15,True
2017-04-15,Wolfsburg,Ingolstadt,1.60835,0.155444,3836,2016,https://understat.com/getLeagueData/Bundesliga/2016,2017-04-15,True
2017-04-16,Darmstadt,Schalke 04,1.48412,2.79502,3833,2016,https://understat.com/getLeagueData/Bundesliga/2016,2017-04-16,True
2017-04-16,Werder Bremen,Hamburg,1.74435,0.695911,3832,2016,https://understat.com/getLeagueData/Bundesliga/2016,2017-04-16,True
2017-04-21,FC Koln,Hoffenheim,1.18729,1.16684,3842,2016,https://understat.com/getLeagueData/Bundesliga/2016,2017-04-21,True
2017-04-22,Bayern Munich,Mainz,0.916519,1.75151,3839,2016,https://understat.com/getLeagueData/Bundesliga/2016,2017-04-22,True
2017-04-22,Ein Frankfurt,Augsburg,2.01622,0.793224,3845,2016,https://understat.com/getLeagueData/Bundesliga/2016,2017-04-22,True
2017-04-22,Hamburg,Darmstadt,1.14997,1.31693,3841,2016,https://understat.com/getLeagueData/Bundesliga/2016,2017-04-22,True
2017-04-22,Hertha,Wolfsburg,1.98048,1.57197,3843,2016,https://understat.com/getLeagueData/Bundesliga/2016,2017-04-22,True
2017-04-22,Ingolstadt,Werder Bremen,2.2262,2.20579,3846,2016,https://understat.com/getLeagueData/Bundesliga/2016,2017-04-22,True
2017-04-22,M'gladbach,Dortmund,0.855144,1.94133,3840,2016,https://understat.com/getLeagueData/Bundesliga/2016,2017-04-22,True
2017-04-23,Freiburg,Leverkusen,1.0518,1.14702,3847,2016,https://understat.com/getLeagueData/Bundesliga/2016,2017-04-23,True
2017-04-23,Schalke 04,RB Leipzig,0.768932,0.73343,3844,2016,https://understat.com/getLeagueData/Bundesliga/2016,2017-04-23,True
2017-04-28,Leverkusen,Schalke 04,1.26441,2.46126,3856,2016,https://understat.com/getLeagueData/Bundesliga/2016,2017-04-28,True
2017-04-29,Darmstadt,Freiburg,1.61424,1.11673,3849,2016,https://understat.com/getLeagueData/Bundesliga/2016,2017-04-29,True
2017-04-29,Dortmund,FC Koln,2.67669,0.275427,3848,2016,https://understat.com/getLeagueData/Bundesliga/2016,2017-04-29,True
2017-04-29,Mainz,M'gladbach,2.1399,1.22816,3855,2016,https://understat.com/getLeagueData/Bundesliga/2016,2017-04-29,True
2017-04-29,RB Leipzig,Ingolstadt,1.50493,0.593622,3851,2016,https://understat.com/getLeagueData/Bundesliga/2016,2017-04-29,True
2017-04-29,Werder Bremen,Hertha,1.83478,0.761313,3850,2016,https://understat.com/getLeagueData/Bundesliga/2016,2017-04-29,True
2017-04-29,Wolfsburg,Bayern Munich,0.364748,2.26407,3854,2016,https://understat.com/getLeagueData/Bundesliga/2016,2017-04-29,True
2017-04-30,Augsburg,Hamburg,2.14215,0.294926,3853,2016,https://understat.com/getLeagueData/Bundesliga/2016,2017-04-30,True
2017-04-30,Hoffenheim,Ein Frankfurt,0.595004,0.172208,3852,2016,https://understat.com/getLeagueData/Bundesliga/2016,2017-04-30,True
2017-05-05,FC Koln,Werder Bremen,2.86367,1.59994,3863,2016,https://understat.com/getLeagueData/Bundesliga/2016,2017-05-05,True
2017-05-06,Bayern Munich,Darmstadt,2.4342,1.1907,3859,2016,https://understat.com/getLeagueData/Bundesliga/2016,2017-05-06,True
2017-05-06,Dortmund,Hoffenheim,2.58723,1.03413,3860,2016,https://understat.com/getLeagueData/Bundesliga/2016,2017-05-06,True
2017-05-06,Ein Frankfurt,Wolfsburg,1.14243,1.41291,3857,2016,https://understat.com/getLeagueData/Bundesliga/2016,2017-05-06,True
2017-05-06,Hertha,RB Leipzig,0.23152,2.56445,3862,2016,https://understat.com/getLeagueData/Bundesliga/2016,2017-05-06,True
2017-05-06,Ingolstadt,Leverkusen,0.432267,1.38231,3865,2016,https://understat.com/getLeagueData/Bundesliga/2016,2017-05-06,True
2017-05-06,M'gladbach,Augsburg,1.36962,1.5852,3861,2016,https://understat.com/getLeagueData/Bundesliga/2016,2017-05-06,True
2017-05-07,Freiburg,Schalke 04,2.48307,0.422559,3858,2016,https://understat.com/getLeagueData/Bundesliga/2016,2017-05-07,True
2017-05-07,Hamburg,Mainz,0.327514,1.37521,3864,2016,https://understat.com/getLeagueData/Bundesliga/2016,2017-05-07,True
2017-05-13,Augsburg,Dortmund,1.27027,1.7547,3870,2016,https://understat.com/getLeagueData/Bundesliga/2016,2017-05-13,True
2017-05-13,Darmstadt,Hertha,0.754449,1.58846,3872,2016,https://understat.com/getLeagueData/Bundesliga/2016,2017-05-13,True
2017-05-13,Freiburg,Ingolstadt,1.27196,1.89065,3873,2016,https://understat.com/getLeagueData/Bundesliga/2016,2017-05-13,True
2017-05-13,Leverkusen,FC Koln,2.64929,0.970487,3866,2016,https://understat.com/getLeagueData/Bundesliga/2016,2017-05-13,True
2017-05-13,Mainz,Ein Frankfurt,1.77492,1.64384,3868,2016,https://understat.com/getLeagueData/Bundesliga/2016,2017-05-13,True
2017-05-13,RB Leipzig,Bayern Munich,2.0471,3.61687,3874,2016,https://understat.com/getLeagueData/Bundesliga/2016,2017-05-13,True
2017-05-13,Schalke 04,Hamburg,1.23798,1.82811,3867,2016,https://understat.com/getLeagueData/Bundesliga/2016,2017-05-13,True
2017-05-13,Werder Bremen,Hoffenheim,1.44786,1.01187,3871,2016,https://understat.com/getLeagueData/Bundesliga/2016,2017-05-13,True
2017-05-13,Wolfsburg,M'gladbach,1.26549,1.65365,3869,2016,https://understat.com/getLeagueData/Bundesliga/2016,2017-05-13,True
2017-05-20,Bayern Munich,Freiburg,3.93385,1.52892,3883,2016,https://understat.com/getLeagueData/Bundesliga/2016,2017-05-20,True
2017-05-20,Dortmund,Werder Bremen,4.35162,1.6445,3875,2016,https://understat.com/getLeagueData/Bundesliga/2016,2017-05-20,True
2017-05-20,Ein Frankfurt,RB Leipzig,2.26092,1.38077,3882,2016,https://understat.com/getLeagueData/Bundesliga/2016,2017-05-20,True
2017-05-20,FC Koln,Mainz,1.29204,0.141602,3878,2016,https://understat.com/getLeagueData/Bundesliga/2016,2017-05-20,True
2017-05-20,Hamburg,Wolfsburg,0.566862,0.872557,3879,2016,https://understat.com/getLeagueData/Bundesliga/2016,2017-05-20,True
2017-05-20,Hertha,Leverkusen,3.7783,4.4212,3877,2016,https://understat.com/getLeagueData/Bundesliga/2016,2017-05-20,True
2017-05-20,Hoffenheim,Augsburg,0.825898,0.264815,3881,2016,https://understat.com/getLeagueData/Bundesliga/2016,2017-05-20,True
2017-05-20,Ingolstadt,Schalke 04,2.6011,1.13122,3880,2016,https://understat.com/getLeagueData/Bundesliga/2016,2017-05-20,True
2017-05-20,M'gladbach,Darmstadt,1.97938,0.597895,3876,2016,https://understat.com/getLeagueData/Bundesliga/2016,2017-05-20,True
2017-08-18,Bayern Munich,Leverkusen,2.77906,1.8866,8259,2017,https://understat.com/getLeagueData/Bundesliga/2017,2017-08-18,True
2017-08-19,Hamburg,Augsburg,0.55238,0.573987,8262,2017,https://understat.com/getLeagueData/Bundesliga/2017,2017-08-19,True
2017-08-19,Hertha,Stuttgart,0.436556,0.879388,8261,2017,https://understat.com/getLeagueData/Bundesliga/2017,2017-08-19,True
2017-08-19,Hoffenheim,Werder Bremen,0.97427,0.806833,8260,2017,https://understat.com/getLeagueData/Bundesliga/2017,2017-08-19,True
2017-08-19,Mainz,Hannover,0.526663,0.610149,8263,2017,https://understat.com/getLeagueData/Bundesliga/2017,2017-08-19,True
2017-08-19,Schalke 04,RB Leipzig,1.91233,0.791215,8265,2017,https://understat.com/getLeagueData/Bundesliga/2017,2017-08-19,True
2017-08-19,Wolfsburg,Dortmund,0.495065,1.12424,8264,2017,https://understat.com/getLeagueData/Bundesliga/2017,2017-08-19,True
2017-08-20,Freiburg,Ein Frankfurt,0.231368,1.54296,8266,2017,https://understat.com/getLeagueData/Bundesliga/2017,2017-08-20,True
2017-08-20,M'gladbach,FC Koln,1.62503,0.837903,8267,2017,https://understat.com/getLeagueData/Bundesliga/2017,2017-08-20,True
2017-08-25,FC Koln,Hamburg,1.88741,1.64554,8268,2017,https://understat.com/getLeagueData/Bundesliga/2017,2017-08-25,True
2017-08-26,Augsburg,M'gladbach,2.45658,1.3232,8272,2017,https://understat.com/getLeagueData/Bundesliga/2017,2017-08-26,True
2017-08-26,Dortmund,Hertha,2.06987,0.406341,8274,2017,https://understat.com/getLeagueData/Bundesliga/2017,2017-08-26,True
2017-08-26,Ein Frankfurt,Wolfsburg,0.926888,1.07528,8270,2017,https://understat.com/getLeagueData/Bundesliga/2017,2017-08-26,True
2017-08-26,Leverkusen,Hoffenheim,2.43586,0.68001,8271,2017,https://understat.com/getLeagueData/Bundesliga/2017,2017-08-26,True
2017-08-26,Stuttgart,Mainz,2.08775,0.385982,8273,2017,https://understat.com/getLeagueData/Bundesliga/2017,2017-08-26,True
2017-08-26,Werder Bremen,Bayern Munich,0.229698,1.39955,8269,2017,https://understat.com/getLeagueData/Bundesliga/2017,2017-08-26,True
2017-08-27,Hannover,Schalke 04,0.805466,0.403031,8276,2017,https://understat.com/getLeagueData/Bundesliga/2017,2017-08-27,True
2017-08-27,RB Leipzig,Freiburg,2.85363,0.456207,8275,2017,https://understat.com/getLeagueData/Bundesliga/2017,2017-08-27,True
2017-09-08,Hamburg,RB Leipzig,1.17417,1.37657,8277,2017,https://understat.com/getLeagueData/Bundesliga/2017,2017-09-08,True
2017-09-09,Augsburg,FC Koln,2.27655,0.458374,8282,2017,https://understat.com/getLeagueData/Bundesliga/2017,2017-09-09,True
2017-09-09,Freiburg,Dortmund,0.490076,1.56801,8280,2017,https://understat.com/getLeagueData/Bundesliga/2017,2017-09-09,True
2017-09-09,Hoffenheim,Bayern Munich,0.612108,1.51192,8283,2017,https://understat.com/getLeagueData/Bundesliga/2017,2017-09-09,True
2017-09-09,M'gladbach,Ein Frankfurt,0.632041,0.614198,8281,2017,https://understat.com/getLeagueData/Bundesliga/2017,2017-09-09,True
2017-09-09,Mainz,Leverkusen,1.33781,0.964768,8278,2017,https://understat.com/getLeagueData/Bundesliga/2017,2017-09-09,True
2017-09-09,Wolfsburg,Hannover,1.13451,0.480156,8279,2017,https://understat.com/getLeagueData/Bundesliga/2017,2017-09-09,True
2017-09-10,Hertha,Werder Bremen,0.250761,0.569654,8284,2017,https://understat.com/getLeagueData/Bundesliga/2017,2017-09-10,True
2017-09-10,Schalke 04,Stuttgart,1.98675,1.30096,8285,2017,https://understat.com/getLeagueData/Bundesliga/2017,2017-09-10,True
2017-09-15,Hannover,Hamburg,2.2982,0.453334,8286,2017,https://understat.com/getLeagueData/Bundesliga/2017,2017-09-15,True
2017-09-16,Bayern Munich,Mainz,4.4171,0.711282,8289,2017,https://understat.com/getLeagueData/Bundesliga/2017,2017-09-16,True
2017-09-16,Ein Frankfurt,Augsburg,1.32498,0.72838,8288,2017,https://understat.com/getLeagueData/Bundesliga/2017,2017-09-16,True
2017-09-16,RB Leipzig,M'gladbach,0.736279,1.45024,8291,2017,https://understat.com/getLeagueData/Bundesliga/2017,2017-09-16,True
2017-09-16,Stuttgart,Wolfsburg,1.13249,0.453375,8290,2017,https://understat.com/getLeagueData/Bundesliga/2017,2017-09-16,True
2017-09-16,Werder Bremen,Schalke 04,0.982258,0.930766,8287,2017,https://understat.com/getLeagueData/Bundesliga/2017,2017-09-16,True
2017-09-17,Dortmund,FC Koln,3.85155,0.461837,8294,2017,https://understat.com/getLeagueData/Bundesliga/2017,2017-09-17,True
2017-09-17,Hoffenheim,Hertha,0.576053,0.455083,8292,2017,https://understat.com/getLeagueData/Bundesliga/2017,2017-09-17,True
2017-09-17,Leverkusen,Freiburg,2.25411,0.429073,8293,2017,https://understat.com/getLeagueData/Bundesliga/2017,2017-09-17,True
2017-09-19,Augsburg,RB Leipzig,1.30034,1.00414,8297,2017,https://understat.com/getLeagueData/Bundesliga/2017,2017-09-19,True
2017-09-19,M'gladbach,Stuttgart,1.14939,0.49742,8295,2017,https://understat.com/getLeagueData/Bundesliga/2017,2017-09-19,True
2017-09-19,Schalke 04,Bayern Munich,1.16279,2.45506,8296,2017,https://understat.com/getLeagueData/Bundesliga/2017,2017-09-19,True
2017-09-19,Wolfsburg,Werder Bremen,1.01688,1.12581,8298,2017,https://understat.com/getLeagueData/Bundesliga/2017,2017-09-19,True
2017-09-20,FC Koln,Ein Frankfurt,1.84333,1.33101,8299,2017,https://understat.com/getLeagueData/Bundesliga/2017,2017-09-20,True
2017-09-20,Freiburg,Hannover,2.89359,1.03212,8301,2017,https://understat.com/getLeagueData/Bundesliga/2017,2017-09-20,True
2017-09-20,Hamburg,Dortmund,0.186271,3.18132,8302,2017,https://understat.com/getLeagueData/Bundesliga/2017,2017-09-20,True
2017-09-20,Hertha,Leverkusen,0.501808,0.426791,8300,2017,https://understat.com/getLeagueData/Bundesliga/2017,2017-09-20,True
2017-09-20,Mainz,Hoffenheim,1.1225,0.960305,8303,2017,https://understat.com/getLeagueData/Bundesliga/2017,2017-09-20,True
2017-09-22,Bayern Munich,Wolfsburg,2.33812,0.470696,8304,2017,https://understat.com/getLeagueData/Bundesliga/2017,2017-09-22,True
2017-09-23,Dortmund,M'gladbach,4.84433,1.11994,8310,2017,https://understat.com/getLeagueData/Bundesliga/2017,2017-09-23,True
2017-09-23,Hoffenheim,Schalke 04,1.31728,1.0397,8309,2017,https://understat.com/getLeagueData/Bundesliga/2017,2017-09-23,True
2017-09-23,Mainz,Hertha,1.17811,0.53695,8306,2017,https://understat.com/getLeagueData/Bundesliga/2017,2017-09-23,True
2017-09-23,RB Leipzig,Ein Frankfurt,1.54654,0.539765,8308,2017,https://understat.com/getLeagueData/Bundesliga/2017,2017-09-23,True
2017-09-23,Stuttgart,Augsburg,0.437172,0.373592,8305,2017,https://understat.com/getLeagueData/Bundesliga/2017,2017-09-23,True
2017-09-23,Werder Bremen,Freiburg,1.41802,0.859674,8307,2017,https://understat.com/getLeagueData/Bundesliga/2017,2017-09-23,True
2017-09-24,Hannover,FC Koln,1.35909,1.10618,8311,2017,https://understat.com/getLeagueData/Bundesliga/2017,2017-09-24,True
2017-09-24,Leverkusen,Hamburg,2.39337,0.443359,8312,2017,https://understat.com/getLeagueData/Bundesliga/2017,2017-09-24,True
2017-09-29,Schalke 04,Leverkusen,0.615732,1.13731,8314,2017,https://understat.com/getLeagueData/Bundesliga/2017,2017-09-29,True
2017-09-30,Augsburg,Dortmund,1.04024,1.93835,8321,2017,https://understat.com/getLeagueData/Bundesliga/2017,2017-09-30,True
2017-09-30,Ein Frankfurt,Stuttgart,1.12984,0.884399,8320,2017,https://understat.com/getLeagueData/Bundesliga/2017,2017-09-30,True
2017-09-30,Hamburg,Werder Bremen,0.957096,0.426954,8319,2017,https://understat.com/getLeagueData/Bundesliga/2017,2017-09-30,True
2017-09-30,M'gladbach,Hannover,2.29547,1.37232,8315,2017,https://understat.com/getLeagueData/Bundesliga/2017,2017-09-30,True
2017-09-30,Wolfsburg,Mainz,0.743969,0.90227,8318,2017,https://understat.com/getLeagueData/Bundesliga/2017,2017-09-30,True
2017-10-01,FC Koln,RB Leipzig,1.34012,3.09763,8313,2017,https://understat.com/getLeagueData/Bundesliga/2017,2017-10-01,True
2017-10-01,Freiburg,Hoffenheim,1.24882,0.627194,8316,2017,https://understat.com/getLeagueData/Bundesliga/2017,2017-10-01,True
2017-10-01,Hertha,Bayern Munich,1.66354,1.51044,8317,2017,https://understat.com/getLeagueData/Bundesliga/2017,2017-10-01,True
2017-10-13,Stuttgart,FC Koln,2.18945,1.58359,8330,2017,https://understat.com/getLeagueData/Bundesliga/2017,2017-10-13,True
2017-10-14,Bayern Munich,Freiburg,1.586,0.345885,8322,2017,https://understat.com/getLeagueData/Bundesliga/2017,2017-10-14,True
2017-10-14,Dortmund,RB Leipzig,2.11212,2.39084,8323,2017,https://understat.com/getLeagueData/Bundesliga/2017,2017-10-14,True
2017-10-14,Hannover,Ein Frankfurt,0.6536,0.876712,8329,2017,https://understat.com/getLeagueData/Bundesliga/2017,2017-10-14,True
2017-10-14,Hertha,Schalke 04,0.0254617,1.85479,8325,2017,https://understat.com/getLeagueData/Bundesliga/2017,2017-10-14,True
2017-10-14,Hoffenheim,Augsburg,1.92073,0.918991,8324,2017,https://understat.com/getLeagueData/Bundesliga/2017,2017-10-14,True
2017-10-14,Mainz,Hamburg,1.24944,1.99466,8328,2017,https://understat.com/getLeagueData/Bundesliga/2017,2017-10-14,True
2017-10-15,Leverkusen,Wolfsburg,1.45073,0.915577,8327,2017,https://understat.com/getLeagueData/Bundesliga/2017,2017-10-15,True
2017-10-15,Werder Bremen,M'gladbach,1.52059,1.45235,8326,2017,https://understat.com/getLeagueData/Bundesliga/2017,2017-10-15,True
2017-10-20,Schalke 04,Mainz,1.78667,0.596599,8335,2017,https://understat.com/getLeagueData/Bundesliga/2017,2017-10-20,True
2017-10-21,Augsburg,Hannover,0.864125,0.804724,8337,2017,https://understat.com/getLeagueData/Bundesliga/2017,2017-10-21,True
2017-10-21,Ein Frankfurt,Dortmund,2.74141,2.08809,8336,2017,https://understat.com/getLeagueData/Bundesliga/2017,2017-10-21,True
2017-10-21,Hamburg,Bayern Munich,0.162992,2.29592,8338,2017,https://understat.com/getLeagueData/Bundesliga/2017,2017-10-21,True
2017-10-21,M'gladbach,Leverkusen,2.49876,2.24178,8334,2017,https://understat.com/getLeagueData/Bundesliga/2017,2017-10-21,True
2017-10-21,RB Leipzig,Stuttgart,0.865444,0.605992,8331,2017,https://understat.com/getLeagueData/Bundesliga/2017,2017-10-21,True
2017-10-22,FC Koln,Werder Bremen,1.79566,0.948887,8332,2017,https://understat.com/getLeagueData/Bundesliga/2017,2017-10-22,True
2017-10-22,Freiburg,Hertha,2.83818,1.83067,8333,2017,https://understat.com/getLeagueData/Bundesliga/2017,2017-10-22,True
2017-10-22,Wolfsburg,Hoffenheim,1.29664,1.91537,8339,2017,https://understat.com/getLeagueData/Bundesliga/2017,2017-10-22,True
2017-10-27,Mainz,Ein Frankfurt,0.284202,0.451566,8346,2017,https://understat.com/getLeagueData/Bundesliga/2017,2017-10-27,True
2017-10-28,Bayern Munich,RB Leipzig,2.03827,0.314536,8340,2017,https://understat.com/getLeagueData/Bundesliga/2017,2017-10-28,True
2017-10-28,Hannover,Dortmund,2.3406,0.85483,8347,2017,https://understat.com/getLeagueData/Bundesliga/2017,2017-10-28,True
2017-10-28,Hertha,Hamburg,0.827213,0.972895,8342,2017,https://understat.com/getLeagueData/Bundesliga/2017,2017-10-28,True
2017-10-28,Hoffenheim,M'gladbach,1.08587,1.80818,8341,2017,https://understat.com/getLeagueData/Bundesliga/2017,2017-10-28,True
2017-10-28,Leverkusen,FC Koln,1.44263,0.850339,8345,2017,https://understat.com/getLeagueData/Bundesliga/2017,2017-10-28,True
2017-10-28,Schalke 04,Wolfsburg,1.44123,0.979437,8344,2017,https://understat.com/getLeagueData/Bundesliga/2017,2017-10-28,True
2017-10-29,Stuttgart,Freiburg,1.36244,0.210495,8348,2017,https://understat.com/getLeagueData/Bundesliga/2017,2017-10-29,True
2017-10-29,Werder Bremen,Augsburg,1.05484,2.80574,8343,2017,https://understat.com/getLeagueData/Bundesliga/2017,2017-10-29,True
2017-11-03,Ein Frankfurt,Werder Bremen,1.92121,1.08479,8353,2017,https://understat.com/getLeagueData/Bundesliga/2017,2017-11-03,True
2017-11-04,Augsburg,Leverkusen,1.40776,1.16695,8354,2017,https://understat.com/getLeagueData/Bundesliga/2017,2017-11-04,True
2017-11-04,Dortmund,Bayern Munich,1.89107,1.27845,8357,2017,https://understat.com/getLeagueData/Bundesliga/2017,2017-11-04,True
2017-11-04,Freiburg,Schalke 04,0.902185,0.749202,8351,2017,https://understat.com/getLeagueData/Bundesliga/2017,2017-11-04,True
2017-11-04,Hamburg,Stuttgart,2.0244,1.21993,8355,2017,https://understat.com/getLeagueData/Bundesliga/2017,2017-11-04,True
2017-11-04,M'gladbach,Mainz,0.786005,0.834092,8352,2017,https://understat.com/getLeagueData/Bundesliga/2017,2017-11-04,True
2017-11-04,RB Leipzig,Hannover,1.8547,0.769041,8349,2017,https://understat.com/getLeagueData/Bundesliga/2017,2017-11-04,True
2017-11-05,FC Koln,Hoffenheim,0.857394,3.01942,8350,2017,https://understat.com/getLeagueData/Bundesliga/2017,2017-11-05,True
2017-11-05,Wolfsburg,Hertha,2.40074,1.4853,8356,2017,https://understat.com/getLeagueData/Bundesliga/2017,2017-11-05,True
2017-11-17,Stuttgart,Dortmund,1.14326,1.79368,8366,2017,https://understat.com/getLeagueData/Bundesliga/2017,2017-11-17,True
2017-11-18,Bayern Munich,Augsburg,1.91503,0.28233,8358,2017,https://understat.com/getLeagueData/Bundesliga/2017,2017-11-18,True
2017-11-18,Hertha,M'gladbach,2.07401,2.07666,8360,2017,https://understat.com/getLeagueData/Bundesliga/2017,2017-11-18,True
2017-11-18,Hoffenheim,Ein Frankfurt,1.30552,0.436613,8359,2017,https://understat.com/getLeagueData/Bundesliga/2017,2017-11-18,True
2017-11-18,Leverkusen,RB Leipzig,1.61817,2.02873,8363,2017,https://understat.com/getLeagueData/Bundesliga/2017,2017-11-18,True
2017-11-18,Mainz,FC Koln,1.45054,0.577082,8364,2017,https://understat.com/getLeagueData/Bundesliga/2017,2017-11-18,True
2017-11-18,Wolfsburg,Freiburg,1.90114,0.803719,8365,2017,https://understat.com/getLeagueData/Bundesliga/2017,2017-11-18,True
2017-11-19,Schalke 04,Hamburg,2.0828,0.776725,8362,2017,https://understat.com/getLeagueData/Bundesliga/2017,2017-11-19,True
2017-11-19,Werder Bremen,Hannover,2.61572,1.13154,8361,2017,https://understat.com/getLeagueData/Bundesliga/2017,2017-11-19,True
2017-11-24,Hannover,Stuttgart,1.87707,1.59485,8375,2017,https://understat.com/getLeagueData/Bundesliga/2017,2017-11-24,True
2017-11-25,Augsburg,Wolfsburg,2.0989,0.210553,8373,2017,https://understat.com/getLeagueData/Bundesliga/2017,2017-11-25,True
2017-11-25,Dortmund,Schalke 04,2.39089,1.2544,8367,2017,https://understat.com/getLeagueData/Bundesliga/2017,2017-11-25,True
2017-11-25,Ein Frankfurt,Leverkusen,0.743407,0.943561,8372,2017,https://understat.com/getLeagueData/Bundesliga/2017,2017-11-25,True
2017-11-25,Freiburg,Mainz,1.83095,0.713622,8370,2017,https://understat.com/getLeagueData/Bundesliga/2017,2017-11-25,True
2017-11-25,M'gladbach,Bayern Munich,2.12791,0.900051,8371,2017,https://understat.com/getLeagueData/Bundesliga/2017,2017-11-25,True
2017-11-25,RB Leipzig,Werder Bremen,1.01767,1.07161,8368,2017,https://understat.com/getLeagueData/Bundesliga/2017,2017-11-25,True
2017-11-26,FC Koln,Hertha,0.73674,2.1997,8369,2017,https://understat.com/getLeagueData/Bundesliga/2017,2017-11-26,True
2017-11-26,Hamburg,Hoffenheim,1.8111,0.606966,8374,2017,https://understat.com/getLeagueData/Bundesliga/2017,2017-11-26,True
2017-12-01,Freiburg,Hamburg,0.981146,0.460208,8379,2017,https://understat.com/getLeagueData/Bundesliga/2017,2017-12-01,True
2017-12-02,Bayern Munich,Hannover,3.86566,1.08319,8376,2017,https://understat.com/getLeagueData/Bundesliga/2017,2017-12-02,True
2017-12-02,Hoffenheim,RB Leipzig,1.69565,0.284209,8377,2017,https://understat.com/getLeagueData/Bundesliga/2017,2017-12-02,True
2017-12-02,Leverkusen,Dortmund,2.1951,1.14867,8382,2017,https://understat.com/getLeagueData/Bundesliga/2017,2017-12-02,True
2017-12-02,Mainz,Augsburg,0.578034,2.18855,8383,2017,https://understat.com/getLeagueData/Bundesliga/2017,2017-12-02,True
2017-12-02,Schalke 04,FC Koln,2.34535,1.90135,8381,2017,https://understat.com/getLeagueData/Bundesliga/2017,2017-12-02,True
2017-12-02,Werder Bremen,Stuttgart,0.71301,1.1158,8380,2017,https://understat.com/getLeagueData/Bundesliga/2017,2017-12-02,True
2017-12-03,Hertha,Ein Frankfurt,1.14526,0.419465,8378,2017,https://understat.com/getLeagueData/Bundesliga/2017,2017-12-03,True
2017-12-03,Wolfsburg,M'gladbach,1.57711,1.41032,8384,2017,https://understat.com/getLeagueData/Bundesliga/2017,2017-12-03,True
2017-12-08,Stuttgart,Leverkusen,0.405005,1.90593,8393,2017,https://understat.com/getLeagueData/Bundesliga/2017,2017-12-08,True
2017-12-09,Dortmund,Werder Bremen,1.86761,0.944053,8385,2017,https://understat.com/getLeagueData/Bundesliga/2017,2017-12-09,True
2017-12-09,Ein Frankfurt,Bayern Munich,0.486786,0.364594,8391,2017,https://understat.com/getLeagueData/Bundesliga/2017,2017-12-09,True
2017-12-09,Hamburg,Wolfsburg,0.929827,0.0876003,8387,2017,https://understat.com/getLeagueData/Bundesliga/2017,2017-12-09,True
2017-12-09,M'gladbach,Schalke 04,1.64999,0.771592,8390,2017,https://understat.com/getLeagueData/Bundesliga/2017,2017-12-09,True
2017-12-09,RB Leipzig,Mainz,1.25461,1.28316,8386,2017,https://understat.com/getLeagueData/Bundesliga/2017,2017-12-09,True
2017-12-10,Augsburg,Hertha,1.63195,0.647387,8392,2017,https://understat.com/getLeagueData/Bundesliga/2017,2017-12-10,True
2017-12-10,FC Koln,Freiburg,1.45869,3.40591,8389,2017,https://understat.com/getLeagueData/Bundesliga/2017,2017-12-10,True
2017-12-10,Hannover,Hoffenheim,1.48558,0.750256,8388,2017,https://understat.com/getLeagueData/Bundesliga/2017,2017-12-10,True
2017-12-12,Freiburg,M'gladbach,1.63493,0.222306,8397,2017,https://understat.com/getLeagueData/Bundesliga/2017,2017-12-12,True
2017-12-12,Hamburg,Ein Frankfurt,1.79316,1.02455,8400,2017,https://understat.com/getLeagueData/Bundesliga/2017,2017-12-12,True
2017-12-12,Mainz,Dortmund,0.503881,2.02169,8401,2017,https://understat.com/getLeagueData/Bundesliga/2017,2017-12-12,True
2017-12-12,Wolfsburg,RB Leipzig,2.38829,0.583517,8402,2017,https://understat.com/getLeagueData/Bundesliga/2017,2017-12-12,True
2017-12-13,Bayern Munich,FC Koln,3.34396,0.303914,8394,2017,https://understat.com/getLeagueData/Bundesliga/2017,2017-12-13,True
2017-12-13,Hertha,Hannover,2.55607,1.88845,8396,2017,https://understat.com/getLeagueData/Bundesliga/2017,2017-12-13,True
2017-12-13,Hoffenheim,Stuttgart,2.10144,0.616667,8395,2017,https://understat.com/getLeagueData/Bundesliga/2017,2017-12-13,True
2017-12-13,Leverkusen,Werder Bremen,2.27284,0.251631,8399,2017,https://understat.com/getLeagueData/Bundesliga/2017,2017-12-13,True
2017-12-13,Schalke 04,Augsburg,2.60823,1.41489,8398,2017,https://understat.com/getLeagueData/Bundesliga/2017,2017-12-13,True
2017-12-15,M'gladbach,Hamburg,2.64643,0.569992,8408,2017,https://understat.com/getLeagueData/Bundesliga/2017,2017-12-15,True
2017-12-16,Augsburg,Freiburg,2.95093,1.76688,8406,2017,https://understat.com/getLeagueData/Bundesliga/2017,2017-12-16,True
2017-12-16,Dortmund,Hoffenheim,3.38052,1.31881,8403,2017,https://understat.com/getLeagueData/Bundesliga/2017,2017-12-16,True
2017-12-16,Ein Frankfurt,Schalke 04,1.53257,1.82598,8407,2017,https://understat.com/getLeagueData/Bundesliga/2017,2017-12-16,True
2017-12-16,FC Koln,Wolfsburg,2.32178,1.15445,8405,2017,https://understat.com/getLeagueData/Bundesliga/2017,2017-12-16,True
2017-12-16,Stuttgart,Bayern Munich,1.0958,1.44251,8410,2017,https://understat.com/getLeagueData/Bundesliga/2017,2017-12-16,True
2017-12-16,Werder Bremen,Mainz,1.20149,1.04877,8409,2017,https://understat.com/getLeagueData/Bundesliga/2017,2017-12-16,True
2017-12-17,Hannover,Leverkusen,2.17843,2.07116,8411,2017,https://understat.com/getLeagueData/Bundesliga/2017,2017-12-17,True
2017-12-17,RB Leipzig,Hertha,2.67409,1.85524,8404,2017,https://understat.com/getLeagueData/Bundesliga/2017,2017-12-17,True
2018-01-12,Leverkusen,Bayern Munich,0.615242,1.48773,8417,2017,https://understat.com/getLeagueData/Bundesliga/2017,2018-01-12,True
2018-01-13,Augsburg,Hamburg,1.32144,0.362892,8418,2017,https://understat.com/getLeagueData/Bundesliga/2017,2018-01-13,True
2018-01-13,Ein Frankfurt,Freiburg,1.81323,0.309107,8416,2017,https://understat.com/getLeagueData/Bundesliga/2017,2018-01-13,True
2018-01-13,Hannover,Mainz,1.80008,0.431335,8419,2017,https://understat.com/getLeagueData/Bundesliga/2017,2018-01-13,True
2018-01-13,RB Leipzig,Schalke 04,2.72958,0.529316,8413,2017,https://understat.com/getLeagueData/Bundesliga/2017,2018-01-13,True
2018-01-13,Stuttgart,Hertha,0.282511,1.01714,8420,2017,https://understat.com/getLeagueData/Bundesliga/2017,2018-01-13,True
2018-01-13,Werder Bremen,Hoffenheim,2.47477,1.30821,8415,2017,https://understat.com/getLeagueData/Bundesliga/2017,2018-01-13,True
2018-01-14,Dortmund,Wolfsburg,2.55723,0.698882,8412,2017,https://understat.com/getLeagueData/Bundesliga/2017,2018-01-14,True
2018-01-14,FC Koln,M'gladbach,1.74295,2.11945,8414,2017,https://understat.com/getLeagueData/Bundesliga/2017,2018-01-14,True
2018-01-19,Hertha,Dortmund,0.800387,1.64967,8423,2017,https://understat.com/getLeagueData/Bundesliga/2017,2018-01-19,True
2018-01-20,Freiburg,RB Leipzig,0.536057,0.754386,8424,2017,https://understat.com/getLeagueData/Bundesliga/2017,2018-01-20,True
2018-01-20,Hamburg,FC Koln,0.899507,1.38156,8427,2017,https://understat.com/getLeagueData/Bundesliga/2017,2018-01-20,True
2018-01-20,Hoffenheim,Leverkusen,0.638704,2.20181,8422,2017,https://understat.com/getLeagueData/Bundesliga/2017,2018-01-20,True
2018-01-20,M'gladbach,Augsburg,1.58577,1.31181,8425,2017,https://understat.com/getLeagueData/Bundesliga/2017,2018-01-20,True
2018-01-20,Mainz,Stuttgart,2.3724,0.718389,8428,2017,https://understat.com/getLeagueData/Bundesliga/2017,2018-01-20,True
2018-01-20,Wolfsburg,Ein Frankfurt,0.7221,1.78303,8429,2017,https://understat.com/getLeagueData/Bundesliga/2017,2018-01-20,True
2018-01-21,Bayern Munich,Werder Bremen,1.89433,0.862595,8421,2017,https://understat.com/getLeagueData/Bundesliga/2017,2018-01-21,True
2018-01-21,Schalke 04,Hannover,0.635085,0.897268,8426,2017,https://understat.com/getLeagueData/Bundesliga/2017,2018-01-21,True
2018-01-26,Ein Frankfurt,M'gladbach,1.33681,1.41602,8432,2017,https://understat.com/getLeagueData/Bundesliga/2017,2018-01-26,True
2018-01-27,Bayern Munich,Hoffenheim,2.83832,1.01591,8431,2017,https://understat.com/getLeagueData/Bundesliga/2017,2018-01-27,True
2018-01-27,Dortmund,Freiburg,0.675137,0.759035,8430,2017,https://understat.com/getLeagueData/Bundesliga/2017,2018-01-27,True
2018-01-27,FC Koln,Augsburg,0.9238,0.688597,8434,2017,https://understat.com/getLeagueData/Bundesliga/2017,2018-01-27,True
2018-01-27,RB Leipzig,Hamburg,1.09746,0.987601,8435,2017,https://understat.com/getLeagueData/Bundesliga/2017,2018-01-27,True
2018-01-27,Stuttgart,Schalke 04,0.503564,2.63904,8436,2017,https://understat.com/getLeagueData/Bundesliga/2017,2018-01-27,True
2018-01-27,Werder Bremen,Hertha,1.56245,0.788324,8433,2017,https://understat.com/getLeagueData/Bundesliga/2017,2018-01-27,True
2018-01-28,Hannover,Wolfsburg,0.784672,0.25357,8437,2017,https://understat.com/getLeagueData/Bundesliga/2017,2018-01-28,True
2018-01-28,Leverkusen,Mainz,1.5045,0.142135,8438,2017,https://understat.com/getLeagueData/Bundesliga/2017,2018-01-28,True
2018-02-02,FC Koln,Dortmund,2.00798,2.4117,8447,2017,https://understat.com/getLeagueData/Bundesliga/2017,2018-02-02,True
2018-02-03,Freiburg,Leverkusen,0.683392,0.761203,8440,2017,https://understat.com/getLeagueData/Bundesliga/2017,2018-02-03,True
2018-02-03,Hertha,Hoffenheim,1.24795,2.05596,8439,2017,https://understat.com/getLeagueData/Bundesliga/2017,2018-02-03,True
2018-02-03,M'gladbach,RB Leipzig,1.46815,1.47738,8441,2017,https://understat.com/getLeagueData/Bundesliga/2017,2018-02-03,True
2018-02-03,Mainz,Bayern Munich,1.12443,1.61624,8445,2017,https://understat.com/getLeagueData/Bundesliga/2017,2018-02-03,True
2018-02-03,Schalke 04,Werder Bremen,0.736859,1.90873,8442,2017,https://understat.com/getLeagueData/Bundesliga/2017,2018-02-03,True
2018-02-03,Wolfsburg,Stuttgart,0.810006,1.85583,8446,2017,https://understat.com/getLeagueData/Bundesliga/2017,2018-02-03,True
2018-02-04,Augsburg,Ein Frankfurt,3.37224,0.35277,8443,2017,https://understat.com/getLeagueData/Bundesliga/2017,2018-02-04,True
2018-02-04,Hamburg,Hannover,1.47817,1.12675,8444,2017,https://understat.com/getLeagueData/Bundesliga/2017,2018-02-04,True
2018-02-09,RB Leipzig,Augsburg,1.94548,0.813412,8453,2017,https://understat.com/getLeagueData/Bundesliga/2017,2018-02-09,True
2018-02-10,Bayern Munich,Schalke 04,1.20152,0.90129,8451,2017,https://understat.com/getLeagueData/Bundesliga/2017,2018-02-10,True
2018-02-10,Dortmund,Hamburg,2.58479,0.4947,8452,2017,https://understat.com/getLeagueData/Bundesliga/2017,2018-02-10,True
2018-02-10,Ein Frankfurt,FC Koln,2.44799,1.30881,8456,2017,https://understat.com/getLeagueData/Bundesliga/2017,2018-02-10,True
2018-02-10,Hannover,Freiburg,0.974571,1.23823,8449,2017,https://understat.com/getLeagueData/Bundesliga/2017,2018-02-10,True
2018-02-10,Hoffenheim,Mainz,2.97721,1.45197,8454,2017,https://understat.com/getLeagueData/Bundesliga/2017,2018-02-10,True
2018-02-10,Leverkusen,Hertha,1.55781,0.935771,8448,2017,https://understat.com/getLeagueData/Bundesliga/2017,2018-02-10,True
2018-02-11,Stuttgart,M'gladbach,0.648719,0.467987,8450,2017,https://understat.com/getLeagueData/Bundesliga/2017,2018-02-11,True
2018-02-11,Werder Bremen,Wolfsburg,1.13687,1.58428,8455,2017,https://understat.com/getLeagueData/Bundesliga/2017,2018-02-11,True
2018-02-16,Hertha,Mainz,0.405793,1.22486,8458,2017,https://understat.com/getLeagueData/Bundesliga/2017,2018-02-16,True
2018-02-17,FC Koln,Hannover,0.244916,1.20598,8457,2017,https://understat.com/getLeagueData/Bundesliga/2017,2018-02-17,True
2018-02-17,Freiburg,Werder Bremen,1.80201,0.353523,8459,2017,https://understat.com/getLeagueData/Bundesliga/2017,2018-02-17,True
2018-02-17,Hamburg,Leverkusen,0.771028,2.12545,8464,2017,https://understat.com/getLeagueData/Bundesliga/2017,2018-02-17,True
2018-02-17,Schalke 04,Hoffenheim,1.03034,0.4915,8461,2017,https://understat.com/getLeagueData/Bundesliga/2017,2018-02-17,True
2018-02-17,Wolfsburg,Bayern Munich,0.469077,3.22804,8465,2017,https://understat.com/getLeagueData/Bundesliga/2017,2018-02-17,True
2018-02-18,Augsburg,Stuttgart,0.321031,1.40418,8463,2017,https://understat.com/getLeagueData/Bundesliga/2017,2018-02-18,True
2018-02-18,M'gladbach,Dortmund,1.84628,0.362785,8460,2017,https://understat.com/getLeagueData/Bundesliga/2017,2018-02-18,True
2018-02-19,Ein Frankfurt,RB Leipzig,1.64582,0.650812,8462,2017,https://understat.com/getLeagueData/Bundesliga/2017,2018-02-19,True
2018-02-23,Mainz,Wolfsburg,0.773004,1.00505,8473,2017,https://understat.com/getLeagueData/Bundesliga/2017,2018-02-23,True
2018-02-24,Bayern Munich,Hertha,1.65693,0.0979538,8466,2017,https://understat.com/getLeagueData/Bundesliga/2017,2018-02-24,True
2018-02-24,Hannover,M'gladbach,2.15161,1.51236,8472,2017,https://understat.com/getLeagueData/Bundesliga/2017,2018-02-24,True
2018-02-24,Hoffenheim,Freiburg,0.564931,1.00896,8469,2017,https://understat.com/getLeagueData/Bundesliga/2017,2018-02-24,True
2018-02-24,Stuttgart,Ein Frankfurt,1.94602,0.263378,8471,2017,https://understat.com/getLeagueData/Bundesliga/2017,2018-02-24,True
2018-02-24,Werder Bremen,Hamburg,0.888389,0.225135,8470,2017,https://understat.com/getLeagueData/Bundesliga/2017,2018-02-24,True
2018-02-25,Leverkusen,Schalke 04,0.417132,1.99241,8474,2017,https://understat.com/getLeagueData/Bundesliga/2017,2018-02-25,True
2018-02-25,RB Leipzig,FC Koln,2.11128,1.31216,8468,2017,https://understat.com/getLeagueData/Bundesliga/2017,2018-02-25,True
2018-02-26,Dortmund,Augsburg,1.19993,1.01277,8467,2017,https://understat.com/getLeagueData/Bundesliga/2017,2018-02-26,True
2018-03-02,M'gladbach,Werder Bremen,1.85046,2.00266,8478,2017,https://understat.com/getLeagueData/Bundesliga/2017,2018-03-02,True
2018-03-03,Augsburg,Hoffenheim,0.52869,1.84153,8481,2017,https://understat.com/getLeagueData/Bundesliga/2017,2018-03-03,True
2018-03-03,Ein Frankfurt,Hannover,2.17331,0.775015,8480,2017,https://understat.com/getLeagueData/Bundesliga/2017,2018-03-03,True
2018-03-03,Hamburg,Mainz,1.74881,0.405966,8482,2017,https://understat.com/getLeagueData/Bundesliga/2017,2018-03-03,True
2018-03-03,RB Leipzig,Dortmund,1.03725,1.66037,8475,2017,https://understat.com/getLeagueData/Bundesliga/2017,2018-03-03,True
2018-03-03,Schalke 04,Hertha,0.332588,0.965273,8479,2017,https://understat.com/getLeagueData/Bundesliga/2017,2018-03-03,True
2018-03-03,Wolfsburg,Leverkusen,0.198069,2.04714,8483,2017,https://understat.com/getLeagueData/Bundesliga/2017,2018-03-03,True
2018-03-04,FC Koln,Stuttgart,1.19883,0.510854,8476,2017,https://understat.com/getLeagueData/Bundesliga/2017,2018-03-04,True
2018-03-04,Freiburg,Bayern Munich,0.471821,1.98824,8477,2017,https://understat.com/getLeagueData/Bundesliga/2017,2018-03-04,True
2018-03-09,Mainz,Schalke 04,0.492366,0.213037,8487,2017,https://understat.com/getLeagueData/Bundesliga/2017,2018-03-09,True
2018-03-10,Bayern Munich,Hamburg,4.9158,0.00671621,8484,2017,https://understat.com/getLeagueData/Bundesliga/2017,2018-03-10,True
2018-03-10,Hannover,Augsburg,0.741256,2.09117,8488,2017,https://understat.com/getLeagueData/Bundesliga/2017,2018-03-10,True
2018-03-10,Hertha,Freiburg,1.08096,0.303864,8490,2017,https://understat.com/getLeagueData/Bundesliga/2017,2018-03-10,True
2018-03-10,Hoffenheim,Wolfsburg,1.41466,0.226156,8486,2017,https://understat.com/getLeagueData/Bundesliga/2017,2018-03-10,True
2018-03-10,Leverkusen,M'gladbach,2.72895,0.710644,8492,2017,https://understat.com/getLeagueData/Bundesliga/2017,2018-03-10,True
2018-03-11,Dortmund,Ein Frankfurt,1.28057,1.23331,8485,2017,https://understat.com/getLeagueData/Bundesliga/2017,2018-03-11,True
2018-03-11,Stuttgart,RB Leipzig,1.1338,0.660324,8489,2017,https://understat.com/getLeagueData/Bundesliga/2017,2018-03-11,True
2018-03-12,Werder Bremen,FC Koln,1.35381,0.404235,8491,2017,https://understat.com/getLeagueData/Bundesliga/2017,2018-03-12,True
2018-03-16,Freiburg,Stuttgart,0.298809,1.62394,8497,2017,https://understat.com/getLeagueData/Bundesliga/2017,2018-03-16,True
2018-03-17,Augsburg,Werder Bremen,0.547431,2.27046,8501,2017,https://understat.com/getLeagueData/Bundesliga/2017,2018-03-17,True
2018-03-17,Ein Frankfurt,Mainz,2.11519,0.527164,8495,2017,https://understat.com/getLeagueData/Bundesliga/2017,2018-03-17,True
2018-03-17,Hamburg,Hertha,0.775841,2.42384,8500,2017,https://understat.com/getLeagueData/Bundesliga/2017,2018-03-17,True
2018-03-17,M'gladbach,Hoffenheim,2.29819,2.23407,8496,2017,https://understat.com/getLeagueData/Bundesliga/2017,2018-03-17,True
2018-03-17,Wolfsburg,Schalke 04,1.57629,1.29568,8499,2017,https://understat.com/getLeagueData/Bundesliga/2017,2018-03-17,True
2018-03-18,Dortmund,Hannover,2.43612,0.659875,8493,2017,https://understat.com/getLeagueData/Bundesliga/2017,2018-03-18,True
2018-03-18,FC Koln,Leverkusen,1.50233,0.407088,8498,2017,https://understat.com/getLeagueData/Bundesliga/2017,2018-03-18,True
2018-03-18,RB Leipzig,Bayern Munich,2.78372,1.40277,8494,2017,https://understat.com/getLeagueData/Bundesliga/2017,2018-03-18,True
2018-03-31,Bayern Munich,Dortmund,4.59926,0.485044,8502,2017,https://understat.com/getLeagueData/Bundesliga/2017,2018-03-31,True
2018-03-31,Hannover,RB Leipzig,1.33572,3.09004,8509,2017,https://understat.com/getLeagueData/Bundesliga/2017,2018-03-31,True
2018-03-31,Hertha,Wolfsburg,0.365312,1.17225,8505,2017,https://understat.com/getLeagueData/Bundesliga/2017,2018-03-31,True
2018-03-31,Hoffenheim,FC Koln,3.02461,0.786962,8506,2017,https://understat.com/getLeagueData/Bundesliga/2017,2018-03-31,True
2018-03-31,Leverkusen,Augsburg,0.884077,0.301791,8507,2017,https://understat.com/getLeagueData/Bundesliga/2017,2018-03-31,True
2018-03-31,Schalke 04,Freiburg,2.05172,0.223581,8503,2017,https://understat.com/getLeagueData/Bundesliga/2017,2018-03-31,True
2018-03-31,Stuttgart,Hamburg,1.08797,0.900691,8510,2017,https://understat.com/getLeagueData/Bundesliga/2017,2018-03-31,True
2018-04-01,Mainz,M'gladbach,0.633771,0.658951,8508,2017,https://understat.com/getLeagueData/Bundesliga/2017,2018-04-01,True
2018-04-01,Werder Bremen,Ein Frankfurt,1.06787,0.822039,8504,2017,https://understat.com/getLeagueData/Bundesliga/2017,2018-04-01,True
2018-04-06,Hannover,Werder Bremen,1.60318,1.81065,8519,2017,https://understat.com/getLeagueData/Bundesliga/2017,2018-04-06,True
2018-04-07,Augsburg,Bayern Munich,0.886211,2.32217,8517,2017,https://understat.com/getLeagueData/Bundesliga/2017,2018-04-07,True
2018-04-07,FC Koln,Mainz,1.31169,1.09441,8513,2017,https://understat.com/getLeagueData/Bundesliga/2017,2018-04-07,True
2018-04-07,Freiburg,Wolfsburg,1.20901,0.679271,8514,2017,https://understat.com/getLeagueData/Bundesliga/2017,2018-04-07,True
2018-04-07,Hamburg,Schalke 04,2.29435,1.35788,8518,2017,https://understat.com/getLeagueData/Bundesliga/2017,2018-04-07,True
2018-04-07,M'gladbach,Hertha,1.4326,2.30928,8515,2017,https://understat.com/getLeagueData/Bundesliga/2017,2018-04-07,True
2018-04-08,Dortmund,Stuttgart,1.60177,0.613194,8511,2017,https://understat.com/getLeagueData/Bundesliga/2017,2018-04-08,True
2018-04-08,Ein Frankfurt,Hoffenheim,1.82811,0.621143,8516,2017,https://understat.com/getLeagueData/Bundesliga/2017,2018-04-08,True
2018-04-09,RB Leipzig,Leverkusen,1.57617,2.20677,8512,2017,https://understat.com/getLeagueData/Bundesliga/2017,2018-04-09,True
2018-04-13,Wolfsburg,Augsburg,0.789397,0.213724,8527,2017,https://understat.com/getLeagueData/Bundesliga/2017,2018-04-13,True
2018-04-14,Bayern Munich,M'gladbach,3.36215,0.196571,8520,2017,https://understat.com/getLeagueData/Bundesliga/2017,2018-04-14,True
2018-04-14,Hertha,FC Koln,1.65421,1.41628,8522,2017,https://understat.com/getLeagueData/Bundesliga/2017,2018-04-14,True
2018-04-14,Hoffenheim,Hamburg,3.47924,0.338639,8521,2017,https://understat.com/getLeagueData/Bundesliga/2017,2018-04-14,True
2018-04-14,Leverkusen,Ein Frankfurt,2.50515,0.856191,8525,2017,https://understat.com/getLeagueData/Bundesliga/2017,2018-04-14,True
2018-04-14,Stuttgart,Hannover,0.852341,0.382079,8528,2017,https://understat.com/getLeagueData/Bundesliga/2017,2018-04-14,True
2018-04-15,Schalke 04,Dortmund,0.858968,0.925683,8524,2017,https://understat.com/getLeagueData/Bundesliga/2017,2018-04-15,True
2018-04-15,Werder Bremen,RB Leipzig,0.9886,1.0854,8523,2017,https://understat.com/getLeagueData/Bundesliga/2017,2018-04-15,True
2018-04-16,Mainz,Freiburg,2.06006,0.3674,8526,2017,https://understat.com/getLeagueData/Bundesliga/2017,2018-04-16,True
2018-04-20,M'gladbach,Wolfsburg,1.89902,0.18377,8532,2017,https://understat.com/getLeagueData/Bundesliga/2017,2018-04-20,True
2018-04-21,Dortmund,Leverkusen,3.53524,0.409487,8529,2017,https://understat.com/getLeagueData/Bundesliga/2017,2018-04-21,True
2018-04-21,Ein Frankfurt,Hertha,1.16277,1.53898,8533,2017,https://understat.com/getLeagueData/Bundesliga/2017,2018-04-21,True
2018-04-21,Hamburg,Freiburg,1.72754,0.896138,8535,2017,https://understat.com/getLeagueData/Bundesliga/2017,2018-04-21,True
2018-04-21,Hannover,Bayern Munich,0.243137,2.00929,8536,2017,https://understat.com/getLeagueData/Bundesliga/2017,2018-04-21,True
2018-04-21,RB Leipzig,Hoffenheim,1.59229,3.43682,8530,2017,https://understat.com/getLeagueData/Bundesliga/2017,2018-04-21,True
2018-04-21,Stuttgart,Werder Bremen,2.08957,0.392824,8537,2017,https://understat.com/getLeagueData/Bundesliga/2017,2018-04-21,True
2018-04-22,Augsburg,Mainz,1.66389,0.293261,8534,2017,https://understat.com/getLeagueData/Bundesliga/2017,2018-04-22,True
2018-04-22,FC Koln,Schalke 04,0.751725,2.56921,8531,2017,https://understat.com/getLeagueData/Bundesliga/2017,2018-04-22,True
2018-04-27,Hoffenheim,Hannover,1.88985,1.26677,8539,2017,https://understat.com/getLeagueData/Bundesliga/2017,2018-04-27,True
2018-04-28,Bayern Munich,Ein Frankfurt,1.89862,1.25053,8538,2017,https://understat.com/getLeagueData/Bundesliga/2017,2018-04-28,True
2018-04-28,Freiburg,FC Koln,3.3782,1.34976,8541,2017,https://understat.com/getLeagueData/Bundesliga/2017,2018-04-28,True
2018-04-28,Hertha,Augsburg,1.46846,0.668665,8540,2017,https://understat.com/getLeagueData/Bundesliga/2017,2018-04-28,True
2018-04-28,Leverkusen,Stuttgart,2.48527,0.632526,8544,2017,https://understat.com/getLeagueData/Bundesliga/2017,2018-04-28,True
2018-04-28,Schalke 04,M'gladbach,1.21432,1.8312,8543,2017,https://understat.com/getLeagueData/Bundesliga/2017,2018-04-28,True
2018-04-28,Wolfsburg,Hamburg,0.910012,2.91172,8546,2017,https://understat.com/getLeagueData/Bundesliga/2017,2018-04-28,True
2018-04-29,Mainz,RB Leipzig,2.16729,1.04843,8545,2017,https://understat.com/getLeagueData/Bundesliga/2017,2018-04-29,True
2018-04-29,Werder Bremen,Dortmund,1.2344,2.47525,8542,2017,https://understat.com/getLeagueData/Bundesliga/2017,2018-04-29,True
2018-05-05,Augsburg,Schalke 04,0.968124,2.01034,8547,2017,https://understat.com/getLeagueData/Bundesliga/2017,2018-05-05,True
2018-05-05,Dortmund,Mainz,0.552018,1.2057,8550,2017,https://understat.com/getLeagueData/Bundesliga/2017,2018-05-05,True
2018-05-05,Ein Frankfurt,Hamburg,1.64906,0.848806,8555,2017,https://understat.com/getLeagueData/Bundesliga/2017,2018-05-05,True
2018-05-05,FC Koln,Bayern Munich,1.9373,2.76039,8552,2017,https://understat.com/getLeagueData/Bundesliga/2017,2018-05-05,True
2018-05-05,Hannover,Hertha,1.53367,1.07207,8548,2017,https://understat.com/getLeagueData/Bundesliga/2017,2018-05-05,True
2018-05-05,M'gladbach,Freiburg,2.43316,1.45979,8554,2017,https://understat.com/getLeagueData/Bundesliga/2017,2018-05-05,True
2018-05-05,RB Leipzig,Wolfsburg,1.88692,0.680762,8551,2017,https://understat.com/getLeagueData/Bundesliga/2017,2018-05-05,True
2018-05-05,Stuttgart,Hoffenheim,0.980831,1.18053,8549,2017,https://understat.com/getLeagueData/Bundesliga/2017,2018-05-05,True
2018-05-05,Werder Bremen,Leverkusen,0.175221,0.890747,8553,2017,https://understat.com/getLeagueData/Bundesliga/2017,2018-05-05,True
2018-05-12,Bayern Munich,Stuttgart,1.92541,2.45916,8556,2017,https://understat.com/getLeagueData/Bundesliga/2017,2018-05-12,True
2018-05-12,Freiburg,Augsburg,0.707853,0.237381,8559,2017,https://understat.com/getLeagueData/Bundesliga/2017,2018-05-12,True
2018-05-12,Hamburg,M'gladbach,2.35888,1.2463,8562,2017,https://understat.com/getLeagueData/Bundesliga/2017,2018-05-12,True
2018-05-12,Hertha,RB Leipzig,1.50613,1.22103,8558,2017,https://understat.com/getLeagueData/Bundesliga/2017,2018-05-12,True
2018-05-12,Hoffenheim,Dortmund,1.07393,1.57779,8557,2017,https://understat.com/getLeagueData/Bundesliga/2017,2018-05-12,True
2018-05-12,Leverkusen,Hannover,4.42734,1.56701,8561,2017,https://understat.com/getLeagueData/Bundesliga/2017,2018-05-12,True
2018-05-12,Mainz,Werder Bremen,0.539651,1.0587,8563,2017,https://understat.com/getLeagueData/Bundesliga/2017,2018-05-12,True
2018-05-12,Schalke 04,Ein Frankfurt,1.69009,0.281816,8560,2017,https://understat.com/getLeagueData/Bundesliga/2017,2018-05-12,True
2018-05-12,Wolfsburg,FC Koln,1.84524,1.59763,8564,2017,https://understat.com/getLeagueData/Bundesliga/2017,2018-05-12,True
2018-08-24,Bayern Munich,Hoffenheim,3.08883,0.697274,10337,2018,https://understat.com/getLeagueData/Bundesliga/2018,2018-08-24,True
2018-08-25,Fortuna Dusseldorf,Augsburg,1.32783,0.755029,10339,2018,https://understat.com/getLeagueData/Bundesliga/2018,2018-08-25,True
2018-08-25,Freiburg,Ein Frankfurt,1.46674,0.81415,10342,2018,https://understat.com/getLeagueData/Bundesliga/2018,2018-08-25,True
2018-08-25,Hertha,Nurnberg,1.03309,1.34412,10340,2018,https://understat.com/getLeagueData/Bundesliga/2018,2018-08-25,True
2018-08-25,M'gladbach,Leverkusen,3.34179,1.05775,10343,2018,https://understat.com/getLeagueData/Bundesliga/2018,2018-08-25,True
2018-08-25,Werder Bremen,Hannover,1.91197,0.840127,10341,2018,https://understat.com/getLeagueData/Bundesliga/2018,2018-08-25,True
2018-08-25,Wolfsburg,Schalke 04,1.31029,1.86154,10338,2018,https://understat.com/getLeagueData/Bundesliga/2018,2018-08-25,True
2018-08-26,Dortmund,RB Leipzig,1.96153,1.46268,10345,2018,https://understat.com/getLeagueData/Bundesliga/2018,2018-08-26,True
2018-08-26,Mainz,Stuttgart,1.28621,1.07847,10344,2018,https://understat.com/getLeagueData/Bundesliga/2018,2018-08-26,True
2018-08-31,Hannover,Dortmund,0.462033,0.842511,10346,2018,https://understat.com/getLeagueData/Bundesliga/2018,2018-08-31,True
2018-09-01,Augsburg,M'gladbach,1.7521,1.31189,10349,2018,https://understat.com/getLeagueData/Bundesliga/2018,2018-09-01,True
2018-09-01,Ein Frankfurt,Werder Bremen,1.25306,1.34271,10348,2018,https://understat.com/getLeagueData/Bundesliga/2018,2018-09-01,True
2018-09-01,Hoffenheim,Freiburg,3.48013,1.53718,10350,2018,https://understat.com/getLeagueData/Bundesliga/2018,2018-09-01,True
2018-09-01,Leverkusen,Wolfsburg,0.877655,2.13508,10351,2018,https://understat.com/getLeagueData/Bundesliga/2018,2018-09-01,True
2018-09-01,Nurnberg,Mainz,1.56238,0.367667,10347,2018,https://understat.com/getLeagueData/Bundesliga/2018,2018-09-01,True
2018-09-01,Stuttgart,Bayern Munich,0.0990837,1.71434,10352,2018,https://understat.com/getLeagueData/Bundesliga/2018,2018-09-01,True
2018-09-02,RB Leipzig,Fortuna Dusseldorf,2.25033,1.43691,10353,2018,https://understat.com/getLeagueData/Bundesliga/2018,2018-09-02,True
2018-09-02,Schalke 04,Hertha,1.59561,0.566284,10354,2018,https://understat.com/getLeagueData/Bundesliga/2018,2018-09-02,True
2018-09-14,Dortmund,Ein Frankfurt,1.95503,0.199314,10355,2018,https://understat.com/getLeagueData/Bundesliga/2018,2018-09-14,True
2018-09-15,Bayern Munich,Leverkusen,1.40345,0.784725,10360,2018,https://understat.com/getLeagueData/Bundesliga/2018,2018-09-15,True
2018-09-15,Fortuna Dusseldorf,Hoffenheim,1.78366,2.19977,10359,2018,https://understat.com/getLeagueData/Bundesliga/2018,2018-09-15,True
2018-09-15,M'gladbach,Schalke 04,1.4002,0.729351,10361,2018,https://understat.com/getLeagueData/Bundesliga/2018,2018-09-15,True
2018-09-15,Mainz,Augsburg,2.81187,0.736371,10357,2018,https://understat.com/getLeagueData/Bundesliga/2018,2018-09-15,True
2018-09-15,RB Leipzig,Hannover,2.35222,0.950644,10356,2018,https://understat.com/getLeagueData/Bundesliga/2018,2018-09-15,True
2018-09-15,Wolfsburg,Hertha,2.23932,0.590795,10358,2018,https://understat.com/getLeagueData/Bundesliga/2018,2018-09-15,True
2018-09-16,Freiburg,Stuttgart,1.20784,1.19724,10363,2018,https://understat.com/getLeagueData/Bundesliga/2018,2018-09-16,True
2018-09-16,Werder Bremen,Nurnberg,0.700449,0.514375,10362,2018,https://understat.com/getLeagueData/Bundesliga/2018,2018-09-16,True
2018-09-21,Stuttgart,Fortuna Dusseldorf,1.39372,1.23964,10364,2018,https://understat.com/getLeagueData/Bundesliga/2018,2018-09-21,True
2018-09-22,Augsburg,Werder Bremen,2.11259,1.39048,10367,2018,https://understat.com/getLeagueData/Bundesliga/2018,2018-09-22,True
2018-09-22,Hertha,M'gladbach,3.9572,2.64706,10366,2018,https://understat.com/getLeagueData/Bundesliga/2018,2018-09-22,True
2018-09-22,Hoffenheim,Dortmund,1.92814,1.4456,10365,2018,https://understat.com/getLeagueData/Bundesliga/2018,2018-09-22,True
2018-09-22,Nurnberg,Hannover,1.64985,0.557368,10369,2018,https://understat.com/getLeagueData/Bundesliga/2018,2018-09-22,True
2018-09-22,Schalke 04,Bayern Munich,0.358342,2.58882,10370,2018,https://understat.com/getLeagueData/Bundesliga/2018,2018-09-22,True
2018-09-22,Wolfsburg,Freiburg,0.826665,2.26733,10368,2018,https://understat.com/getLeagueData/Bundesliga/2018,2018-09-22,True
2018-09-23,Ein Frankfurt,RB Leipzig,1.80358,1.8818,10372,2018,https://understat.com/getLeagueData/Bundesliga/2018,2018-09-23,True
2018-09-23,Leverkusen,Mainz,1.29357,0.76291,10371,2018,https://understat.com/getLeagueData/Bundesliga/2018,2018-09-23,True
2018-09-25,Bayern Munich,Augsburg,1.43314,1.32512,10376,2018,https://understat.com/getLeagueData/Bundesliga/2018,2018-09-25,True
2018-09-25,Freiburg,Schalke 04,1.38048,0.928266,10375,2018,https://understat.com/getLeagueData/Bundesliga/2018,2018-09-25,True
2018-09-25,Hannover,Hoffenheim,2.06878,1.98958,10374,2018,https://understat.com/getLeagueData/Bundesliga/2018,2018-09-25,True
2018-09-25,Werder Bremen,Hertha,2.51866,0.94148,10373,2018,https://understat.com/getLeagueData/Bundesliga/2018,2018-09-25,True
2018-09-26,Dortmund,Nurnberg,2.18746,0.154216,10378,2018,https://understat.com/getLeagueData/Bundesliga/2018,2018-09-26,True
2018-09-26,Fortuna Dusseldorf,Leverkusen,1.75244,1.48071,10377,2018,https://understat.com/getLeagueData/Bundesliga/2018,2018-09-26,True
2018-09-26,M'gladbach,Ein Frankfurt,1.5541,1.11709,10380,2018,https://understat.com/getLeagueData/Bundesliga/2018,2018-09-26,True
2018-09-26,Mainz,Wolfsburg,0.362483,1.19657,10381,2018,https://understat.com/getLeagueData/Bundesliga/2018,2018-09-26,True
2018-09-26,RB Leipzig,Stuttgart,3.13273,0.640951,10379,2018,https://understat.com/getLeagueData/Bundesliga/2018,2018-09-26,True
2018-09-28,Hertha,Bayern Munich,1.48921,2.40599,10382,2018,https://understat.com/getLeagueData/Bundesliga/2018,2018-09-28,True
2018-09-29,Hoffenheim,RB Leipzig,1.77221,1.47287,10385,2018,https://understat.com/getLeagueData/Bundesliga/2018,2018-09-29,True
2018-09-29,Leverkusen,Dortmund,1.34044,2.98145,10388,2018,https://understat.com/getLeagueData/Bundesliga/2018,2018-09-29,True
2018-09-29,Nurnberg,Fortuna Dusseldorf,2.42225,1.17182,10387,2018,https://understat.com/getLeagueData/Bundesliga/2018,2018-09-29,True
2018-09-29,Schalke 04,Mainz,1.59406,0.642848,10384,2018,https://understat.com/getLeagueData/Bundesliga/2018,2018-09-29,True
2018-09-29,Stuttgart,Werder Bremen,2.43649,0.656694,10383,2018,https://understat.com/getLeagueData/Bundesliga/2018,2018-09-29,True
2018-09-29,Wolfsburg,M'gladbach,0.802752,0.849348,10386,2018,https://understat.com/getLeagueData/Bundesliga/2018,2018-09-29,True
2018-09-30,Augsburg,Freiburg,4.37565,1.61825,10390,2018,https://understat.com/getLeagueData/Bundesliga/2018,2018-09-30,True
2018-09-30,Ein Frankfurt,Hannover,2.76495,0.613099,10389,2018,https://understat.com/getLeagueData/Bundesliga/2018,2018-09-30,True
2018-10-05,Werder Bremen,Wolfsburg,1.10209,0.351604,10395,2018,https://understat.com/getLeagueData/Bundesliga/2018,2018-10-05,True
2018-10-06,Bayern Munich,M'gladbach,0.595523,0.559058,10391,2018,https://understat.com/getLeagueData/Bundesliga/2018,2018-10-06,True
2018-10-06,Dortmund,Augsburg,2.09977,3.18937,10393,2018,https://understat.com/getLeagueData/Bundesliga/2018,2018-10-06,True
2018-10-06,Fortuna Dusseldorf,Schalke 04,0.557607,1.75802,10399,2018,https://understat.com/getLeagueData/Bundesliga/2018,2018-10-06,True
2018-10-06,Hannover,Stuttgart,2.0396,0.69495,10396,2018,https://understat.com/getLeagueData/Bundesliga/2018,2018-10-06,True
2018-10-06,Mainz,Hertha,1.56562,1.00145,10398,2018,https://understat.com/getLeagueData/Bundesliga/2018,2018-10-06,True
2018-10-07,Freiburg,Leverkusen,0.501569,0.551906,10397,2018,https://understat.com/getLeagueData/Bundesliga/2018,2018-10-07,True
2018-10-07,Hoffenheim,Ein Frankfurt,2.24067,1.02517,10392,2018,https://understat.com/getLeagueData/Bundesliga/2018,2018-10-07,True
2018-10-07,RB Leipzig,Nurnberg,3.17935,0.394254,10394,2018,https://understat.com/getLeagueData/Bundesliga/2018,2018-10-07,True
2018-10-19,Ein Frankfurt,Fortuna Dusseldorf,3.51257,0.666096,10403,2018,https://understat.com/getLeagueData/Bundesliga/2018,2018-10-19,True
2018-10-20,Augsburg,RB Leipzig,0.267706,1.098,10406,2018,https://understat.com/getLeagueData/Bundesliga/2018,2018-10-20,True
2018-10-20,Leverkusen,Hannover,2.38988,1.0744,10401,2018,https://understat.com/getLeagueData/Bundesliga/2018,2018-10-20,True
2018-10-20,Nurnberg,Hoffenheim,1.11043,2.46148,10408,2018,https://understat.com/getLeagueData/Bundesliga/2018,2018-10-20,True
2018-10-20,Schalke 04,Werder Bremen,0.966026,0.399747,10400,2018,https://understat.com/getLeagueData/Bundesliga/2018,2018-10-20,True
2018-10-20,Stuttgart,Dortmund,1.03693,0.952768,10402,2018,https://understat.com/getLeagueData/Bundesliga/2018,2018-10-20,True
2018-10-20,Wolfsburg,Bayern Munich,0.815476,2.75811,10407,2018,https://understat.com/getLeagueData/Bundesliga/2018,2018-10-20,True
2018-10-21,Hertha,Freiburg,0.877118,0.427269,10405,2018,https://understat.com/getLeagueData/Bundesliga/2018,2018-10-21,True
2018-10-21,M'gladbach,Mainz,3.00692,0.472964,10404,2018,https://understat.com/getLeagueData/Bundesliga/2018,2018-10-21,True
2018-10-26,Freiburg,M'gladbach,1.41352,1.14643,10414,2018,https://understat.com/getLeagueData/Bundesliga/2018,2018-10-26,True
2018-10-27,Dortmund,Hertha,3.57277,2.04279,10410,2018,https://understat.com/getLeagueData/Bundesliga/2018,2018-10-27,True
2018-10-27,Fortuna Dusseldorf,Wolfsburg,0.245269,1.74956,10416,2018,https://understat.com/getLeagueData/Bundesliga/2018,2018-10-27,True
2018-10-27,Hannover,Augsburg,0.616434,1.45577,10413,2018,https://understat.com/getLeagueData/Bundesliga/2018,2018-10-27,True
2018-10-27,Hoffenheim,Stuttgart,2.93243,0.253449,10409,2018,https://understat.com/getLeagueData/Bundesliga/2018,2018-10-27,True
2018-10-27,Mainz,Bayern Munich,0.592384,2.15695,10415,2018,https://understat.com/getLeagueData/Bundesliga/2018,2018-10-27,True
2018-10-28,Nurnberg,Ein Frankfurt,0.949097,0.998569,10417,2018,https://understat.com/getLeagueData/Bundesliga/2018,2018-10-28,True
2018-10-28,RB Leipzig,Schalke 04,0.760107,0.754245,10411,2018,https://understat.com/getLeagueData/Bundesliga/2018,2018-10-28,True
2018-10-28,Werder Bremen,Leverkusen,1.49927,4.07211,10412,2018,https://understat.com/getLeagueData/Bundesliga/2018,2018-10-28,True
2018-11-02,Stuttgart,Ein Frankfurt,1.02365,3.33128,10425,2018,https://understat.com/getLeagueData/Bundesliga/2018,2018-11-02,True
2018-11-03,Augsburg,Nurnberg,2.61879,1.37885,10419,2018,https://understat.com/getLeagueData/Bundesliga/2018,2018-11-03,True
2018-11-03,Bayern Munich,Freiburg,1.8539,0.592458,10422,2018,https://understat.com/getLeagueData/Bundesliga/2018,2018-11-03,True
2018-11-03,Hertha,RB Leipzig,1.79233,3.76073,10418,2018,https://understat.com/getLeagueData/Bundesliga/2018,2018-11-03,True
2018-11-03,Leverkusen,Hoffenheim,2.21447,1.93557,10424,2018,https://understat.com/getLeagueData/Bundesliga/2018,2018-11-03,True
2018-11-03,Schalke 04,Hannover,2.95181,1.18456,10423,2018,https://understat.com/getLeagueData/Bundesliga/2018,2018-11-03,True
2018-11-03,Wolfsburg,Dortmund,0.44332,1.19435,10421,2018,https://understat.com/getLeagueData/Bundesliga/2018,2018-11-03,True
2018-11-04,M'gladbach,Fortuna Dusseldorf,3.16198,0.719516,10426,2018,https://understat.com/getLeagueData/Bundesliga/2018,2018-11-04,True
2018-11-04,Mainz,Werder Bremen,1.54801,1.25758,10420,2018,https://understat.com/getLeagueData/Bundesliga/2018,2018-11-04,True
2018-11-09,Hannover,Wolfsburg,2.08751,2.99196,10432,2018,https://understat.com/getLeagueData/Bundesliga/2018,2018-11-09,True
2018-11-10,Dortmund,Bayern Munich,2.56191,1.84247,10428,2018,https://understat.com/getLeagueData/Bundesliga/2018,2018-11-10,True
2018-11-10,Fortuna Dusseldorf,Hertha,2.89841,0.960102,10434,2018,https://understat.com/getLeagueData/Bundesliga/2018,2018-11-10,True
2018-11-10,Freiburg,Mainz,1.86463,0.770571,10433,2018,https://understat.com/getLeagueData/Bundesliga/2018,2018-11-10,True
2018-11-10,Hoffenheim,Augsburg,1.82862,1.14191,10427,2018,https://understat.com/getLeagueData/Bundesliga/2018,2018-11-10,True
2018-11-10,Nurnberg,Stuttgart,0.434841,1.54977,10435,2018,https://understat.com/getLeagueData/Bundesliga/2018,2018-11-10,True
2018-11-10,Werder Bremen,M'gladbach,1.50955,2.73709,10431,2018,https://understat.com/getLeagueData/Bundesliga/2018,2018-11-10,True
2018-11-11,Ein Frankfurt,Schalke 04,2.51248,0.609591,10430,2018,https://understat.com/getLeagueData/Bundesliga/2018,2018-11-11,True
2018-11-11,RB Leipzig,Leverkusen,2.55127,0.443215,10429,2018,https://understat.com/getLeagueData/Bundesliga/2018,2018-11-11,True
2018-11-23,Leverkusen,Stuttgart,2.62916,0.393762,10438,2018,https://understat.com/getLeagueData/Bundesliga/2018,2018-11-23,True
2018-11-24,Augsburg,Ein Frankfurt,2.01274,3.21577,10441,2018,https://understat.com/getLeagueData/Bundesliga/2018,2018-11-24,True
2018-11-24,Bayern Munich,Fortuna Dusseldorf,2.81107,1.36755,10436,2018,https://understat.com/getLeagueData/Bundesliga/2018,2018-11-24,True
2018-11-24,Hertha,Hoffenheim,2.69304,1.68148,10440,2018,https://understat.com/getLeagueData/Bundesliga/2018,2018-11-24,True
2018-11-24,Mainz,Dortmund,1.05805,1.08217,10443,2018,https://understat.com/getLeagueData/Bundesliga/2018,2018-11-24,True
2018-11-24,Schalke 04,Nurnberg,2.77116,2.29783,10437,2018,https://understat.com/getLeagueData/Bundesliga/2018,2018-11-24,True
2018-11-24,Wolfsburg,RB Leipzig,1.54495,0.647326,10444,2018,https://understat.com/getLeagueData/Bundesliga/2018,2018-11-24,True
2018-11-25,Freiburg,Werder Bremen,2.98264,2.13569,10442,2018,https://understat.com/getLeagueData/Bundesliga/2018,2018-11-25,True
2018-11-25,M'gladbach,Hannover,1.70943,0.459166,10439,2018,https://understat.com/getLeagueData/Bundesliga/2018,2018-11-25,True
2018-11-30,Fortuna Dusseldorf,Mainz,1.10941,1.02576,10452,2018,https://understat.com/getLeagueData/Bundesliga/2018,2018-11-30,True
2018-12-01,Dortmund,Freiburg,2.69109,0.143781,10446,2018,https://understat.com/getLeagueData/Bundesliga/2018,2018-12-01,True
2018-12-01,Hannover,Hertha,0.54136,2.10742,10451,2018,https://understat.com/getLeagueData/Bundesliga/2018,2018-12-01,True
2018-12-01,Hoffenheim,Schalke 04,2.35914,2.15866,10445,2018,https://understat.com/getLeagueData/Bundesliga/2018,2018-12-01,True
2018-12-01,Stuttgart,Augsburg,0.710341,1.64707,10448,2018,https://understat.com/getLeagueData/Bundesliga/2018,2018-12-01,True
2018-12-01,Werder Bremen,Bayern Munich,0.637321,3.29433,10450,2018,https://understat.com/getLeagueData/Bundesliga/2018,2018-12-01,True
2018-12-02,Ein Frankfurt,Wolfsburg,1.53625,1.72581,10449,2018,https://understat.com/getLeagueData/Bundesliga/2018,2018-12-02,True
2018-12-02,RB Leipzig,M'gladbach,2.39576,0.628352,10447,2018,https://understat.com/getLeagueData/Bundesliga/2018,2018-12-02,True
2018-12-03,Nurnberg,Leverkusen,0.675448,1.39302,10453,2018,https://understat.com/getLeagueData/Bundesliga/2018,2018-12-03,True
2018-12-07,Werder Bremen,Fortuna Dusseldorf,2.83748,1.37827,10459,2018,https://understat.com/getLeagueData/Bundesliga/2018,2018-12-07,True
2018-12-08,Bayern Munich,Nurnberg,2.8246,0.191129,10454,2018,https://understat.com/getLeagueData/Bundesliga/2018,2018-12-08,True
2018-12-08,Freiburg,RB Leipzig,2.0335,1.23018,10460,2018,https://understat.com/getLeagueData/Bundesliga/2018,2018-12-08,True
2018-12-08,Hertha,Ein Frankfurt,0.243455,1.12526,10458,2018,https://understat.com/getLeagueData/Bundesliga/2018,2018-12-08,True
2018-12-08,Leverkusen,Augsburg,1.53502,0.768373,10456,2018,https://understat.com/getLeagueData/Bundesliga/2018,2018-12-08,True
2018-12-08,Schalke 04,Dortmund,1.44761,0.898668,10455,2018,https://understat.com/getLeagueData/Bundesliga/2018,2018-12-08,True
2018-12-08,Wolfsburg,Hoffenheim,0.515385,2.10256,10462,2018,https://understat.com/getLeagueData/Bundesliga/2018,2018-12-08,True
2018-12-09,M'gladbach,Stuttgart,2.61136,0.678537,10457,2018,https://understat.com/getLeagueData/Bundesliga/2018,2018-12-09,True
2018-12-09,Mainz,Hannover,3.27966,2.23642,10461,2018,https://understat.com/getLeagueData/Bundesliga/2018,2018-12-09,True
2018-12-14,Nurnberg,Wolfsburg,0.601572,0.70077,10471,2018,https://understat.com/getLeagueData/Bundesliga/2018,2018-12-14,True
2018-12-15,Augsburg,Schalke 04,2.00924,0.758425,10468,2018,https://understat.com/getLeagueData/Bundesliga/2018,2018-12-15,True
2018-12-15,Dortmund,Werder Bremen,2.89288,0.461208,10464,2018,https://understat.com/getLeagueData/Bundesliga/2018,2018-12-15,True
2018-12-15,Fortuna Dusseldorf,Freiburg,2.59785,0.798948,10470,2018,https://understat.com/getLeagueData/Bundesliga/2018,2018-12-15,True
2018-12-15,Hannover,Bayern Munich,0.628893,4.18084,10469,2018,https://understat.com/getLeagueData/Bundesliga/2018,2018-12-15,True
2018-12-15,Hoffenheim,M'gladbach,3.933,0.584205,10463,2018,https://understat.com/getLeagueData/Bundesliga/2018,2018-12-15,True
2018-12-15,Stuttgart,Hertha,1.43807,1.53719,10466,2018,https://understat.com/getLeagueData/Bundesliga/2018,2018-12-15,True
2018-12-16,Ein Frankfurt,Leverkusen,3.59588,0.744745,10467,2018,https://understat.com/getLeagueData/Bundesliga/2018,2018-12-16,True
2018-12-16,RB Leipzig,Mainz,4.47536,1.33833,10465,2018,https://understat.com/getLeagueData/Bundesliga/2018,2018-12-16,True
2018-12-18,Fortuna Dusseldorf,Dortmund,1.3731,1.29548,10478,2018,https://understat.com/getLeagueData/Bundesliga/2018,2018-12-18,True
2018-12-18,Hertha,Augsburg,1.74712,0.728652,10480,2018,https://understat.com/getLeagueData/Bundesliga/2018,2018-12-18,True
2018-12-18,M'gladbach,Nurnberg,3.61765,1.13637,10479,2018,https://understat.com/getLeagueData/Bundesliga/2018,2018-12-18,True
2018-12-18,Wolfsburg,Stuttgart,1.584,0.333514,10477,2018,https://understat.com/getLeagueData/Bundesliga/2018,2018-12-18,True
2018-12-19,Bayern Munich,RB Leipzig,1.81321,0.721767,10472,2018,https://understat.com/getLeagueData/Bundesliga/2018,2018-12-19,True
2018-12-19,Freiburg,Hannover,1.62711,2.01561,10475,2018,https://understat.com/getLeagueData/Bundesliga/2018,2018-12-19,True
2018-12-19,Mainz,Ein Frankfurt,1.61471,1.09488,10476,2018,https://understat.com/getLeagueData/Bundesliga/2018,2018-12-19,True
2018-12-19,Schalke 04,Leverkusen,1.84453,0.683564,10473,2018,https://understat.com/getLeagueData/Bundesliga/2018,2018-12-19,True
2018-12-19,Werder Bremen,Hoffenheim,2.39195,1.90654,10474,2018,https://understat.com/getLeagueData/Bundesliga/2018,2018-12-19,True
2018-12-21,Dortmund,M'gladbach,1.79527,0.517203,10483,2018,https://understat.com/getLeagueData/Bundesliga/2018,2018-12-21,True
2018-12-22,Ein Frankfurt,Bayern Munich,1.31242,2.04036,10487,2018,https://understat.com/getLeagueData/Bundesliga/2018,2018-12-22,True
2018-12-22,Hannover,Fortuna Dusseldorf,0.6702,1.13166,10489,2018,https://understat.com/getLeagueData/Bundesliga/2018,2018-12-22,True
2018-12-22,Leverkusen,Hertha,1.82482,1.26734,10484,2018,https://understat.com/getLeagueData/Bundesliga/2018,2018-12-22,True
2018-12-22,Nurnberg,Freiburg,1.13859,0.318199,10481,2018,https://understat.com/getLeagueData/Bundesliga/2018,2018-12-22,True
2018-12-22,RB Leipzig,Werder Bremen,1.93805,2.10073,10485,2018,https://understat.com/getLeagueData/Bundesliga/2018,2018-12-22,True
2018-12-22,Stuttgart,Schalke 04,1.22362,2.42656,10486,2018,https://understat.com/getLeagueData/Bundesliga/2018,2018-12-22,True
2018-12-23,Augsburg,Wolfsburg,0.382344,2.66718,10488,2018,https://understat.com/getLeagueData/Bundesliga/2018,2018-12-23,True
2018-12-23,Hoffenheim,Mainz,2.21326,0.963816,10482,2018,https://understat.com/getLeagueData/Bundesliga/2018,2018-12-23,True
2019-01-18,Hoffenheim,Bayern Munich,1.1596,3.31311,10497,2018,https://understat.com/getLeagueData/Bundesliga/2018,2019-01-18,True
2019-01-19,Augsburg,Fortuna Dusseldorf,0.869957,1.0413,10493,2018,https://understat.com/getLeagueData/Bundesliga/2018,2019-01-19,True
2019-01-19,Ein Frankfurt,Freiburg,2.9107,1.54911,10492,2018,https://understat.com/getLeagueData/Bundesliga/2018,2019-01-19,True
2019-01-19,Hannover,Werder Bremen,0.516442,2.168,10494,2018,https://understat.com/getLeagueData/Bundesliga/2018,2019-01-19,True
2019-01-19,Leverkusen,M'gladbach,1.20925,0.747044,10498,2018,https://understat.com/getLeagueData/Bundesliga/2018,2019-01-19,True
2019-01-19,RB Leipzig,Dortmund,0.778946,1.02216,10490,2018,https://understat.com/getLeagueData/Bundesliga/2018,2019-01-19,True
2019-01-19,Stuttgart,Mainz,3.20149,1.17715,10491,2018,https://understat.com/getLeagueData/Bundesliga/2018,2019-01-19,True
2019-01-20,Nurnberg,Hertha,1.1239,2.24853,10495,2018,https://understat.com/getLeagueData/Bundesliga/2018,2019-01-20,True
2019-01-20,Schalke 04,Wolfsburg,3.02896,1.72547,10496,2018,https://understat.com/getLeagueData/Bundesliga/2018,2019-01-20,True
2019-01-25,Hertha,Schalke 04,1.41796,1.03679,10502,2018,https://understat.com/getLeagueData/Bundesliga/2018,2019-01-25,True
2019-01-26,Dortmund,Hannover,2.89598,0.819503,10500,2018,https://understat.com/getLeagueData/Bundesliga/2018,2019-01-26,True
2019-01-26,Freiburg,Hoffenheim,1.77454,3.27125,10504,2018,https://understat.com/getLeagueData/Bundesliga/2018,2019-01-26,True
2019-01-26,M'gladbach,Augsburg,2.08047,0.777086,10501,2018,https://understat.com/getLeagueData/Bundesliga/2018,2019-01-26,True
2019-01-26,Mainz,Nurnberg,2.36343,0.32725,10505,2018,https://understat.com/getLeagueData/Bundesliga/2018,2019-01-26,True
2019-01-26,Werder Bremen,Ein Frankfurt,2.6,1.64974,10503,2018,https://understat.com/getLeagueData/Bundesliga/2018,2019-01-26,True
2019-01-26,Wolfsburg,Leverkusen,1.19108,3.00387,10506,2018,https://understat.com/getLeagueData/Bundesliga/2018,2019-01-26,True
2019-01-27,Bayern Munich,Stuttgart,3.41668,0.361664,10499,2018,https://understat.com/getLeagueData/Bundesliga/2018,2019-01-27,True
2019-01-27,Fortuna Dusseldorf,RB Leipzig,0.290714,2.02739,10507,2018,https://understat.com/getLeagueData/Bundesliga/2018,2019-01-27,True
2019-02-01,Hannover,RB Leipzig,0.138262,2.35194,10513,2018,https://understat.com/getLeagueData/Bundesliga/2018,2019-02-01,True
2019-02-02,Ein Frankfurt,Dortmund,1.44338,1.8842,10510,2018,https://understat.com/getLeagueData/Bundesliga/2018,2019-02-02,True
2019-02-02,Hertha,Wolfsburg,1.70071,1.18244,10511,2018,https://understat.com/getLeagueData/Bundesliga/2018,2019-02-02,True
2019-02-02,Hoffenheim,Fortuna Dusseldorf,1.63645,1.17944,10515,2018,https://understat.com/getLeagueData/Bundesliga/2018,2019-02-02,True
2019-02-02,Leverkusen,Bayern Munich,1.2769,1.868,10508,2018,https://understat.com/getLeagueData/Bundesliga/2018,2019-02-02,True
2019-02-02,Nurnberg,Werder Bremen,1.09967,1.10992,10514,2018,https://understat.com/getLeagueData/Bundesliga/2018,2019-02-02,True
2019-02-02,Schalke 04,M'gladbach,0.663579,1.87388,10516,2018,https://understat.com/getLeagueData/Bundesliga/2018,2019-02-02,True
2019-02-03,Augsburg,Mainz,3.79911,0.20019,10512,2018,https://understat.com/getLeagueData/Bundesliga/2018,2019-02-03,True
2019-02-03,Stuttgart,Freiburg,0.850155,2.53349,10509,2018,https://understat.com/getLeagueData/Bundesliga/2018,2019-02-03,True
2019-02-08,Mainz,Leverkusen,1.88457,3.30348,10524,2018,https://understat.com/getLeagueData/Bundesliga/2018,2019-02-08,True
2019-02-09,Bayern Munich,Schalke 04,2.35845,1.39766,10517,2018,https://understat.com/getLeagueData/Bundesliga/2018,2019-02-09,True
2019-02-09,Dortmund,Hoffenheim,1.99653,2.47538,10518,2018,https://understat.com/getLeagueData/Bundesliga/2018,2019-02-09,True
2019-02-09,Freiburg,Wolfsburg,0.818616,1.91629,10523,2018,https://understat.com/getLeagueData/Bundesliga/2018,2019-02-09,True
2019-02-09,Hannover,Nurnberg,1.4289,0.981416,10522,2018,https://understat.com/getLeagueData/Bundesliga/2018,2019-02-09,True
2019-02-09,M'gladbach,Hertha,1.30285,2.49289,10520,2018,https://understat.com/getLeagueData/Bundesliga/2018,2019-02-09,True
2019-02-09,RB Leipzig,Ein Frankfurt,1.59427,0.501519,10519,2018,https://understat.com/getLeagueData/Bundesliga/2018,2019-02-09,True
2019-02-10,Fortuna Dusseldorf,Stuttgart,1.64721,1.1803,10525,2018,https://understat.com/getLeagueData/Bundesliga/2018,2019-02-10,True
2019-02-10,Werder Bremen,Augsburg,1.66903,1.05801,10521,2018,https://understat.com/getLeagueData/Bundesliga/2018,2019-02-10,True
2019-02-15,Augsburg,Bayern Munich,0.510867,2.20232,10531,2018,https://understat.com/getLeagueData/Bundesliga/2018,2019-02-15,True
2019-02-16,Hertha,Werder Bremen,1.09705,0.390094,10530,2018,https://understat.com/getLeagueData/Bundesliga/2018,2019-02-16,True
2019-02-16,Hoffenheim,Hannover,3.59387,0.41327,10526,2018,https://understat.com/getLeagueData/Bundesliga/2018,2019-02-16,True
2019-02-16,Schalke 04,Freiburg,0.609421,1.09678,10534,2018,https://understat.com/getLeagueData/Bundesliga/2018,2019-02-16,True
2019-02-16,Stuttgart,RB Leipzig,1.36671,1.32163,10528,2018,https://understat.com/getLeagueData/Bundesliga/2018,2019-02-16,True
2019-02-16,Wolfsburg,Mainz,2.13855,0.719281,10532,2018,https://understat.com/getLeagueData/Bundesliga/2018,2019-02-16,True
2019-02-17,Ein Frankfurt,M'gladbach,1.16069,1.17016,10529,2018,https://understat.com/getLeagueData/Bundesliga/2018,2019-02-17,True
2019-02-17,Leverkusen,Fortuna Dusseldorf,1.90354,0.209187,10527,2018,https://understat.com/getLeagueData/Bundesliga/2018,2019-02-17,True
2019-02-18,Nurnberg,Dortmund,0.498008,0.930531,10533,2018,https://understat.com/getLeagueData/Bundesliga/2018,2019-02-18,True
2019-02-22,Werder Bremen,Stuttgart,1.23401,0.946008,10539,2018,https://understat.com/getLeagueData/Bundesliga/2018,2019-02-22,True
2019-02-23,Bayern Munich,Hertha,0.989434,0.279649,10535,2018,https://understat.com/getLeagueData/Bundesliga/2018,2019-02-23,True
2019-02-23,Fortuna Dusseldorf,Nurnberg,1.55152,0.112551,10543,2018,https://understat.com/getLeagueData/Bundesliga/2018,2019-02-23,True
2019-02-23,Freiburg,Augsburg,2.01296,1.54501,10541,2018,https://understat.com/getLeagueData/Bundesliga/2018,2019-02-23,True
2019-02-23,M'gladbach,Wolfsburg,1.18063,0.794633,10538,2018,https://understat.com/getLeagueData/Bundesliga/2018,2019-02-23,True
2019-02-23,Mainz,Schalke 04,2.44926,0.749874,10542,2018,https://understat.com/getLeagueData/Bundesliga/2018,2019-02-23,True
2019-02-24,Dortmund,Leverkusen,1.05083,1.26295,10536,2018,https://understat.com/getLeagueData/Bundesliga/2018,2019-02-24,True
2019-02-24,Hannover,Ein Frankfurt,0.392236,2.33768,10540,2018,https://understat.com/getLeagueData/Bundesliga/2018,2019-02-24,True
2019-02-25,RB Leipzig,Hoffenheim,1.91108,1.30993,10537,2018,https://understat.com/getLeagueData/Bundesliga/2018,2019-02-25,True
2019-03-01,Augsburg,Dortmund,0.961029,2.85445,10550,2018,https://understat.com/getLeagueData/Bundesliga/2018,2019-03-01,True
2019-03-02,Ein Frankfurt,Hoffenheim,2.30575,1.76367,10547,2018,https://understat.com/getLeagueData/Bundesliga/2018,2019-03-02,True
2019-03-02,Hertha,Mainz,1.77228,0.83743,10549,2018,https://understat.com/getLeagueData/Bundesliga/2018,2019-03-02,True
2019-03-02,Leverkusen,Freiburg,3.25987,0.26273,10545,2018,https://understat.com/getLeagueData/Bundesliga/2018,2019-03-02,True
2019-03-02,M'gladbach,Bayern Munich,0.58281,5.94023,10548,2018,https://understat.com/getLeagueData/Bundesliga/2018,2019-03-02,True
2019-03-02,Nurnberg,RB Leipzig,1.02688,0.920561,10552,2018,https://understat.com/getLeagueData/Bundesliga/2018,2019-03-02,True
2019-03-02,Schalke 04,Fortuna Dusseldorf,0.708083,2.89494,10544,2018,https://understat.com/getLeagueData/Bundesliga/2018,2019-03-02,True
2019-03-03,Stuttgart,Hannover,2.6743,0.613856,10546,2018,https://understat.com/getLeagueData/Bundesliga/2018,2019-03-03,True
2019-03-03,Wolfsburg,Werder Bremen,1.16809,1.83543,10551,2018,https://understat.com/getLeagueData/Bundesliga/2018,2019-03-03,True
2019-03-08,Werder Bremen,Schalke 04,2.44765,1.53919,10557,2018,https://understat.com/getLeagueData/Bundesliga/2018,2019-03-08,True
2019-03-09,Bayern Munich,Wolfsburg,3.77617,0.159247,10553,2018,https://understat.com/getLeagueData/Bundesliga/2018,2019-03-09,True
2019-03-09,Dortmund,Stuttgart,2.5589,0.897914,10555,2018,https://understat.com/getLeagueData/Bundesliga/2018,2019-03-09,True
2019-03-09,Freiburg,Hertha,0.972717,1.0226,10560,2018,https://understat.com/getLeagueData/Bundesliga/2018,2019-03-09,True
2019-03-09,Mainz,M'gladbach,0.578029,1.20097,10559,2018,https://understat.com/getLeagueData/Bundesliga/2018,2019-03-09,True
2019-03-09,RB Leipzig,Augsburg,2.35335,0.181299,10556,2018,https://understat.com/getLeagueData/Bundesliga/2018,2019-03-09,True
2019-03-10,Hannover,Leverkusen,0.672836,2.44206,10561,2018,https://understat.com/getLeagueData/Bundesliga/2018,2019-03-10,True
2019-03-10,Hoffenheim,Nurnberg,2.64002,0.79045,10554,2018,https://understat.com/getLeagueData/Bundesliga/2018,2019-03-10,True
2019-03-11,Fortuna Dusseldorf,Ein Frankfurt,0.837274,2.76254,10558,2018,https://understat.com/getLeagueData/Bundesliga/2018,2019-03-11,True
2019-03-15,M'gladbach,Freiburg,1.17388,0.514838,10569,2018,https://understat.com/getLeagueData/Bundesliga/2018,2019-03-15,True
2019-03-16,Augsburg,Hannover,1.35782,1.4864,10567,2018,https://understat.com/getLeagueData/Bundesliga/2018,2019-03-16,True
2019-03-16,Hertha,Dortmund,2.20854,2.23731,10568,2018,https://understat.com/getLeagueData/Bundesliga/2018,2019-03-16,True
2019-03-16,Schalke 04,RB Leipzig,1.01343,1.69354,10564,2018,https://understat.com/getLeagueData/Bundesliga/2018,2019-03-16,True
2019-03-16,Stuttgart,Hoffenheim,1.35935,2.90274,10562,2018,https://understat.com/getLeagueData/Bundesliga/2018,2019-03-16,True
2019-03-16,Wolfsburg,Fortuna Dusseldorf,3.87623,1.93907,10566,2018,https://understat.com/getLeagueData/Bundesliga/2018,2019-03-16,True
2019-03-17,Bayern Munich,Mainz,2.66818,0.302976,10565,2018,https://understat.com/getLeagueData/Bundesliga/2018,2019-03-17,True
2019-03-17,Ein Frankfurt,Nurnberg,2.58949,0.702802,10570,2018,https://understat.com/getLeagueData/Bundesliga/2018,2019-03-17,True
2019-03-17,Leverkusen,Werder Bremen,0.917302,1.31225,10563,2018,https://understat.com/getLeagueData/Bundesliga/2018,2019-03-17,True
2019-03-29,Hoffenheim,Leverkusen,2.4473,1.71436,10571,2018,https://understat.com/getLeagueData/Bundesliga/2018,2019-03-29,True
2019-03-30,Dortmund,Wolfsburg,1.45093,0.171788,10572,2018,https://understat.com/getLeagueData/Bundesliga/2018,2019-03-30,True
2019-03-30,Fortuna Dusseldorf,M'gladbach,1.66988,1.34223,10579,2018,https://understat.com/getLeagueData/Bundesliga/2018,2019-03-30,True
2019-03-30,Freiburg,Bayern Munich,0.719026,3.23843,10578,2018,https://understat.com/getLeagueData/Bundesliga/2018,2019-03-30,True
2019-03-30,Nurnberg,Augsburg,1.76901,0.867874,10575,2018,https://understat.com/getLeagueData/Bundesliga/2018,2019-03-30,True
2019-03-30,RB Leipzig,Hertha,5.04475,0.895578,10573,2018,https://understat.com/getLeagueData/Bundesliga/2018,2019-03-30,True
2019-03-30,Werder Bremen,Mainz,1.22854,0.998556,10576,2018,https://understat.com/getLeagueData/Bundesliga/2018,2019-03-30,True
2019-03-31,Ein Frankfurt,Stuttgart,2.00509,0.569489,10574,2018,https://understat.com/getLeagueData/Bundesliga/2018,2019-03-31,True
2019-03-31,Hannover,Schalke 04,0.755656,0.864608,10577,2018,https://understat.com/getLeagueData/Bundesliga/2018,2019-03-31,True
2019-04-05,Mainz,Freiburg,2.27396,1.80652,10587,2018,https://understat.com/getLeagueData/Bundesliga/2018,2019-04-05,True
2019-04-06,Bayern Munich,Dortmund,4.30876,0.478204,10580,2018,https://understat.com/getLeagueData/Bundesliga/2018,2019-04-06,True
2019-04-06,Hertha,Fortuna Dusseldorf,1.90031,2.72781,10585,2018,https://understat.com/getLeagueData/Bundesliga/2018,2019-04-06,True
2019-04-06,Leverkusen,RB Leipzig,2.1254,1.44447,10582,2018,https://understat.com/getLeagueData/Bundesliga/2018,2019-04-06,True
2019-04-06,Schalke 04,Ein Frankfurt,1.19525,2.24621,10581,2018,https://understat.com/getLeagueData/Bundesliga/2018,2019-04-06,True
2019-04-06,Stuttgart,Nurnberg,1.62221,2.37695,10583,2018,https://understat.com/getLeagueData/Bundesliga/2018,2019-04-06,True
2019-04-06,Wolfsburg,Hannover,1.43754,1.54016,10588,2018,https://understat.com/getLeagueData/Bundesliga/2018,2019-04-06,True
2019-04-07,Augsburg,Hoffenheim,0.653608,3.60653,10586,2018,https://understat.com/getLeagueData/Bundesliga/2018,2019-04-07,True
2019-04-07,M'gladbach,Werder Bremen,1.99752,1.05039,10584,2018,https://understat.com/getLeagueData/Bundesliga/2018,2019-04-07,True
2019-04-12,Nurnberg,Schalke 04,2.35613,0.850368,10597,2018,https://understat.com/getLeagueData/Bundesliga/2018,2019-04-12,True
2019-04-13,Dortmund,Mainz,2.13802,2.93676,10590,2018,https://understat.com/getLeagueData/Bundesliga/2018,2019-04-13,True
2019-04-13,Hannover,M'gladbach,1.36963,1.76261,10595,2018,https://understat.com/getLeagueData/Bundesliga/2018,2019-04-13,True
2019-04-13,RB Leipzig,Wolfsburg,2.11199,0.38877,10591,2018,https://understat.com/getLeagueData/Bundesliga/2018,2019-04-13,True
2019-04-13,Stuttgart,Leverkusen,0.444283,2.53521,10592,2018,https://understat.com/getLeagueData/Bundesliga/2018,2019-04-13,True
2019-04-13,Werder Bremen,Freiburg,1.81623,0.55263,10594,2018,https://understat.com/getLeagueData/Bundesliga/2018,2019-04-13,True
2019-04-14,Ein Frankfurt,Augsburg,2.09741,2.22016,10593,2018,https://understat.com/getLeagueData/Bundesliga/2018,2019-04-14,True
2019-04-14,Fortuna Dusseldorf,Bayern Munich,0.972295,3.34878,10596,2018,https://understat.com/getLeagueData/Bundesliga/2018,2019-04-14,True
2019-04-14,Hoffenheim,Hertha,3.53386,0.305091,10589,2018,https://understat.com/getLeagueData/Bundesliga/2018,2019-04-14,True
2019-04-20,Augsburg,Stuttgart,2.39187,1.38001,10602,2018,https://understat.com/getLeagueData/Bundesliga/2018,2019-04-20,True
2019-04-20,Bayern Munich,Werder Bremen,2.60771,0.134891,10598,2018,https://understat.com/getLeagueData/Bundesliga/2018,2019-04-20,True
2019-04-20,Leverkusen,Nurnberg,1.51156,0.245739,10599,2018,https://understat.com/getLeagueData/Bundesliga/2018,2019-04-20,True
2019-04-20,M'gladbach,RB Leipzig,2.19831,2.13066,10604,2018,https://understat.com/getLeagueData/Bundesliga/2018,2019-04-20,True
2019-04-20,Mainz,Fortuna Dusseldorf,3.24326,2.5269,10606,2018,https://understat.com/getLeagueData/Bundesliga/2018,2019-04-20,True
2019-04-20,Schalke 04,Hoffenheim,2.02105,1.87167,10600,2018,https://understat.com/getLeagueData/Bundesliga/2018,2019-04-20,True
2019-04-21,Freiburg,Dortmund,0.536271,2.91662,10601,2018,https://understat.com/getLeagueData/Bundesliga/2018,2019-04-21,True
2019-04-21,Hertha,Hannover,1.07608,0.527392,10603,2018,https://understat.com/getLeagueData/Bundesliga/2018,2019-04-21,True
2019-04-22,Wolfsburg,Ein Frankfurt,2.01024,1.62116,10605,2018,https://understat.com/getLeagueData/Bundesliga/2018,2019-04-22,True
2019-04-26,Augsburg,Leverkusen,0.278207,2.9293,10612,2018,https://understat.com/getLeagueData/Bundesliga/2018,2019-04-26,True
2019-04-27,Dortmund,Schalke 04,1.10244,1.12367,10607,2018,https://understat.com/getLeagueData/Bundesliga/2018,2019-04-27,True
2019-04-27,Ein Frankfurt,Hertha,2.16123,1.17855,10611,2018,https://understat.com/getLeagueData/Bundesliga/2018,2019-04-27,True
2019-04-27,Fortuna Dusseldorf,Werder Bremen,2.06935,2.73602,10614,2018,https://understat.com/getLeagueData/Bundesliga/2018,2019-04-27,True
2019-04-27,Hannover,Mainz,0.877396,2.93831,10613,2018,https://understat.com/getLeagueData/Bundesliga/2018,2019-04-27,True
2019-04-27,RB Leipzig,Freiburg,2.04886,0.874413,10609,2018,https://understat.com/getLeagueData/Bundesliga/2018,2019-04-27,True
2019-04-27,Stuttgart,M'gladbach,1.59767,1.30221,10610,2018,https://understat.com/getLeagueData/Bundesliga/2018,2019-04-27,True
2019-04-28,Hoffenheim,Wolfsburg,3.38957,2.05348,10608,2018,https://understat.com/getLeagueData/Bundesliga/2018,2019-04-28,True
2019-04-28,Nurnberg,Bayern Munich,1.90716,1.68788,10615,2018,https://understat.com/getLeagueData/Bundesliga/2018,2019-04-28,True
2019-05-03,Mainz,RB Leipzig,1.72126,2.74717,10623,2018,https://understat.com/getLeagueData/Bundesliga/2018,2019-05-03,True
2019-05-04,Bayern Munich,Hannover,5.36034,0.871424,10616,2018,https://understat.com/getLeagueData/Bundesliga/2018,2019-05-04,True
2019-05-04,Hertha,Stuttgart,2.28859,1.39423,10620,2018,https://understat.com/getLeagueData/Bundesliga/2018,2019-05-04,True
2019-05-04,M'gladbach,Hoffenheim,1.23948,3.2364,10619,2018,https://understat.com/getLeagueData/Bundesliga/2018,2019-05-04,True
2019-05-04,Werder Bremen,Dortmund,0.642264,2.6708,10621,2018,https://understat.com/getLeagueData/Bundesliga/2018,2019-05-04,True
2019-05-04,Wolfsburg,Nurnberg,1.18184,0.566199,10624,2018,https://understat.com/getLeagueData/Bundesliga/2018,2019-05-04,True
2019-05-05,Freiburg,Fortuna Dusseldorf,1.2563,0.911705,10622,2018,https://understat.com/getLeagueData/Bundesliga/2018,2019-05-05,True
2019-05-05,Leverkusen,Ein Frankfurt,2.78767,0.17067,10618,2018,https://understat.com/getLeagueData/Bundesliga/2018,2019-05-05,True
2019-05-05,Schalke 04,Augsburg,1.82173,0.589384,10617,2018,https://understat.com/getLeagueData/Bundesliga/2018,2019-05-05,True
2019-05-11,Augsburg,Hertha,1.43088,2.5836,10631,2018,https://understat.com/getLeagueData/Bundesliga/2018,2019-05-11,True
2019-05-11,Dortmund,Fortuna Dusseldorf,2.03631,2.07768,10626,2018,https://understat.com/getLeagueData/Bundesliga/2018,2019-05-11,True
2019-05-11,Hannover,Freiburg,2.29894,0.674621,10632,2018,https://understat.com/getLeagueData/Bundesliga/2018,2019-05-11,True
2019-05-11,Hoffenheim,Werder Bremen,1.80986,0.931751,10625,2018,https://understat.com/getLeagueData/Bundesliga/2018,2019-05-11,True
2019-05-11,Leverkusen,Schalke 04,1.61536,1.79193,10627,2018,https://understat.com/getLeagueData/Bundesliga/2018,2019-05-11,True
2019-05-11,Nurnberg,M'gladbach,0.797591,1.75711,10633,2018,https://understat.com/getLeagueData/Bundesliga/2018,2019-05-11,True
2019-05-11,RB Leipzig,Bayern Munich,0.609829,1.72176,10628,2018,https://understat.com/getLeagueData/Bundesliga/2018,2019-05-11,True
2019-05-11,Stuttgart,Wolfsburg,0.680306,0.340041,10629,2018,https://understat.com/getLeagueData/Bundesliga/2018,2019-05-11,True
2019-05-12,Ein Frankfurt,Mainz,1.71254,1.2497,10630,2018,https://understat.com/getLeagueData/Bundesliga/2018,2019-05-12,True
2019-05-18,Bayern Munich,Ein Frankfurt,4.62869,0.954021,10635,2018,https://understat.com/getLeagueData/Bundesliga/2018,2019-05-18,True
2019-05-18,Fortuna Dusseldorf,Hannover,2.17162,1.04029,10640,2018,https://understat.com/getLeagueData/Bundesliga/2018,2019-05-18,True
2019-05-18,Freiburg,Nurnberg,1.08819,0.734435,10636,2018,https://understat.com/getLeagueData/Bundesliga/2018,2019-05-18,True
2019-05-18,Hertha,Leverkusen,1.20477,2.37483,10638,2018,https://understat.com/getLeagueData/Bundesliga/2018,2019-05-18,True
2019-05-18,M'gladbach,Dortmund,0.629959,2.35948,10639,2018,https://understat.com/getLeagueData/Bundesliga/2018,2019-05-18,True
2019-05-18,Mainz,Hoffenheim,2.87626,1.64469,10642,2018,https://understat.com/getLeagueData/Bundesliga/2018,2019-05-18,True
2019-05-18,Schalke 04,Stuttgart,0.688908,0.668898,10634,2018,https://understat.com/getLeagueData/Bundesliga/2018,2019-05-18,True
2019-05-18,Werder Bremen,RB Leipzig,1.20038,1.84544,10637,2018,https://understat.com/getLeagueData/Bundesliga/2018,2019-05-18,True
2019-05-18,Wolfsburg,Augsburg,4.15452,0.672581,10641,2018,https://understat.com/getLeagueData/Bundesliga/2018,2019-05-18,True
2019-08-16,Bayern Munich,Hertha,2.47707,1.18459,12403,2019,https://understat.com/getLeagueData/Bundesliga/2019,2019-08-16,True
2019-08-17,Dortmund,Augsburg,3.25906,0.904482,12406,2019,https://understat.com/getLeagueData/Bundesliga/2019,2019-08-17,True
2019-08-17,Freiburg,Mainz,1.88401,0.784216,12405,2019,https://understat.com/getLeagueData/Bundesliga/2019,2019-08-17,True
2019-08-17,Leverkusen,Paderborn,2.47615,1.20475,12407,2019,https://understat.com/getLeagueData/Bundesliga/2019,2019-08-17,True
2019-08-17,M'gladbach,Schalke 04,1.43141,0.760773,12409,2019,https://understat.com/getLeagueData/Bundesliga/2019,2019-08-17,True
2019-08-17,Werder Bremen,Fortuna Dusseldorf,2.0112,1.01536,12404,2019,https://understat.com/getLeagueData/Bundesliga/2019,2019-08-17,True
2019-08-17,Wolfsburg,FC Koln,0.9793,0.662001,12408,2019,https://understat.com/getLeagueData/Bundesliga/2019,2019-08-17,True
2019-08-18,Ein Frankfurt,Hoffenheim,1.8214,0.634831,12410,2019,https://understat.com/getLeagueData/Bundesliga/2019,2019-08-18,True
2019-08-18,Union Berlin,RB Leipzig,0.782907,3.93387,12411,2019,https://understat.com/getLeagueData/Bundesliga/2019,2019-08-18,True
2019-08-23,FC Koln,Dortmund,0.937461,2.08181,12412,2019,https://understat.com/getLeagueData/Bundesliga/2019,2019-08-23,True
2019-08-24,Augsburg,Union Berlin,1.37579,0.891198,12417,2019,https://understat.com/getLeagueData/Bundesliga/2019,2019-08-24,True
2019-08-24,Fortuna Dusseldorf,Leverkusen,1.12017,1.82469,12415,2019,https://understat.com/getLeagueData/Bundesliga/2019,2019-08-24,True
2019-08-24,Hoffenheim,Werder Bremen,1.05096,0.841426,12414,2019,https://understat.com/getLeagueData/Bundesliga/2019,2019-08-24,True
2019-08-24,Mainz,M'gladbach,1.81289,2.09431,12416,2019,https://understat.com/getLeagueData/Bundesliga/2019,2019-08-24,True
2019-08-24,Paderborn,Freiburg,1.81166,2.38424,12413,2019,https://understat.com/getLeagueData/Bundesliga/2019,2019-08-24,True
2019-08-24,Schalke 04,Bayern Munich,1.08016,1.59729,12418,2019,https://understat.com/getLeagueData/Bundesliga/2019,2019-08-24,True
2019-08-25,Hertha,Wolfsburg,0.936557,1.33245,12420,2019,https://understat.com/getLeagueData/Bundesliga/2019,2019-08-25,True
2019-08-25,RB Leipzig,Ein Frankfurt,1.77604,0.935237,12419,2019,https://understat.com/getLeagueData/Bundesliga/2019,2019-08-25,True
2019-08-30,M'gladbach,RB Leipzig,1.4586,3.13131,12421,2019,https://understat.com/getLeagueData/Bundesliga/2019,2019-08-30,True
2019-08-31,Bayern Munich,Mainz,3.34597,0.72047,12425,2019,https://understat.com/getLeagueData/Bundesliga/2019,2019-08-31,True
2019-08-31,Freiburg,FC Koln,0.838391,1.62928,12423,2019,https://understat.com/getLeagueData/Bundesliga/2019,2019-08-31,True
2019-08-31,Leverkusen,Hoffenheim,0.936475,0.450548,12426,2019,https://understat.com/getLeagueData/Bundesliga/2019,2019-08-31,True
2019-08-31,Schalke 04,Hertha,1.16546,0.771094,12424,2019,https://understat.com/getLeagueData/Bundesliga/2019,2019-08-31,True
2019-08-31,Union Berlin,Dortmund,1.4209,1.60213,12427,2019,https://understat.com/getLeagueData/Bundesliga/2019,2019-08-31,True
2019-08-31,Wolfsburg,Paderborn,0.996067,0.492299,12422,2019,https://understat.com/getLeagueData/Bundesliga/2019,2019-08-31,True
2019-09-01,Ein Frankfurt,Fortuna Dusseldorf,1.75705,0.759809,12429,2019,https://understat.com/getLeagueData/Bundesliga/2019,2019-09-01,True
2019-09-01,Werder Bremen,Augsburg,2.46951,1.48072,12428,2019,https://understat.com/getLeagueData/Bundesliga/2019,2019-09-01,True
2019-09-13,Fortuna Dusseldorf,Wolfsburg,0.679763,2.28602,12430,2019,https://understat.com/getLeagueData/Bundesliga/2019,2019-09-13,True
2019-09-14,Augsburg,Ein Frankfurt,1.58878,0.899696,12432,2019,https://understat.com/getLeagueData/Bundesliga/2019,2019-09-14,True
2019-09-14,Dortmund,Leverkusen,3.23112,1.14812,12435,2019,https://understat.com/getLeagueData/Bundesliga/2019,2019-09-14,True
2019-09-14,FC Koln,M'gladbach,0.841764,1.55336,12433,2019,https://understat.com/getLeagueData/Bundesliga/2019,2019-09-14,True
2019-09-14,Mainz,Hertha,1.1162,2.07839,12431,2019,https://understat.com/getLeagueData/Bundesliga/2019,2019-09-14,True
2019-09-14,RB Leipzig,Bayern Munich,1.65427,1.6704,12436,2019,https://understat.com/getLeagueData/Bundesliga/2019,2019-09-14,True
2019-09-14,Union Berlin,Werder Bremen,1.98106,2.14722,12434,2019,https://understat.com/getLeagueData/Bundesliga/2019,2019-09-14,True
2019-09-15,Hoffenheim,Freiburg,1.10385,1.78643,12437,2019,https://understat.com/getLeagueData/Bundesliga/2019,2019-09-15,True
2019-09-15,Paderborn,Schalke 04,1.39508,1.9184,12438,2019,https://understat.com/getLeagueData/Bundesliga/2019,2019-09-15,True
2019-09-20,Schalke 04,Mainz,0.873048,0.985151,12439,2019,https://understat.com/getLeagueData/Bundesliga/2019,2019-09-20,True
2019-09-21,Bayern Munich,FC Koln,2.92351,1.03267,12442,2019,https://understat.com/getLeagueData/Bundesliga/2019,2019-09-21,True
2019-09-21,Freiburg,Augsburg,1.70133,0.884946,12441,2019,https://understat.com/getLeagueData/Bundesliga/2019,2019-09-21,True
2019-09-21,Hertha,Paderborn,0.983173,1.89015,12440,2019,https://understat.com/getLeagueData/Bundesliga/2019,2019-09-21,True
2019-09-21,Leverkusen,Union Berlin,1.55742,0.125413,12443,2019,https://understat.com/getLeagueData/Bundesliga/2019,2019-09-21,True
2019-09-21,Werder Bremen,RB Leipzig,0.583174,1.72557,12444,2019,https://understat.com/getLeagueData/Bundesliga/2019,2019-09-21,True
2019-09-22,Ein Frankfurt,Dortmund,1.15899,2.36595,12446,2019,https://understat.com/getLeagueData/Bundesliga/2019,2019-09-22,True
2019-09-22,M'gladbach,Fortuna Dusseldorf,4.2854,1.27666,12445,2019,https://understat.com/getLeagueData/Bundesliga/2019,2019-09-22,True
2019-09-23,Wolfsburg,Hoffenheim,0.941782,0.743288,12447,2019,https://understat.com/getLeagueData/Bundesliga/2019,2019-09-23,True
2019-09-27,Union Berlin,Ein Frankfurt,0.7564,2.31283,12448,2019,https://understat.com/getLeagueData/Bundesliga/2019,2019-09-27,True
2019-09-28,Augsburg,Leverkusen,0.27153,0.978659,12451,2019,https://understat.com/getLeagueData/Bundesliga/2019,2019-09-28,True
2019-09-28,Dortmund,Werder Bremen,1.76252,0.98217,12454,2019,https://understat.com/getLeagueData/Bundesliga/2019,2019-09-28,True
2019-09-28,Hoffenheim,M'gladbach,1.30868,2.83647,12453,2019,https://understat.com/getLeagueData/Bundesliga/2019,2019-09-28,True
2019-09-28,Mainz,Wolfsburg,1.27755,0.994636,12450,2019,https://understat.com/getLeagueData/Bundesliga/2019,2019-09-28,True
2019-09-28,Paderborn,Bayern Munich,0.281111,3.47305,12449,2019,https://understat.com/getLeagueData/Bundesliga/2019,2019-09-28,True
2019-09-28,RB Leipzig,Schalke 04,1.2781,2.64689,12452,2019,https://understat.com/getLeagueData/Bundesliga/2019,2019-09-28,True
2019-09-29,FC Koln,Hertha,0.533432,2.20336,12456,2019,https://understat.com/getLeagueData/Bundesliga/2019,2019-09-29,True
2019-09-29,Fortuna Dusseldorf,Freiburg,2.01843,1.67484,12455,2019,https://understat.com/getLeagueData/Bundesliga/2019,2019-09-29,True
2019-10-04,Hertha,Fortuna Dusseldorf,2.0219,1.1795,12459,2019,https://understat.com/getLeagueData/Bundesliga/2019,2019-10-04,True
2019-10-05,Bayern Munich,Hoffenheim,1.77327,0.723738,12461,2019,https://understat.com/getLeagueData/Bundesliga/2019,2019-10-05,True
2019-10-05,Freiburg,Dortmund,0.467957,0.774276,12460,2019,https://understat.com/getLeagueData/Bundesliga/2019,2019-10-05,True
2019-10-05,Leverkusen,RB Leipzig,1.6617,2.45811,12462,2019,https://understat.com/getLeagueData/Bundesliga/2019,2019-10-05,True
2019-10-05,Paderborn,Mainz,1.49293,2.63853,12458,2019,https://understat.com/getLeagueData/Bundesliga/2019,2019-10-05,True
2019-10-05,Schalke 04,FC Koln,2.04637,1.04818,12457,2019,https://understat.com/getLeagueData/Bundesliga/2019,2019-10-05,True
2019-10-06,Ein Frankfurt,Werder Bremen,2.95637,1.75811,12464,2019,https://understat.com/getLeagueData/Bundesliga/2019,2019-10-06,True
2019-10-06,M'gladbach,Augsburg,3.59033,1.35488,12465,2019,https://understat.com/getLeagueData/Bundesliga/2019,2019-10-06,True
2019-10-06,Wolfsburg,Union Berlin,1.80334,0.511105,12463,2019,https://understat.com/getLeagueData/Bundesliga/2019,2019-10-06,True
2019-10-18,Ein Frankfurt,Leverkusen,2.73688,1.58917,12471,2019,https://understat.com/getLeagueData/Bundesliga/2019,2019-10-18,True
2019-10-19,Augsburg,Bayern Munich,2.14428,3.06071,12466,2019,https://understat.com/getLeagueData/Bundesliga/2019,2019-10-19,True
2019-10-19,Dortmund,M'gladbach,1.62968,3.217,12469,2019,https://understat.com/getLeagueData/Bundesliga/2019,2019-10-19,True
2019-10-19,Fortuna Dusseldorf,Mainz,2.01829,0.236283,12474,2019,https://understat.com/getLeagueData/Bundesliga/2019,2019-10-19,True
2019-10-19,RB Leipzig,Wolfsburg,1.35769,1.69441,12470,2019,https://understat.com/getLeagueData/Bundesliga/2019,2019-10-19,True
2019-10-19,Union Berlin,Freiburg,1.47678,0.565578,12468,2019,https://understat.com/getLeagueData/Bundesliga/2019,2019-10-19,True
2019-10-19,Werder Bremen,Hertha,0.967641,0.353813,12472,2019,https://understat.com/getLeagueData/Bundesliga/2019,2019-10-19,True
2019-10-20,FC Koln,Paderborn,2.41631,0.574545,12467,2019,https://understat.com/getLeagueData/Bundesliga/2019,2019-10-20,True
2019-10-20,Hoffenheim,Schalke 04,0.973105,0.859284,12473,2019,https://understat.com/getLeagueData/Bundesliga/2019,2019-10-20,True
2019-10-25,Mainz,FC Koln,1.54568,1.52391,12483,2019,https://understat.com/getLeagueData/Bundesliga/2019,2019-10-25,True
2019-10-26,Bayern Munich,Union Berlin,2.88476,1.7324,12476,2019,https://understat.com/getLeagueData/Bundesliga/2019,2019-10-26,True
2019-10-26,Freiburg,RB Leipzig,1.77638,2.55936,12481,2019,https://understat.com/getLeagueData/Bundesliga/2019,2019-10-26,True
2019-10-26,Hertha,Hoffenheim,2.37055,2.93074,12482,2019,https://understat.com/getLeagueData/Bundesliga/2019,2019-10-26,True
2019-10-26,Leverkusen,Werder Bremen,2.95018,0.502517,12475,2019,https://understat.com/getLeagueData/Bundesliga/2019,2019-10-26,True
2019-10-26,Paderborn,Fortuna Dusseldorf,0.738686,1.43646,12477,2019,https://understat.com/getLeagueData/Bundesliga/2019,2019-10-26,True
2019-10-26,Schalke 04,Dortmund,1.08518,0.346623,12478,2019,https://understat.com/getLeagueData/Bundesliga/2019,2019-10-26,True
2019-10-27,M'gladbach,Ein Frankfurt,1.99947,0.997822,12479,2019,https://understat.com/getLeagueData/Bundesliga/2019,2019-10-27,True
2019-10-27,Wolfsburg,Augsburg,0.955818,0.741183,12480,2019,https://understat.com/getLeagueData/Bundesliga/2019,2019-10-27,True
2019-11-01,Hoffenheim,Paderborn,1.89547,0.464343,12489,2019,https://understat.com/getLeagueData/Bundesliga/2019,2019-11-01,True
2019-11-02,Dortmund,Wolfsburg,2.14832,1.31443,12484,2019,https://understat.com/getLeagueData/Bundesliga/2019,2019-11-02,True
2019-11-02,Ein Frankfurt,Bayern Munich,2.99704,1.08228,12487,2019,https://understat.com/getLeagueData/Bundesliga/2019,2019-11-02,True
2019-11-02,Leverkusen,M'gladbach,2.12992,2.05874,12486,2019,https://understat.com/getLeagueData/Bundesliga/2019,2019-11-02,True
2019-11-02,RB Leipzig,Mainz,3.95826,0.85545,12485,2019,https://understat.com/getLeagueData/Bundesliga/2019,2019-11-02,True
2019-11-02,Union Berlin,Hertha,1.31187,0.415645,12492,2019,https://understat.com/getLeagueData/Bundesliga/2019,2019-11-02,True
2019-11-02,Werder Bremen,Freiburg,2.02587,0.873641,12488,2019,https://understat.com/getLeagueData/Bundesliga/2019,2019-11-02,True
2019-11-03,Augsburg,Schalke 04,1.55099,0.355124,12491,2019,https://understat.com/getLeagueData/Bundesliga/2019,2019-11-03,True
2019-11-03,Fortuna Dusseldorf,FC Koln,2.18646,1.03434,12490,2019,https://understat.com/getLeagueData/Bundesliga/2019,2019-11-03,True
2019-11-08,FC Koln,Hoffenheim,0.638731,1.6191,12498,2019,https://understat.com/getLeagueData/Bundesliga/2019,2019-11-08,True
2019-11-09,Bayern Munich,Dortmund,3.90951,0.608676,12493,2019,https://understat.com/getLeagueData/Bundesliga/2019,2019-11-09,True
2019-11-09,Hertha,RB Leipzig,0.46433,1.93927,12494,2019,https://understat.com/getLeagueData/Bundesliga/2019,2019-11-09,True
2019-11-09,Mainz,Union Berlin,2.04684,1.5394,12495,2019,https://understat.com/getLeagueData/Bundesliga/2019,2019-11-09,True
2019-11-09,Paderborn,Augsburg,1.20293,1.09006,12499,2019,https://understat.com/getLeagueData/Bundesliga/2019,2019-11-09,True
2019-11-09,Schalke 04,Fortuna Dusseldorf,1.23132,2.06462,12497,2019,https://understat.com/getLeagueData/Bundesliga/2019,2019-11-09,True
2019-11-10,Freiburg,Ein Frankfurt,0.773034,1.13495,12496,2019,https://understat.com/getLeagueData/Bundesliga/2019,2019-11-10,True
2019-11-10,M'gladbach,Werder Bremen,2.15941,1.59871,12500,2019,https://understat.com/getLeagueData/Bundesliga/2019,2019-11-10,True
2019-11-10,Wolfsburg,Leverkusen,0.571444,1.20713,12501,2019,https://understat.com/getLeagueData/Bundesliga/2019,2019-11-10,True
2019-11-22,Dortmund,Paderborn,1.9077,2.10743,12502,2019,https://understat.com/getLeagueData/Bundesliga/2019,2019-11-22,True
2019-11-23,Ein Frankfurt,Wolfsburg,0.848135,1.35049,12508,2019,https://understat.com/getLeagueData/Bundesliga/2019,2019-11-23,True
2019-11-23,Fortuna Dusseldorf,Bayern Munich,0.443491,3.81728,12505,2019,https://understat.com/getLeagueData/Bundesliga/2019,2019-11-23,True
2019-11-23,Leverkusen,Freiburg,3.96943,1.25233,12503,2019,https://understat.com/getLeagueData/Bundesliga/2019,2019-11-23,True
2019-11-23,RB Leipzig,FC Koln,2.57218,0.886616,12504,2019,https://understat.com/getLeagueData/Bundesliga/2019,2019-11-23,True
2019-11-23,Union Berlin,M'gladbach,1.49758,0.95814,12509,2019,https://understat.com/getLeagueData/Bundesliga/2019,2019-11-23,True
2019-11-23,Werder Bremen,Schalke 04,1.7254,0.660152,12507,2019,https://understat.com/getLeagueData/Bundesliga/2019,2019-11-23,True
2019-11-24,Augsburg,Hertha,1.76885,0.801011,12510,2019,https://understat.com/getLeagueData/Bundesliga/2019,2019-11-24,True
2019-11-24,Hoffenheim,Mainz,2.15404,2.10482,12506,2019,https://understat.com/getLeagueData/Bundesliga/2019,2019-11-24,True
2019-11-29,Schalke 04,Union Berlin,1.27089,1.65551,12515,2019,https://understat.com/getLeagueData/Bundesliga/2019,2019-11-29,True
2019-11-30,Bayern Munich,Leverkusen,2.24624,1.44804,12512,2019,https://understat.com/getLeagueData/Bundesliga/2019,2019-11-30,True
2019-11-30,FC Koln,Augsburg,1.07293,2.28696,12516,2019,https://understat.com/getLeagueData/Bundesliga/2019,2019-11-30,True
2019-11-30,Hertha,Dortmund,0.751161,1.48269,12513,2019,https://understat.com/getLeagueData/Bundesliga/2019,2019-11-30,True
2019-11-30,Hoffenheim,Fortuna Dusseldorf,2.69182,0.884323,12518,2019,https://understat.com/getLeagueData/Bundesliga/2019,2019-11-30,True
2019-11-30,Paderborn,RB Leipzig,1.55563,1.79269,12517,2019,https://understat.com/getLeagueData/Bundesliga/2019,2019-11-30,True
2019-12-01,M'gladbach,Freiburg,5.28668,1.5268,12511,2019,https://understat.com/getLeagueData/Bundesliga/2019,2019-12-01,True
2019-12-01,Wolfsburg,Werder Bremen,2.7056,1.29088,12519,2019,https://understat.com/getLeagueData/Bundesliga/2019,2019-12-01,True
2019-12-02,Mainz,Ein Frankfurt,2.05075,2.0102,12514,2019,https://understat.com/getLeagueData/Bundesliga/2019,2019-12-02,True
2019-12-06,Ein Frankfurt,Hertha,2.6934,1.43518,12524,2019,https://understat.com/getLeagueData/Bundesliga/2019,2019-12-06,True
2019-12-07,Augsburg,Mainz,3.03979,0.426387,12527,2019,https://understat.com/getLeagueData/Bundesliga/2019,2019-12-07,True
2019-12-07,Dortmund,Fortuna Dusseldorf,3.95015,0.102341,12520,2019,https://understat.com/getLeagueData/Bundesliga/2019,2019-12-07,True
2019-12-07,Freiburg,Wolfsburg,0.434528,1.59205,12526,2019,https://understat.com/getLeagueData/Bundesliga/2019,2019-12-07,True
2019-12-07,Leverkusen,Schalke 04,3.0351,0.9976,12522,2019,https://understat.com/getLeagueData/Bundesliga/2019,2019-12-07,True
2019-12-07,M'gladbach,Bayern Munich,1.33084,1.74378,12523,2019,https://understat.com/getLeagueData/Bundesliga/2019,2019-12-07,True
2019-12-07,RB Leipzig,Hoffenheim,3.5887,1.28019,12521,2019,https://understat.com/getLeagueData/Bundesliga/2019,2019-12-07,True
2019-12-08,Union Berlin,FC Koln,1.7912,0.772348,12528,2019,https://understat.com/getLeagueData/Bundesliga/2019,2019-12-08,True
2019-12-08,Werder Bremen,Paderborn,0.8271,1.51679,12525,2019,https://understat.com/getLeagueData/Bundesliga/2019,2019-12-08,True
2019-12-13,Hoffenheim,Augsburg,1.75727,2.22713,12531,2019,https://understat.com/getLeagueData/Bundesliga/2019,2019-12-13,True
2019-12-14,Bayern Munich,Werder Bremen,5.83554,0.536081,12529,2019,https://understat.com/getLeagueData/Bundesliga/2019,2019-12-14,True
2019-12-14,FC Koln,Leverkusen,1.94644,0.226408,12536,2019,https://understat.com/getLeagueData/Bundesliga/2019,2019-12-14,True
2019-12-14,Fortuna Dusseldorf,RB Leipzig,0.263544,3.98532,12532,2019,https://understat.com/getLeagueData/Bundesliga/2019,2019-12-14,True
2019-12-14,Hertha,Freiburg,0.930886,0.816692,12533,2019,https://understat.com/getLeagueData/Bundesliga/2019,2019-12-14,True
2019-12-14,Mainz,Dortmund,0.233287,1.4717,12534,2019,https://understat.com/getLeagueData/Bundesliga/2019,2019-12-14,True
2019-12-14,Paderborn,Union Berlin,1.3758,1.79415,12537,2019,https://understat.com/getLeagueData/Bundesliga/2019,2019-12-14,True
2019-12-15,Schalke 04,Ein Frankfurt,1.10732,1.01796,12535,2019,https://understat.com/getLeagueData/Bundesliga/2019,2019-12-15,True
2019-12-15,Wolfsburg,M'gladbach,0.968068,0.502409,12530,2019,https://understat.com/getLeagueData/Bundesliga/2019,2019-12-15,True
2019-12-17,Augsburg,Fortuna Dusseldorf,1.4601,0.755838,12545,2019,https://understat.com/getLeagueData/Bundesliga/2019,2019-12-17,True
2019-12-17,Dortmund,RB Leipzig,1.89658,2.90735,12538,2019,https://understat.com/getLeagueData/Bundesliga/2019,2019-12-17,True
2019-12-17,Union Berlin,Hoffenheim,1.53884,0.819222,12546,2019,https://understat.com/getLeagueData/Bundesliga/2019,2019-12-17,True
2019-12-17,Werder Bremen,Mainz,0.48889,2.18253,12543,2019,https://understat.com/getLeagueData/Bundesliga/2019,2019-12-17,True
2019-12-18,Ein Frankfurt,FC Koln,1.25773,2.13045,12542,2019,https://understat.com/getLeagueData/Bundesliga/2019,2019-12-18,True
2019-12-18,Freiburg,Bayern Munich,2.13825,4.41404,12544,2019,https://understat.com/getLeagueData/Bundesliga/2019,2019-12-18,True
2019-12-18,Leverkusen,Hertha,1.32267,1.51156,12539,2019,https://understat.com/getLeagueData/Bundesliga/2019,2019-12-18,True
2019-12-18,M'gladbach,Paderborn,2.79858,0.508363,12540,2019,https://understat.com/getLeagueData/Bundesliga/2019,2019-12-18,True
2019-12-18,Wolfsburg,Schalke 04,2.99738,1.73056,12541,2019,https://understat.com/getLeagueData/Bundesliga/2019,2019-12-18,True
2019-12-20,Hoffenheim,Dortmund,1.33628,2.04502,12549,2019,https://understat.com/getLeagueData/Bundesliga/2019,2019-12-20,True
2019-12-21,Bayern Munich,Wolfsburg,1.58412,0.889656,12547,2019,https://understat.com/getLeagueData/Bundesliga/2019,2019-12-21,True
2019-12-21,FC Koln,Werder Bremen,1.03002,0.229787,12554,2019,https://understat.com/getLeagueData/Bundesliga/2019,2019-12-21,True
2019-12-21,Hertha,M'gladbach,0.804328,0.633262,12551,2019,https://understat.com/getLeagueData/Bundesliga/2019,2019-12-21,True
2019-12-21,Mainz,Leverkusen,2.49346,1.55537,12552,2019,https://understat.com/getLeagueData/Bundesliga/2019,2019-12-21,True
2019-12-21,RB Leipzig,Augsburg,3.84524,0.598351,12548,2019,https://understat.com/getLeagueData/Bundesliga/2019,2019-12-21,True
2019-12-21,Schalke 04,Freiburg,1.70201,2.56208,12553,2019,https://understat.com/getLeagueData/Bundesliga/2019,2019-12-21,True
2019-12-22,Fortuna Dusseldorf,Union Berlin,1.17089,1.9614,12550,2019,https://understat.com/getLeagueData/Bundesliga/2019,2019-12-22,True
2019-12-22,Paderborn,Ein Frankfurt,1.8362,1.81533,12555,2019,https://understat.com/getLeagueData/Bundesliga/2019,2019-12-22,True
2020-01-17,Schalke 04,M'gladbach,2.05715,0.838626,12561,2019,https://understat.com/getLeagueData/Bundesliga/2019,2020-01-17,True
2020-01-18,Augsburg,Dortmund,1.80963,3.75099,12562,2019,https://understat.com/getLeagueData/Bundesliga/2019,2020-01-18,True
2020-01-18,FC Koln,Wolfsburg,1.52546,1.73137,12563,2019,https://understat.com/getLeagueData/Bundesliga/2019,2020-01-18,True
2020-01-18,Fortuna Dusseldorf,Werder Bremen,1.0094,0.669177,12558,2019,https://understat.com/getLeagueData/Bundesliga/2019,2020-01-18,True
2020-01-18,Hoffenheim,Ein Frankfurt,1.00395,1.83811,12557,2019,https://understat.com/getLeagueData/Bundesliga/2019,2020-01-18,True
2020-01-18,Mainz,Freiburg,1.62715,2.11329,12560,2019,https://understat.com/getLeagueData/Bundesliga/2019,2020-01-18,True
2020-01-18,RB Leipzig,Union Berlin,1.34573,1.02267,12556,2019,https://understat.com/getLeagueData/Bundesliga/2019,2020-01-18,True
2020-01-19,Hertha,Bayern Munich,0.82925,2.96455,12559,2019,https://understat.com/getLeagueData/Bundesliga/2019,2020-01-19,True
2020-01-19,Paderborn,Leverkusen,1.3828,2.17277,12564,2019,https://understat.com/getLeagueData/Bundesliga/2019,2020-01-19,True
2020-01-24,Dortmund,FC Koln,3.14965,0.860519,12566,2019,https://understat.com/getLeagueData/Bundesliga/2019,2020-01-24,True
2020-01-25,Bayern Munich,Schalke 04,3.90217,0.401432,12565,2019,https://understat.com/getLeagueData/Bundesliga/2019,2020-01-25,True
2020-01-25,Ein Frankfurt,RB Leipzig,1.30274,1.42745,12570,2019,https://understat.com/getLeagueData/Bundesliga/2019,2020-01-25,True
2020-01-25,Freiburg,Paderborn,1.99439,1.79606,12572,2019,https://understat.com/getLeagueData/Bundesliga/2019,2020-01-25,True
2020-01-25,M'gladbach,Mainz,2.997,0.889986,12568,2019,https://understat.com/getLeagueData/Bundesliga/2019,2020-01-25,True
2020-01-25,Union Berlin,Augsburg,1.19907,2.47924,12573,2019,https://understat.com/getLeagueData/Bundesliga/2019,2020-01-25,True
2020-01-25,Wolfsburg,Hertha,1.14053,1.71603,12569,2019,https://understat.com/getLeagueData/Bundesliga/2019,2020-01-25,True
2020-01-26,Leverkusen,Fortuna Dusseldorf,4.50128,0.710981,12567,2019,https://understat.com/getLeagueData/Bundesliga/2019,2020-01-26,True
2020-01-26,Werder Bremen,Hoffenheim,0.908592,1.16702,12571,2019,https://understat.com/getLeagueData/Bundesliga/2019,2020-01-26,True
2020-01-31,Hertha,Schalke 04,0.417351,1.11364,12578,2019,https://understat.com/getLeagueData/Bundesliga/2019,2020-01-31,True
2020-02-01,Augsburg,Werder Bremen,1.21583,0.630423,12580,2019,https://understat.com/getLeagueData/Bundesliga/2019,2020-02-01,True
2020-02-01,Dortmund,Union Berlin,3.29375,0.560146,12574,2019,https://understat.com/getLeagueData/Bundesliga/2019,2020-02-01,True
2020-02-01,Fortuna Dusseldorf,Ein Frankfurt,0.245794,1.34897,12577,2019,https://understat.com/getLeagueData/Bundesliga/2019,2020-02-01,True
2020-02-01,Hoffenheim,Leverkusen,2.58436,3.11718,12576,2019,https://understat.com/getLeagueData/Bundesliga/2019,2020-02-01,True
2020-02-01,Mainz,Bayern Munich,0.332903,2.03579,12579,2019,https://understat.com/getLeagueData/Bundesliga/2019,2020-02-01,True
2020-02-01,RB Leipzig,M'gladbach,1.29026,0.973355,12575,2019,https://understat.com/getLeagueData/Bundesliga/2019,2020-02-01,True
2020-02-02,FC Koln,Freiburg,4.10075,0.502678,12581,2019,https://understat.com/getLeagueData/Bundesliga/2019,2020-02-02,True
2020-02-02,Paderborn,Wolfsburg,1.20103,1.8251,12582,2019,https://understat.com/getLeagueData/Bundesliga/2019,2020-02-02,True
2020-02-07,Ein Frankfurt,Augsburg,2.05219,1.00749,12587,2019,https://understat.com/getLeagueData/Bundesliga/2019,2020-02-07,True
2020-02-08,Freiburg,Hoffenheim,2.24593,1.86364,12590,2019,https://understat.com/getLeagueData/Bundesliga/2019,2020-02-08,True
2020-02-08,Hertha,Mainz,0.811018,2.85074,12589,2019,https://understat.com/getLeagueData/Bundesliga/2019,2020-02-08,True
2020-02-08,Leverkusen,Dortmund,1.10259,0.882241,12584,2019,https://understat.com/getLeagueData/Bundesliga/2019,2020-02-08,True
2020-02-08,Schalke 04,Paderborn,1.02675,0.561041,12591,2019,https://understat.com/getLeagueData/Bundesliga/2019,2020-02-08,True
2020-02-08,Werder Bremen,Union Berlin,1.24914,2.25796,12588,2019,https://understat.com/getLeagueData/Bundesliga/2019,2020-02-08,True
2020-02-08,Wolfsburg,Fortuna Dusseldorf,1.02897,0.697949,12586,2019,https://understat.com/getLeagueData/Bundesliga/2019,2020-02-08,True
2020-02-09,Bayern Munich,RB Leipzig,1.0745,1.76051,12583,2019,https://understat.com/getLeagueData/Bundesliga/2019,2020-02-09,True
2020-02-14,Dortmund,Ein Frankfurt,1.77897,0.0254182,12592,2019,https://understat.com/getLeagueData/Bundesliga/2019,2020-02-14,True
2020-02-15,Augsburg,Freiburg,0.666175,1.11403,12597,2019,https://understat.com/getLeagueData/Bundesliga/2019,2020-02-15,True
2020-02-15,Fortuna Dusseldorf,M'gladbach,0.804434,2.76945,12595,2019,https://understat.com/getLeagueData/Bundesliga/2019,2020-02-15,True
2020-02-15,Hoffenheim,Wolfsburg,2.88142,3.49709,12594,2019,https://understat.com/getLeagueData/Bundesliga/2019,2020-02-15,True
2020-02-15,Paderborn,Hertha,0.920452,2.10688,12599,2019,https://understat.com/getLeagueData/Bundesliga/2019,2020-02-15,True
2020-02-15,RB Leipzig,Werder Bremen,2.22403,0.206913,12593,2019,https://understat.com/getLeagueData/Bundesliga/2019,2020-02-15,True
2020-02-15,Union Berlin,Leverkusen,2.02125,1.55179,12600,2019,https://understat.com/getLeagueData/Bundesliga/2019,2020-02-15,True
2020-02-16,FC Koln,Bayern Munich,2.03908,3.04216,12598,2019,https://understat.com/getLeagueData/Bundesliga/2019,2020-02-16,True
2020-02-16,Mainz,Schalke 04,1.60342,1.11629,12596,2019,https://understat.com/getLeagueData/Bundesliga/2019,2020-02-16,True
2020-02-21,Bayern Munich,Paderborn,3.2444,1.47195,12601,2019,https://understat.com/getLeagueData/Bundesliga/2019,2020-02-21,True
2020-02-22,Freiburg,Fortuna Dusseldorf,0.972649,0.873548,12608,2019,https://understat.com/getLeagueData/Bundesliga/2019,2020-02-22,True
2020-02-22,Hertha,FC Koln,0.449209,2.89736,12607,2019,https://understat.com/getLeagueData/Bundesliga/2019,2020-02-22,True
2020-02-22,M'gladbach,Hoffenheim,2.39606,1.98292,12603,2019,https://understat.com/getLeagueData/Bundesliga/2019,2020-02-22,True
2020-02-22,Schalke 04,RB Leipzig,0.289302,3.12937,12609,2019,https://understat.com/getLeagueData/Bundesliga/2019,2020-02-22,True
2020-02-22,Werder Bremen,Dortmund,0.217074,1.3554,12606,2019,https://understat.com/getLeagueData/Bundesliga/2019,2020-02-22,True
2020-02-23,Leverkusen,Augsburg,1.16763,0.683426,12602,2019,https://understat.com/getLeagueData/Bundesliga/2019,2020-02-23,True
2020-02-23,Wolfsburg,Mainz,2.858,0.909603,12604,2019,https://understat.com/getLeagueData/Bundesliga/2019,2020-02-23,True
2020-02-24,Ein Frankfurt,Union Berlin,2.42046,1.03525,12605,2019,https://understat.com/getLeagueData/Bundesliga/2019,2020-02-24,True
2020-02-28,Fortuna Dusseldorf,Hertha,1.45773,3.03938,12614,2019,https://understat.com/getLeagueData/Bundesliga/2019,2020-02-28,True
2020-02-29,Augsburg,M'gladbach,1.10383,3.18339,12616,2019,https://understat.com/getLeagueData/Bundesliga/2019,2020-02-29,True
2020-02-29,Dortmund,Freiburg,1.60042,0.833271,12610,2019,https://understat.com/getLeagueData/Bundesliga/2019,2020-02-29,True
2020-02-29,FC Koln,Schalke 04,1.17896,0.592026,12617,2019,https://understat.com/getLeagueData/Bundesliga/2019,2020-02-29,True
2020-02-29,Hoffenheim,Bayern Munich,0.554679,4.77962,12613,2019,https://understat.com/getLeagueData/Bundesliga/2019,2020-02-29,True
2020-02-29,Mainz,Paderborn,0.894503,0.351719,12615,2019,https://understat.com/getLeagueData/Bundesliga/2019,2020-02-29,True
2020-03-01,RB Leipzig,Leverkusen,0.934157,1.16579,12611,2019,https://understat.com/getLeagueData/Bundesliga/2019,2020-03-01,True
2020-03-01,Union Berlin,Wolfsburg,1.04208,1.95508,12618,2019,https://understat.com/getLeagueData/Bundesliga/2019,2020-03-01,True
2020-03-06,Paderborn,FC Koln,0.596262,2.68366,12627,2019,https://understat.com/getLeagueData/Bundesliga/2019,2020-03-06,True
2020-03-07,Freiburg,Union Berlin,1.62613,0.805309,12625,2019,https://understat.com/getLeagueData/Bundesliga/2019,2020-03-07,True
2020-03-07,Hertha,Werder Bremen,0.896654,1.51105,12623,2019,https://understat.com/getLeagueData/Bundesliga/2019,2020-03-07,True
2020-03-07,Leverkusen,Ein Frankfurt,2.60789,1.10478,12620,2019,https://understat.com/getLeagueData/Bundesliga/2019,2020-03-07,True
2020-03-07,M'gladbach,Dortmund,2.62205,1.20132,12621,2019,https://understat.com/getLeagueData/Bundesliga/2019,2020-03-07,True
2020-03-07,Schalke 04,Hoffenheim,1.1061,0.801078,12626,2019,https://understat.com/getLeagueData/Bundesliga/2019,2020-03-07,True
2020-03-07,Wolfsburg,RB Leipzig,0.597206,1.08959,12622,2019,https://understat.com/getLeagueData/Bundesliga/2019,2020-03-07,True
2020-03-08,Bayern Munich,Augsburg,4.05804,1.0173,12619,2019,https://understat.com/getLeagueData/Bundesliga/2019,2020-03-08,True
2020-03-08,Mainz,Fortuna Dusseldorf,0.974089,1.77792,12624,2019,https://understat.com/getLeagueData/Bundesliga/2019,2020-03-08,True
2020-03-11,M'gladbach,FC Koln,1.32979,1.31698,12585,2019,https://understat.com/getLeagueData/Bundesliga/2019,2020-03-11,True
2020-05-16,Augsburg,Wolfsburg,1.24058,1.37909,12634,2019,https://understat.com/getLeagueData/Bundesliga/2019,2020-05-16,True
2020-05-16,Dortmund,Schalke 04,1.45195,0.345513,12628,2019,https://understat.com/getLeagueData/Bundesliga/2019,2020-05-16,True
2020-05-16,Ein Frankfurt,M'gladbach,0.898676,2.79227,12630,2019,https://understat.com/getLeagueData/Bundesliga/2019,2020-05-16,True
2020-05-16,Fortuna Dusseldorf,Paderborn,1.04877,0.63998,12633,2019,https://understat.com/getLeagueData/Bundesliga/2019,2020-05-16,True
2020-05-16,Hoffenheim,Hertha,2.79087,1.55073,12632,2019,https://understat.com/getLeagueData/Bundesliga/2019,2020-05-16,True
2020-05-16,RB Leipzig,Freiburg,1.91915,0.334381,12629,2019,https://understat.com/getLeagueData/Bundesliga/2019,2020-05-16,True
2020-05-17,FC Koln,Mainz,2.76011,1.97274,12635,2019,https://understat.com/getLeagueData/Bundesliga/2019,2020-05-17,True
2020-05-17,Union Berlin,Bayern Munich,0.548769,1.39334,12636,2019,https://understat.com/getLeagueData/Bundesliga/2019,2020-05-17,True
2020-05-18,Werder Bremen,Leverkusen,0.877237,2.8843,12631,2019,https://understat.com/getLeagueData/Bundesliga/2019,2020-05-18,True
2020-05-22,Hertha,Union Berlin,2.51634,0.273771,12641,2019,https://understat.com/getLeagueData/Bundesliga/2019,2020-05-22,True
2020-05-23,Bayern Munich,Ein Frankfurt,3.59062,1.03034,12638,2019,https://understat.com/getLeagueData/Bundesliga/2019,2020-05-23,True
2020-05-23,Freiburg,Werder Bremen,0.722324,0.464168,12643,2019,https://understat.com/getLeagueData/Bundesliga/2019,2020-05-23,True
2020-05-23,M'gladbach,Leverkusen,2.273,3.46649,12639,2019,https://understat.com/getLeagueData/Bundesliga/2019,2020-05-23,True
2020-05-23,Paderborn,Hoffenheim,0.964535,1.92541,12637,2019,https://understat.com/getLeagueData/Bundesliga/2019,2020-05-23,True
2020-05-23,Wolfsburg,Dortmund,0.504702,1.03584,12640,2019,https://understat.com/getLeagueData/Bundesliga/2019,2020-05-23,True
2020-05-24,FC Koln,Fortuna Dusseldorf,2.24705,0.444463,12645,2019,https://understat.com/getLeagueData/Bundesliga/2019,2020-05-24,True
2020-05-24,Mainz,RB Leipzig,0.320493,5.2681,12642,2019,https://understat.com/getLeagueData/Bundesliga/2019,2020-05-24,True
2020-05-24,Schalke 04,Augsburg,0.707591,1.5047,12644,2019,https://understat.com/getLeagueData/Bundesliga/2019,2020-05-24,True
2020-05-26,Dortmund,Bayern Munich,0.616596,0.769692,12652,2019,https://understat.com/getLeagueData/Bundesliga/2019,2020-05-26,True
2020-05-26,Ein Frankfurt,Freiburg,4.29527,0.764685,12646,2019,https://understat.com/getLeagueData/Bundesliga/2019,2020-05-26,True
2020-05-26,Leverkusen,Wolfsburg,1.3302,2.99484,12654,2019,https://understat.com/getLeagueData/Bundesliga/2019,2020-05-26,True
2020-05-26,Werder Bremen,M'gladbach,0.844607,0.359767,12647,2019,https://understat.com/getLeagueData/Bundesliga/2019,2020-05-26,True
2020-05-27,Augsburg,Paderborn,0.501125,1.18949,12650,2019,https://understat.com/getLeagueData/Bundesliga/2019,2020-05-27,True
2020-05-27,Fortuna Dusseldorf,Schalke 04,1.73478,0.702054,12649,2019,https://understat.com/getLeagueData/Bundesliga/2019,2020-05-27,True
2020-05-27,Hoffenheim,FC Koln,1.26471,2.24859,12648,2019,https://understat.com/getLeagueData/Bundesliga/2019,2020-05-27,True
2020-05-27,RB Leipzig,Hertha,0.612996,1.57339,12653,2019,https://understat.com/getLeagueData/Bundesliga/2019,2020-05-27,True
2020-05-27,Union Berlin,Mainz,0.772053,0.594984,12651,2019,https://understat.com/getLeagueData/Bundesliga/2019,2020-05-27,True
2020-05-29,Freiburg,Leverkusen,0.68733,0.394085,12660,2019,https://understat.com/getLeagueData/Bundesliga/2019,2020-05-29,True
2020-05-30,Bayern Munich,Fortuna Dusseldorf,3.02763,0.723584,12655,2019,https://understat.com/getLeagueData/Bundesliga/2019,2020-05-30,True
2020-05-30,Hertha,Augsburg,3.05122,1.13484,12658,2019,https://understat.com/getLeagueData/Bundesliga/2019,2020-05-30,True
2020-05-30,Mainz,Hoffenheim,1.07747,1.7133,12659,2019,https://understat.com/getLeagueData/Bundesliga/2019,2020-05-30,True
2020-05-30,Schalke 04,Werder Bremen,0.788687,0.349616,12661,2019,https://understat.com/getLeagueData/Bundesliga/2019,2020-05-30,True
2020-05-30,Wolfsburg,Ein Frankfurt,2.10016,1.94951,12657,2019,https://understat.com/getLeagueData/Bundesliga/2019,2020-05-30,True
2020-05-31,M'gladbach,Union Berlin,2.16238,0.719923,12656,2019,https://understat.com/getLeagueData/Bundesliga/2019,2020-05-31,True
2020-05-31,Paderborn,Dortmund,1.13973,4.4959,12663,2019,https://understat.com/getLeagueData/Bundesliga/2019,2020-05-31,True
2020-06-01,FC Koln,RB Leipzig,0.803762,3.20866,12662,2019,https://understat.com/getLeagueData/Bundesliga/2019,2020-06-01,True
2020-06-03,Werder Bremen,Ein Frankfurt,0.388746,1.75359,12612,2019,https://understat.com/getLeagueData/Bundesliga/2019,2020-06-03,True
2020-06-05,Freiburg,M'gladbach,1.56293,2.15228,12670,2019,https://understat.com/getLeagueData/Bundesliga/2019,2020-06-05,True
2020-06-06,Dortmund,Hertha,1.84639,0.108241,12664,2019,https://understat.com/getLeagueData/Bundesliga/2019,2020-06-06,True
2020-06-06,Ein Frankfurt,Mainz,0.366021,2.91267,12667,2019,https://understat.com/getLeagueData/Bundesliga/2019,2020-06-06,True
2020-06-06,Fortuna Dusseldorf,Hoffenheim,2.46304,1.44523,12669,2019,https://understat.com/getLeagueData/Bundesliga/2019,2020-06-06,True
2020-06-06,Leverkusen,Bayern Munich,0.768558,2.6513,12666,2019,https://understat.com/getLeagueData/Bundesliga/2019,2020-06-06,True
2020-06-06,RB Leipzig,Paderborn,1.91324,1.274,12665,2019,https://understat.com/getLeagueData/Bundesliga/2019,2020-06-06,True
2020-06-07,Augsburg,FC Koln,2.20052,0.791182,12671,2019,https://understat.com/getLeagueData/Bundesliga/2019,2020-06-07,True
2020-06-07,Union Berlin,Schalke 04,2.39933,0.166933,12672,2019,https://understat.com/getLeagueData/Bundesliga/2019,2020-06-07,True
2020-06-07,Werder Bremen,Wolfsburg,0.416576,1.84359,12668,2019,https://understat.com/getLeagueData/Bundesliga/2019,2020-06-07,True
2020-06-12,Hoffenheim,RB Leipzig,1.75723,1.36763,12675,2019,https://understat.com/getLeagueData/Bundesliga/2019,2020-06-12,True
2020-06-13,Bayern Munich,M'gladbach,1.77878,0.983991,12673,2019,https://understat.com/getLeagueData/Bundesliga/2019,2020-06-13,True
2020-06-13,FC Koln,Union Berlin,1.342,0.527425,12680,2019,https://understat.com/getLeagueData/Bundesliga/2019,2020-06-13,True
2020-06-13,Fortuna Dusseldorf,Dortmund,0.382339,0.683609,12676,2019,https://understat.com/getLeagueData/Bundesliga/2019,2020-06-13,True
2020-06-13,Hertha,Ein Frankfurt,0.602622,2.94287,12677,2019,https://understat.com/getLeagueData/Bundesliga/2019,2020-06-13,True
2020-06-13,Paderborn,Werder Bremen,1.96916,3.1298,12681,2019,https://understat.com/getLeagueData/Bundesliga/2019,2020-06-13,True
2020-06-13,Wolfsburg,Freiburg,2.48484,2.09345,12674,2019,https://understat.com/getLeagueData/Bundesliga/2019,2020-06-13,True
2020-06-14,Mainz,Augsburg,1.43243,0.888099,12678,2019,https://understat.com/getLeagueData/Bundesliga/2019,2020-06-14,True
2020-06-14,Schalke 04,Leverkusen,1.47429,0.889455,12679,2019,https://understat.com/getLeagueData/Bundesliga/2019,2020-06-14,True
2020-06-16,Freiburg,Hertha,1.80838,1.43031,12688,2019,https://understat.com/getLeagueData/Bundesliga/2019,2020-06-16,True
2020-06-16,M'gladbach,Wolfsburg,1.73701,0.741379,12685,2019,https://understat.com/getLeagueData/Bundesliga/2019,2020-06-16,True
2020-06-16,Union Berlin,Paderborn,1.51574,0.396234,12690,2019,https://understat.com/getLeagueData/Bundesliga/2019,2020-06-16,True
2020-06-16,Werder Bremen,Bayern Munich,0.274502,1.33112,12687,2019,https://understat.com/getLeagueData/Bundesliga/2019,2020-06-16,True
2020-06-17,Augsburg,Hoffenheim,0.486229,3.15146,12689,2019,https://understat.com/getLeagueData/Bundesliga/2019,2020-06-17,True
2020-06-17,Dortmund,Mainz,1.30328,1.86738,12682,2019,https://understat.com/getLeagueData/Bundesliga/2019,2020-06-17,True
2020-06-17,Ein Frankfurt,Schalke 04,2.51124,1.22522,12686,2019,https://understat.com/getLeagueData/Bundesliga/2019,2020-06-17,True
2020-06-17,Leverkusen,FC Koln,2.18555,0.531542,12684,2019,https://understat.com/getLeagueData/Bundesliga/2019,2020-06-17,True
2020-06-17,RB Leipzig,Fortuna Dusseldorf,1.25224,0.594246,12683,2019,https://understat.com/getLeagueData/Bundesliga/2019,2020-06-17,True
2020-06-20,Bayern Munich,Freiburg,2.14695,1.42671,12691,2019,https://understat.com/getLeagueData/Bundesliga/2019,2020-06-20,True
2020-06-20,FC Koln,Ein Frankfurt,0.960512,1.1762,12698,2019,https://understat.com/getLeagueData/Bundesliga/2019,2020-06-20,True
2020-06-20,Fortuna Dusseldorf,Augsburg,0.353005,0.987427,12694,2019,https://understat.com/getLeagueData/Bundesliga/2019,2020-06-20,True
2020-06-20,Hertha,Leverkusen,2.3555,0.679286,12695,2019,https://understat.com/getLeagueData/Bundesliga/2019,2020-06-20,True
2020-06-20,Hoffenheim,Union Berlin,2.44299,0.917327,12693,2019,https://understat.com/getLeagueData/Bundesliga/2019,2020-06-20,True
2020-06-20,Mainz,Werder Bremen,2.06765,1.36006,12696,2019,https://understat.com/getLeagueData/Bundesliga/2019,2020-06-20,True
2020-06-20,Paderborn,M'gladbach,0.67473,2.74581,12699,2019,https://understat.com/getLeagueData/Bundesliga/2019,2020-06-20,True
2020-06-20,RB Leipzig,Dortmund,1.03505,3.12342,12692,2019,https://understat.com/getLeagueData/Bundesliga/2019,2020-06-20,True
2020-06-20,Schalke 04,Wolfsburg,0.670604,2.63286,12697,2019,https://understat.com/getLeagueData/Bundesliga/2019,2020-06-20,True
2020-06-27,Augsburg,RB Leipzig,0.161187,1.88507,12707,2019,https://understat.com/getLeagueData/Bundesliga/2019,2020-06-27,True
2020-06-27,Dortmund,Hoffenheim,0.127933,3.85732,12700,2019,https://understat.com/getLeagueData/Bundesliga/2019,2020-06-27,True
2020-06-27,Ein Frankfurt,Paderborn,1.96616,1.48749,12704,2019,https://understat.com/getLeagueData/Bundesliga/2019,2020-06-27,True
2020-06-27,Freiburg,Schalke 04,1.88174,0.651918,12706,2019,https://understat.com/getLeagueData/Bundesliga/2019,2020-06-27,True
2020-06-27,Leverkusen,Mainz,1.88283,0.350997,12701,2019,https://understat.com/getLeagueData/Bundesliga/2019,2020-06-27,True
2020-06-27,M'gladbach,Hertha,3.07113,0.827053,12702,2019,https://understat.com/getLeagueData/Bundesliga/2019,2020-06-27,True
2020-06-27,Union Berlin,Fortuna Dusseldorf,1.19115,0.992638,12708,2019,https://understat.com/getLeagueData/Bundesliga/2019,2020-06-27,True
2020-06-27,Werder Bremen,FC Koln,3.25477,0.853136,12705,2019,https://understat.com/getLeagueData/Bundesliga/2019,2020-06-27,True
2020-06-27,Wolfsburg,Bayern Munich,0.745741,3.22208,12703,2019,https://understat.com/getLeagueData/Bundesliga/2019,2020-06-27,True
2020-09-18,Bayern Munich,Schalke 04,4.62088,0.14975,14173,2020,https://understat.com/getLeagueData/Bundesliga/2020,2020-09-18,True
2020-09-19,Dortmund,M'gladbach,1.70398,0.510293,14179,2020,https://understat.com/getLeagueData/Bundesliga/2020,2020-09-19,True
2020-09-19,Ein Frankfurt,Bielefeld,2.46928,0.618787,14174,2020,https://understat.com/getLeagueData/Bundesliga/2020,2020-09-19,True
2020-09-19,FC Koln,Hoffenheim,2.40801,2.9032,14176,2020,https://understat.com/getLeagueData/Bundesliga/2020,2020-09-19,True
2020-09-19,Stuttgart,Freiburg,2.15741,2.07011,14178,2020,https://understat.com/getLeagueData/Bundesliga/2020,2020-09-19,True
2020-09-19,Union Berlin,Augsburg,1.04515,1.42046,14175,2020,https://understat.com/getLeagueData/Bundesliga/2020,2020-09-19,True
2020-09-19,Werder Bremen,Hertha,0.495892,2.05406,14177,2020,https://understat.com/getLeagueData/Bundesliga/2020,2020-09-19,True
2020-09-20,RB Leipzig,Mainz,3.22891,1.07201,14180,2020,https://understat.com/getLeagueData/Bundesliga/2020,2020-09-20,True
2020-09-20,Wolfsburg,Leverkusen,1.27652,0.441229,14181,2020,https://understat.com/getLeagueData/Bundesliga/2020,2020-09-20,True
2020-09-25,Hertha,Ein Frankfurt,1.55994,1.62111,14182,2020,https://understat.com/getLeagueData/Bundesliga/2020,2020-09-25,True
2020-09-26,Augsburg,Dortmund,1.44779,1.5267,14184,2020,https://understat.com/getLeagueData/Bundesliga/2020,2020-09-26,True
2020-09-26,Bielefeld,FC Koln,0.163242,1.3741,14185,2020,https://understat.com/getLeagueData/Bundesliga/2020,2020-09-26,True
2020-09-26,Leverkusen,RB Leipzig,0.91247,1.20453,14187,2020,https://understat.com/getLeagueData/Bundesliga/2020,2020-09-26,True
2020-09-26,M'gladbach,Union Berlin,1.47627,0.771461,14186,2020,https://understat.com/getLeagueData/Bundesliga/2020,2020-09-26,True
2020-09-26,Mainz,Stuttgart,1.04484,2.9689,14183,2020,https://understat.com/getLeagueData/Bundesliga/2020,2020-09-26,True
2020-09-26,Schalke 04,Werder Bremen,1.67597,3.10437,14188,2020,https://understat.com/getLeagueData/Bundesliga/2020,2020-09-26,True
2020-09-27,Freiburg,Wolfsburg,0.92465,0.413442,14190,2020,https://understat.com/getLeagueData/Bundesliga/2020,2020-09-27,True
2020-09-27,Hoffenheim,Bayern Munich,2.52339,1.17311,14189,2020,https://understat.com/getLeagueData/Bundesliga/2020,2020-09-27,True
2020-10-02,Union Berlin,Mainz,2.07145,0.189144,15158,2020,https://understat.com/getLeagueData/Bundesliga/2020,2020-10-02,True
2020-10-03,Dortmund,Freiburg,2.82762,0.445096,15162,2020,https://understat.com/getLeagueData/Bundesliga/2020,2020-10-03,True
2020-10-03,Ein Frankfurt,Hoffenheim,3.57344,0.769689,15163,2020,https://understat.com/getLeagueData/Bundesliga/2020,2020-10-03,True
2020-10-03,FC Koln,M'gladbach,0.244959,2.0629,15159,2020,https://understat.com/getLeagueData/Bundesliga/2020,2020-10-03,True
2020-10-03,RB Leipzig,Schalke 04,3.25836,0.215209,15164,2020,https://understat.com/getLeagueData/Bundesliga/2020,2020-10-03,True
2020-10-03,Stuttgart,Leverkusen,0.799979,1.69772,15161,2020,https://understat.com/getLeagueData/Bundesliga/2020,2020-10-03,True
2020-10-03,Werder Bremen,Bielefeld,0.346071,1.02247,15160,2020,https://understat.com/getLeagueData/Bundesliga/2020,2020-10-03,True
2020-10-04,Bayern Munich,Hertha,3.99311,1.24509,15166,2020,https://understat.com/getLeagueData/Bundesliga/2020,2020-10-04,True
2020-10-04,Wolfsburg,Augsburg,1.31989,1.80757,15165,2020,https://understat.com/getLeagueData/Bundesliga/2020,2020-10-04,True
2020-10-17,Augsburg,RB Leipzig,0.550472,2.39694,15170,2020,https://understat.com/getLeagueData/Bundesliga/2020,2020-10-17,True
2020-10-17,Bielefeld,Bayern Munich,1.21235,3.29447,15172,2020,https://understat.com/getLeagueData/Bundesliga/2020,2020-10-17,True
2020-10-17,Freiburg,Werder Bremen,1.05894,1.6646,15168,2020,https://understat.com/getLeagueData/Bundesliga/2020,2020-10-17,True
2020-10-17,Hertha,Stuttgart,1.42805,1.40822,15169,2020,https://understat.com/getLeagueData/Bundesliga/2020,2020-10-17,True
2020-10-17,Hoffenheim,Dortmund,0.877373,1.84829,15167,2020,https://understat.com/getLeagueData/Bundesliga/2020,2020-10-17,True
2020-10-17,M'gladbach,Wolfsburg,2.11077,1.34469,15173,2020,https://understat.com/getLeagueData/Bundesliga/2020,2020-10-17,True
2020-10-17,Mainz,Leverkusen,0.214962,0.454109,15171,2020,https://understat.com/getLeagueData/Bundesliga/2020,2020-10-17,True
2020-10-18,FC Koln,Ein Frankfurt,1.41695,1.54892,15174,2020,https://understat.com/getLeagueData/Bundesliga/2020,2020-10-18,True
2020-10-18,Schalke 04,Union Berlin,0.250814,0.831403,15175,2020,https://understat.com/getLeagueData/Bundesliga/2020,2020-10-18,True
2020-10-23,Stuttgart,FC Koln,0.722179,2.37516,15176,2020,https://understat.com/getLeagueData/Bundesliga/2020,2020-10-23,True
2020-10-24,Bayern Munich,Ein Frankfurt,3.80823,0.429229,15180,2020,https://understat.com/getLeagueData/Bundesliga/2020,2020-10-24,True
2020-10-24,Dortmund,Schalke 04,1.48384,0.236172,15181,2020,https://understat.com/getLeagueData/Bundesliga/2020,2020-10-24,True
2020-10-24,Mainz,M'gladbach,1.90042,3.07629,15178,2020,https://understat.com/getLeagueData/Bundesliga/2020,2020-10-24,True
2020-10-24,RB Leipzig,Hertha,2.68523,0.802136,15179,2020,https://understat.com/getLeagueData/Bundesliga/2020,2020-10-24,True
2020-10-24,Union Berlin,Freiburg,1.28488,0.271576,15177,2020,https://understat.com/getLeagueData/Bundesliga/2020,2020-10-24,True
2020-10-25,Werder Bremen,Hoffenheim,0.229596,0.870978,15183,2020,https://understat.com/getLeagueData/Bundesliga/2020,2020-10-25,True
2020-10-25,Wolfsburg,Bielefeld,2.77748,0.664903,15182,2020,https://understat.com/getLeagueData/Bundesliga/2020,2020-10-25,True
2020-10-26,Leverkusen,Augsburg,2.6291,0.342366,15184,2020,https://understat.com/getLeagueData/Bundesliga/2020,2020-10-26,True
2020-10-30,Schalke 04,Stuttgart,0.726659,1.56968,15185,2020,https://understat.com/getLeagueData/Bundesliga/2020,2020-10-30,True
2020-10-31,Augsburg,Mainz,1.78716,1.01141,15187,2020,https://understat.com/getLeagueData/Bundesliga/2020,2020-10-31,True
2020-10-31,Bielefeld,Dortmund,0.255813,2.75909,15188,2020,https://understat.com/getLeagueData/Bundesliga/2020,2020-10-31,True
2020-10-31,Ein Frankfurt,Werder Bremen,2.49235,0.733652,15189,2020,https://understat.com/getLeagueData/Bundesliga/2020,2020-10-31,True
2020-10-31,FC Koln,Bayern Munich,0.681548,0.992927,15186,2020,https://understat.com/getLeagueData/Bundesliga/2020,2020-10-31,True
2020-10-31,M'gladbach,RB Leipzig,0.615287,0.695278,15190,2020,https://understat.com/getLeagueData/Bundesliga/2020,2020-10-31,True
2020-11-01,Freiburg,Leverkusen,1.18284,1.34088,15191,2020,https://understat.com/getLeagueData/Bundesliga/2020,2020-11-01,True
2020-11-01,Hertha,Wolfsburg,1.25246,0.397923,15192,2020,https://understat.com/getLeagueData/Bundesliga/2020,2020-11-01,True
2020-11-02,Hoffenheim,Union Berlin,1.49329,3.66229,15193,2020,https://understat.com/getLeagueData/Bundesliga/2020,2020-11-02,True
2020-11-06,Werder Bremen,FC Koln,1.35118,0.399372,15194,2020,https://understat.com/getLeagueData/Bundesliga/2020,2020-11-06,True
2020-11-07,Augsburg,Hertha,0.350601,2.51682,15199,2020,https://understat.com/getLeagueData/Bundesliga/2020,2020-11-07,True
2020-11-07,Dortmund,Bayern Munich,2.30881,1.33621,15200,2020,https://understat.com/getLeagueData/Bundesliga/2020,2020-11-07,True
2020-11-07,Mainz,Schalke 04,3.36371,1.70687,15198,2020,https://understat.com/getLeagueData/Bundesliga/2020,2020-11-07,True
2020-11-07,RB Leipzig,Freiburg,2.43212,0.577152,15196,2020,https://understat.com/getLeagueData/Bundesliga/2020,2020-11-07,True
2020-11-07,Stuttgart,Ein Frankfurt,2.0858,3.48931,15195,2020,https://understat.com/getLeagueData/Bundesliga/2020,2020-11-07,True
2020-11-07,Union Berlin,Bielefeld,2.25166,0.259002,15197,2020,https://understat.com/getLeagueData/Bundesliga/2020,2020-11-07,True
2020-11-08,Leverkusen,M'gladbach,1.53904,3.02085,15202,2020,https://understat.com/getLeagueData/Bundesliga/2020,2020-11-08,True
2020-11-08,Wolfsburg,Hoffenheim,2.65255,2.63695,15201,2020,https://understat.com/getLeagueData/Bundesliga/2020,2020-11-08,True
2020-11-21,Bayern Munich,Werder Bremen,1.6736,1.63104,15203,2020,https://understat.com/getLeagueData/Bundesliga/2020,2020-11-21,True
2020-11-21,Bielefeld,Leverkusen,0.0,1.32693,15207,2020,https://understat.com/getLeagueData/Bundesliga/2020,2020-11-21,True
2020-11-21,Ein Frankfurt,RB Leipzig,0.888746,0.911677,15208,2020,https://understat.com/getLeagueData/Bundesliga/2020,2020-11-21,True
2020-11-21,Hertha,Dortmund,1.20761,2.83449,15209,2020,https://understat.com/getLeagueData/Bundesliga/2020,2020-11-21,True
2020-11-21,Hoffenheim,Stuttgart,1.75486,1.45618,15205,2020,https://understat.com/getLeagueData/Bundesliga/2020,2020-11-21,True
2020-11-21,M'gladbach,Augsburg,1.70506,0.813971,15204,2020,https://understat.com/getLeagueData/Bundesliga/2020,2020-11-21,True
2020-11-21,Schalke 04,Wolfsburg,1.00376,2.66289,15206,2020,https://understat.com/getLeagueData/Bundesliga/2020,2020-11-21,True
2020-11-22,FC Koln,Union Berlin,1.08472,1.89238,15211,2020,https://understat.com/getLeagueData/Bundesliga/2020,2020-11-22,True
2020-11-22,Freiburg,Mainz,1.47979,3.20461,15210,2020,https://understat.com/getLeagueData/Bundesliga/2020,2020-11-22,True
2020-11-27,Wolfsburg,Werder Bremen,1.53686,0.860897,15216,2020,https://understat.com/getLeagueData/Bundesliga/2020,2020-11-27,True
2020-11-28,Augsburg,Freiburg,0.385539,0.470106,15219,2020,https://understat.com/getLeagueData/Bundesliga/2020,2020-11-28,True
2020-11-28,Dortmund,FC Koln,2.76041,1.59253,15212,2020,https://understat.com/getLeagueData/Bundesliga/2020,2020-11-28,True
2020-11-28,M'gladbach,Schalke 04,3.15544,0.734533,15214,2020,https://understat.com/getLeagueData/Bundesliga/2020,2020-11-28,True
2020-11-28,RB Leipzig,Bielefeld,2.84171,1.76313,15213,2020,https://understat.com/getLeagueData/Bundesliga/2020,2020-11-28,True
2020-11-28,Stuttgart,Bayern Munich,1.38666,0.889035,15220,2020,https://understat.com/getLeagueData/Bundesliga/2020,2020-11-28,True
2020-11-28,Union Berlin,Ein Frankfurt,1.95856,1.33746,15217,2020,https://understat.com/getLeagueData/Bundesliga/2020,2020-11-28,True
2020-11-29,Leverkusen,Hertha,1.04196,0.517533,15215,2020,https://understat.com/getLeagueData/Bundesliga/2020,2020-11-29,True
2020-11-29,Mainz,Hoffenheim,1.78391,1.1082,15218,2020,https://understat.com/getLeagueData/Bundesliga/2020,2020-11-29,True
2020-12-04,Hertha,Union Berlin,0.768378,0.268079,15225,2020,https://understat.com/getLeagueData/Bundesliga/2020,2020-12-04,True
2020-12-05,Bayern Munich,RB Leipzig,1.00047,1.56492,15221,2020,https://understat.com/getLeagueData/Bundesliga/2020,2020-12-05,True
2020-12-05,Bielefeld,Mainz,1.18485,2.54193,15229,2020,https://understat.com/getLeagueData/Bundesliga/2020,2020-12-05,True
2020-12-05,Ein Frankfurt,Dortmund,0.847822,1.1385,15224,2020,https://understat.com/getLeagueData/Bundesliga/2020,2020-12-05,True
2020-12-05,FC Koln,Wolfsburg,1.08565,1.90682,15227,2020,https://understat.com/getLeagueData/Bundesliga/2020,2020-12-05,True
2020-12-05,Freiburg,M'gladbach,4.02129,1.66853,15223,2020,https://understat.com/getLeagueData/Bundesliga/2020,2020-12-05,True
2020-12-06,Schalke 04,Leverkusen,1.22701,2.45305,15226,2020,https://understat.com/getLeagueData/Bundesliga/2020,2020-12-06,True
2020-12-06,Werder Bremen,Stuttgart,0.647875,2.13261,15228,2020,https://understat.com/getLeagueData/Bundesliga/2020,2020-12-06,True
2020-12-07,Hoffenheim,Augsburg,1.45954,0.793064,15222,2020,https://understat.com/getLeagueData/Bundesliga/2020,2020-12-07,True
2020-12-11,Wolfsburg,Ein Frankfurt,2.81209,1.51392,15234,2020,https://understat.com/getLeagueData/Bundesliga/2020,2020-12-11,True
2020-12-12,Dortmund,Stuttgart,0.776004,3.07677,15230,2020,https://understat.com/getLeagueData/Bundesliga/2020,2020-12-12,True
2020-12-12,Freiburg,Bielefeld,2.43027,0.238384,15235,2020,https://understat.com/getLeagueData/Bundesliga/2020,2020-12-12,True
2020-12-12,M'gladbach,Hertha,1.35982,0.36509,15232,2020,https://understat.com/getLeagueData/Bundesliga/2020,2020-12-12,True
2020-12-12,Mainz,FC Koln,1.26169,0.838955,15237,2020,https://understat.com/getLeagueData/Bundesliga/2020,2020-12-12,True
2020-12-12,RB Leipzig,Werder Bremen,2.40107,0.599394,15231,2020,https://understat.com/getLeagueData/Bundesliga/2020,2020-12-12,True
2020-12-12,Union Berlin,Bayern Munich,1.08682,1.06474,15236,2020,https://understat.com/getLeagueData/Bundesliga/2020,2020-12-12,True
2020-12-13,Augsburg,Schalke 04,1.25437,1.90769,15238,2020,https://understat.com/getLeagueData/Bundesliga/2020,2020-12-13,True
2020-12-13,Leverkusen,Hoffenheim,2.12151,1.67451,15233,2020,https://understat.com/getLeagueData/Bundesliga/2020,2020-12-13,True
2020-12-15,Ein Frankfurt,M'gladbach,2.12722,1.14256,15247,2020,https://understat.com/getLeagueData/Bundesliga/2020,2020-12-15,True
2020-12-15,Hertha,Mainz,0.490128,0.742962,15239,2020,https://understat.com/getLeagueData/Bundesliga/2020,2020-12-15,True
2020-12-15,Stuttgart,Union Berlin,2.18597,1.01547,15244,2020,https://understat.com/getLeagueData/Bundesliga/2020,2020-12-15,True
2020-12-15,Werder Bremen,Dortmund,0.14594,3.37771,15242,2020,https://understat.com/getLeagueData/Bundesliga/2020,2020-12-15,True
2020-12-16,Bayern Munich,Wolfsburg,1.26746,1.10816,15245,2020,https://understat.com/getLeagueData/Bundesliga/2020,2020-12-16,True
2020-12-16,Bielefeld,Augsburg,0.702085,0.370523,15243,2020,https://understat.com/getLeagueData/Bundesliga/2020,2020-12-16,True
2020-12-16,FC Koln,Leverkusen,0.251532,1.93376,15241,2020,https://understat.com/getLeagueData/Bundesliga/2020,2020-12-16,True
2020-12-16,Hoffenheim,RB Leipzig,0.752599,0.476324,15246,2020,https://understat.com/getLeagueData/Bundesliga/2020,2020-12-16,True
2020-12-16,Schalke 04,Freiburg,0.376573,1.15776,15240,2020,https://understat.com/getLeagueData/Bundesliga/2020,2020-12-16,True
2020-12-18,Union Berlin,Dortmund,1.38214,1.1837,15253,2020,https://understat.com/getLeagueData/Bundesliga/2020,2020-12-18,True
2020-12-19,Augsburg,Ein Frankfurt,1.44889,2.37301,15256,2020,https://understat.com/getLeagueData/Bundesliga/2020,2020-12-19,True
2020-12-19,Leverkusen,Bayern Munich,0.307742,1.41401,15250,2020,https://understat.com/getLeagueData/Bundesliga/2020,2020-12-19,True
2020-12-19,M'gladbach,Hoffenheim,2.12823,2.28754,15249,2020,https://understat.com/getLeagueData/Bundesliga/2020,2020-12-19,True
2020-12-19,Mainz,Werder Bremen,0.388426,1.30319,15255,2020,https://understat.com/getLeagueData/Bundesliga/2020,2020-12-19,True
2020-12-19,RB Leipzig,FC Koln,1.57839,0.205395,15248,2020,https://understat.com/getLeagueData/Bundesliga/2020,2020-12-19,True
2020-12-19,Schalke 04,Bielefeld,0.338524,0.89989,15254,2020,https://understat.com/getLeagueData/Bundesliga/2020,2020-12-19,True
2020-12-20,Freiburg,Hertha,2.96729,1.03828,15252,2020,https://understat.com/getLeagueData/Bundesliga/2020,2020-12-20,True
2020-12-20,Wolfsburg,Stuttgart,1.67526,1.10934,15251,2020,https://understat.com/getLeagueData/Bundesliga/2020,2020-12-20,True
2021-01-02,Bielefeld,M'gladbach,0.707828,1.88594,15264,2020,https://understat.com/getLeagueData/Bundesliga/2020,2021-01-02,True
2021-01-02,Ein Frankfurt,Leverkusen,1.34155,0.752325,15260,2020,https://understat.com/getLeagueData/Bundesliga/2020,2021-01-02,True
2021-01-02,FC Koln,Augsburg,0.454651,1.23997,15262,2020,https://understat.com/getLeagueData/Bundesliga/2020,2021-01-02,True
2021-01-02,Hertha,Schalke 04,2.06576,0.717925,15261,2020,https://understat.com/getLeagueData/Bundesliga/2020,2021-01-02,True
2021-01-02,Hoffenheim,Freiburg,1.14476,2.08,15259,2020,https://understat.com/getLeagueData/Bundesliga/2020,2021-01-02,True
2021-01-02,Stuttgart,RB Leipzig,0.891246,2.64018,15265,2020,https://understat.com/getLeagueData/Bundesliga/2020,2021-01-02,True
2021-01-02,Werder Bremen,Union Berlin,1.0178,1.30377,15263,2020,https://understat.com/getLeagueData/Bundesliga/2020,2021-01-02,True
2021-01-03,Bayern Munich,Mainz,4.11014,1.1937,15257,2020,https://understat.com/getLeagueData/Bundesliga/2020,2021-01-03,True
2021-01-03,Dortmund,Wolfsburg,2.00235,1.21991,15258,2020,https://understat.com/getLeagueData/Bundesliga/2020,2021-01-03,True
2021-01-08,M'gladbach,Bayern Munich,0.96923,1.32717,15267,2020,https://understat.com/getLeagueData/Bundesliga/2020,2021-01-08,True
2021-01-09,Freiburg,FC Koln,2.91627,0.139728,15269,2020,https://understat.com/getLeagueData/Bundesliga/2020,2021-01-09,True
2021-01-09,Leverkusen,Werder Bremen,0.588228,0.481943,15268,2020,https://understat.com/getLeagueData/Bundesliga/2020,2021-01-09,True
2021-01-09,Mainz,Ein Frankfurt,1.10303,2.44043,15272,2020,https://understat.com/getLeagueData/Bundesliga/2020,2021-01-09,True
2021-01-09,RB Leipzig,Dortmund,1.59439,2.57475,15266,2020,https://understat.com/getLeagueData/Bundesliga/2020,2021-01-09,True
2021-01-09,Schalke 04,Hoffenheim,2.13307,1.84328,15271,2020,https://understat.com/getLeagueData/Bundesliga/2020,2021-01-09,True
2021-01-09,Union Berlin,Wolfsburg,1.00289,1.89061,15270,2020,https://understat.com/getLeagueData/Bundesliga/2020,2021-01-09,True
2021-01-10,Augsburg,Stuttgart,0.97454,4.01214,15273,2020,https://understat.com/getLeagueData/Bundesliga/2020,2021-01-10,True
2021-01-10,Bielefeld,Hertha,0.623296,0.603143,15274,2020,https://understat.com/getLeagueData/Bundesliga/2020,2021-01-10,True
2021-01-15,Union Berlin,Leverkusen,1.21832,0.794473,15280,2020,https://understat.com/getLeagueData/Bundesliga/2020,2021-01-15,True
2021-01-16,Dortmund,Mainz,1.89801,0.536442,15276,2020,https://understat.com/getLeagueData/Bundesliga/2020,2021-01-16,True
2021-01-16,FC Koln,Hertha,0.336553,0.419961,15281,2020,https://understat.com/getLeagueData/Bundesliga/2020,2021-01-16,True
2021-01-16,Hoffenheim,Bielefeld,0.655307,0.596397,15277,2020,https://understat.com/getLeagueData/Bundesliga/2020,2021-01-16,True
2021-01-16,Stuttgart,M'gladbach,1.63795,1.43375,15283,2020,https://understat.com/getLeagueData/Bundesliga/2020,2021-01-16,True
2021-01-16,Werder Bremen,Augsburg,1.20083,0.943511,15282,2020,https://understat.com/getLeagueData/Bundesliga/2020,2021-01-16,True
2021-01-16,Wolfsburg,RB Leipzig,0.806904,2.41624,15278,2020,https://understat.com/getLeagueData/Bundesliga/2020,2021-01-16,True
2021-01-17,Bayern Munich,Freiburg,3.01697,0.76215,15275,2020,https://understat.com/getLeagueData/Bundesliga/2020,2021-01-17,True
2021-01-17,Ein Frankfurt,Schalke 04,1.97864,0.135505,15279,2020,https://understat.com/getLeagueData/Bundesliga/2020,2021-01-17,True
2021-01-19,Hertha,Hoffenheim,1.33502,1.07527,15288,2020,https://understat.com/getLeagueData/Bundesliga/2020,2021-01-19,True
2021-01-19,Leverkusen,Dortmund,1.82076,1.25761,15286,2020,https://understat.com/getLeagueData/Bundesliga/2020,2021-01-19,True
2021-01-19,M'gladbach,Werder Bremen,0.645527,0.813286,15285,2020,https://understat.com/getLeagueData/Bundesliga/2020,2021-01-19,True
2021-01-19,Mainz,Wolfsburg,0.372223,0.989418,15290,2020,https://understat.com/getLeagueData/Bundesliga/2020,2021-01-19,True
2021-01-20,Augsburg,Bayern Munich,1.21994,1.98194,15291,2020,https://understat.com/getLeagueData/Bundesliga/2020,2021-01-20,True
2021-01-20,Bielefeld,Stuttgart,1.8577,1.32249,15292,2020,https://understat.com/getLeagueData/Bundesliga/2020,2021-01-20,True
2021-01-20,Freiburg,Ein Frankfurt,0.850102,1.45197,15287,2020,https://understat.com/getLeagueData/Bundesliga/2020,2021-01-20,True
2021-01-20,RB Leipzig,Union Berlin,1.34987,0.121799,15284,2020,https://understat.com/getLeagueData/Bundesliga/2020,2021-01-20,True
2021-01-20,Schalke 04,FC Koln,1.14009,1.7479,15289,2020,https://understat.com/getLeagueData/Bundesliga/2020,2021-01-20,True
2021-01-22,M'gladbach,Dortmund,2.33235,1.93273,15293,2020,https://understat.com/getLeagueData/Bundesliga/2020,2021-01-22,True
2021-01-23,Augsburg,Union Berlin,0.94986,1.62585,15300,2020,https://understat.com/getLeagueData/Bundesliga/2020,2021-01-23,True
2021-01-23,Bielefeld,Ein Frankfurt,0.328715,2.56406,15301,2020,https://understat.com/getLeagueData/Bundesliga/2020,2021-01-23,True
2021-01-23,Freiburg,Stuttgart,1.53443,3.02675,15296,2020,https://understat.com/getLeagueData/Bundesliga/2020,2021-01-23,True
2021-01-23,Hertha,Werder Bremen,1.99787,1.39323,15297,2020,https://understat.com/getLeagueData/Bundesliga/2020,2021-01-23,True
2021-01-23,Leverkusen,Wolfsburg,0.572384,1.0586,15294,2020,https://understat.com/getLeagueData/Bundesliga/2020,2021-01-23,True
2021-01-23,Mainz,RB Leipzig,1.97152,1.86151,15299,2020,https://understat.com/getLeagueData/Bundesliga/2020,2021-01-23,True
2021-01-24,Hoffenheim,FC Koln,2.66263,2.28505,15295,2020,https://understat.com/getLeagueData/Bundesliga/2020,2021-01-24,True
2021-01-24,Schalke 04,Bayern Munich,0.937959,3.12798,15298,2020,https://understat.com/getLeagueData/Bundesliga/2020,2021-01-24,True
2021-01-29,Stuttgart,Mainz,1.02742,0.298779,15310,2020,https://understat.com/getLeagueData/Bundesliga/2020,2021-01-29,True
2021-01-30,Bayern Munich,Hoffenheim,1.94572,1.87397,15302,2020,https://understat.com/getLeagueData/Bundesliga/2020,2021-01-30,True
2021-01-30,Dortmund,Augsburg,1.92275,0.305739,15303,2020,https://understat.com/getLeagueData/Bundesliga/2020,2021-01-30,True
2021-01-30,Ein Frankfurt,Hertha,1.78331,0.381451,15306,2020,https://understat.com/getLeagueData/Bundesliga/2020,2021-01-30,True
2021-01-30,RB Leipzig,Leverkusen,1.68828,0.905761,15304,2020,https://understat.com/getLeagueData/Bundesliga/2020,2021-01-30,True
2021-01-30,Union Berlin,M'gladbach,0.691595,0.580509,15307,2020,https://understat.com/getLeagueData/Bundesliga/2020,2021-01-30,True
2021-01-30,Werder Bremen,Schalke 04,0.64374,0.467918,15309,2020,https://understat.com/getLeagueData/Bundesliga/2020,2021-01-30,True
2021-01-31,FC Koln,Bielefeld,1.50709,0.949382,15308,2020,https://understat.com/getLeagueData/Bundesliga/2020,2021-01-31,True
2021-01-31,Wolfsburg,Freiburg,2.00557,0.684054,15305,2020,https://understat.com/getLeagueData/Bundesliga/2020,2021-01-31,True
2021-02-05,Hertha,Bayern Munich,1.24698,1.8015,15315,2020,https://understat.com/getLeagueData/Bundesliga/2020,2021-02-05,True
2021-02-06,Augsburg,Wolfsburg,0.384821,2.19806,15318,2020,https://understat.com/getLeagueData/Bundesliga/2020,2021-02-06,True
2021-02-06,Freiburg,Dortmund,0.167725,1.28601,15314,2020,https://understat.com/getLeagueData/Bundesliga/2020,2021-02-06,True
2021-02-06,Leverkusen,Stuttgart,4.60657,1.30625,15312,2020,https://understat.com/getLeagueData/Bundesliga/2020,2021-02-06,True
2021-02-06,M'gladbach,FC Koln,0.42778,0.816611,15311,2020,https://understat.com/getLeagueData/Bundesliga/2020,2021-02-06,True
2021-02-06,Mainz,Union Berlin,2.20728,0.937962,15317,2020,https://understat.com/getLeagueData/Bundesliga/2020,2021-02-06,True
2021-02-06,Schalke 04,RB Leipzig,0.125218,3.10182,15316,2020,https://understat.com/getLeagueData/Bundesliga/2020,2021-02-06,True
2021-02-07,Hoffenheim,Ein Frankfurt,0.637718,1.26357,15313,2020,https://understat.com/getLeagueData/Bundesliga/2020,2021-02-07,True
2021-02-12,RB Leipzig,Augsburg,2.26243,0.938388,15322,2020,https://understat.com/getLeagueData/Bundesliga/2020,2021-02-12,True
2021-02-13,Dortmund,Hoffenheim,1.19058,2.19249,15321,2020,https://understat.com/getLeagueData/Bundesliga/2020,2021-02-13,True
2021-02-13,Leverkusen,Mainz,1.75183,2.27515,15323,2020,https://understat.com/getLeagueData/Bundesliga/2020,2021-02-13,True
2021-02-13,Stuttgart,Hertha,1.3857,0.832358,15328,2020,https://understat.com/getLeagueData/Bundesliga/2020,2021-02-13,True
2021-02-13,Union Berlin,Schalke 04,1.9379,0.335784,15326,2020,https://understat.com/getLeagueData/Bundesliga/2020,2021-02-13,True
2021-02-13,Werder Bremen,Freiburg,0.907057,0.375641,15327,2020,https://understat.com/getLeagueData/Bundesliga/2020,2021-02-13,True
2021-02-14,Ein Frankfurt,FC Koln,2.94491,0.554721,15325,2020,https://understat.com/getLeagueData/Bundesliga/2020,2021-02-14,True
2021-02-14,Wolfsburg,M'gladbach,0.641105,0.663321,15324,2020,https://understat.com/getLeagueData/Bundesliga/2020,2021-02-14,True
2021-02-15,Bayern Munich,Bielefeld,2.29294,1.71797,15320,2020,https://understat.com/getLeagueData/Bundesliga/2020,2021-02-15,True
2021-02-19,Bielefeld,Wolfsburg,0.319638,1.67634,15337,2020,https://understat.com/getLeagueData/Bundesliga/2020,2021-02-19,True
2021-02-20,Ein Frankfurt,Bayern Munich,1.9074,1.5483,15332,2020,https://understat.com/getLeagueData/Bundesliga/2020,2021-02-20,True
2021-02-20,FC Koln,Stuttgart,0.650885,0.606729,15335,2020,https://understat.com/getLeagueData/Bundesliga/2020,2021-02-20,True
2021-02-20,Freiburg,Union Berlin,0.836092,1.49682,15331,2020,https://understat.com/getLeagueData/Bundesliga/2020,2021-02-20,True
2021-02-20,M'gladbach,Mainz,0.659888,0.665514,15329,2020,https://understat.com/getLeagueData/Bundesliga/2020,2021-02-20,True
2021-02-20,Schalke 04,Dortmund,0.830269,1.85349,15334,2020,https://understat.com/getLeagueData/Bundesliga/2020,2021-02-20,True
2021-02-21,Augsburg,Leverkusen,0.931657,0.397505,15336,2020,https://understat.com/getLeagueData/Bundesliga/2020,2021-02-21,True
2021-02-21,Hertha,RB Leipzig,0.859063,1.16338,15333,2020,https://understat.com/getLeagueData/Bundesliga/2020,2021-02-21,True
2021-02-21,Hoffenheim,Werder Bremen,2.66057,0.109963,15330,2020,https://understat.com/getLeagueData/Bundesliga/2020,2021-02-21,True
2021-02-26,Werder Bremen,Ein Frankfurt,1.10682,1.17887,15345,2020,https://understat.com/getLeagueData/Bundesliga/2020,2021-02-26,True
2021-02-27,Bayern Munich,FC Koln,2.40221,0.985369,15338,2020,https://understat.com/getLeagueData/Bundesliga/2020,2021-02-27,True
2021-02-27,Dortmund,Bielefeld,2.50855,0.636679,15339,2020,https://understat.com/getLeagueData/Bundesliga/2020,2021-02-27,True
2021-02-27,RB Leipzig,M'gladbach,1.89119,1.94164,15340,2020,https://understat.com/getLeagueData/Bundesliga/2020,2021-02-27,True
2021-02-27,Stuttgart,Schalke 04,2.68633,1.64536,15346,2020,https://understat.com/getLeagueData/Bundesliga/2020,2021-02-27,True
2021-02-27,Wolfsburg,Hertha,0.620957,1.18868,15342,2020,https://understat.com/getLeagueData/Bundesliga/2020,2021-02-27,True
2021-02-28,Leverkusen,Freiburg,1.15987,1.47636,15341,2020,https://understat.com/getLeagueData/Bundesliga/2020,2021-02-28,True
2021-02-28,Mainz,Augsburg,0.454814,1.27616,15344,2020,https://understat.com/getLeagueData/Bundesliga/2020,2021-02-28,True
2021-02-28,Union Berlin,Hoffenheim,0.958613,1.53526,15343,2020,https://understat.com/getLeagueData/Bundesliga/2020,2021-02-28,True
2021-03-05,Schalke 04,Mainz,0.414149,0.848925,15348,2020,https://understat.com/getLeagueData/Bundesliga/2020,2021-03-05,True
2021-03-06,Bayern Munich,Dortmund,2.69537,0.723629,15351,2020,https://understat.com/getLeagueData/Bundesliga/2020,2021-03-06,True
2021-03-06,Ein Frankfurt,Stuttgart,1.56516,1.15519,15355,2020,https://understat.com/getLeagueData/Bundesliga/2020,2021-03-06,True
2021-03-06,Freiburg,RB Leipzig,0.197373,1.97309,15354,2020,https://understat.com/getLeagueData/Bundesliga/2020,2021-03-06,True
2021-03-06,Hertha,Augsburg,2.68531,0.836158,15347,2020,https://understat.com/getLeagueData/Bundesliga/2020,2021-03-06,True
2021-03-06,Hoffenheim,Wolfsburg,0.989132,1.82597,15353,2020,https://understat.com/getLeagueData/Bundesliga/2020,2021-03-06,True
2021-03-06,M'gladbach,Leverkusen,0.544034,1.36843,15352,2020,https://understat.com/getLeagueData/Bundesliga/2020,2021-03-06,True
2021-03-07,Bielefeld,Union Berlin,0.213406,1.49282,15350,2020,https://understat.com/getLeagueData/Bundesliga/2020,2021-03-07,True
2021-03-07,FC Koln,Werder Bremen,1.50386,1.20768,15349,2020,https://understat.com/getLeagueData/Bundesliga/2020,2021-03-07,True
2021-03-10,Bielefeld,Werder Bremen,2.49186,1.64589,15319,2020,https://understat.com/getLeagueData/Bundesliga/2020,2021-03-10,True
2021-03-12,Augsburg,M'gladbach,1.14857,2.30606,15362,2020,https://understat.com/getLeagueData/Bundesliga/2020,2021-03-12,True
2021-03-13,Dortmund,Hertha,1.93335,0.0761441,15356,2020,https://understat.com/getLeagueData/Bundesliga/2020,2021-03-13,True
2021-03-13,Mainz,Freiburg,1.83812,1.48247,15361,2020,https://understat.com/getLeagueData/Bundesliga/2020,2021-03-13,True
2021-03-13,Union Berlin,FC Koln,2.37875,1.05403,15360,2020,https://understat.com/getLeagueData/Bundesliga/2020,2021-03-13,True
2021-03-13,Werder Bremen,Bayern Munich,0.76636,3.96745,15363,2020,https://understat.com/getLeagueData/Bundesliga/2020,2021-03-13,True
2021-03-13,Wolfsburg,Schalke 04,2.50491,0.241952,15359,2020,https://understat.com/getLeagueData/Bundesliga/2020,2021-03-13,True
2021-03-14,Leverkusen,Bielefeld,2.37314,2.28117,15358,2020,https://understat.com/getLeagueData/Bundesliga/2020,2021-03-14,True
2021-03-14,RB Leipzig,Ein Frankfurt,1.81298,0.694577,15357,2020,https://understat.com/getLeagueData/Bundesliga/2020,2021-03-14,True
2021-03-14,Stuttgart,Hoffenheim,1.03802,0.97511,15364,2020,https://understat.com/getLeagueData/Bundesliga/2020,2021-03-14,True
2021-03-19,Bielefeld,RB Leipzig,0.290363,2.509,15373,2020,https://understat.com/getLeagueData/Bundesliga/2020,2021-03-19,True
2021-03-20,Bayern Munich,Stuttgart,2.6153,1.12324,15365,2020,https://understat.com/getLeagueData/Bundesliga/2020,2021-03-20,True
2021-03-20,Ein Frankfurt,Union Berlin,2.53513,2.9206,15368,2020,https://understat.com/getLeagueData/Bundesliga/2020,2021-03-20,True
2021-03-20,FC Koln,Dortmund,1.32405,1.81107,15371,2020,https://understat.com/getLeagueData/Bundesliga/2020,2021-03-20,True
2021-03-20,Schalke 04,M'gladbach,0.185724,2.06675,15370,2020,https://understat.com/getLeagueData/Bundesliga/2020,2021-03-20,True
2021-03-20,Werder Bremen,Wolfsburg,1.06983,1.20287,15372,2020,https://understat.com/getLeagueData/Bundesliga/2020,2021-03-20,True
2021-03-21,Freiburg,Augsburg,2.06607,0.821272,15367,2020,https://understat.com/getLeagueData/Bundesliga/2020,2021-03-21,True
2021-03-21,Hertha,Leverkusen,2.00238,2.00246,15369,2020,https://understat.com/getLeagueData/Bundesliga/2020,2021-03-21,True
2021-03-21,Hoffenheim,Mainz,1.05065,3.20297,15366,2020,https://understat.com/getLeagueData/Bundesliga/2020,2021-03-21,True
2021-04-03,Augsburg,Hoffenheim,0.560474,0.754596,15382,2020,https://understat.com/getLeagueData/Bundesliga/2020,2021-04-03,True
2021-04-03,Dortmund,Ein Frankfurt,2.14799,1.7596,15374,2020,https://understat.com/getLeagueData/Bundesliga/2020,2021-04-03,True
2021-04-03,Leverkusen,Schalke 04,0.861271,1.05068,15377,2020,https://understat.com/getLeagueData/Bundesliga/2020,2021-04-03,True
2021-04-03,M'gladbach,Freiburg,1.48872,1.96748,15376,2020,https://understat.com/getLeagueData/Bundesliga/2020,2021-04-03,True
2021-04-03,Mainz,Bielefeld,2.45668,0.376815,15380,2020,https://understat.com/getLeagueData/Bundesliga/2020,2021-04-03,True
2021-04-03,RB Leipzig,Bayern Munich,0.486813,0.597457,15375,2020,https://understat.com/getLeagueData/Bundesliga/2020,2021-04-03,True
2021-04-03,Wolfsburg,FC Koln,0.729338,1.20907,15378,2020,https://understat.com/getLeagueData/Bundesliga/2020,2021-04-03,True
2021-04-04,Stuttgart,Werder Bremen,0.695308,0.362475,15381,2020,https://understat.com/getLeagueData/Bundesliga/2020,2021-04-04,True
2021-04-04,Union Berlin,Hertha,0.801212,0.850228,15379,2020,https://understat.com/getLeagueData/Bundesliga/2020,2021-04-04,True
2021-04-09,Bielefeld,Freiburg,1.35635,0.4306,15390,2020,https://understat.com/getLeagueData/Bundesliga/2020,2021-04-09,True
2021-04-10,Bayern Munich,Union Berlin,0.809251,0.908459,15383,2020,https://understat.com/getLeagueData/Bundesliga/2020,2021-04-10,True
2021-04-10,Ein Frankfurt,Wolfsburg,0.748811,1.69595,15385,2020,https://understat.com/getLeagueData/Bundesliga/2020,2021-04-10,True
2021-04-10,Hertha,M'gladbach,1.41784,1.24723,15386,2020,https://understat.com/getLeagueData/Bundesliga/2020,2021-04-10,True
2021-04-10,Stuttgart,Dortmund,1.51604,1.12634,15391,2020,https://understat.com/getLeagueData/Bundesliga/2020,2021-04-10,True
2021-04-10,Werder Bremen,RB Leipzig,1.32791,1.68371,15389,2020,https://understat.com/getLeagueData/Bundesliga/2020,2021-04-10,True
2021-04-11,FC Koln,Mainz,2.49731,1.51737,15388,2020,https://understat.com/getLeagueData/Bundesliga/2020,2021-04-11,True
2021-04-11,Schalke 04,Augsburg,0.858301,1.14952,15387,2020,https://understat.com/getLeagueData/Bundesliga/2020,2021-04-11,True
2021-04-12,Hoffenheim,Leverkusen,0.0916581,0.32178,15384,2020,https://understat.com/getLeagueData/Bundesliga/2020,2021-04-12,True
2021-04-16,RB Leipzig,Hoffenheim,1.43967,0.179248,15393,2020,https://understat.com/getLeagueData/Bundesliga/2020,2021-04-16,True
2021-04-17,Augsburg,Bielefeld,0.752755,0.824002,15400,2020,https://understat.com/getLeagueData/Bundesliga/2020,2021-04-17,True
2021-04-17,Freiburg,Schalke 04,2.07564,0.716727,15397,2020,https://understat.com/getLeagueData/Bundesliga/2020,2021-04-17,True
2021-04-17,Leverkusen,FC Koln,1.98802,0.828829,15395,2020,https://understat.com/getLeagueData/Bundesliga/2020,2021-04-17,True
2021-04-17,M'gladbach,Ein Frankfurt,2.95451,0.609687,15394,2020,https://understat.com/getLeagueData/Bundesliga/2020,2021-04-17,True
2021-04-17,Union Berlin,Stuttgart,1.53511,0.790129,15398,2020,https://understat.com/getLeagueData/Bundesliga/2020,2021-04-17,True
2021-04-17,Wolfsburg,Bayern Munich,1.25011,1.72716,15396,2020,https://understat.com/getLeagueData/Bundesliga/2020,2021-04-17,True
2021-04-18,Dortmund,Werder Bremen,3.07111,0.973347,15392,2020,https://understat.com/getLeagueData/Bundesliga/2020,2021-04-18,True
2021-04-20,Bayern Munich,Leverkusen,1.89266,0.540312,15401,2020,https://understat.com/getLeagueData/Bundesliga/2020,2021-04-20,True
2021-04-20,Bielefeld,Schalke 04,2.29829,0.252122,15408,2020,https://understat.com/getLeagueData/Bundesliga/2020,2021-04-20,True
2021-04-20,Ein Frankfurt,Augsburg,1.16892,1.41189,15404,2020,https://understat.com/getLeagueData/Bundesliga/2020,2021-04-20,True
2021-04-20,FC Koln,RB Leipzig,0.594852,2.01175,15406,2020,https://understat.com/getLeagueData/Bundesliga/2020,2021-04-20,True
2021-04-21,Dortmund,Union Berlin,6.37227,0.274853,15402,2020,https://understat.com/getLeagueData/Bundesliga/2020,2021-04-21,True
2021-04-21,Hoffenheim,M'gladbach,2.31017,0.8843,15403,2020,https://understat.com/getLeagueData/Bundesliga/2020,2021-04-21,True
2021-04-21,Stuttgart,Wolfsburg,1.77065,1.70299,15409,2020,https://understat.com/getLeagueData/Bundesliga/2020,2021-04-21,True
2021-04-21,Werder Bremen,Mainz,0.8847,1.38294,15407,2020,https://understat.com/getLeagueData/Bundesliga/2020,2021-04-21,True
2021-04-23,Augsburg,FC Koln,1.84086,1.82475,15418,2020,https://understat.com/getLeagueData/Bundesliga/2020,2021-04-23,True
2021-04-24,Freiburg,Hoffenheim,1.31762,1.55721,15414,2020,https://understat.com/getLeagueData/Bundesliga/2020,2021-04-24,True
2021-04-24,Leverkusen,Ein Frankfurt,2.08585,1.83222,15412,2020,https://understat.com/getLeagueData/Bundesliga/2020,2021-04-24,True
2021-04-24,Mainz,Bayern Munich,1.1149,1.16918,15417,2020,https://understat.com/getLeagueData/Bundesliga/2020,2021-04-24,True
2021-04-24,Union Berlin,Werder Bremen,1.69915,0.44826,15415,2020,https://understat.com/getLeagueData/Bundesliga/2020,2021-04-24,True
2021-04-24,Wolfsburg,Dortmund,1.36199,1.04957,15413,2020,https://understat.com/getLeagueData/Bundesliga/2020,2021-04-24,True
2021-04-25,M'gladbach,Bielefeld,3.75166,0.594905,15411,2020,https://understat.com/getLeagueData/Bundesliga/2020,2021-04-25,True
2021-04-25,RB Leipzig,Stuttgart,3.71376,0.128485,15410,2020,https://understat.com/getLeagueData/Bundesliga/2020,2021-04-25,True
2021-05-03,Mainz,Hertha,2.8172,1.54384,15399,2020,https://understat.com/getLeagueData/Bundesliga/2020,2021-05-03,True
2021-05-06,Hertha,Freiburg,2.03873,0.850618,15405,2020,https://understat.com/getLeagueData/Bundesliga/2020,2021-05-06,True
2021-05-07,Stuttgart,Augsburg,1.62191,2.11055,15427,2020,https://understat.com/getLeagueData/Bundesliga/2020,2021-05-07,True
2021-05-08,Bayern Munich,M'gladbach,3.02349,0.806609,15419,2020,https://understat.com/getLeagueData/Bundesliga/2020,2021-05-08,True
2021-05-08,Dortmund,RB Leipzig,2.00128,1.50553,15420,2020,https://understat.com/getLeagueData/Bundesliga/2020,2021-05-08,True
2021-05-08,Hoffenheim,Schalke 04,1.53696,0.816991,15421,2020,https://understat.com/getLeagueData/Bundesliga/2020,2021-05-08,True
2021-05-08,Werder Bremen,Leverkusen,0.552662,1.05171,15426,2020,https://understat.com/getLeagueData/Bundesliga/2020,2021-05-08,True
2021-05-08,Wolfsburg,Union Berlin,1.94262,0.577025,15422,2020,https://understat.com/getLeagueData/Bundesliga/2020,2021-05-08,True
2021-05-09,Ein Frankfurt,Mainz,0.691369,0.52553,15423,2020,https://understat.com/getLeagueData/Bundesliga/2020,2021-05-09,True
2021-05-09,FC Koln,Freiburg,1.72084,2.49672,15425,2020,https://understat.com/getLeagueData/Bundesliga/2020,2021-05-09,True
2021-05-09,Hertha,Bielefeld,0.757903,0.501126,15424,2020,https://understat.com/getLeagueData/Bundesliga/2020,2021-05-09,True
2021-05-12,Schalke 04,Hertha,1.07359,1.48104,15416,2020,https://understat.com/getLeagueData/Bundesliga/2020,2021-05-12,True
2021-05-15,Augsburg,Werder Bremen,1.70665,0.602641,15435,2020,https://understat.com/getLeagueData/Bundesliga/2020,2021-05-15,True
2021-05-15,Bielefeld,Hoffenheim,1.65894,1.57706,15436,2020,https://understat.com/getLeagueData/Bundesliga/2020,2021-05-15,True
2021-05-15,Freiburg,Bayern Munich,0.964354,2.49234,15431,2020,https://understat.com/getLeagueData/Bundesliga/2020,2021-05-15,True
2021-05-15,Hertha,FC Koln,0.0752744,1.65371,15432,2020,https://understat.com/getLeagueData/Bundesliga/2020,2021-05-15,True
2021-05-15,Leverkusen,Union Berlin,1.56402,1.53974,15430,2020,https://understat.com/getLeagueData/Bundesliga/2020,2021-05-15,True
2021-05-15,M'gladbach,Stuttgart,0.491123,0.532199,15429,2020,https://understat.com/getLeagueData/Bundesliga/2020,2021-05-15,True
2021-05-15,Schalke 04,Ein Frankfurt,2.69368,3.0473,15433,2020,https://understat.com/getLeagueData/Bundesliga/2020,2021-05-15,True
2021-05-16,Mainz,Dortmund,1.38457,2.12969,15434,2020,https://understat.com/getLeagueData/Bundesliga/2020,2021-05-16,True
2021-05-16,RB Leipzig,Wolfsburg,1.9175,1.07835,15428,2020,https://understat.com/getLeagueData/Bundesliga/2020,2021-05-16,True
2021-05-22,Bayern Munich,Augsburg,4.85963,1.73838,15437,2020,https://understat.com/getLeagueData/Bundesliga/2020,2021-05-22,True
2021-05-22,Dortmund,Leverkusen,1.62981,1.56956,15438,2020,https://understat.com/getLeagueData/Bundesliga/2020,2021-05-22,True
2021-05-22,Ein Frankfurt,Freiburg,2.30602,0.525229,15441,2020,https://understat.com/getLeagueData/Bundesliga/2020,2021-05-22,True
2021-05-22,FC Koln,Schalke 04,1.98992,0.337227,15443,2020,https://understat.com/getLeagueData/Bundesliga/2020,2021-05-22,True
2021-05-22,Hoffenheim,Hertha,1.90885,1.60949,15439,2020,https://understat.com/getLeagueData/Bundesliga/2020,2021-05-22,True
2021-05-22,Stuttgart,Bielefeld,0.844397,1.52995,15445,2020,https://understat.com/getLeagueData/Bundesliga/2020,2021-05-22,True
2021-05-22,Union Berlin,RB Leipzig,1.05622,2.4444,15442,2020,https://understat.com/getLeagueData/Bundesliga/2020,2021-05-22,True
2021-05-22,Werder Bremen,M'gladbach,1.88004,1.99606,15444,2020,https://understat.com/getLeagueData/Bundesliga/2020,2021-05-22,True
2021-05-22,Wolfsburg,Mainz,1.30713,1.57286,15440,2020,https://understat.com/getLeagueData/Bundesliga/2020,2021-05-22,True
2021-08-13,M'gladbach,Bayern Munich,1.98777,2.91794,17516,2021,https://understat.com/getLeagueData/Bundesliga/2021,2021-08-13,True
2021-08-14,Augsburg,Hoffenheim,0.734658,3.44423,17518,2021,https://understat.com/getLeagueData/Bundesliga/2021,2021-08-14,True
2021-08-14,Bielefeld,Freiburg,0.575032,1.63663,17517,2021,https://understat.com/getLeagueData/Bundesliga/2021,2021-08-14,True
2021-08-14,Dortmund,Ein Frankfurt,2.83799,1.36709,17522,2021,https://understat.com/getLeagueData/Bundesliga/2021,2021-08-14,True
2021-08-14,Stuttgart,Greuther Furth,4.25968,1.31466,17519,2021,https://understat.com/getLeagueData/Bundesliga/2021,2021-08-14,True
2021-08-14,Union Berlin,Leverkusen,0.443841,0.7943,17520,2021,https://understat.com/getLeagueData/Bundesliga/2021,2021-08-14,True
2021-08-14,Wolfsburg,Bochum,2.78774,0.297792,17521,2021,https://understat.com/getLeagueData/Bundesliga/2021,2021-08-14,True
2021-08-15,FC Koln,Hertha,1.62567,2.1078,17524,2021,https://understat.com/getLeagueData/Bundesliga/2021,2021-08-15,True
2021-08-15,Mainz,RB Leipzig,1.27109,0.841814,17523,2021,https://understat.com/getLeagueData/Bundesliga/2021,2021-08-15,True
2021-08-20,RB Leipzig,Stuttgart,2.86627,0.958579,17525,2021,https://understat.com/getLeagueData/Bundesliga/2021,2021-08-20,True
2021-08-21,Bochum,Mainz,1.05301,0.817413,17527,2021,https://understat.com/getLeagueData/Bundesliga/2021,2021-08-21,True
2021-08-21,Ein Frankfurt,Augsburg,1.3297,0.16593,17530,2021,https://understat.com/getLeagueData/Bundesliga/2021,2021-08-21,True
2021-08-21,Freiburg,Dortmund,1.58418,1.49634,17529,2021,https://understat.com/getLeagueData/Bundesliga/2021,2021-08-21,True
2021-08-21,Greuther Furth,Bielefeld,2.57735,0.763691,17526,2021,https://understat.com/getLeagueData/Bundesliga/2021,2021-08-21,True
2021-08-21,Hertha,Wolfsburg,1.17401,0.558009,17528,2021,https://understat.com/getLeagueData/Bundesliga/2021,2021-08-21,True
2021-08-21,Leverkusen,M'gladbach,1.94592,1.66054,17531,2021,https://understat.com/getLeagueData/Bundesliga/2021,2021-08-21,True
2021-08-22,Bayern Munich,FC Koln,3.08002,0.957893,17533,2021,https://understat.com/getLeagueData/Bundesliga/2021,2021-08-22,True
2021-08-22,Hoffenheim,Union Berlin,0.967015,2.35122,17532,2021,https://understat.com/getLeagueData/Bundesliga/2021,2021-08-22,True
2021-08-27,Dortmund,Hoffenheim,3.40779,2.42487,17534,2021,https://understat.com/getLeagueData/Bundesliga/2021,2021-08-27,True
2021-08-28,Augsburg,Leverkusen,1.6937,2.1207,17537,2021,https://understat.com/getLeagueData/Bundesliga/2021,2021-08-28,True
2021-08-28,Bayern Munich,Hertha,4.25513,0.575566,17540,2021,https://understat.com/getLeagueData/Bundesliga/2021,2021-08-28,True
2021-08-28,Bielefeld,Ein Frankfurt,0.626534,1.78556,17536,2021,https://understat.com/getLeagueData/Bundesliga/2021,2021-08-28,True
2021-08-28,FC Koln,Bochum,2.91135,0.721445,17535,2021,https://understat.com/getLeagueData/Bundesliga/2021,2021-08-28,True
2021-08-28,Mainz,Greuther Furth,2.79493,0.304223,17538,2021,https://understat.com/getLeagueData/Bundesliga/2021,2021-08-28,True
2021-08-28,Stuttgart,Freiburg,2.28063,1.36171,17539,2021,https://understat.com/getLeagueData/Bundesliga/2021,2021-08-28,True
2021-08-29,Union Berlin,M'gladbach,1.56256,1.52841,17541,2021,https://understat.com/getLeagueData/Bundesliga/2021,2021-08-29,True
2021-08-29,Wolfsburg,RB Leipzig,1.11229,1.43914,17542,2021,https://understat.com/getLeagueData/Bundesliga/2021,2021-08-29,True
2021-09-11,Freiburg,FC Koln,0.871642,1.50213,17545,2021,https://understat.com/getLeagueData/Bundesliga/2021,2021-09-11,True
2021-09-11,Greuther Furth,Wolfsburg,0.392561,1.44282,17543,2021,https://understat.com/getLeagueData/Bundesliga/2021,2021-09-11,True
2021-09-11,Hoffenheim,Mainz,0.509713,0.933476,17544,2021,https://understat.com/getLeagueData/Bundesliga/2021,2021-09-11,True
2021-09-11,Leverkusen,Dortmund,0.471066,2.2922,17547,2021,https://understat.com/getLeagueData/Bundesliga/2021,2021-09-11,True
2021-09-11,RB Leipzig,Bayern Munich,0.347898,4.30091,17548,2021,https://understat.com/getLeagueData/Bundesliga/2021,2021-09-11,True
2021-09-11,Union Berlin,Augsburg,1.71533,0.831722,17546,2021,https://understat.com/getLeagueData/Bundesliga/2021,2021-09-11,True
2021-09-12,Bochum,Hertha,1.02687,0.605231,17550,2021,https://understat.com/getLeagueData/Bundesliga/2021,2021-09-12,True
2021-09-12,Ein Frankfurt,Stuttgart,1.46763,1.2361,17549,2021,https://understat.com/getLeagueData/Bundesliga/2021,2021-09-12,True
2021-09-12,M'gladbach,Bielefeld,2.12932,1.53189,17551,2021,https://understat.com/getLeagueData/Bundesliga/2021,2021-09-12,True
2021-09-17,Hertha,Greuther Furth,1.59085,1.55279,17552,2021,https://understat.com/getLeagueData/Bundesliga/2021,2021-09-17,True
2021-09-18,Augsburg,M'gladbach,0.494801,0.74574,17553,2021,https://understat.com/getLeagueData/Bundesliga/2021,2021-09-18,True
2021-09-18,Bayern Munich,Bochum,6.88189,1.23312,17556,2021,https://understat.com/getLeagueData/Bundesliga/2021,2021-09-18,True
2021-09-18,Bielefeld,Hoffenheim,1.00534,1.54136,17555,2021,https://understat.com/getLeagueData/Bundesliga/2021,2021-09-18,True
2021-09-18,FC Koln,RB Leipzig,1.68932,2.03702,17557,2021,https://understat.com/getLeagueData/Bundesliga/2021,2021-09-18,True
2021-09-18,Mainz,Freiburg,1.26167,0.364252,17554,2021,https://understat.com/getLeagueData/Bundesliga/2021,2021-09-18,True
2021-09-19,Dortmund,Union Berlin,1.09855,1.7321,17559,2021,https://understat.com/getLeagueData/Bundesliga/2021,2021-09-19,True
2021-09-19,Stuttgart,Leverkusen,1.41677,1.59332,17558,2021,https://understat.com/getLeagueData/Bundesliga/2021,2021-09-19,True
2021-09-19,Wolfsburg,Ein Frankfurt,1.84989,0.280625,17560,2021,https://understat.com/getLeagueData/Bundesliga/2021,2021-09-19,True
2021-09-24,Greuther Furth,Bayern Munich,0.655908,0.677915,17561,2021,https://understat.com/getLeagueData/Bundesliga/2021,2021-09-24,True
2021-09-25,Ein Frankfurt,FC Koln,0.950916,1.10981,17564,2021,https://understat.com/getLeagueData/Bundesliga/2021,2021-09-25,True
2021-09-25,Hoffenheim,Wolfsburg,1.78602,0.504541,17566,2021,https://understat.com/getLeagueData/Bundesliga/2021,2021-09-25,True
2021-09-25,Leverkusen,Mainz,1.45034,0.930118,17563,2021,https://understat.com/getLeagueData/Bundesliga/2021,2021-09-25,True
2021-09-25,M'gladbach,Dortmund,1.65529,0.568652,17567,2021,https://understat.com/getLeagueData/Bundesliga/2021,2021-09-25,True
2021-09-25,RB Leipzig,Hertha,4.25065,0.341267,17565,2021,https://understat.com/getLeagueData/Bundesliga/2021,2021-09-25,True
2021-09-25,Union Berlin,Bielefeld,1.25321,0.435528,17562,2021,https://understat.com/getLeagueData/Bundesliga/2021,2021-09-25,True
2021-09-26,Bochum,Stuttgart,0.925854,0.29441,17568,2021,https://understat.com/getLeagueData/Bundesliga/2021,2021-09-26,True
2021-09-26,Freiburg,Augsburg,3.97075,0.191653,17569,2021,https://understat.com/getLeagueData/Bundesliga/2021,2021-09-26,True
2021-10-01,FC Koln,Greuther Furth,2.8694,0.984368,17570,2021,https://understat.com/getLeagueData/Bundesliga/2021,2021-10-01,True
2021-10-02,Dortmund,Augsburg,2.72281,0.746485,17576,2021,https://understat.com/getLeagueData/Bundesliga/2021,2021-10-02,True
2021-10-02,Hertha,Freiburg,0.913547,0.861008,17572,2021,https://understat.com/getLeagueData/Bundesliga/2021,2021-10-02,True
2021-10-02,RB Leipzig,Bochum,2.46461,1.51583,17577,2021,https://understat.com/getLeagueData/Bundesliga/2021,2021-10-02,True
2021-10-02,Stuttgart,Hoffenheim,0.76705,0.978235,17574,2021,https://understat.com/getLeagueData/Bundesliga/2021,2021-10-02,True
2021-10-02,Wolfsburg,M'gladbach,1.22196,3.51831,17575,2021,https://understat.com/getLeagueData/Bundesliga/2021,2021-10-02,True
2021-10-03,Bayern Munich,Ein Frankfurt,2.18047,0.389616,17578,2021,https://understat.com/getLeagueData/Bundesliga/2021,2021-10-03,True
2021-10-03,Bielefeld,Leverkusen,0.447571,2.96917,17571,2021,https://understat.com/getLeagueData/Bundesliga/2021,2021-10-03,True
2021-10-03,Mainz,Union Berlin,1.25545,1.1103,17573,2021,https://understat.com/getLeagueData/Bundesliga/2021,2021-10-03,True
2021-10-15,Hoffenheim,FC Koln,4.18974,0.484187,17581,2021,https://understat.com/getLeagueData/Bundesliga/2021,2021-10-15,True
2021-10-16,Dortmund,Mainz,2.3618,0.610876,17587,2021,https://understat.com/getLeagueData/Bundesliga/2021,2021-10-16,True
2021-10-16,Ein Frankfurt,Hertha,1.70283,2.56404,17586,2021,https://understat.com/getLeagueData/Bundesliga/2021,2021-10-16,True
2021-10-16,Freiburg,RB Leipzig,1.63966,1.65528,17582,2021,https://understat.com/getLeagueData/Bundesliga/2021,2021-10-16,True
2021-10-16,Greuther Furth,Bochum,0.69855,1.72207,17579,2021,https://understat.com/getLeagueData/Bundesliga/2021,2021-10-16,True
2021-10-16,M'gladbach,Stuttgart,2.28296,0.292328,17583,2021,https://understat.com/getLeagueData/Bundesliga/2021,2021-10-16,True
2021-10-16,Union Berlin,Wolfsburg,1.32884,1.28381,17584,2021,https://understat.com/getLeagueData/Bundesliga/2021,2021-10-16,True
2021-10-17,Augsburg,Bielefeld,0.913256,0.285865,17580,2021,https://understat.com/getLeagueData/Bundesliga/2021,2021-10-17,True
2021-10-17,Leverkusen,Bayern Munich,0.729378,3.44913,17585,2021,https://understat.com/getLeagueData/Bundesliga/2021,2021-10-17,True
2021-10-22,Mainz,Augsburg,4.13366,0.664542,17592,2021,https://understat.com/getLeagueData/Bundesliga/2021,2021-10-22,True
2021-10-23,Bayern Munich,Hoffenheim,3.31148,0.446465,17596,2021,https://understat.com/getLeagueData/Bundesliga/2021,2021-10-23,True
2021-10-23,Bielefeld,Dortmund,1.40239,2.58993,17590,2021,https://understat.com/getLeagueData/Bundesliga/2021,2021-10-23,True
2021-10-23,Hertha,M'gladbach,1.47383,0.47063,17591,2021,https://understat.com/getLeagueData/Bundesliga/2021,2021-10-23,True
2021-10-23,RB Leipzig,Greuther Furth,2.30304,1.94277,17595,2021,https://understat.com/getLeagueData/Bundesliga/2021,2021-10-23,True
2021-10-23,Wolfsburg,Freiburg,1.72591,2.17659,17594,2021,https://understat.com/getLeagueData/Bundesliga/2021,2021-10-23,True
2021-10-24,Bochum,Ein Frankfurt,2.78664,1.51826,17588,2021,https://understat.com/getLeagueData/Bundesliga/2021,2021-10-24,True
2021-10-24,FC Koln,Leverkusen,1.71198,1.79735,17589,2021,https://understat.com/getLeagueData/Bundesliga/2021,2021-10-24,True
2021-10-24,Stuttgart,Union Berlin,0.426401,1.01643,17593,2021,https://understat.com/getLeagueData/Bundesliga/2021,2021-10-24,True
2021-10-29,Hoffenheim,Hertha,0.860088,0.471538,17599,2021,https://understat.com/getLeagueData/Bundesliga/2021,2021-10-29,True
2021-10-30,Bielefeld,Mainz,0.497896,2.97383,17597,2021,https://understat.com/getLeagueData/Bundesliga/2021,2021-10-30,True
2021-10-30,Dortmund,FC Koln,1.75772,1.20191,17605,2021,https://understat.com/getLeagueData/Bundesliga/2021,2021-10-30,True
2021-10-30,Ein Frankfurt,RB Leipzig,0.594345,3.99211,17604,2021,https://understat.com/getLeagueData/Bundesliga/2021,2021-10-30,True
2021-10-30,Freiburg,Greuther Furth,1.2181,0.48039,17600,2021,https://understat.com/getLeagueData/Bundesliga/2021,2021-10-30,True
2021-10-30,Leverkusen,Wolfsburg,1.30903,1.8693,17603,2021,https://understat.com/getLeagueData/Bundesliga/2021,2021-10-30,True
2021-10-30,Union Berlin,Bayern Munich,0.744794,3.14739,17602,2021,https://understat.com/getLeagueData/Bundesliga/2021,2021-10-30,True
2021-10-31,Augsburg,Stuttgart,2.59567,0.90948,17598,2021,https://understat.com/getLeagueData/Bundesliga/2021,2021-10-31,True
2021-10-31,M'gladbach,Bochum,1.81742,1.07958,17601,2021,https://understat.com/getLeagueData/Bundesliga/2021,2021-10-31,True
2021-11-05,Mainz,M'gladbach,0.94947,1.50835,17610,2021,https://understat.com/getLeagueData/Bundesliga/2021,2021-11-05,True
2021-11-06,Bayern Munich,Freiburg,3.16849,0.910798,17614,2021,https://understat.com/getLeagueData/Bundesliga/2021,2021-11-06,True
2021-11-06,Bochum,Hoffenheim,2.12433,0.641687,17607,2021,https://understat.com/getLeagueData/Bundesliga/2021,2021-11-06,True
2021-11-06,RB Leipzig,Dortmund,2.48845,0.734721,17613,2021,https://understat.com/getLeagueData/Bundesliga/2021,2021-11-06,True
2021-11-06,Stuttgart,Bielefeld,1.11192,1.55125,17611,2021,https://understat.com/getLeagueData/Bundesliga/2021,2021-11-06,True
2021-11-06,Wolfsburg,Augsburg,0.910085,0.867311,17612,2021,https://understat.com/getLeagueData/Bundesliga/2021,2021-11-06,True
2021-11-07,FC Koln,Union Berlin,1.93335,1.1297,17608,2021,https://understat.com/getLeagueData/Bundesliga/2021,2021-11-07,True
2021-11-07,Greuther Furth,Ein Frankfurt,2.4344,1.26639,17606,2021,https://understat.com/getLeagueData/Bundesliga/2021,2021-11-07,True
2021-11-07,Hertha,Leverkusen,0.903476,0.774023,17609,2021,https://understat.com/getLeagueData/Bundesliga/2021,2021-11-07,True
2021-11-19,Augsburg,Bayern Munich,0.614461,1.24258,17616,2021,https://understat.com/getLeagueData/Bundesliga/2021,2021-11-19,True
2021-11-20,Bielefeld,Wolfsburg,1.40579,1.35662,17615,2021,https://understat.com/getLeagueData/Bundesliga/2021,2021-11-20,True
2021-11-20,Dortmund,Stuttgart,1.99186,1.54108,17623,2021,https://understat.com/getLeagueData/Bundesliga/2021,2021-11-20,True
2021-11-20,Hoffenheim,RB Leipzig,2.88876,0.211083,17618,2021,https://understat.com/getLeagueData/Bundesliga/2021,2021-11-20,True
2021-11-20,Leverkusen,Bochum,1.62637,0.708697,17622,2021,https://understat.com/getLeagueData/Bundesliga/2021,2021-11-20,True
2021-11-20,M'gladbach,Greuther Furth,2.47443,0.307559,17620,2021,https://understat.com/getLeagueData/Bundesliga/2021,2021-11-20,True
2021-11-20,Union Berlin,Hertha,1.89108,0.211495,17621,2021,https://understat.com/getLeagueData/Bundesliga/2021,2021-11-20,True
2021-11-21,Freiburg,Ein Frankfurt,1.5667,1.24268,17619,2021,https://understat.com/getLeagueData/Bundesliga/2021,2021-11-21,True
2021-11-21,Mainz,FC Koln,0.941346,1.75564,17617,2021,https://understat.com/getLeagueData/Bundesliga/2021,2021-11-21,True
2021-11-26,Stuttgart,Mainz,0.276918,1.17743,17628,2021,https://understat.com/getLeagueData/Bundesliga/2021,2021-11-26,True
2021-11-27,Bayern Munich,Bielefeld,2.67728,0.385377,17632,2021,https://understat.com/getLeagueData/Bundesliga/2021,2021-11-27,True
2021-11-27,Bochum,Freiburg,0.955994,2.12135,17625,2021,https://understat.com/getLeagueData/Bundesliga/2021,2021-11-27,True
2021-11-27,FC Koln,M'gladbach,1.48695,1.30291,17626,2021,https://understat.com/getLeagueData/Bundesliga/2021,2021-11-27,True
2021-11-27,Greuther Furth,Hoffenheim,1.36493,3.01705,17624,2021,https://understat.com/getLeagueData/Bundesliga/2021,2021-11-27,True
2021-11-27,Hertha,Augsburg,1.92656,1.61295,17627,2021,https://understat.com/getLeagueData/Bundesliga/2021,2021-11-27,True
2021-11-27,Wolfsburg,Dortmund,2.17146,2.35127,17630,2021,https://understat.com/getLeagueData/Bundesliga/2021,2021-11-27,True
2021-11-28,Ein Frankfurt,Union Berlin,1.69692,1.07386,17629,2021,https://understat.com/getLeagueData/Bundesliga/2021,2021-11-28,True
2021-11-28,RB Leipzig,Leverkusen,1.43225,1.23553,17631,2021,https://understat.com/getLeagueData/Bundesliga/2021,2021-11-28,True
2021-12-03,Union Berlin,RB Leipzig,3.76492,1.14392,17639,2021,https://understat.com/getLeagueData/Bundesliga/2021,2021-12-03,True
2021-12-04,Augsburg,Bochum,2.86606,2.04524,17634,2021,https://understat.com/getLeagueData/Bundesliga/2021,2021-12-04,True
2021-12-04,Bielefeld,FC Koln,1.01727,1.18693,17633,2021,https://understat.com/getLeagueData/Bundesliga/2021,2021-12-04,True
2021-12-04,Dortmund,Bayern Munich,1.43058,2.42143,17641,2021,https://understat.com/getLeagueData/Bundesliga/2021,2021-12-04,True
2021-12-04,Hoffenheim,Ein Frankfurt,0.924975,1.57864,17636,2021,https://understat.com/getLeagueData/Bundesliga/2021,2021-12-04,True
2021-12-04,Leverkusen,Greuther Furth,2.4319,0.279746,17640,2021,https://understat.com/getLeagueData/Bundesliga/2021,2021-12-04,True
2021-12-04,Mainz,Wolfsburg,1.41164,0.760457,17635,2021,https://understat.com/getLeagueData/Bundesliga/2021,2021-12-04,True
2021-12-05,M'gladbach,Freiburg,1.07562,2.70796,17638,2021,https://understat.com/getLeagueData/Bundesliga/2021,2021-12-05,True
2021-12-05,Stuttgart,Hertha,0.921944,1.25849,17637,2021,https://understat.com/getLeagueData/Bundesliga/2021,2021-12-05,True
2021-12-10,FC Koln,Augsburg,1.15891,1.17632,17644,2021,https://understat.com/getLeagueData/Bundesliga/2021,2021-12-10,True
2021-12-11,Bayern Munich,Mainz,1.78613,0.872668,17650,2021,https://understat.com/getLeagueData/Bundesliga/2021,2021-12-11,True
2021-12-11,Bochum,Dortmund,0.966453,2.68284,17643,2021,https://understat.com/getLeagueData/Bundesliga/2021,2021-12-11,True
2021-12-11,Freiburg,Hoffenheim,2.25197,1.5054,17646,2021,https://understat.com/getLeagueData/Bundesliga/2021,2021-12-11,True
2021-12-11,Hertha,Bielefeld,2.23797,0.454841,17645,2021,https://understat.com/getLeagueData/Bundesliga/2021,2021-12-11,True
2021-12-11,RB Leipzig,M'gladbach,4.80258,0.84748,17649,2021,https://understat.com/getLeagueData/Bundesliga/2021,2021-12-11,True
2021-12-11,Wolfsburg,Stuttgart,1.46986,1.53296,17648,2021,https://understat.com/getLeagueData/Bundesliga/2021,2021-12-11,True
2021-12-12,Ein Frankfurt,Leverkusen,1.44415,1.60141,17647,2021,https://understat.com/getLeagueData/Bundesliga/2021,2021-12-12,True
2021-12-12,Greuther Furth,Union Berlin,0.680225,1.83652,17642,2021,https://understat.com/getLeagueData/Bundesliga/2021,2021-12-12,True
2021-12-14,Bielefeld,Bochum,0.642785,0.748012,17651,2021,https://understat.com/getLeagueData/Bundesliga/2021,2021-12-14,True
2021-12-14,Mainz,Hertha,3.10591,0.393369,17653,2021,https://understat.com/getLeagueData/Bundesliga/2021,2021-12-14,True
2021-12-14,Stuttgart,Bayern Munich,1.04709,4.98146,17654,2021,https://understat.com/getLeagueData/Bundesliga/2021,2021-12-14,True
2021-12-14,Wolfsburg,FC Koln,2.42693,3.14693,17658,2021,https://understat.com/getLeagueData/Bundesliga/2021,2021-12-14,True
2021-12-15,Augsburg,RB Leipzig,1.56744,3.08255,17652,2021,https://understat.com/getLeagueData/Bundesliga/2021,2021-12-15,True
2021-12-15,Dortmund,Greuther Furth,1.91572,0.379024,17659,2021,https://understat.com/getLeagueData/Bundesliga/2021,2021-12-15,True
2021-12-15,Leverkusen,Hoffenheim,2.42553,1.68115,17657,2021,https://understat.com/getLeagueData/Bundesliga/2021,2021-12-15,True
2021-12-15,M'gladbach,Ein Frankfurt,2.22983,2.50286,17655,2021,https://understat.com/getLeagueData/Bundesliga/2021,2021-12-15,True
2021-12-15,Union Berlin,Freiburg,2.25007,1.22466,17656,2021,https://understat.com/getLeagueData/Bundesliga/2021,2021-12-15,True
2021-12-17,Bayern Munich,Wolfsburg,4.31291,1.41635,17668,2021,https://understat.com/getLeagueData/Bundesliga/2021,2021-12-17,True
2021-12-18,Bochum,Union Berlin,1.04215,0.999651,17661,2021,https://understat.com/getLeagueData/Bundesliga/2021,2021-12-18,True
2021-12-18,Ein Frankfurt,Mainz,1.52805,0.832437,17666,2021,https://understat.com/getLeagueData/Bundesliga/2021,2021-12-18,True
2021-12-18,Greuther Furth,Augsburg,0.0901985,1.48497,17660,2021,https://understat.com/getLeagueData/Bundesliga/2021,2021-12-18,True
2021-12-18,Hertha,Dortmund,1.61634,1.57262,17663,2021,https://understat.com/getLeagueData/Bundesliga/2021,2021-12-18,True
2021-12-18,Hoffenheim,M'gladbach,2.24422,1.62486,17664,2021,https://understat.com/getLeagueData/Bundesliga/2021,2021-12-18,True
2021-12-18,RB Leipzig,Bielefeld,1.64503,1.33454,17667,2021,https://understat.com/getLeagueData/Bundesliga/2021,2021-12-18,True
2021-12-19,FC Koln,Stuttgart,1.35819,0.333564,17662,2021,https://understat.com/getLeagueData/Bundesliga/2021,2021-12-19,True
2021-12-19,Freiburg,Leverkusen,2.07857,0.818605,17665,2021,https://understat.com/getLeagueData/Bundesliga/2021,2021-12-19,True
2022-01-07,Bayern Munich,M'gladbach,1.35599,1.51069,17677,2021,https://understat.com/getLeagueData/Bundesliga/2021,2022-01-07,True
2022-01-08,Ein Frankfurt,Dortmund,1.77844,2.38227,17675,2021,https://understat.com/getLeagueData/Bundesliga/2021,2022-01-08,True
2022-01-08,Freiburg,Bielefeld,2.20416,1.1145,17673,2021,https://understat.com/getLeagueData/Bundesliga/2021,2022-01-08,True
2022-01-08,Greuther Furth,Stuttgart,1.12386,1.62697,17669,2021,https://understat.com/getLeagueData/Bundesliga/2021,2022-01-08,True
2022-01-08,Hoffenheim,Augsburg,2.76228,0.749744,17672,2021,https://understat.com/getLeagueData/Bundesliga/2021,2022-01-08,True
2022-01-08,Leverkusen,Union Berlin,2.20526,3.04208,17674,2021,https://understat.com/getLeagueData/Bundesliga/2021,2022-01-08,True
2022-01-08,RB Leipzig,Mainz,3.55391,0.319779,17676,2021,https://understat.com/getLeagueData/Bundesliga/2021,2022-01-08,True
2022-01-09,Bochum,Wolfsburg,1.57295,0.400404,17670,2021,https://understat.com/getLeagueData/Bundesliga/2021,2022-01-09,True
2022-01-09,Hertha,FC Koln,0.791753,2.46989,17671,2021,https://understat.com/getLeagueData/Bundesliga/2021,2022-01-09,True
2022-01-14,Dortmund,Freiburg,2.42754,1.04847,17686,2021,https://understat.com/getLeagueData/Bundesliga/2021,2022-01-14,True
2022-01-15,FC Koln,Bayern Munich,1.0312,3.87329,17678,2021,https://understat.com/getLeagueData/Bundesliga/2021,2022-01-15,True
2022-01-15,M'gladbach,Leverkusen,1.44472,6.49734,17683,2021,https://understat.com/getLeagueData/Bundesliga/2021,2022-01-15,True
2022-01-15,Mainz,Bochum,1.60302,1.32639,17681,2021,https://understat.com/getLeagueData/Bundesliga/2021,2022-01-15,True
2022-01-15,Stuttgart,RB Leipzig,1.18793,1.601,17682,2021,https://understat.com/getLeagueData/Bundesliga/2021,2022-01-15,True
2022-01-15,Union Berlin,Hoffenheim,1.76684,0.61487,17684,2021,https://understat.com/getLeagueData/Bundesliga/2021,2022-01-15,True
2022-01-15,Wolfsburg,Hertha,1.80168,0.313936,17685,2021,https://understat.com/getLeagueData/Bundesliga/2021,2022-01-15,True
2022-01-16,Augsburg,Ein Frankfurt,0.834967,2.14731,17680,2021,https://understat.com/getLeagueData/Bundesliga/2021,2022-01-16,True
2022-01-16,Bielefeld,Greuther Furth,0.534681,0.55128,17679,2021,https://understat.com/getLeagueData/Bundesliga/2021,2022-01-16,True
2022-01-21,Ein Frankfurt,Bielefeld,1.44952,1.56136,17694,2021,https://understat.com/getLeagueData/Bundesliga/2021,2022-01-21,True
2022-01-22,Bochum,FC Koln,1.77931,1.5434,17688,2021,https://understat.com/getLeagueData/Bundesliga/2021,2022-01-22,True
2022-01-22,Freiburg,Stuttgart,1.58203,0.221777,17691,2021,https://understat.com/getLeagueData/Bundesliga/2021,2022-01-22,True
2022-01-22,Greuther Furth,Mainz,1.29371,1.40771,17687,2021,https://understat.com/getLeagueData/Bundesliga/2021,2022-01-22,True
2022-01-22,Hoffenheim,Dortmund,1.16246,1.3361,17690,2021,https://understat.com/getLeagueData/Bundesliga/2021,2022-01-22,True
2022-01-22,Leverkusen,Augsburg,3.51884,1.21255,17693,2021,https://understat.com/getLeagueData/Bundesliga/2021,2022-01-22,True
2022-01-22,M'gladbach,Union Berlin,1.29912,1.30514,17692,2021,https://understat.com/getLeagueData/Bundesliga/2021,2022-01-22,True
2022-01-23,Hertha,Bayern Munich,0.847937,5.18503,17689,2021,https://understat.com/getLeagueData/Bundesliga/2021,2022-01-23,True
2022-01-23,RB Leipzig,Wolfsburg,1.69425,0.871043,17695,2021,https://understat.com/getLeagueData/Bundesliga/2021,2022-01-23,True
2022-02-04,Hertha,Bochum,0.444153,0.993261,17698,2021,https://understat.com/getLeagueData/Bundesliga/2021,2022-02-04,True
2022-02-05,Augsburg,Union Berlin,1.83212,2.09718,17699,2021,https://understat.com/getLeagueData/Bundesliga/2021,2022-02-05,True
2022-02-05,Bayern Munich,RB Leipzig,3.0334,2.65667,17704,2021,https://understat.com/getLeagueData/Bundesliga/2021,2022-02-05,True
2022-02-05,Bielefeld,M'gladbach,0.5965,1.4844,17697,2021,https://understat.com/getLeagueData/Bundesliga/2021,2022-02-05,True
2022-02-05,FC Koln,Freiburg,1.09604,0.683704,17696,2021,https://understat.com/getLeagueData/Bundesliga/2021,2022-02-05,True
2022-02-05,Mainz,Hoffenheim,1.77868,1.31773,17700,2021,https://understat.com/getLeagueData/Bundesliga/2021,2022-02-05,True
2022-02-05,Stuttgart,Ein Frankfurt,2.12047,0.842047,17701,2021,https://understat.com/getLeagueData/Bundesliga/2021,2022-02-05,True
2022-02-06,Dortmund,Leverkusen,1.60338,1.81345,17703,2021,https://understat.com/getLeagueData/Bundesliga/2021,2022-02-06,True
2022-02-06,Wolfsburg,Greuther Furth,2.0638,1.10423,17702,2021,https://understat.com/getLeagueData/Bundesliga/2021,2022-02-06,True
2022-02-11,RB Leipzig,FC Koln,0.850488,0.794743,17713,2021,https://understat.com/getLeagueData/Bundesliga/2021,2022-02-11,True
2022-02-12,Bochum,Bayern Munich,1.34846,1.87083,17706,2021,https://understat.com/getLeagueData/Bundesliga/2021,2022-02-12,True
2022-02-12,Ein Frankfurt,Wolfsburg,0.879318,1.61974,17712,2021,https://understat.com/getLeagueData/Bundesliga/2021,2022-02-12,True
2022-02-12,Freiburg,Mainz,1.69097,3.15753,17708,2021,https://understat.com/getLeagueData/Bundesliga/2021,2022-02-12,True
2022-02-12,Greuther Furth,Hertha,2.69634,1.84512,17705,2021,https://understat.com/getLeagueData/Bundesliga/2021,2022-02-12,True
2022-02-12,Leverkusen,Stuttgart,2.41919,1.17227,17711,2021,https://understat.com/getLeagueData/Bundesliga/2021,2022-02-12,True
2022-02-12,M'gladbach,Augsburg,3.03062,1.62757,17709,2021,https://understat.com/getLeagueData/Bundesliga/2021,2022-02-12,True
2022-02-13,Hoffenheim,Bielefeld,4.16571,0.652006,17707,2021,https://understat.com/getLeagueData/Bundesliga/2021,2022-02-13,True
2022-02-13,Union Berlin,Dortmund,1.47085,2.59623,17710,2021,https://understat.com/getLeagueData/Bundesliga/2021,2022-02-13,True
2022-02-18,Mainz,Leverkusen,1.00622,0.827749,17718,2021,https://understat.com/getLeagueData/Bundesliga/2021,2022-02-18,True
2022-02-19,Augsburg,Freiburg,0.951389,2.56075,17717,2021,https://understat.com/getLeagueData/Bundesliga/2021,2022-02-19,True
2022-02-19,Bielefeld,Union Berlin,1.41442,0.771488,17715,2021,https://understat.com/getLeagueData/Bundesliga/2021,2022-02-19,True
2022-02-19,FC Koln,Ein Frankfurt,1.43278,0.678832,17714,2021,https://understat.com/getLeagueData/Bundesliga/2021,2022-02-19,True
2022-02-19,Stuttgart,Bochum,1.37485,1.93431,17719,2021,https://understat.com/getLeagueData/Bundesliga/2021,2022-02-19,True
2022-02-19,Wolfsburg,Hoffenheim,1.50299,1.07132,17720,2021,https://understat.com/getLeagueData/Bundesliga/2021,2022-02-19,True
2022-02-20,Bayern Munich,Greuther Furth,2.52333,0.66071,17722,2021,https://understat.com/getLeagueData/Bundesliga/2021,2022-02-20,True
2022-02-20,Dortmund,M'gladbach,3.59589,0.769068,17721,2021,https://understat.com/getLeagueData/Bundesliga/2021,2022-02-20,True
2022-02-20,Hertha,RB Leipzig,1.0916,3.42076,17716,2021,https://understat.com/getLeagueData/Bundesliga/2021,2022-02-20,True
2022-02-25,Hoffenheim,Stuttgart,2.65346,1.83937,17726,2021,https://understat.com/getLeagueData/Bundesliga/2021,2022-02-25,True
2022-02-26,Ein Frankfurt,Bayern Munich,1.1892,2.60814,17731,2021,https://understat.com/getLeagueData/Bundesliga/2021,2022-02-26,True
2022-02-26,Freiburg,Hertha,3.66711,1.54627,17727,2021,https://understat.com/getLeagueData/Bundesliga/2021,2022-02-26,True
2022-02-26,Greuther Furth,FC Koln,0.640559,0.569519,17723,2021,https://understat.com/getLeagueData/Bundesliga/2021,2022-02-26,True
2022-02-26,Leverkusen,Bielefeld,3.05247,0.307307,17730,2021,https://understat.com/getLeagueData/Bundesliga/2021,2022-02-26,True
2022-02-26,M'gladbach,Wolfsburg,2.7626,1.26995,17728,2021,https://understat.com/getLeagueData/Bundesliga/2021,2022-02-26,True
2022-02-26,Union Berlin,Mainz,0.883998,0.75947,17729,2021,https://understat.com/getLeagueData/Bundesliga/2021,2022-02-26,True
2022-02-27,Augsburg,Dortmund,0.856029,0.640799,17725,2021,https://understat.com/getLeagueData/Bundesliga/2021,2022-02-27,True
2022-02-27,Bochum,RB Leipzig,0.998771,0.61309,17724,2021,https://understat.com/getLeagueData/Bundesliga/2021,2022-02-27,True
2022-03-04,Bielefeld,Augsburg,0.14375,0.308406,17734,2021,https://understat.com/getLeagueData/Bundesliga/2021,2022-03-04,True
2022-03-05,Bayern Munich,Leverkusen,1.6659,2.26407,17740,2021,https://understat.com/getLeagueData/Bundesliga/2021,2022-03-05,True
2022-03-05,Bochum,Greuther Furth,1.6566,0.579266,17732,2021,https://understat.com/getLeagueData/Bundesliga/2021,2022-03-05,True
2022-03-05,Hertha,Ein Frankfurt,0.483243,1.37042,17735,2021,https://understat.com/getLeagueData/Bundesliga/2021,2022-03-05,True
2022-03-05,RB Leipzig,Freiburg,0.753651,0.484924,17739,2021,https://understat.com/getLeagueData/Bundesliga/2021,2022-03-05,True
2022-03-05,Stuttgart,M'gladbach,2.36751,1.20797,17737,2021,https://understat.com/getLeagueData/Bundesliga/2021,2022-03-05,True
2022-03-05,Wolfsburg,Union Berlin,0.411697,1.55639,17738,2021,https://understat.com/getLeagueData/Bundesliga/2021,2022-03-05,True
2022-03-06,FC Koln,Hoffenheim,1.22016,2.87337,17733,2021,https://understat.com/getLeagueData/Bundesliga/2021,2022-03-06,True
2022-03-12,Freiburg,Wolfsburg,1.54229,0.908576,17744,2021,https://understat.com/getLeagueData/Bundesliga/2021,2022-03-12,True
2022-03-12,Hoffenheim,Bayern Munich,2.02668,3.98532,17743,2021,https://understat.com/getLeagueData/Bundesliga/2021,2022-03-12,True
2022-03-12,M'gladbach,Hertha,1.75587,0.443109,17745,2021,https://understat.com/getLeagueData/Bundesliga/2021,2022-03-12,True
2022-03-12,Union Berlin,Stuttgart,1.89937,1.73181,17746,2021,https://understat.com/getLeagueData/Bundesliga/2021,2022-03-12,True
2022-03-13,Dortmund,Bielefeld,2.06968,0.691049,17749,2021,https://understat.com/getLeagueData/Bundesliga/2021,2022-03-13,True
2022-03-13,Ein Frankfurt,Bochum,1.55276,1.20928,17748,2021,https://understat.com/getLeagueData/Bundesliga/2021,2022-03-13,True
2022-03-13,Greuther Furth,RB Leipzig,0.377793,2.14171,17741,2021,https://understat.com/getLeagueData/Bundesliga/2021,2022-03-13,True
2022-03-13,Leverkusen,FC Koln,2.40118,0.59749,17747,2021,https://understat.com/getLeagueData/Bundesliga/2021,2022-03-13,True
2022-03-16,Mainz,Dortmund,0.782406,1.39041,17736,2021,https://understat.com/getLeagueData/Bundesliga/2021,2022-03-16,True
2022-03-18,Bochum,M'gladbach,1.65633,0.616407,17751,2021,https://understat.com/getLeagueData/Bundesliga/2021,2022-03-18,True
2022-03-19,Bayern Munich,Union Berlin,2.82028,1.38973,17758,2021,https://understat.com/getLeagueData/Bundesliga/2021,2022-03-19,True
2022-03-19,Greuther Furth,Freiburg,0.781339,1.05712,17750,2021,https://understat.com/getLeagueData/Bundesliga/2021,2022-03-19,True
2022-03-19,Hertha,Hoffenheim,1.76348,0.576415,17753,2021,https://understat.com/getLeagueData/Bundesliga/2021,2022-03-19,True
2022-03-19,Mainz,Bielefeld,4.32637,0.236164,17754,2021,https://understat.com/getLeagueData/Bundesliga/2021,2022-03-19,True
2022-03-19,Stuttgart,Augsburg,2.18312,0.770891,17755,2021,https://understat.com/getLeagueData/Bundesliga/2021,2022-03-19,True
2022-03-20,FC Koln,Dortmund,1.265,1.0401,17752,2021,https://understat.com/getLeagueData/Bundesliga/2021,2022-03-20,True
2022-03-20,RB Leipzig,Ein Frankfurt,1.05989,0.258751,17757,2021,https://understat.com/getLeagueData/Bundesliga/2021,2022-03-20,True
2022-03-20,Wolfsburg,Leverkusen,1.31797,1.43941,17756,2021,https://understat.com/getLeagueData/Bundesliga/2021,2022-03-20,True
2022-04-01,Union Berlin,FC Koln,1.0725,0.220646,17764,2021,https://understat.com/getLeagueData/Bundesliga/2021,2022-04-01,True
2022-04-02,Bielefeld,Stuttgart,1.01032,2.73417,17759,2021,https://understat.com/getLeagueData/Bundesliga/2021,2022-04-02,True
2022-04-02,Dortmund,RB Leipzig,0.969967,1.23272,17767,2021,https://understat.com/getLeagueData/Bundesliga/2021,2022-04-02,True
2022-04-02,Ein Frankfurt,Greuther Furth,1.31928,0.466385,17766,2021,https://understat.com/getLeagueData/Bundesliga/2021,2022-04-02,True
2022-04-02,Freiburg,Bayern Munich,0.754263,3.15613,17762,2021,https://understat.com/getLeagueData/Bundesliga/2021,2022-04-02,True
2022-04-02,Hoffenheim,Bochum,1.9687,1.70208,17761,2021,https://understat.com/getLeagueData/Bundesliga/2021,2022-04-02,True
2022-04-02,Leverkusen,Hertha,1.78741,0.872251,17765,2021,https://understat.com/getLeagueData/Bundesliga/2021,2022-04-02,True
2022-04-03,Augsburg,Wolfsburg,2.52845,1.18916,17760,2021,https://understat.com/getLeagueData/Bundesliga/2021,2022-04-03,True
2022-04-03,M'gladbach,Mainz,1.55193,1.78,17763,2021,https://understat.com/getLeagueData/Bundesliga/2021,2022-04-03,True
2022-04-06,Augsburg,Mainz,1.92513,1.84563,17742,2021,https://understat.com/getLeagueData/Bundesliga/2021,2022-04-06,True
2022-04-08,Stuttgart,Dortmund,2.03163,1.49649,17772,2021,https://understat.com/getLeagueData/Bundesliga/2021,2022-04-08,True
2022-04-09,Bayern Munich,Augsburg,1.43145,0.277271,17776,2021,https://understat.com/getLeagueData/Bundesliga/2021,2022-04-09,True
2022-04-09,FC Koln,Mainz,1.90576,0.926438,17770,2021,https://understat.com/getLeagueData/Bundesliga/2021,2022-04-09,True
2022-04-09,Greuther Furth,M'gladbach,0.651835,3.48459,17768,2021,https://understat.com/getLeagueData/Bundesliga/2021,2022-04-09,True
2022-04-09,Hertha,Union Berlin,0.85457,1.85412,17771,2021,https://understat.com/getLeagueData/Bundesliga/2021,2022-04-09,True
2022-04-09,Wolfsburg,Bielefeld,1.99101,0.476945,17774,2021,https://understat.com/getLeagueData/Bundesliga/2021,2022-04-09,True
2022-04-10,Bochum,Leverkusen,1.05181,1.21928,17769,2021,https://understat.com/getLeagueData/Bundesliga/2021,2022-04-10,True
2022-04-10,Ein Frankfurt,Freiburg,1.09915,1.46109,17773,2021,https://understat.com/getLeagueData/Bundesliga/2021,2022-04-10,True
2022-04-10,RB Leipzig,Hoffenheim,1.61141,0.171037,17775,2021,https://understat.com/getLeagueData/Bundesliga/2021,2022-04-10,True
2022-04-16,Augsburg,Hertha,0.777494,1.6343,17778,2021,https://understat.com/getLeagueData/Bundesliga/2021,2022-04-16,True
2022-04-16,Dortmund,Wolfsburg,3.31511,1.96018,17785,2021,https://understat.com/getLeagueData/Bundesliga/2021,2022-04-16,True
2022-04-16,Freiburg,Bochum,2.45736,0.427462,17781,2021,https://understat.com/getLeagueData/Bundesliga/2021,2022-04-16,True
2022-04-16,M'gladbach,FC Koln,1.19803,3.01287,17782,2021,https://understat.com/getLeagueData/Bundesliga/2021,2022-04-16,True
2022-04-16,Mainz,Stuttgart,0.723024,0.633775,17779,2021,https://understat.com/getLeagueData/Bundesliga/2021,2022-04-16,True
2022-04-17,Bielefeld,Bayern Munich,0.463135,3.49911,17777,2021,https://understat.com/getLeagueData/Bundesliga/2021,2022-04-17,True
2022-04-17,Hoffenheim,Greuther Furth,0.973602,0.284206,17780,2021,https://understat.com/getLeagueData/Bundesliga/2021,2022-04-17,True
2022-04-17,Leverkusen,RB Leipzig,0.728724,0.507455,17784,2021,https://understat.com/getLeagueData/Bundesliga/2021,2022-04-17,True
2022-04-17,Union Berlin,Ein Frankfurt,1.3196,0.513925,17783,2021,https://understat.com/getLeagueData/Bundesliga/2021,2022-04-17,True
2022-04-22,Wolfsburg,Mainz,3.6526,0.613976,17792,2021,https://understat.com/getLeagueData/Bundesliga/2021,2022-04-22,True
2022-04-23,Bayern Munich,Dortmund,2.0232,1.17213,17794,2021,https://understat.com/getLeagueData/Bundesliga/2021,2022-04-23,True
2022-04-23,Ein Frankfurt,Hoffenheim,1.06541,0.757228,17791,2021,https://understat.com/getLeagueData/Bundesliga/2021,2022-04-23,True
2022-04-23,FC Koln,Bielefeld,1.91505,0.740533,17788,2021,https://understat.com/getLeagueData/Bundesliga/2021,2022-04-23,True
2022-04-23,Freiburg,M'gladbach,2.49907,1.52115,17790,2021,https://understat.com/getLeagueData/Bundesliga/2021,2022-04-23,True
2022-04-23,Greuther Furth,Leverkusen,1.18317,2.11362,17786,2021,https://understat.com/getLeagueData/Bundesliga/2021,2022-04-23,True
2022-04-23,RB Leipzig,Union Berlin,0.573656,1.93634,17793,2021,https://understat.com/getLeagueData/Bundesliga/2021,2022-04-23,True
2022-04-24,Bochum,Augsburg,1.18661,1.99486,17787,2021,https://understat.com/getLeagueData/Bundesliga/2021,2022-04-24,True
2022-04-24,Hertha,Stuttgart,0.947404,0.451742,17789,2021,https://understat.com/getLeagueData/Bundesliga/2021,2022-04-24,True
2022-04-29,Union Berlin,Greuther Furth,0.857798,0.237425,17801,2021,https://understat.com/getLeagueData/Bundesliga/2021,2022-04-29,True
2022-04-30,Augsburg,FC Koln,1.73625,3.04059,17796,2021,https://understat.com/getLeagueData/Bundesliga/2021,2022-04-30,True
2022-04-30,Bielefeld,Hertha,0.403104,1.66247,17795,2021,https://understat.com/getLeagueData/Bundesliga/2021,2022-04-30,True
2022-04-30,Dortmund,Bochum,3.34247,1.90488,17803,2021,https://understat.com/getLeagueData/Bundesliga/2021,2022-04-30,True
2022-04-30,Hoffenheim,Freiburg,2.60025,2.694,17798,2021,https://understat.com/getLeagueData/Bundesliga/2021,2022-04-30,True
2022-04-30,Mainz,Bayern Munich,3.17227,1.23601,17797,2021,https://understat.com/getLeagueData/Bundesliga/2021,2022-04-30,True
2022-04-30,Stuttgart,Wolfsburg,0.826738,1.16064,17799,2021,https://understat.com/getLeagueData/Bundesliga/2021,2022-04-30,True
2022-05-02,Leverkusen,Ein Frankfurt,2.17544,0.349041,17802,2021,https://understat.com/getLeagueData/Bundesliga/2021,2022-05-02,True
2022-05-02,M'gladbach,RB Leipzig,1.57029,1.22604,17800,2021,https://understat.com/getLeagueData/Bundesliga/2021,2022-05-02,True
2022-05-06,Bochum,Bielefeld,2.68894,0.845303,17805,2021,https://understat.com/getLeagueData/Bundesliga/2021,2022-05-06,True
2022-05-07,FC Koln,Wolfsburg,0.975489,1.14328,17806,2021,https://understat.com/getLeagueData/Bundesliga/2021,2022-05-07,True
2022-05-07,Freiburg,Union Berlin,1.64859,2.40109,17809,2021,https://understat.com/getLeagueData/Bundesliga/2021,2022-05-07,True
2022-05-07,Greuther Furth,Dortmund,1.22647,1.12743,17804,2021,https://understat.com/getLeagueData/Bundesliga/2021,2022-05-07,True
2022-05-07,Hertha,Mainz,1.11131,0.756414,17807,2021,https://understat.com/getLeagueData/Bundesliga/2021,2022-05-07,True
2022-05-07,Hoffenheim,Leverkusen,2.09206,3.9336,17808,2021,https://understat.com/getLeagueData/Bundesliga/2021,2022-05-07,True
2022-05-08,Bayern Munich,Stuttgart,2.77465,1.95837,17812,2021,https://understat.com/getLeagueData/Bundesliga/2021,2022-05-08,True
2022-05-08,Ein Frankfurt,M'gladbach,0.808226,2.02639,17810,2021,https://understat.com/getLeagueData/Bundesliga/2021,2022-05-08,True
2022-05-08,RB Leipzig,Augsburg,3.4379,0.173579,17811,2021,https://understat.com/getLeagueData/Bundesliga/2021,2022-05-08,True
2022-05-14,Augsburg,Greuther Furth,1.17202,0.337532,17814,2021,https://understat.com/getLeagueData/Bundesliga/2021,2022-05-14,True
2022-05-14,Bielefeld,RB Leipzig,1.66972,3.45794,17813,2021,https://understat.com/getLeagueData/Bundesliga/2021,2022-05-14,True
2022-05-14,Dortmund,Hertha,1.32689,0.876533,17821,2021,https://understat.com/getLeagueData/Bundesliga/2021,2022-05-14,True
2022-05-14,Leverkusen,Freiburg,1.82142,1.1463,17819,2021,https://understat.com/getLeagueData/Bundesliga/2021,2022-05-14,True
2022-05-14,M'gladbach,Hoffenheim,3.82831,1.92751,17817,2021,https://understat.com/getLeagueData/Bundesliga/2021,2022-05-14,True
2022-05-14,Mainz,Ein Frankfurt,0.850382,1.70213,17815,2021,https://understat.com/getLeagueData/Bundesliga/2021,2022-05-14,True
2022-05-14,Stuttgart,FC Koln,3.83676,1.11893,17816,2021,https://understat.com/getLeagueData/Bundesliga/2021,2022-05-14,True
2022-05-14,Union Berlin,Bochum,3.37468,0.391265,17818,2021,https://understat.com/getLeagueData/Bundesliga/2021,2022-05-14,True
2022-05-14,Wolfsburg,Bayern Munich,1.14112,2.07091,17820,2021,https://understat.com/getLeagueData/Bundesliga/2021,2022-05-14,True
2022-08-05,Ein Frankfurt,Bayern Munich,0.756176,4.56023,19342,2022,https://understat.com/getLeagueData/Bundesliga/2022,2022-08-05,True
2022-08-06,Augsburg,Freiburg,0.585905,1.54255,19347,2022,https://understat.com/getLeagueData/Bundesliga/2022,2022-08-06,True
2022-08-06,Bochum,Mainz,0.818183,1.59439,19346,2022,https://understat.com/getLeagueData/Bundesliga/2022,2022-08-06,True
2022-08-06,Dortmund,Leverkusen,2.38349,1.23566,19348,2022,https://understat.com/getLeagueData/Bundesliga/2022,2022-08-06,True
2022-08-06,M'gladbach,Hoffenheim,2.07456,0.119138,19344,2022,https://understat.com/getLeagueData/Bundesliga/2022,2022-08-06,True
2022-08-06,Union Berlin,Hertha,1.18263,0.350984,19343,2022,https://understat.com/getLeagueData/Bundesliga/2022,2022-08-06,True
2022-08-06,Wolfsburg,Werder Bremen,0.954909,1.04228,19345,2022,https://understat.com/getLeagueData/Bundesliga/2022,2022-08-06,True
2022-08-07,FC Koln,Schalke 04,4.42242,0.227735,19350,2022,https://understat.com/getLeagueData/Bundesliga/2022,2022-08-07,True
2022-08-07,Stuttgart,RB Leipzig,0.565488,2.13153,19349,2022,https://understat.com/getLeagueData/Bundesliga/2022,2022-08-07,True
2022-08-12,Freiburg,Dortmund,1.0831,0.781529,19351,2022,https://understat.com/getLeagueData/Bundesliga/2022,2022-08-12,True
2022-08-13,Hertha,Ein Frankfurt,2.06497,1.20421,19356,2022,https://understat.com/getLeagueData/Bundesliga/2022,2022-08-13,True
2022-08-13,Hoffenheim,Bochum,2.3761,1.47438,19355,2022,https://understat.com/getLeagueData/Bundesliga/2022,2022-08-13,True
2022-08-13,Leverkusen,Augsburg,2.7843,0.749163,19352,2022,https://understat.com/getLeagueData/Bundesliga/2022,2022-08-13,True
2022-08-13,RB Leipzig,FC Koln,1.17885,1.51583,19353,2022,https://understat.com/getLeagueData/Bundesliga/2022,2022-08-13,True
2022-08-13,Schalke 04,M'gladbach,1.69324,1.41135,19357,2022,https://understat.com/getLeagueData/Bundesliga/2022,2022-08-13,True
2022-08-13,Werder Bremen,Stuttgart,0.704357,1.31637,19354,2022,https://understat.com/getLeagueData/Bundesliga/2022,2022-08-13,True
2022-08-14,Bayern Munich,Wolfsburg,1.4017,0.443318,19359,2022,https://understat.com/getLeagueData/Bundesliga/2022,2022-08-14,True
2022-08-14,Mainz,Union Berlin,0.648549,0.301432,19358,2022,https://understat.com/getLeagueData/Bundesliga/2022,2022-08-14,True
2022-08-19,M'gladbach,Hertha,2.26575,0.967668,19360,2022,https://understat.com/getLeagueData/Bundesliga/2022,2022-08-19,True
2022-08-20,Augsburg,Mainz,0.306368,2.04608,19362,2022,https://understat.com/getLeagueData/Bundesliga/2022,2022-08-20,True
2022-08-20,Dortmund,Werder Bremen,0.625547,1.20064,19364,2022,https://understat.com/getLeagueData/Bundesliga/2022,2022-08-20,True
2022-08-20,Leverkusen,Hoffenheim,1.10143,1.30099,19365,2022,https://understat.com/getLeagueData/Bundesliga/2022,2022-08-20,True
2022-08-20,Stuttgart,Freiburg,0.766656,0.903953,19363,2022,https://understat.com/getLeagueData/Bundesliga/2022,2022-08-20,True
2022-08-20,Union Berlin,RB Leipzig,0.642263,0.958767,19366,2022,https://understat.com/getLeagueData/Bundesliga/2022,2022-08-20,True
2022-08-20,Wolfsburg,Schalke 04,1.20648,1.03296,19361,2022,https://understat.com/getLeagueData/Bundesliga/2022,2022-08-20,True
2022-08-21,Bochum,Bayern Munich,0.747624,3.98121,19368,2022,https://understat.com/getLeagueData/Bundesliga/2022,2022-08-21,True
2022-08-21,Ein Frankfurt,FC Koln,0.54009,0.236472,19367,2022,https://understat.com/getLeagueData/Bundesliga/2022,2022-08-21,True
2022-08-26,Freiburg,Bochum,4.40931,1.13013,19369,2022,https://understat.com/getLeagueData/Bundesliga/2022,2022-08-26,True
2022-08-27,Bayern Munich,M'gladbach,3.17378,0.548057,19375,2022,https://understat.com/getLeagueData/Bundesliga/2022,2022-08-27,True
2022-08-27,Hertha,Dortmund,0.353045,2.97427,19373,2022,https://understat.com/getLeagueData/Bundesliga/2022,2022-08-27,True
2022-08-27,Hoffenheim,Augsburg,2.00234,0.458737,19372,2022,https://understat.com/getLeagueData/Bundesliga/2022,2022-08-27,True
2022-08-27,Mainz,Leverkusen,1.62032,1.40426,19371,2022,https://understat.com/getLeagueData/Bundesliga/2022,2022-08-27,True
2022-08-27,RB Leipzig,Wolfsburg,3.79244,0.520425,19370,2022,https://understat.com/getLeagueData/Bundesliga/2022,2022-08-27,True
2022-08-27,Schalke 04,Union Berlin,1.86616,1.0651,19374,2022,https://understat.com/getLeagueData/Bundesliga/2022,2022-08-27,True
2022-08-28,FC Koln,Stuttgart,0.385951,1.96538,19376,2022,https://understat.com/getLeagueData/Bundesliga/2022,2022-08-28,True
2022-08-28,Werder Bremen,Ein Frankfurt,1.88918,1.87305,19377,2022,https://understat.com/getLeagueData/Bundesliga/2022,2022-08-28,True
2022-09-02,Dortmund,Hoffenheim,2.521,0.360446,19378,2022,https://understat.com/getLeagueData/Bundesliga/2022,2022-09-02,True
2022-09-03,Bochum,Werder Bremen,1.22972,1.9903,19383,2022,https://understat.com/getLeagueData/Bundesliga/2022,2022-09-03,True
2022-09-03,Ein Frankfurt,RB Leipzig,3.62625,0.220403,19384,2022,https://understat.com/getLeagueData/Bundesliga/2022,2022-09-03,True
2022-09-03,Leverkusen,Freiburg,1.79727,2.35383,19379,2022,https://understat.com/getLeagueData/Bundesliga/2022,2022-09-03,True
2022-09-03,Stuttgart,Schalke 04,0.706188,2.10477,19381,2022,https://understat.com/getLeagueData/Bundesliga/2022,2022-09-03,True
2022-09-03,Union Berlin,Bayern Munich,0.443137,1.38204,19380,2022,https://understat.com/getLeagueData/Bundesliga/2022,2022-09-03,True
2022-09-03,Wolfsburg,FC Koln,0.96728,3.08366,19382,2022,https://understat.com/getLeagueData/Bundesliga/2022,2022-09-03,True
2022-09-04,Augsburg,Hertha,0.311026,2.87153,19385,2022,https://understat.com/getLeagueData/Bundesliga/2022,2022-09-04,True
2022-09-04,M'gladbach,Mainz,1.70822,0.630863,19386,2022,https://understat.com/getLeagueData/Bundesliga/2022,2022-09-04,True
2022-09-09,Werder Bremen,Augsburg,1.83702,1.7824,19387,2022,https://understat.com/getLeagueData/Bundesliga/2022,2022-09-09,True
2022-09-10,Bayern Munich,Stuttgart,2.2976,1.18754,19388,2022,https://understat.com/getLeagueData/Bundesliga/2022,2022-09-10,True
2022-09-10,Ein Frankfurt,Wolfsburg,0.453438,0.969737,19391,2022,https://understat.com/getLeagueData/Bundesliga/2022,2022-09-10,True
2022-09-10,Hertha,Leverkusen,2.35137,1.76829,19392,2022,https://understat.com/getLeagueData/Bundesliga/2022,2022-09-10,True
2022-09-10,Hoffenheim,Mainz,4.64891,1.08619,19390,2022,https://understat.com/getLeagueData/Bundesliga/2022,2022-09-10,True
2022-09-10,RB Leipzig,Dortmund,1.70495,0.334567,19389,2022,https://understat.com/getLeagueData/Bundesliga/2022,2022-09-10,True
2022-09-10,Schalke 04,Bochum,1.4133,1.31293,19393,2022,https://understat.com/getLeagueData/Bundesliga/2022,2022-09-10,True
2022-09-11,FC Koln,Union Berlin,0.878517,1.51157,19394,2022,https://understat.com/getLeagueData/Bundesliga/2022,2022-09-11,True
2022-09-11,Freiburg,M'gladbach,0.991055,1.37892,19395,2022,https://understat.com/getLeagueData/Bundesliga/2022,2022-09-11,True
2022-09-16,Mainz,Hertha,0.38983,0.437555,19396,2022,https://understat.com/getLeagueData/Bundesliga/2022,2022-09-16,True
2022-09-17,Augsburg,Bayern Munich,2.20918,1.82063,19399,2022,https://understat.com/getLeagueData/Bundesliga/2022,2022-09-17,True
2022-09-17,Dortmund,Schalke 04,2.5349,0.0971459,19397,2022,https://understat.com/getLeagueData/Bundesliga/2022,2022-09-17,True
2022-09-17,Leverkusen,Werder Bremen,1.82302,2.02218,19398,2022,https://understat.com/getLeagueData/Bundesliga/2022,2022-09-17,True
2022-09-17,M'gladbach,RB Leipzig,2.97746,1.25609,19401,2022,https://understat.com/getLeagueData/Bundesliga/2022,2022-09-17,True
2022-09-17,Stuttgart,Ein Frankfurt,0.773751,1.49027,19400,2022,https://understat.com/getLeagueData/Bundesliga/2022,2022-09-17,True
2022-09-18,Bochum,FC Koln,0.292667,1.8077,19403,2022,https://understat.com/getLeagueData/Bundesliga/2022,2022-09-18,True
2022-09-18,Hoffenheim,Freiburg,0.74318,0.6761,19404,2022,https://understat.com/getLeagueData/Bundesliga/2022,2022-09-18,True
2022-09-18,Union Berlin,Wolfsburg,1.07406,0.218049,19402,2022,https://understat.com/getLeagueData/Bundesliga/2022,2022-09-18,True
2022-09-30,Bayern Munich,Leverkusen,2.13413,0.940717,19405,2022,https://understat.com/getLeagueData/Bundesliga/2022,2022-09-30,True
2022-10-01,Ein Frankfurt,Union Berlin,1.18241,0.767128,19409,2022,https://understat.com/getLeagueData/Bundesliga/2022,2022-10-01,True
2022-10-01,FC Koln,Dortmund,2.1489,2.46961,19408,2022,https://understat.com/getLeagueData/Bundesliga/2022,2022-10-01,True
2022-10-01,Freiburg,Mainz,1.97161,1.84485,19407,2022,https://understat.com/getLeagueData/Bundesliga/2022,2022-10-01,True
2022-10-01,RB Leipzig,Bochum,4.21544,0.146803,19406,2022,https://understat.com/getLeagueData/Bundesliga/2022,2022-10-01,True
2022-10-01,Werder Bremen,M'gladbach,3.34501,2.27257,19413,2022,https://understat.com/getLeagueData/Bundesliga/2022,2022-10-01,True
2022-10-01,Wolfsburg,Stuttgart,1.75417,2.34936,19410,2022,https://understat.com/getLeagueData/Bundesliga/2022,2022-10-01,True
2022-10-02,Hertha,Hoffenheim,0.958712,1.60101,19411,2022,https://understat.com/getLeagueData/Bundesliga/2022,2022-10-02,True
2022-10-02,Schalke 04,Augsburg,2.0592,1.48391,19412,2022,https://understat.com/getLeagueData/Bundesliga/2022,2022-10-02,True
2022-10-07,Hoffenheim,Werder Bremen,1.30088,1.43801,19417,2022,https://understat.com/getLeagueData/Bundesliga/2022,2022-10-07,True
2022-10-08,Augsburg,Wolfsburg,2.01628,2.30655,19420,2022,https://understat.com/getLeagueData/Bundesliga/2022,2022-10-08,True
2022-10-08,Bochum,Ein Frankfurt,0.649959,0.78428,19419,2022,https://understat.com/getLeagueData/Bundesliga/2022,2022-10-08,True
2022-10-08,Dortmund,Bayern Munich,1.42928,1.22934,19414,2022,https://understat.com/getLeagueData/Bundesliga/2022,2022-10-08,True
2022-10-08,Leverkusen,Schalke 04,2.06947,0.139609,19415,2022,https://understat.com/getLeagueData/Bundesliga/2022,2022-10-08,True
2022-10-08,Mainz,RB Leipzig,0.649518,1.4696,19416,2022,https://understat.com/getLeagueData/Bundesliga/2022,2022-10-08,True
2022-10-09,Hertha,Freiburg,1.25889,1.75899,19422,2022,https://understat.com/getLeagueData/Bundesliga/2022,2022-10-09,True
2022-10-09,M'gladbach,FC Koln,2.72658,1.45617,19418,2022,https://understat.com/getLeagueData/Bundesliga/2022,2022-10-09,True
2022-10-09,Stuttgart,Union Berlin,1.09713,0.73441,19421,2022,https://understat.com/getLeagueData/Bundesliga/2022,2022-10-09,True
2022-10-14,Schalke 04,Hoffenheim,0.697562,3.51699,19430,2022,https://understat.com/getLeagueData/Bundesliga/2022,2022-10-14,True
2022-10-15,Ein Frankfurt,Leverkusen,4.35761,0.503272,19427,2022,https://understat.com/getLeagueData/Bundesliga/2022,2022-10-15,True
2022-10-15,RB Leipzig,Hertha,3.30191,2.42152,19424,2022,https://understat.com/getLeagueData/Bundesliga/2022,2022-10-15,True
2022-10-15,Stuttgart,Bochum,2.40775,1.52762,19429,2022,https://understat.com/getLeagueData/Bundesliga/2022,2022-10-15,True
2022-10-15,Werder Bremen,Mainz,1.20268,1.10835,19431,2022,https://understat.com/getLeagueData/Bundesliga/2022,2022-10-15,True
2022-10-15,Wolfsburg,M'gladbach,1.74427,0.895157,19428,2022,https://understat.com/getLeagueData/Bundesliga/2022,2022-10-15,True
2022-10-16,Bayern Munich,Freiburg,2.07998,0.328313,19423,2022,https://understat.com/getLeagueData/Bundesliga/2022,2022-10-16,True
2022-10-16,FC Koln,Augsburg,1.54576,0.207517,19426,2022,https://understat.com/getLeagueData/Bundesliga/2022,2022-10-16,True
2022-10-16,Union Berlin,Dortmund,1.47199,0.797656,19425,2022,https://understat.com/getLeagueData/Bundesliga/2022,2022-10-16,True
2022-10-21,Mainz,FC Koln,2.21787,0.930558,19435,2022,https://understat.com/getLeagueData/Bundesliga/2022,2022-10-21,True
2022-10-22,Augsburg,RB Leipzig,1.91261,2.38989,19439,2022,https://understat.com/getLeagueData/Bundesliga/2022,2022-10-22,True
2022-10-22,Dortmund,Stuttgart,2.63936,0.989781,19432,2022,https://understat.com/getLeagueData/Bundesliga/2022,2022-10-22,True
2022-10-22,Freiburg,Werder Bremen,3.33695,0.393506,19434,2022,https://understat.com/getLeagueData/Bundesliga/2022,2022-10-22,True
2022-10-22,Hoffenheim,Bayern Munich,0.766181,3.12799,19436,2022,https://understat.com/getLeagueData/Bundesliga/2022,2022-10-22,True
2022-10-22,Leverkusen,Wolfsburg,2.36747,1.15093,19433,2022,https://understat.com/getLeagueData/Bundesliga/2022,2022-10-22,True
2022-10-22,M'gladbach,Ein Frankfurt,1.36544,1.80175,19437,2022,https://understat.com/getLeagueData/Bundesliga/2022,2022-10-22,True
2022-10-23,Bochum,Union Berlin,1.11544,1.00303,19438,2022,https://understat.com/getLeagueData/Bundesliga/2022,2022-10-23,True
2022-10-23,Hertha,Schalke 04,1.05778,0.522522,19440,2022,https://understat.com/getLeagueData/Bundesliga/2022,2022-10-23,True
2022-10-28,Werder Bremen,Hertha,1.53976,0.572257,19449,2022,https://understat.com/getLeagueData/Bundesliga/2022,2022-10-28,True
2022-10-29,Bayern Munich,Mainz,4.33442,1.78114,19441,2022,https://understat.com/getLeagueData/Bundesliga/2022,2022-10-29,True
2022-10-29,Ein Frankfurt,Dortmund,1.71027,0.730506,19445,2022,https://understat.com/getLeagueData/Bundesliga/2022,2022-10-29,True
2022-10-29,RB Leipzig,Leverkusen,1.63234,0.141987,19442,2022,https://understat.com/getLeagueData/Bundesliga/2022,2022-10-29,True
2022-10-29,Stuttgart,Augsburg,3.12054,0.754506,19447,2022,https://understat.com/getLeagueData/Bundesliga/2022,2022-10-29,True
2022-10-29,Wolfsburg,Bochum,2.58922,0.444056,19446,2022,https://understat.com/getLeagueData/Bundesliga/2022,2022-10-29,True
2022-10-30,FC Koln,Hoffenheim,0.979672,0.778986,19444,2022,https://understat.com/getLeagueData/Bundesliga/2022,2022-10-30,True
2022-10-30,Schalke 04,Freiburg,0.841369,2.25332,19448,2022,https://understat.com/getLeagueData/Bundesliga/2022,2022-10-30,True
2022-10-30,Union Berlin,M'gladbach,1.28667,1.01241,19443,2022,https://understat.com/getLeagueData/Bundesliga/2022,2022-10-30,True
2022-11-04,M'gladbach,Stuttgart,1.33462,1.46207,19453,2022,https://understat.com/getLeagueData/Bundesliga/2022,2022-11-04,True
2022-11-05,Augsburg,Ein Frankfurt,1.07354,1.31556,19454,2022,https://understat.com/getLeagueData/Bundesliga/2022,2022-11-05,True
2022-11-05,Dortmund,Bochum,1.43174,0.496214,19457,2022,https://understat.com/getLeagueData/Bundesliga/2022,2022-11-05,True
2022-11-05,Hertha,Bayern Munich,1.09255,2.23326,19455,2022,https://understat.com/getLeagueData/Bundesliga/2022,2022-11-05,True
2022-11-05,Hoffenheim,RB Leipzig,1.16126,1.66347,19452,2022,https://understat.com/getLeagueData/Bundesliga/2022,2022-11-05,True
2022-11-05,Mainz,Wolfsburg,1.24483,0.809102,19451,2022,https://understat.com/getLeagueData/Bundesliga/2022,2022-11-05,True
2022-11-05,Werder Bremen,Schalke 04,1.33073,1.35128,19456,2022,https://understat.com/getLeagueData/Bundesliga/2022,2022-11-05,True
2022-11-06,Freiburg,FC Koln,1.46258,0.995484,19450,2022,https://understat.com/getLeagueData/Bundesliga/2022,2022-11-06,True
2022-11-06,Leverkusen,Union Berlin,1.7807,0.231839,19458,2022,https://understat.com/getLeagueData/Bundesliga/2022,2022-11-06,True
2022-11-08,Bayern Munich,Werder Bremen,5.72728,1.44045,19459,2022,https://understat.com/getLeagueData/Bundesliga/2022,2022-11-08,True
2022-11-08,Bochum,M'gladbach,1.68574,0.766603,19465,2022,https://understat.com/getLeagueData/Bundesliga/2022,2022-11-08,True
2022-11-08,Stuttgart,Hertha,2.00216,1.05233,19466,2022,https://understat.com/getLeagueData/Bundesliga/2022,2022-11-08,True
2022-11-08,Wolfsburg,Dortmund,2.9101,1.29685,19464,2022,https://understat.com/getLeagueData/Bundesliga/2022,2022-11-08,True
2022-11-09,Ein Frankfurt,Hoffenheim,3.78193,1.52829,19463,2022,https://understat.com/getLeagueData/Bundesliga/2022,2022-11-09,True
2022-11-09,FC Koln,Leverkusen,1.38128,1.04474,19462,2022,https://understat.com/getLeagueData/Bundesliga/2022,2022-11-09,True
2022-11-09,RB Leipzig,Freiburg,3.28873,0.148116,19460,2022,https://understat.com/getLeagueData/Bundesliga/2022,2022-11-09,True
2022-11-09,Schalke 04,Mainz,1.97962,0.60888,19467,2022,https://understat.com/getLeagueData/Bundesliga/2022,2022-11-09,True
2022-11-09,Union Berlin,Augsburg,1.84012,0.29444,19461,2022,https://understat.com/getLeagueData/Bundesliga/2022,2022-11-09,True
2022-11-11,M'gladbach,Dortmund,2.64014,3.6823,19472,2022,https://understat.com/getLeagueData/Bundesliga/2022,2022-11-11,True
2022-11-12,Augsburg,Bochum,2.34583,1.13531,19473,2022,https://understat.com/getLeagueData/Bundesliga/2022,2022-11-12,True
2022-11-12,Hertha,FC Koln,2.13441,1.93705,19474,2022,https://understat.com/getLeagueData/Bundesliga/2022,2022-11-12,True
2022-11-12,Hoffenheim,Wolfsburg,1.42352,0.94899,19471,2022,https://understat.com/getLeagueData/Bundesliga/2022,2022-11-12,True
2022-11-12,Leverkusen,Stuttgart,1.88305,0.277105,19468,2022,https://understat.com/getLeagueData/Bundesliga/2022,2022-11-12,True
2022-11-12,Schalke 04,Bayern Munich,0.891772,1.65233,19475,2022,https://understat.com/getLeagueData/Bundesliga/2022,2022-11-12,True
2022-11-12,Werder Bremen,RB Leipzig,1.03468,2.1323,19476,2022,https://understat.com/getLeagueData/Bundesliga/2022,2022-11-12,True
2022-11-13,Freiburg,Union Berlin,2.69015,1.65553,19469,2022,https://understat.com/getLeagueData/Bundesliga/2022,2022-11-13,True
2022-11-13,Mainz,Ein Frankfurt,1.78634,1.39797,19470,2022,https://understat.com/getLeagueData/Bundesliga/2022,2022-11-13,True
2023-01-20,RB Leipzig,Bayern Munich,1.03072,0.813529,19478,2022,https://understat.com/getLeagueData/Bundesliga/2022,2023-01-20,True
2023-01-21,Bochum,Hertha,1.67446,0.732458,19484,2022,https://understat.com/getLeagueData/Bundesliga/2022,2023-01-21,True
2023-01-21,Ein Frankfurt,Schalke 04,1.68109,2.37825,19482,2022,https://understat.com/getLeagueData/Bundesliga/2022,2023-01-21,True
2023-01-21,FC Koln,Werder Bremen,3.1904,0.252782,19480,2022,https://understat.com/getLeagueData/Bundesliga/2022,2023-01-21,True
2023-01-21,Stuttgart,Mainz,1.8803,1.38032,19485,2022,https://understat.com/getLeagueData/Bundesliga/2022,2023-01-21,True
2023-01-21,Union Berlin,Hoffenheim,2.48055,0.966541,19479,2022,https://understat.com/getLeagueData/Bundesliga/2022,2023-01-21,True
2023-01-21,Wolfsburg,Freiburg,2.88084,0.808738,19483,2022,https://understat.com/getLeagueData/Bundesliga/2022,2023-01-21,True
2023-01-22,Dortmund,Augsburg,3.27016,1.92914,19477,2022,https://understat.com/getLeagueData/Bundesliga/2022,2023-01-22,True
2023-01-22,M'gladbach,Leverkusen,0.993895,1.68471,19481,2022,https://understat.com/getLeagueData/Bundesliga/2022,2023-01-22,True
2023-01-24,Bayern Munich,FC Koln,1.4893,0.782641,19486,2022,https://understat.com/getLeagueData/Bundesliga/2022,2023-01-24,True
2023-01-24,Hertha,Wolfsburg,0.572863,2.94882,19492,2022,https://understat.com/getLeagueData/Bundesliga/2022,2023-01-24,True
2023-01-24,Hoffenheim,Stuttgart,1.82139,0.658333,19490,2022,https://understat.com/getLeagueData/Bundesliga/2022,2023-01-24,True
2023-01-24,Schalke 04,RB Leipzig,0.503614,4.23438,19493,2022,https://understat.com/getLeagueData/Bundesliga/2022,2023-01-24,True
2023-01-25,Augsburg,M'gladbach,0.869679,0.512384,19491,2022,https://understat.com/getLeagueData/Bundesliga/2022,2023-01-25,True
2023-01-25,Freiburg,Ein Frankfurt,1.78609,0.261869,19488,2022,https://understat.com/getLeagueData/Bundesliga/2022,2023-01-25,True
2023-01-25,Leverkusen,Bochum,1.8906,0.821758,19487,2022,https://understat.com/getLeagueData/Bundesliga/2022,2023-01-25,True
2023-01-25,Mainz,Dortmund,0.84968,1.15874,19489,2022,https://understat.com/getLeagueData/Bundesliga/2022,2023-01-25,True
2023-01-25,Werder Bremen,Union Berlin,0.566574,1.05412,19494,2022,https://understat.com/getLeagueData/Bundesliga/2022,2023-01-25,True
2023-01-27,RB Leipzig,Stuttgart,1.59146,1.86965,19497,2022,https://understat.com/getLeagueData/Bundesliga/2022,2023-01-27,True
2023-01-28,Bayern Munich,Ein Frankfurt,1.38005,0.882875,19495,2022,https://understat.com/getLeagueData/Bundesliga/2022,2023-01-28,True
2023-01-28,Freiburg,Augsburg,1.92228,2.00438,19498,2022,https://understat.com/getLeagueData/Bundesliga/2022,2023-01-28,True
2023-01-28,Hertha,Union Berlin,0.46457,0.884274,19501,2022,https://understat.com/getLeagueData/Bundesliga/2022,2023-01-28,True
2023-01-28,Hoffenheim,M'gladbach,1.96043,1.79941,19500,2022,https://understat.com/getLeagueData/Bundesliga/2022,2023-01-28,True
2023-01-28,Mainz,Bochum,2.86841,0.912111,19499,2022,https://understat.com/getLeagueData/Bundesliga/2022,2023-01-28,True
2023-01-28,Werder Bremen,Wolfsburg,1.80059,0.696581,19503,2022,https://understat.com/getLeagueData/Bundesliga/2022,2023-01-28,True
2023-01-29,Leverkusen,Dortmund,1.84499,0.977834,19496,2022,https://understat.com/getLeagueData/Bundesliga/2022,2023-01-29,True
2023-01-29,Schalke 04,FC Koln,1.11694,0.329216,19502,2022,https://understat.com/getLeagueData/Bundesliga/2022,2023-01-29,True
2023-02-03,Augsburg,Leverkusen,0.924397,0.461505,19511,2022,https://understat.com/getLeagueData/Bundesliga/2022,2023-02-03,True
2023-02-04,Bochum,Hoffenheim,2.74719,0.82308,19510,2022,https://understat.com/getLeagueData/Bundesliga/2022,2023-02-04,True
2023-02-04,Dortmund,Freiburg,2.10421,0.243795,19504,2022,https://understat.com/getLeagueData/Bundesliga/2022,2023-02-04,True
2023-02-04,Ein Frankfurt,Hertha,2.00234,0.93959,19508,2022,https://understat.com/getLeagueData/Bundesliga/2022,2023-02-04,True
2023-02-04,FC Koln,RB Leipzig,0.607143,1.00025,19506,2022,https://understat.com/getLeagueData/Bundesliga/2022,2023-02-04,True
2023-02-04,M'gladbach,Schalke 04,1.12913,1.18272,19507,2022,https://understat.com/getLeagueData/Bundesliga/2022,2023-02-04,True
2023-02-04,Union Berlin,Mainz,0.978155,1.09283,19505,2022,https://understat.com/getLeagueData/Bundesliga/2022,2023-02-04,True
2023-02-05,Stuttgart,Werder Bremen,1.48817,0.45062,19512,2022,https://understat.com/getLeagueData/Bundesliga/2022,2023-02-05,True
2023-02-05,Wolfsburg,Bayern Munich,2.39463,0.568665,19509,2022,https://understat.com/getLeagueData/Bundesliga/2022,2023-02-05,True
2023-02-10,Schalke 04,Wolfsburg,0.999355,1.39713,19520,2022,https://understat.com/getLeagueData/Bundesliga/2022,2023-02-10,True
2023-02-11,Bayern Munich,Bochum,4.37602,0.242356,19513,2022,https://understat.com/getLeagueData/Bundesliga/2022,2023-02-11,True
2023-02-11,Freiburg,Stuttgart,2.21054,1.02739,19515,2022,https://understat.com/getLeagueData/Bundesliga/2022,2023-02-11,True
2023-02-11,Hoffenheim,Leverkusen,0.781599,1.47655,19518,2022,https://understat.com/getLeagueData/Bundesliga/2022,2023-02-11,True
2023-02-11,Mainz,Augsburg,4.00745,1.45453,19517,2022,https://understat.com/getLeagueData/Bundesliga/2022,2023-02-11,True
2023-02-11,RB Leipzig,Union Berlin,0.891399,1.04126,19514,2022,https://understat.com/getLeagueData/Bundesliga/2022,2023-02-11,True
2023-02-11,Werder Bremen,Dortmund,0.587473,2.66556,19521,2022,https://understat.com/getLeagueData/Bundesliga/2022,2023-02-11,True
2023-02-12,FC Koln,Ein Frankfurt,1.72186,0.368809,19516,2022,https://understat.com/getLeagueData/Bundesliga/2022,2023-02-12,True
2023-02-12,Hertha,M'gladbach,2.64788,0.421257,19519,2022,https://understat.com/getLeagueData/Bundesliga/2022,2023-02-12,True
2023-02-17,Augsburg,Hoffenheim,1.48158,0.446218,19529,2022,https://understat.com/getLeagueData/Bundesliga/2022,2023-02-17,True
2023-02-18,Bochum,Freiburg,1.40839,2.39926,19528,2022,https://understat.com/getLeagueData/Bundesliga/2022,2023-02-18,True
2023-02-18,Ein Frankfurt,Werder Bremen,2.08148,0.150794,19526,2022,https://understat.com/getLeagueData/Bundesliga/2022,2023-02-18,True
2023-02-18,M'gladbach,Bayern Munich,2.26574,1.22226,19525,2022,https://understat.com/getLeagueData/Bundesliga/2022,2023-02-18,True
2023-02-18,Stuttgart,FC Koln,1.69842,0.452073,19530,2022,https://understat.com/getLeagueData/Bundesliga/2022,2023-02-18,True
2023-02-18,Wolfsburg,RB Leipzig,0.26411,3.04805,19527,2022,https://understat.com/getLeagueData/Bundesliga/2022,2023-02-18,True
2023-02-19,Dortmund,Hertha,2.34937,1.41428,19522,2022,https://understat.com/getLeagueData/Bundesliga/2022,2023-02-19,True
2023-02-19,Leverkusen,Mainz,3.01434,2.00397,19523,2022,https://understat.com/getLeagueData/Bundesliga/2022,2023-02-19,True
2023-02-19,Union Berlin,Schalke 04,0.827192,0.385916,19524,2022,https://understat.com/getLeagueData/Bundesliga/2022,2023-02-19,True
2023-02-24,Mainz,M'gladbach,2.95117,0.718556,19535,2022,https://understat.com/getLeagueData/Bundesliga/2022,2023-02-24,True
2023-02-25,FC Koln,Wolfsburg,1.03484,1.00016,19534,2022,https://understat.com/getLeagueData/Bundesliga/2022,2023-02-25,True
2023-02-25,Hertha,Augsburg,0.452901,0.405958,19537,2022,https://understat.com/getLeagueData/Bundesliga/2022,2023-02-25,True
2023-02-25,Hoffenheim,Dortmund,0.873677,2.75881,19536,2022,https://understat.com/getLeagueData/Bundesliga/2022,2023-02-25,True
2023-02-25,RB Leipzig,Ein Frankfurt,1.89992,0.85563,19532,2022,https://understat.com/getLeagueData/Bundesliga/2022,2023-02-25,True
2023-02-25,Schalke 04,Stuttgart,1.86618,1.66843,19538,2022,https://understat.com/getLeagueData/Bundesliga/2022,2023-02-25,True
2023-02-25,Werder Bremen,Bochum,1.17524,0.396228,19539,2022,https://understat.com/getLeagueData/Bundesliga/2022,2023-02-25,True
2023-02-26,Bayern Munich,Union Berlin,3.86403,0.212984,19531,2022,https://understat.com/getLeagueData/Bundesliga/2022,2023-02-26,True
2023-02-26,Freiburg,Leverkusen,1.288,2.0609,19533,2022,https://understat.com/getLeagueData/Bundesliga/2022,2023-02-26,True
2023-03-03,Dortmund,RB Leipzig,1.12897,2.19847,19540,2022,https://understat.com/getLeagueData/Bundesliga/2022,2023-03-03,True
2023-03-04,Augsburg,Werder Bremen,0.493189,1.68845,19547,2022,https://understat.com/getLeagueData/Bundesliga/2022,2023-03-04,True
2023-03-04,Bochum,Schalke 04,0.926001,0.873349,19546,2022,https://understat.com/getLeagueData/Bundesliga/2022,2023-03-04,True
2023-03-04,M'gladbach,Freiburg,1.11415,0.286316,19544,2022,https://understat.com/getLeagueData/Bundesliga/2022,2023-03-04,True
2023-03-04,Mainz,Hoffenheim,1.03595,0.616344,19543,2022,https://understat.com/getLeagueData/Bundesliga/2022,2023-03-04,True
2023-03-04,Stuttgart,Bayern Munich,0.596921,2.55612,19548,2022,https://understat.com/getLeagueData/Bundesliga/2022,2023-03-04,True
2023-03-04,Union Berlin,FC Koln,0.456889,0.798698,19542,2022,https://understat.com/getLeagueData/Bundesliga/2022,2023-03-04,True
2023-03-05,Leverkusen,Hertha,2.2646,0.957931,19541,2022,https://understat.com/getLeagueData/Bundesliga/2022,2023-03-05,True
2023-03-05,Wolfsburg,Ein Frankfurt,1.7728,1.18348,19545,2022,https://understat.com/getLeagueData/Bundesliga/2022,2023-03-05,True
2023-03-10,FC Koln,Bochum,0.585398,1.73391,19552,2022,https://understat.com/getLeagueData/Bundesliga/2022,2023-03-10,True
2023-03-11,Bayern Munich,Augsburg,2.49393,2.48124,19549,2022,https://understat.com/getLeagueData/Bundesliga/2022,2023-03-11,True
2023-03-11,Ein Frankfurt,Stuttgart,0.525223,0.434277,19553,2022,https://understat.com/getLeagueData/Bundesliga/2022,2023-03-11,True
2023-03-11,Hertha,Mainz,1.61723,0.388401,19555,2022,https://understat.com/getLeagueData/Bundesliga/2022,2023-03-11,True
2023-03-11,RB Leipzig,M'gladbach,2.26747,1.44596,19550,2022,https://understat.com/getLeagueData/Bundesliga/2022,2023-03-11,True
2023-03-11,Schalke 04,Dortmund,1.52455,1.2204,19556,2022,https://understat.com/getLeagueData/Bundesliga/2022,2023-03-11,True
2023-03-12,Freiburg,Hoffenheim,0.452025,1.16149,19551,2022,https://understat.com/getLeagueData/Bundesliga/2022,2023-03-12,True
2023-03-12,Werder Bremen,Leverkusen,1.70833,1.21761,19557,2022,https://understat.com/getLeagueData/Bundesliga/2022,2023-03-12,True
2023-03-12,Wolfsburg,Union Berlin,1.33065,1.22513,19554,2022,https://understat.com/getLeagueData/Bundesliga/2022,2023-03-12,True
2023-03-17,M'gladbach,Werder Bremen,3.68386,0.764773,19563,2022,https://understat.com/getLeagueData/Bundesliga/2022,2023-03-17,True
2023-03-18,Augsburg,Schalke 04,0.395653,1.68365,19565,2022,https://understat.com/getLeagueData/Bundesliga/2022,2023-03-18,True
2023-03-18,Bochum,RB Leipzig,1.31052,1.92026,19564,2022,https://understat.com/getLeagueData/Bundesliga/2022,2023-03-18,True
2023-03-18,Dortmund,FC Koln,3.37102,1.46899,19558,2022,https://understat.com/getLeagueData/Bundesliga/2022,2023-03-18,True
2023-03-18,Hoffenheim,Hertha,2.61296,0.807728,19562,2022,https://understat.com/getLeagueData/Bundesliga/2022,2023-03-18,True
2023-03-18,Stuttgart,Wolfsburg,0.471275,0.6744,19566,2022,https://understat.com/getLeagueData/Bundesliga/2022,2023-03-18,True
2023-03-19,Leverkusen,Bayern Munich,1.85014,1.10651,19559,2022,https://understat.com/getLeagueData/Bundesliga/2022,2023-03-19,True
2023-03-19,Mainz,Freiburg,1.57837,1.35257,19561,2022,https://understat.com/getLeagueData/Bundesliga/2022,2023-03-19,True
2023-03-19,Union Berlin,Ein Frankfurt,1.23036,2.20535,19560,2022,https://understat.com/getLeagueData/Bundesliga/2022,2023-03-19,True
2023-03-31,Ein Frankfurt,Bochum,3.09855,1.15016,19570,2022,https://understat.com/getLeagueData/Bundesliga/2022,2023-03-31,True
2023-04-01,Bayern Munich,Dortmund,3.10094,1.57525,19574,2022,https://understat.com/getLeagueData/Bundesliga/2022,2023-04-01,True
2023-04-01,Freiburg,Hertha,0.862445,2.08511,19568,2022,https://understat.com/getLeagueData/Bundesliga/2022,2023-04-01,True
2023-04-01,RB Leipzig,Mainz,0.584058,2.54838,19575,2022,https://understat.com/getLeagueData/Bundesliga/2022,2023-04-01,True
2023-04-01,Schalke 04,Leverkusen,0.976664,3.28042,19572,2022,https://understat.com/getLeagueData/Bundesliga/2022,2023-04-01,True
2023-04-01,Union Berlin,Stuttgart,1.70372,2.62164,19567,2022,https://understat.com/getLeagueData/Bundesliga/2022,2023-04-01,True
2023-04-01,Wolfsburg,Augsburg,3.93815,0.918055,19571,2022,https://understat.com/getLeagueData/Bundesliga/2022,2023-04-01,True
2023-04-02,FC Koln,M'gladbach,1.05192,0.520471,19569,2022,https://understat.com/getLeagueData/Bundesliga/2022,2023-04-02,True
2023-04-02,Werder Bremen,Hoffenheim,0.67338,1.63673,19573,2022,https://understat.com/getLeagueData/Bundesliga/2022,2023-04-02,True
2023-04-08,Augsburg,FC Koln,0.941865,2.0605,19583,2022,https://understat.com/getLeagueData/Bundesliga/2022,2023-04-08,True
2023-04-08,Dortmund,Union Berlin,2.5021,0.522776,19576,2022,https://understat.com/getLeagueData/Bundesliga/2022,2023-04-08,True
2023-04-08,Freiburg,Bayern Munich,1.0909,3.09211,19578,2022,https://understat.com/getLeagueData/Bundesliga/2022,2023-04-08,True
2023-04-08,Hertha,RB Leipzig,0.503827,2.57231,19584,2022,https://understat.com/getLeagueData/Bundesliga/2022,2023-04-08,True
2023-04-08,Leverkusen,Ein Frankfurt,2.35055,0.7609,19577,2022,https://understat.com/getLeagueData/Bundesliga/2022,2023-04-08,True
2023-04-08,Mainz,Werder Bremen,1.98671,1.08214,19579,2022,https://understat.com/getLeagueData/Bundesliga/2022,2023-04-08,True
2023-04-09,Bochum,Stuttgart,2.22259,2.37385,19582,2022,https://understat.com/getLeagueData/Bundesliga/2022,2023-04-09,True
2023-04-09,Hoffenheim,Schalke 04,2.17705,0.561062,19580,2022,https://understat.com/getLeagueData/Bundesliga/2022,2023-04-09,True
2023-04-09,M'gladbach,Wolfsburg,1.55684,1.22997,19581,2022,https://understat.com/getLeagueData/Bundesliga/2022,2023-04-09,True
2023-04-14,Schalke 04,Hertha,2.09935,1.12148,19592,2022,https://understat.com/getLeagueData/Bundesliga/2022,2023-04-14,True
2023-04-15,Bayern Munich,Hoffenheim,1.88997,0.27365,19585,2022,https://understat.com/getLeagueData/Bundesliga/2022,2023-04-15,True
2023-04-15,Ein Frankfurt,M'gladbach,2.17369,0.640098,19589,2022,https://understat.com/getLeagueData/Bundesliga/2022,2023-04-15,True
2023-04-15,FC Koln,Mainz,0.937521,0.762976,19588,2022,https://understat.com/getLeagueData/Bundesliga/2022,2023-04-15,True
2023-04-15,RB Leipzig,Augsburg,1.13772,0.864778,19586,2022,https://understat.com/getLeagueData/Bundesliga/2022,2023-04-15,True
2023-04-15,Stuttgart,Dortmund,1.34955,1.52309,19591,2022,https://understat.com/getLeagueData/Bundesliga/2022,2023-04-15,True
2023-04-16,Union Berlin,Bochum,1.05608,1.51987,19587,2022,https://understat.com/getLeagueData/Bundesliga/2022,2023-04-16,True
2023-04-16,Werder Bremen,Freiburg,1.43107,0.473775,19593,2022,https://understat.com/getLeagueData/Bundesliga/2022,2023-04-16,True
2023-04-16,Wolfsburg,Leverkusen,0.616929,0.992006,19590,2022,https://understat.com/getLeagueData/Bundesliga/2022,2023-04-16,True
2023-04-21,Augsburg,Stuttgart,0.729024,1.17537,19601,2022,https://understat.com/getLeagueData/Bundesliga/2022,2023-04-21,True
2023-04-22,Bochum,Wolfsburg,2.7745,3.34214,19600,2022,https://understat.com/getLeagueData/Bundesliga/2022,2023-04-22,True
2023-04-22,Dortmund,Ein Frankfurt,1.43834,0.452485,19594,2022,https://understat.com/getLeagueData/Bundesliga/2022,2023-04-22,True
2023-04-22,Hertha,Werder Bremen,1.67149,2.33844,19602,2022,https://understat.com/getLeagueData/Bundesliga/2022,2023-04-22,True
2023-04-22,Hoffenheim,FC Koln,0.776652,2.07085,19598,2022,https://understat.com/getLeagueData/Bundesliga/2022,2023-04-22,True
2023-04-22,Mainz,Bayern Munich,1.29569,2.70283,19597,2022,https://understat.com/getLeagueData/Bundesliga/2022,2023-04-22,True
2023-04-23,Freiburg,Schalke 04,2.63573,0.388444,19596,2022,https://understat.com/getLeagueData/Bundesliga/2022,2023-04-23,True
2023-04-23,Leverkusen,RB Leipzig,1.03404,2.11824,19595,2022,https://understat.com/getLeagueData/Bundesliga/2022,2023-04-23,True
2023-04-23,M'gladbach,Union Berlin,0.40847,1.21726,19599,2022,https://understat.com/getLeagueData/Bundesliga/2022,2023-04-23,True
2023-04-28,Bochum,Dortmund,0.57291,2.93268,19609,2022,https://understat.com/getLeagueData/Bundesliga/2022,2023-04-28,True
2023-04-29,Ein Frankfurt,Augsburg,0.526804,0.461266,19607,2022,https://understat.com/getLeagueData/Bundesliga/2022,2023-04-29,True
2023-04-29,FC Koln,Freiburg,1.47854,1.3678,19606,2022,https://understat.com/getLeagueData/Bundesliga/2022,2023-04-29,True
2023-04-29,RB Leipzig,Hoffenheim,1.70758,0.217156,19604,2022,https://understat.com/getLeagueData/Bundesliga/2022,2023-04-29,True
2023-04-29,Schalke 04,Werder Bremen,1.24953,1.48812,19611,2022,https://understat.com/getLeagueData/Bundesliga/2022,2023-04-29,True
2023-04-29,Stuttgart,M'gladbach,2.73645,1.2489,19610,2022,https://understat.com/getLeagueData/Bundesliga/2022,2023-04-29,True
2023-04-29,Union Berlin,Leverkusen,0.580861,0.550938,19605,2022,https://understat.com/getLeagueData/Bundesliga/2022,2023-04-29,True
2023-04-30,Bayern Munich,Hertha,2.92722,0.0835934,19603,2022,https://understat.com/getLeagueData/Bundesliga/2022,2023-04-30,True
2023-04-30,Wolfsburg,Mainz,1.44113,1.44665,19608,2022,https://understat.com/getLeagueData/Bundesliga/2022,2023-04-30,True
2023-05-05,Leverkusen,FC Koln,0.724879,1.02795,19613,2022,https://understat.com/getLeagueData/Bundesliga/2022,2023-05-05,True
2023-05-05,Mainz,Schalke 04,0.990997,3.14666,19615,2022,https://understat.com/getLeagueData/Bundesliga/2022,2023-05-05,True
2023-05-06,Augsburg,Union Berlin,1.00945,0.485635,19618,2022,https://understat.com/getLeagueData/Bundesliga/2022,2023-05-06,True
2023-05-06,Freiburg,RB Leipzig,0.150751,1.89448,19614,2022,https://understat.com/getLeagueData/Bundesliga/2022,2023-05-06,True
2023-05-06,Hertha,Stuttgart,1.4984,1.08971,19619,2022,https://understat.com/getLeagueData/Bundesliga/2022,2023-05-06,True
2023-05-06,Hoffenheim,Ein Frankfurt,2.13012,2.41375,19616,2022,https://understat.com/getLeagueData/Bundesliga/2022,2023-05-06,True
2023-05-06,M'gladbach,Bochum,2.31852,0.921673,19617,2022,https://understat.com/getLeagueData/Bundesliga/2022,2023-05-06,True
2023-05-06,Werder Bremen,Bayern Munich,0.805974,2.02292,19620,2022,https://understat.com/getLeagueData/Bundesliga/2022,2023-05-06,True
2023-05-07,Dortmund,Wolfsburg,5.13701,0.946113,19612,2022,https://understat.com/getLeagueData/Bundesliga/2022,2023-05-07,True
2023-05-12,FC Koln,Hertha,4.72652,1.11757,19625,2022,https://understat.com/getLeagueData/Bundesliga/2022,2023-05-12,True
2023-05-13,Bayern Munich,Schalke 04,5.05599,0.33961,19621,2022,https://understat.com/getLeagueData/Bundesliga/2022,2023-05-13,True
2023-05-13,Bochum,Augsburg,1.32347,1.32904,19628,2022,https://understat.com/getLeagueData/Bundesliga/2022,2023-05-13,True
2023-05-13,Dortmund,M'gladbach,6.24513,1.63094,19622,2022,https://understat.com/getLeagueData/Bundesliga/2022,2023-05-13,True
2023-05-13,Ein Frankfurt,Mainz,2.03828,0.944589,19626,2022,https://understat.com/getLeagueData/Bundesliga/2022,2023-05-13,True
2023-05-13,Union Berlin,Freiburg,1.44733,2.08886,19624,2022,https://understat.com/getLeagueData/Bundesliga/2022,2023-05-13,True
2023-05-13,Wolfsburg,Hoffenheim,0.971216,0.758147,19627,2022,https://understat.com/getLeagueData/Bundesliga/2022,2023-05-13,True
2023-05-14,RB Leipzig,Werder Bremen,1.7972,1.17378,19623,2022,https://understat.com/getLeagueData/Bundesliga/2022,2023-05-14,True
2023-05-14,Stuttgart,Leverkusen,1.42711,1.57634,19629,2022,https://understat.com/getLeagueData/Bundesliga/2022,2023-05-14,True
2023-05-19,Freiburg,Wolfsburg,1.44647,0.658973,19632,2022,https://understat.com/getLeagueData/Bundesliga/2022,2023-05-19,True
2023-05-20,Bayern Munich,RB Leipzig,1.63955,2.63992,19630,2022,https://understat.com/getLeagueData/Bundesliga/2022,2023-05-20,True
2023-05-20,Hertha,Bochum,1.36159,1.65012,19636,2022,https://understat.com/getLeagueData/Bundesliga/2022,2023-05-20,True
2023-05-20,Hoffenheim,Union Berlin,2.49016,1.67535,19634,2022,https://understat.com/getLeagueData/Bundesliga/2022,2023-05-20,True
2023-05-20,Schalke 04,Ein Frankfurt,1.13388,1.36879,19637,2022,https://understat.com/getLeagueData/Bundesliga/2022,2023-05-20,True
2023-05-20,Werder Bremen,FC Koln,1.96517,1.85587,19638,2022,https://understat.com/getLeagueData/Bundesliga/2022,2023-05-20,True
2023-05-21,Augsburg,Dortmund,0.407359,3.88007,19635,2022,https://understat.com/getLeagueData/Bundesliga/2022,2023-05-21,True
2023-05-21,Leverkusen,M'gladbach,1.89906,2.06056,19631,2022,https://understat.com/getLeagueData/Bundesliga/2022,2023-05-21,True
2023-05-21,Mainz,Stuttgart,1.41611,1.40314,19633,2022,https://understat.com/getLeagueData/Bundesliga/2022,2023-05-21,True
2023-05-27,Bochum,Leverkusen,1.56183,0.863964,19646,2022,https://understat.com/getLeagueData/Bundesliga/2022,2023-05-27,True
2023-05-27,Dortmund,Mainz,4.09921,1.68097,19639,2022,https://understat.com/getLeagueData/Bundesliga/2022,2023-05-27,True
2023-05-27,Ein Frankfurt,Freiburg,2.04195,1.46472,19644,2022,https://understat.com/getLeagueData/Bundesliga/2022,2023-05-27,True
2023-05-27,FC Koln,Bayern Munich,1.15669,1.68032,19642,2022,https://understat.com/getLeagueData/Bundesliga/2022,2023-05-27,True
2023-05-27,M'gladbach,Augsburg,2.98996,0.434493,19643,2022,https://understat.com/getLeagueData/Bundesliga/2022,2023-05-27,True
2023-05-27,RB Leipzig,Schalke 04,2.97191,1.21648,19640,2022,https://understat.com/getLeagueData/Bundesliga/2022,2023-05-27,True
2023-05-27,Stuttgart,Hoffenheim,2.19198,1.16078,19647,2022,https://understat.com/getLeagueData/Bundesliga/2022,2023-05-27,True
2023-05-27,Union Berlin,Werder Bremen,0.783196,0.399601,19641,2022,https://understat.com/getLeagueData/Bundesliga/2022,2023-05-27,True
2023-05-27,Wolfsburg,Hertha,3.20986,1.44156,19645,2022,https://understat.com/getLeagueData/Bundesliga/2022,2023-05-27,True
2023-08-18,Werder Bremen,Bayern Munich,0.63974,2.89704,23065,2023,https://understat.com/getLeagueData/Bundesliga/2023,2023-08-18,True
2023-08-19,Augsburg,M'gladbach,2.53482,1.91849,23069,2023,https://understat.com/getLeagueData/Bundesliga/2023,2023-08-19,True
2023-08-19,Dortmund,FC Koln,1.72317,1.51393,23071,2023,https://understat.com/getLeagueData/Bundesliga/2023,2023-08-19,True
2023-08-19,Hoffenheim,Freiburg,1.67186,3.24821,23068,2023,https://understat.com/getLeagueData/Bundesliga/2023,2023-08-19,True
2023-08-19,Leverkusen,RB Leipzig,1.73279,1.60393,23066,2023,https://understat.com/getLeagueData/Bundesliga/2023,2023-08-19,True
2023-08-19,Stuttgart,Bochum,3.98664,0.669108,23070,2023,https://understat.com/getLeagueData/Bundesliga/2023,2023-08-19,True
2023-08-19,Wolfsburg,Heidenheim,3.21449,1.17776,23067,2023,https://understat.com/getLeagueData/Bundesliga/2023,2023-08-19,True
2023-08-20,Ein Frankfurt,Darmstadt,1.2399,0.813333,23073,2023,https://understat.com/getLeagueData/Bundesliga/2023,2023-08-20,True
2023-08-20,Union Berlin,Mainz,2.11281,2.51995,23072,2023,https://understat.com/getLeagueData/Bundesliga/2023,2023-08-20,True
2023-08-25,RB Leipzig,Stuttgart,2.0934,1.18326,23074,2023,https://understat.com/getLeagueData/Bundesliga/2023,2023-08-25,True
2023-08-26,Bochum,Dortmund,1.01164,1.17241,23077,2023,https://understat.com/getLeagueData/Bundesliga/2023,2023-08-26,True
2023-08-26,Darmstadt,Union Berlin,2.59994,1.6379,23079,2023,https://understat.com/getLeagueData/Bundesliga/2023,2023-08-26,True
2023-08-26,FC Koln,Wolfsburg,0.64301,2.26952,23076,2023,https://understat.com/getLeagueData/Bundesliga/2023,2023-08-26,True
2023-08-26,Freiburg,Werder Bremen,1.71877,0.696983,23075,2023,https://understat.com/getLeagueData/Bundesliga/2023,2023-08-26,True
2023-08-26,Heidenheim,Hoffenheim,2.72999,2.75768,23078,2023,https://understat.com/getLeagueData/Bundesliga/2023,2023-08-26,True
2023-08-26,M'gladbach,Leverkusen,1.76423,3.65301,23080,2023,https://understat.com/getLeagueData/Bundesliga/2023,2023-08-26,True
2023-08-27,Bayern Munich,Augsburg,2.82296,0.726241,23082,2023,https://understat.com/getLeagueData/Bundesliga/2023,2023-08-27,True
2023-08-27,Mainz,Ein Frankfurt,1.44234,1.15731,23081,2023,https://understat.com/getLeagueData/Bundesliga/2023,2023-08-27,True
2023-09-01,Dortmund,Heidenheim,2.74794,2.09517,23083,2023,https://understat.com/getLeagueData/Bundesliga/2023,2023-09-01,True
2023-09-02,Augsburg,Bochum,1.88106,1.86494,23087,2023,https://understat.com/getLeagueData/Bundesliga/2023,2023-09-02,True
2023-09-02,Hoffenheim,Wolfsburg,1.78689,1.4154,23085,2023,https://understat.com/getLeagueData/Bundesliga/2023,2023-09-02,True
2023-09-02,Leverkusen,Darmstadt,3.42599,0.681851,23084,2023,https://understat.com/getLeagueData/Bundesliga/2023,2023-09-02,True
2023-09-02,M'gladbach,Bayern Munich,0.201237,2.14949,23089,2023,https://understat.com/getLeagueData/Bundesliga/2023,2023-09-02,True
2023-09-02,Stuttgart,Freiburg,2.09598,1.50372,23088,2023,https://understat.com/getLeagueData/Bundesliga/2023,2023-09-02,True
2023-09-02,Werder Bremen,Mainz,3.01318,0.65805,23086,2023,https://understat.com/getLeagueData/Bundesliga/2023,2023-09-02,True
2023-09-03,Ein Frankfurt,FC Koln,1.2824,0.931141,23090,2023,https://understat.com/getLeagueData/Bundesliga/2023,2023-09-03,True
2023-09-03,Union Berlin,RB Leipzig,0.17815,1.21402,23091,2023,https://understat.com/getLeagueData/Bundesliga/2023,2023-09-03,True
2023-09-15,Bayern Munich,Leverkusen,2.74374,2.4584,23092,2023,https://understat.com/getLeagueData/Bundesliga/2023,2023-09-15,True
2023-09-16,Bochum,Ein Frankfurt,2.17324,0.737999,23098,2023,https://understat.com/getLeagueData/Bundesliga/2023,2023-09-16,True
2023-09-16,FC Koln,Hoffenheim,1.19432,1.06988,23097,2023,https://understat.com/getLeagueData/Bundesliga/2023,2023-09-16,True
2023-09-16,Freiburg,Dortmund,1.14667,3.37255,23094,2023,https://understat.com/getLeagueData/Bundesliga/2023,2023-09-16,True
2023-09-16,Mainz,Stuttgart,1.16545,2.06366,23096,2023,https://understat.com/getLeagueData/Bundesliga/2023,2023-09-16,True
2023-09-16,RB Leipzig,Augsburg,1.46279,1.34046,23093,2023,https://understat.com/getLeagueData/Bundesliga/2023,2023-09-16,True
2023-09-16,Wolfsburg,Union Berlin,0.566932,1.56941,23095,2023,https://understat.com/getLeagueData/Bundesliga/2023,2023-09-16,True
2023-09-17,Darmstadt,M'gladbach,1.328,3.49324,23100,2023,https://understat.com/getLeagueData/Bundesliga/2023,2023-09-17,True
2023-09-17,Heidenheim,Werder Bremen,1.96235,2.55978,23099,2023,https://understat.com/getLeagueData/Bundesliga/2023,2023-09-17,True
2023-09-22,Stuttgart,Darmstadt,3.04946,0.272376,23101,2023,https://understat.com/getLeagueData/Bundesliga/2023,2023-09-22,True
2023-09-23,Augsburg,Mainz,1.04683,0.487325,23102,2023,https://understat.com/getLeagueData/Bundesliga/2023,2023-09-23,True
2023-09-23,Bayern Munich,Bochum,6.02607,0.0892044,23104,2023,https://understat.com/getLeagueData/Bundesliga/2023,2023-09-23,True
2023-09-23,Dortmund,Wolfsburg,2.16482,0.343309,23105,2023,https://understat.com/getLeagueData/Bundesliga/2023,2023-09-23,True
2023-09-23,M'gladbach,RB Leipzig,0.771966,1.03744,23103,2023,https://understat.com/getLeagueData/Bundesliga/2023,2023-09-23,True
2023-09-23,Union Berlin,Hoffenheim,1.62442,2.15364,23106,2023,https://understat.com/getLeagueData/Bundesliga/2023,2023-09-23,True
2023-09-23,Werder Bremen,FC Koln,1.59965,1.98951,23107,2023,https://understat.com/getLeagueData/Bundesliga/2023,2023-09-23,True
2023-09-24,Ein Frankfurt,Freiburg,0.754063,0.407479,23109,2023,https://understat.com/getLeagueData/Bundesliga/2023,2023-09-24,True
2023-09-24,Leverkusen,Heidenheim,3.97445,0.659741,23108,2023,https://understat.com/getLeagueData/Bundesliga/2023,2023-09-24,True
2023-09-29,Hoffenheim,Dortmund,1.85129,1.69401,23110,2023,https://understat.com/getLeagueData/Bundesliga/2023,2023-09-29,True
2023-09-30,Bochum,M'gladbach,1.46515,2.86793,23111,2023,https://understat.com/getLeagueData/Bundesliga/2023,2023-09-30,True
2023-09-30,FC Koln,Stuttgart,0.803426,2.06666,23115,2023,https://understat.com/getLeagueData/Bundesliga/2023,2023-09-30,True
2023-09-30,Heidenheim,Union Berlin,0.542933,2.1613,23112,2023,https://understat.com/getLeagueData/Bundesliga/2023,2023-09-30,True
2023-09-30,Mainz,Leverkusen,0.388975,0.811962,23114,2023,https://understat.com/getLeagueData/Bundesliga/2023,2023-09-30,True
2023-09-30,RB Leipzig,Bayern Munich,0.793383,1.95099,23116,2023,https://understat.com/getLeagueData/Bundesliga/2023,2023-09-30,True
2023-09-30,Wolfsburg,Ein Frankfurt,2.77737,1.09205,23113,2023,https://understat.com/getLeagueData/Bundesliga/2023,2023-09-30,True
2023-10-01,Darmstadt,Werder Bremen,2.34923,1.54627,23117,2023,https://understat.com/getLeagueData/Bundesliga/2023,2023-10-01,True
2023-10-01,Freiburg,Augsburg,1.2721,1.00081,23118,2023,https://understat.com/getLeagueData/Bundesliga/2023,2023-10-01,True
2023-10-06,M'gladbach,Mainz,3.01512,1.21309,23119,2023,https://understat.com/getLeagueData/Bundesliga/2023,2023-10-06,True
2023-10-07,Augsburg,Darmstadt,1.18473,1.96153,23122,2023,https://understat.com/getLeagueData/Bundesliga/2023,2023-10-07,True
2023-10-07,Dortmund,Union Berlin,1.76935,1.5245,23120,2023,https://understat.com/getLeagueData/Bundesliga/2023,2023-10-07,True
2023-10-07,RB Leipzig,Bochum,2.22631,0.741054,23121,2023,https://understat.com/getLeagueData/Bundesliga/2023,2023-10-07,True
2023-10-07,Stuttgart,Wolfsburg,3.02575,1.06355,23123,2023,https://understat.com/getLeagueData/Bundesliga/2023,2023-10-07,True
2023-10-07,Werder Bremen,Hoffenheim,1.03064,1.52805,23124,2023,https://understat.com/getLeagueData/Bundesliga/2023,2023-10-07,True
2023-10-08,Bayern Munich,Freiburg,2.37438,0.0704987,23126,2023,https://understat.com/getLeagueData/Bundesliga/2023,2023-10-08,True
2023-10-08,Ein Frankfurt,Heidenheim,1.83609,0.625618,23127,2023,https://understat.com/getLeagueData/Bundesliga/2023,2023-10-08,True
2023-10-08,Leverkusen,FC Koln,3.72502,1.41915,23125,2023,https://understat.com/getLeagueData/Bundesliga/2023,2023-10-08,True
2023-10-20,Dortmund,Werder Bremen,2.7285,0.53973,23128,2023,https://understat.com/getLeagueData/Bundesliga/2023,2023-10-20,True
2023-10-21,Darmstadt,RB Leipzig,1.68331,1.83161,23133,2023,https://understat.com/getLeagueData/Bundesliga/2023,2023-10-21,True
2023-10-21,Freiburg,Bochum,2.5274,1.37705,23130,2023,https://understat.com/getLeagueData/Bundesliga/2023,2023-10-21,True
2023-10-21,Hoffenheim,Ein Frankfurt,1.13281,2.13235,23132,2023,https://understat.com/getLeagueData/Bundesliga/2023,2023-10-21,True
2023-10-21,Mainz,Bayern Munich,0.975025,1.68693,23134,2023,https://understat.com/getLeagueData/Bundesliga/2023,2023-10-21,True
2023-10-21,Union Berlin,Stuttgart,0.573025,1.87513,23129,2023,https://understat.com/getLeagueData/Bundesliga/2023,2023-10-21,True
2023-10-21,Wolfsburg,Leverkusen,1.3318,2.27695,23131,2023,https://understat.com/getLeagueData/Bundesliga/2023,2023-10-21,True
2023-10-22,FC Koln,M'gladbach,2.72755,0.407008,23135,2023,https://understat.com/getLeagueData/Bundesliga/2023,2023-10-22,True
2023-10-22,Heidenheim,Augsburg,1.99327,2.82353,23136,2023,https://understat.com/getLeagueData/Bundesliga/2023,2023-10-22,True
2023-10-27,Bochum,Mainz,2.13405,0.443599,23143,2023,https://understat.com/getLeagueData/Bundesliga/2023,2023-10-27,True
2023-10-28,Augsburg,Wolfsburg,1.59374,1.25516,23144,2023,https://understat.com/getLeagueData/Bundesliga/2023,2023-10-28,True
2023-10-28,Bayern Munich,Darmstadt,5.884,0.924873,23137,2023,https://understat.com/getLeagueData/Bundesliga/2023,2023-10-28,True
2023-10-28,M'gladbach,Heidenheim,0.981009,0.395956,23141,2023,https://understat.com/getLeagueData/Bundesliga/2023,2023-10-28,True
2023-10-28,RB Leipzig,FC Koln,4.85886,1.32863,23138,2023,https://understat.com/getLeagueData/Bundesliga/2023,2023-10-28,True
2023-10-28,Stuttgart,Hoffenheim,3.15109,1.74412,23145,2023,https://understat.com/getLeagueData/Bundesliga/2023,2023-10-28,True
2023-10-28,Werder Bremen,Union Berlin,0.690799,0.368624,23142,2023,https://understat.com/getLeagueData/Bundesliga/2023,2023-10-28,True
2023-10-29,Ein Frankfurt,Dortmund,3.67492,2.41687,23140,2023,https://understat.com/getLeagueData/Bundesliga/2023,2023-10-29,True
2023-10-29,Leverkusen,Freiburg,1.60773,1.02333,23139,2023,https://understat.com/getLeagueData/Bundesliga/2023,2023-10-29,True
2023-11-03,Darmstadt,Bochum,0.854923,1.56273,23154,2023,https://understat.com/getLeagueData/Bundesliga/2023,2023-11-03,True
2023-11-04,Dortmund,Bayern Munich,1.47623,2.86067,23146,2023,https://understat.com/getLeagueData/Bundesliga/2023,2023-11-04,True
2023-11-04,FC Koln,Augsburg,2.22618,2.54685,23151,2023,https://understat.com/getLeagueData/Bundesliga/2023,2023-11-04,True
2023-11-04,Freiburg,M'gladbach,3.3903,1.92375,23148,2023,https://understat.com/getLeagueData/Bundesliga/2023,2023-11-04,True
2023-11-04,Hoffenheim,Leverkusen,1.27214,1.05046,23152,2023,https://understat.com/getLeagueData/Bundesliga/2023,2023-11-04,True
2023-11-04,Mainz,RB Leipzig,1.49686,0.507864,23150,2023,https://understat.com/getLeagueData/Bundesliga/2023,2023-11-04,True
2023-11-04,Union Berlin,Ein Frankfurt,1.066,1.56887,23147,2023,https://understat.com/getLeagueData/Bundesliga/2023,2023-11-04,True
2023-11-05,Heidenheim,Stuttgart,0.78335,2.57296,23153,2023,https://understat.com/getLeagueData/Bundesliga/2023,2023-11-05,True
2023-11-05,Wolfsburg,Werder Bremen,1.81371,1.40324,23149,2023,https://understat.com/getLeagueData/Bundesliga/2023,2023-11-05,True
2023-11-10,M'gladbach,Wolfsburg,2.094,0.500797,23158,2023,https://understat.com/getLeagueData/Bundesliga/2023,2023-11-10,True
2023-11-11,Augsburg,Hoffenheim,0.937133,0.897413,23161,2023,https://understat.com/getLeagueData/Bundesliga/2023,2023-11-11,True
2023-11-11,Bayern Munich,Heidenheim,2.60786,1.04526,23155,2023,https://understat.com/getLeagueData/Bundesliga/2023,2023-11-11,True
2023-11-11,Bochum,FC Koln,5.05629,1.07591,23160,2023,https://understat.com/getLeagueData/Bundesliga/2023,2023-11-11,True
2023-11-11,Darmstadt,Mainz,0.449952,0.624718,23163,2023,https://understat.com/getLeagueData/Bundesliga/2023,2023-11-11,True
2023-11-11,Stuttgart,Dortmund,4.1718,0.7643,23162,2023,https://understat.com/getLeagueData/Bundesliga/2023,2023-11-11,True
2023-11-12,Leverkusen,Union Berlin,3.04223,0.0283806,23157,2023,https://understat.com/getLeagueData/Bundesliga/2023,2023-11-12,True
2023-11-12,RB Leipzig,Freiburg,1.90144,0.398988,23156,2023,https://understat.com/getLeagueData/Bundesliga/2023,2023-11-12,True
2023-11-12,Werder Bremen,Ein Frankfurt,1.93909,2.02339,23159,2023,https://understat.com/getLeagueData/Bundesliga/2023,2023-11-12,True
2023-11-24,FC Koln,Bayern Munich,0.189125,3.8999,23169,2023,https://understat.com/getLeagueData/Bundesliga/2023,2023-11-24,True
2023-11-25,Dortmund,M'gladbach,3.36754,0.789918,23164,2023,https://understat.com/getLeagueData/Bundesliga/2023,2023-11-25,True
2023-11-25,Ein Frankfurt,Stuttgart,0.787582,2.29764,23167,2023,https://understat.com/getLeagueData/Bundesliga/2023,2023-11-25,True
2023-11-25,Freiburg,Darmstadt,1.34505,0.34181,23166,2023,https://understat.com/getLeagueData/Bundesliga/2023,2023-11-25,True
2023-11-25,Union Berlin,Augsburg,2.40798,1.84043,23165,2023,https://understat.com/getLeagueData/Bundesliga/2023,2023-11-25,True
2023-11-25,Werder Bremen,Leverkusen,0.306657,1.7528,23171,2023,https://understat.com/getLeagueData/Bundesliga/2023,2023-11-25,True
2023-11-25,Wolfsburg,RB Leipzig,0.634004,2.90646,23168,2023,https://understat.com/getLeagueData/Bundesliga/2023,2023-11-25,True
2023-11-26,Heidenheim,Bochum,0.748895,0.359399,23172,2023,https://understat.com/getLeagueData/Bundesliga/2023,2023-11-26,True
2023-11-26,Hoffenheim,Mainz,0.7002,1.96701,23170,2023,https://understat.com/getLeagueData/Bundesliga/2023,2023-11-26,True
2023-12-01,Darmstadt,FC Koln,0.61755,1.30112,23181,2023,https://understat.com/getLeagueData/Bundesliga/2023,2023-12-01,True
2023-12-02,Bochum,Wolfsburg,2.07603,1.03452,23178,2023,https://understat.com/getLeagueData/Bundesliga/2023,2023-12-02,True
2023-12-02,M'gladbach,Hoffenheim,1.60234,1.33696,23177,2023,https://understat.com/getLeagueData/Bundesliga/2023,2023-12-02,True
2023-12-02,RB Leipzig,Heidenheim,4.71075,1.17851,23174,2023,https://understat.com/getLeagueData/Bundesliga/2023,2023-12-02,True
2023-12-02,Stuttgart,Werder Bremen,4.01803,0.65905,23180,2023,https://understat.com/getLeagueData/Bundesliga/2023,2023-12-02,True
2023-12-03,Augsburg,Ein Frankfurt,1.95055,0.906933,23179,2023,https://understat.com/getLeagueData/Bundesliga/2023,2023-12-03,True
2023-12-03,Leverkusen,Dortmund,1.96389,1.26088,23175,2023,https://understat.com/getLeagueData/Bundesliga/2023,2023-12-03,True
2023-12-03,Mainz,Freiburg,2.86869,1.34097,23176,2023,https://understat.com/getLeagueData/Bundesliga/2023,2023-12-03,True
2023-12-08,Hoffenheim,Bochum,2.27533,1.82523,23187,2023,https://understat.com/getLeagueData/Bundesliga/2023,2023-12-08,True
2023-12-09,Dortmund,RB Leipzig,1.71347,3.63569,23182,2023,https://understat.com/getLeagueData/Bundesliga/2023,2023-12-09,True
2023-12-09,Ein Frankfurt,Bayern Munich,1.84651,2.59277,23184,2023,https://understat.com/getLeagueData/Bundesliga/2023,2023-12-09,True
2023-12-09,Heidenheim,Darmstadt,1.86894,1.00759,23190,2023,https://understat.com/getLeagueData/Bundesliga/2023,2023-12-09,True
2023-12-09,Union Berlin,M'gladbach,2.5675,1.03267,23183,2023,https://understat.com/getLeagueData/Bundesliga/2023,2023-12-09,True
2023-12-09,Werder Bremen,Augsburg,1.84577,0.627715,23188,2023,https://understat.com/getLeagueData/Bundesliga/2023,2023-12-09,True
2023-12-09,Wolfsburg,Freiburg,1.32934,0.511263,23185,2023,https://understat.com/getLeagueData/Bundesliga/2023,2023-12-09,True
2023-12-10,FC Koln,Mainz,0.248621,1.87569,23186,2023,https://understat.com/getLeagueData/Bundesliga/2023,2023-12-10,True
2023-12-10,Stuttgart,Leverkusen,2.61136,1.47429,23189,2023,https://understat.com/getLeagueData/Bundesliga/2023,2023-12-10,True
2023-12-15,M'gladbach,Werder Bremen,1.20813,1.64723,23196,2023,https://understat.com/getLeagueData/Bundesliga/2023,2023-12-15,True
2023-12-16,Augsburg,Dortmund,1.509,2.02537,23198,2023,https://understat.com/getLeagueData/Bundesliga/2023,2023-12-16,True
2023-12-16,Bochum,Union Berlin,3.57797,0.670719,23197,2023,https://understat.com/getLeagueData/Bundesliga/2023,2023-12-16,True
2023-12-16,Darmstadt,Wolfsburg,0.942093,0.587028,23199,2023,https://understat.com/getLeagueData/Bundesliga/2023,2023-12-16,True
2023-12-16,Mainz,Heidenheim,1.21178,0.756363,23195,2023,https://understat.com/getLeagueData/Bundesliga/2023,2023-12-16,True
2023-12-16,RB Leipzig,Hoffenheim,2.91669,1.04243,23192,2023,https://understat.com/getLeagueData/Bundesliga/2023,2023-12-16,True
2023-12-17,Bayern Munich,Stuttgart,3.41522,0.309157,23191,2023,https://understat.com/getLeagueData/Bundesliga/2023,2023-12-17,True
2023-12-17,Freiburg,FC Koln,3.46957,1.24601,23193,2023,https://understat.com/getLeagueData/Bundesliga/2023,2023-12-17,True
2023-12-17,Leverkusen,Ein Frankfurt,2.4919,0.205245,23194,2023,https://understat.com/getLeagueData/Bundesliga/2023,2023-12-17,True
2023-12-19,Dortmund,Mainz,1.33337,1.06262,23200,2023,https://understat.com/getLeagueData/Bundesliga/2023,2023-12-19,True
2023-12-19,Hoffenheim,Darmstadt,2.81806,0.952662,23205,2023,https://understat.com/getLeagueData/Bundesliga/2023,2023-12-19,True
2023-12-19,Werder Bremen,RB Leipzig,1.48185,1.99449,23206,2023,https://understat.com/getLeagueData/Bundesliga/2023,2023-12-19,True
2023-12-20,Ein Frankfurt,M'gladbach,1.53912,0.552196,23203,2023,https://understat.com/getLeagueData/Bundesliga/2023,2023-12-20,True
2023-12-20,Heidenheim,Freiburg,1.75628,1.59052,23208,2023,https://understat.com/getLeagueData/Bundesliga/2023,2023-12-20,True
2023-12-20,Leverkusen,Bochum,3.32375,0.325421,23202,2023,https://understat.com/getLeagueData/Bundesliga/2023,2023-12-20,True
2023-12-20,Stuttgart,Augsburg,2.65007,0.224572,23207,2023,https://understat.com/getLeagueData/Bundesliga/2023,2023-12-20,True
2023-12-20,Union Berlin,FC Koln,1.86539,0.897866,23201,2023,https://understat.com/getLeagueData/Bundesliga/2023,2023-12-20,True
2023-12-20,Wolfsburg,Bayern Munich,0.313193,3.15053,23204,2023,https://understat.com/getLeagueData/Bundesliga/2023,2023-12-20,True
2024-01-12,Bayern Munich,Hoffenheim,3.4164,1.61888,23209,2023,https://understat.com/getLeagueData/Bundesliga/2023,2024-01-12,True
2024-01-13,Augsburg,Leverkusen,0.445211,2.31757,23216,2023,https://understat.com/getLeagueData/Bundesliga/2023,2024-01-13,True
2024-01-13,Darmstadt,Dortmund,0.825788,3.14682,23217,2023,https://understat.com/getLeagueData/Bundesliga/2023,2024-01-13,True
2024-01-13,FC Koln,Heidenheim,0.641578,1.27869,23214,2023,https://understat.com/getLeagueData/Bundesliga/2023,2024-01-13,True
2024-01-13,Freiburg,Union Berlin,2.1675,0.424997,23211,2023,https://understat.com/getLeagueData/Bundesliga/2023,2024-01-13,True
2024-01-13,Mainz,Wolfsburg,0.366084,0.419404,23212,2023,https://understat.com/getLeagueData/Bundesliga/2023,2024-01-13,True
2024-01-13,RB Leipzig,Ein Frankfurt,2.67312,1.07791,23210,2023,https://understat.com/getLeagueData/Bundesliga/2023,2024-01-13,True
2024-01-14,Bochum,Werder Bremen,1.24017,0.934194,23215,2023,https://understat.com/getLeagueData/Bundesliga/2023,2024-01-14,True
2024-01-14,M'gladbach,Stuttgart,2.02288,1.24703,23213,2023,https://understat.com/getLeagueData/Bundesliga/2023,2024-01-14,True
2024-01-20,Bochum,Stuttgart,0.71453,1.99316,23224,2023,https://understat.com/getLeagueData/Bundesliga/2023,2024-01-20,True
2024-01-20,Darmstadt,Ein Frankfurt,1.3877,1.28892,23226,2023,https://understat.com/getLeagueData/Bundesliga/2023,2024-01-20,True
2024-01-20,FC Koln,Dortmund,1.3929,3.48032,23223,2023,https://understat.com/getLeagueData/Bundesliga/2023,2024-01-20,True
2024-01-20,Freiburg,Hoffenheim,2.47971,1.76349,23220,2023,https://understat.com/getLeagueData/Bundesliga/2023,2024-01-20,True
2024-01-20,Heidenheim,Wolfsburg,1.19211,1.22104,23225,2023,https://understat.com/getLeagueData/Bundesliga/2023,2024-01-20,True
2024-01-20,RB Leipzig,Leverkusen,1.59453,2.17224,23219,2023,https://understat.com/getLeagueData/Bundesliga/2023,2024-01-20,True
2024-01-21,Bayern Munich,Werder Bremen,1.54562,0.429252,23218,2023,https://understat.com/getLeagueData/Bundesliga/2023,2024-01-21,True
2024-01-21,M'gladbach,Augsburg,1.87919,1.61193,23222,2023,https://understat.com/getLeagueData/Bundesliga/2023,2024-01-21,True
2024-01-24,Bayern Munich,Union Berlin,2.172,0.477644,23173,2023,https://understat.com/getLeagueData/Bundesliga/2023,2024-01-24,True
2024-01-26,Ein Frankfurt,Mainz,1.13826,0.815239,23230,2023,https://understat.com/getLeagueData/Bundesliga/2023,2024-01-26,True
2024-01-27,Augsburg,Bayern Munich,2.68517,2.27504,23234,2023,https://understat.com/getLeagueData/Bundesliga/2023,2024-01-27,True
2024-01-27,Hoffenheim,Heidenheim,3.23703,1.10065,23232,2023,https://understat.com/getLeagueData/Bundesliga/2023,2024-01-27,True
2024-01-27,Leverkusen,M'gladbach,3.32828,0.278864,23229,2023,https://understat.com/getLeagueData/Bundesliga/2023,2024-01-27,True
2024-01-27,Stuttgart,RB Leipzig,3.13056,0.495967,23235,2023,https://understat.com/getLeagueData/Bundesliga/2023,2024-01-27,True
2024-01-27,Werder Bremen,Freiburg,2.33032,1.33739,23233,2023,https://understat.com/getLeagueData/Bundesliga/2023,2024-01-27,True
2024-01-27,Wolfsburg,FC Koln,2.13999,0.365929,23231,2023,https://understat.com/getLeagueData/Bundesliga/2023,2024-01-27,True
2024-01-28,Dortmund,Bochum,3.09919,0.388377,23227,2023,https://understat.com/getLeagueData/Bundesliga/2023,2024-01-28,True
2024-01-28,Union Berlin,Darmstadt,3.54733,1.00135,23228,2023,https://understat.com/getLeagueData/Bundesliga/2023,2024-01-28,True
2024-02-02,Heidenheim,Dortmund,1.00945,0.8117,23243,2023,https://understat.com/getLeagueData/Bundesliga/2023,2024-02-02,True
2024-02-03,Bayern Munich,M'gladbach,2.58401,0.780069,23236,2023,https://understat.com/getLeagueData/Bundesliga/2023,2024-02-03,True
2024-02-03,Bochum,Augsburg,1.16731,1.39431,23242,2023,https://understat.com/getLeagueData/Bundesliga/2023,2024-02-03,True
2024-02-03,Darmstadt,Leverkusen,0.432778,2.18207,23244,2023,https://understat.com/getLeagueData/Bundesliga/2023,2024-02-03,True
2024-02-03,FC Koln,Ein Frankfurt,2.09653,1.16049,23241,2023,https://understat.com/getLeagueData/Bundesliga/2023,2024-02-03,True
2024-02-03,Freiburg,Stuttgart,1.15964,2.73728,23238,2023,https://understat.com/getLeagueData/Bundesliga/2023,2024-02-03,True
2024-02-03,Mainz,Werder Bremen,1.04044,0.395044,23240,2023,https://understat.com/getLeagueData/Bundesliga/2023,2024-02-03,True
2024-02-04,RB Leipzig,Union Berlin,1.7598,0.65912,23237,2023,https://understat.com/getLeagueData/Bundesliga/2023,2024-02-04,True
2024-02-04,Wolfsburg,Hoffenheim,1.60418,1.93269,23239,2023,https://understat.com/getLeagueData/Bundesliga/2023,2024-02-04,True
2024-02-07,Mainz,Union Berlin,1.37814,1.53583,23221,2023,https://understat.com/getLeagueData/Bundesliga/2023,2024-02-07,True
2024-02-09,Dortmund,Freiburg,3.21996,0.230074,23246,2023,https://understat.com/getLeagueData/Bundesliga/2023,2024-02-09,True
2024-02-10,Augsburg,RB Leipzig,0.965916,1.78901,23251,2023,https://understat.com/getLeagueData/Bundesliga/2023,2024-02-10,True
2024-02-10,Ein Frankfurt,Bochum,2.44154,1.27691,23252,2023,https://understat.com/getLeagueData/Bundesliga/2023,2024-02-10,True
2024-02-10,Leverkusen,Bayern Munich,1.22993,0.710198,23250,2023,https://understat.com/getLeagueData/Bundesliga/2023,2024-02-10,True
2024-02-10,M'gladbach,Darmstadt,1.47353,0.817722,23245,2023,https://understat.com/getLeagueData/Bundesliga/2023,2024-02-10,True
2024-02-10,Union Berlin,Wolfsburg,0.575454,1.08099,23248,2023,https://understat.com/getLeagueData/Bundesliga/2023,2024-02-10,True
2024-02-10,Werder Bremen,Heidenheim,1.62589,2.1722,23249,2023,https://understat.com/getLeagueData/Bundesliga/2023,2024-02-10,True
2024-02-11,Hoffenheim,FC Koln,0.726907,0.172441,23247,2023,https://understat.com/getLeagueData/Bundesliga/2023,2024-02-11,True
2024-02-11,Stuttgart,Mainz,2.17007,1.61535,23253,2023,https://understat.com/getLeagueData/Bundesliga/2023,2024-02-11,True
2024-02-16,FC Koln,Werder Bremen,0.627448,1.35198,23258,2023,https://understat.com/getLeagueData/Bundesliga/2023,2024-02-16,True
2024-02-17,Darmstadt,Stuttgart,2.66748,1.74454,23262,2023,https://understat.com/getLeagueData/Bundesliga/2023,2024-02-17,True
2024-02-17,Heidenheim,Leverkusen,0.698981,1.87986,23261,2023,https://understat.com/getLeagueData/Bundesliga/2023,2024-02-17,True
2024-02-17,Hoffenheim,Union Berlin,1.24508,2.1649,23259,2023,https://understat.com/getLeagueData/Bundesliga/2023,2024-02-17,True
2024-02-17,Mainz,Augsburg,2.62289,0.612185,23257,2023,https://understat.com/getLeagueData/Bundesliga/2023,2024-02-17,True
2024-02-17,RB Leipzig,M'gladbach,1.49022,0.944074,23254,2023,https://understat.com/getLeagueData/Bundesliga/2023,2024-02-17,True
2024-02-17,Wolfsburg,Dortmund,2.11967,1.21109,23256,2023,https://understat.com/getLeagueData/Bundesliga/2023,2024-02-17,True
2024-02-18,Bochum,Bayern Munich,2.08495,2.86883,23260,2023,https://understat.com/getLeagueData/Bundesliga/2023,2024-02-18,True
2024-02-18,Freiburg,Ein Frankfurt,2.77236,1.35483,23255,2023,https://understat.com/getLeagueData/Bundesliga/2023,2024-02-18,True
2024-02-23,Leverkusen,Mainz,1.47222,0.471019,23268,2023,https://understat.com/getLeagueData/Bundesliga/2023,2024-02-23,True
2024-02-24,Bayern Munich,RB Leipzig,1.83179,0.57703,23271,2023,https://understat.com/getLeagueData/Bundesliga/2023,2024-02-24,True
2024-02-24,M'gladbach,Bochum,3.64941,2.13723,23266,2023,https://understat.com/getLeagueData/Bundesliga/2023,2024-02-24,True
2024-02-24,Stuttgart,FC Koln,1.87785,1.43669,23263,2023,https://understat.com/getLeagueData/Bundesliga/2023,2024-02-24,True
2024-02-24,Union Berlin,Heidenheim,1.20933,1.33022,23269,2023,https://understat.com/getLeagueData/Bundesliga/2023,2024-02-24,True
2024-02-24,Werder Bremen,Darmstadt,1.5891,0.890186,23265,2023,https://understat.com/getLeagueData/Bundesliga/2023,2024-02-24,True
2024-02-25,Augsburg,Freiburg,2.40818,1.42649,23264,2023,https://understat.com/getLeagueData/Bundesliga/2023,2024-02-25,True
2024-02-25,Dortmund,Hoffenheim,3.06361,1.31588,23270,2023,https://understat.com/getLeagueData/Bundesliga/2023,2024-02-25,True
2024-02-25,Ein Frankfurt,Wolfsburg,1.53623,1.18165,23267,2023,https://understat.com/getLeagueData/Bundesliga/2023,2024-02-25,True
2024-03-01,Freiburg,Bayern Munich,1.53977,2.4424,23273,2023,https://understat.com/getLeagueData/Bundesliga/2023,2024-03-01,True
2024-03-02,Bochum,RB Leipzig,0.562887,2.11704,23278,2023,https://understat.com/getLeagueData/Bundesliga/2023,2024-03-02,True
2024-03-02,Darmstadt,Augsburg,1.113,3.39611,23280,2023,https://understat.com/getLeagueData/Bundesliga/2023,2024-03-02,True
2024-03-02,Heidenheim,Ein Frankfurt,0.847831,1.57778,23279,2023,https://understat.com/getLeagueData/Bundesliga/2023,2024-03-02,True
2024-03-02,Mainz,M'gladbach,1.08864,1.55082,23275,2023,https://understat.com/getLeagueData/Bundesliga/2023,2024-03-02,True
2024-03-02,Union Berlin,Dortmund,0.999042,1.63921,23272,2023,https://understat.com/getLeagueData/Bundesliga/2023,2024-03-02,True
2024-03-02,Wolfsburg,Stuttgart,0.964288,1.04058,23274,2023,https://understat.com/getLeagueData/Bundesliga/2023,2024-03-02,True
2024-03-03,FC Koln,Leverkusen,1.29405,1.63841,23276,2023,https://understat.com/getLeagueData/Bundesliga/2023,2024-03-03,True
2024-03-03,Hoffenheim,Werder Bremen,2.06582,1.34942,23277,2023,https://understat.com/getLeagueData/Bundesliga/2023,2024-03-03,True
2024-03-08,Stuttgart,Union Berlin,1.30933,0.839212,23289,2023,https://understat.com/getLeagueData/Bundesliga/2023,2024-03-08,True
2024-03-09,Augsburg,Heidenheim,0.740927,0.267511,23288,2023,https://understat.com/getLeagueData/Bundesliga/2023,2024-03-09,True
2024-03-09,Bayern Munich,Mainz,6.78137,1.07439,23281,2023,https://understat.com/getLeagueData/Bundesliga/2023,2024-03-09,True
2024-03-09,M'gladbach,FC Koln,2.54696,0.924707,23285,2023,https://understat.com/getLeagueData/Bundesliga/2023,2024-03-09,True
2024-03-09,RB Leipzig,Darmstadt,4.25377,0.394275,23282,2023,https://understat.com/getLeagueData/Bundesliga/2023,2024-03-09,True
2024-03-09,Werder Bremen,Dortmund,1.34789,1.23563,23286,2023,https://understat.com/getLeagueData/Bundesliga/2023,2024-03-09,True
2024-03-10,Bochum,Freiburg,1.28237,1.43573,23287,2023,https://understat.com/getLeagueData/Bundesliga/2023,2024-03-10,True
2024-03-10,Ein Frankfurt,Hoffenheim,3.53168,0.695868,23284,2023,https://understat.com/getLeagueData/Bundesliga/2023,2024-03-10,True
2024-03-10,Leverkusen,Wolfsburg,2.09982,0.354851,23283,2023,https://understat.com/getLeagueData/Bundesliga/2023,2024-03-10,True
2024-03-15,FC Koln,RB Leipzig,1.18251,3.92775,23295,2023,https://understat.com/getLeagueData/Bundesliga/2023,2024-03-15,True
2024-03-16,Darmstadt,Bayern Munich,1.2476,5.11913,23298,2023,https://understat.com/getLeagueData/Bundesliga/2023,2024-03-16,True
2024-03-16,Heidenheim,M'gladbach,1.61096,0.820339,23297,2023,https://understat.com/getLeagueData/Bundesliga/2023,2024-03-16,True
2024-03-16,Hoffenheim,Stuttgart,0.229186,3.1752,23296,2023,https://understat.com/getLeagueData/Bundesliga/2023,2024-03-16,True
2024-03-16,Mainz,Bochum,2.33802,0.590727,23294,2023,https://understat.com/getLeagueData/Bundesliga/2023,2024-03-16,True
2024-03-16,Union Berlin,Werder Bremen,1.42836,0.833042,23291,2023,https://understat.com/getLeagueData/Bundesliga/2023,2024-03-16,True
2024-03-16,Wolfsburg,Augsburg,1.67932,0.971481,23293,2023,https://understat.com/getLeagueData/Bundesliga/2023,2024-03-16,True
2024-03-17,Dortmund,Ein Frankfurt,2.83411,0.86903,23290,2023,https://understat.com/getLeagueData/Bundesliga/2023,2024-03-17,True
2024-03-17,Freiburg,Leverkusen,0.916618,2.50336,23292,2023,https://understat.com/getLeagueData/Bundesliga/2023,2024-03-17,True
2024-03-30,Bayern Munich,Dortmund,1.90876,1.25844,23299,2023,https://understat.com/getLeagueData/Bundesliga/2023,2024-03-30,True
2024-03-30,Ein Frankfurt,Union Berlin,1.3089,1.07679,23302,2023,https://understat.com/getLeagueData/Bundesliga/2023,2024-03-30,True
2024-03-30,Leverkusen,Hoffenheim,3.03672,0.657688,23301,2023,https://understat.com/getLeagueData/Bundesliga/2023,2024-03-30,True
2024-03-30,M'gladbach,Freiburg,1.84419,2.08769,23303,2023,https://understat.com/getLeagueData/Bundesliga/2023,2024-03-30,True
2024-03-30,RB Leipzig,Mainz,2.91967,1.00565,23300,2023,https://understat.com/getLeagueData/Bundesliga/2023,2024-03-30,True
2024-03-30,Werder Bremen,Wolfsburg,0.738782,2.44615,23304,2023,https://understat.com/getLeagueData/Bundesliga/2023,2024-03-30,True
2024-03-31,Augsburg,FC Koln,2.13131,1.6795,23306,2023,https://understat.com/getLeagueData/Bundesliga/2023,2024-03-31,True
2024-03-31,Bochum,Darmstadt,2.29251,0.879015,23305,2023,https://understat.com/getLeagueData/Bundesliga/2023,2024-03-31,True
2024-03-31,Stuttgart,Heidenheim,3.0588,1.62523,23307,2023,https://understat.com/getLeagueData/Bundesliga/2023,2024-03-31,True
2024-04-05,Ein Frankfurt,Werder Bremen,2.18898,1.60098,23311,2023,https://understat.com/getLeagueData/Bundesliga/2023,2024-04-05,True
2024-04-06,Dortmund,Stuttgart,2.95333,1.82865,23308,2023,https://understat.com/getLeagueData/Bundesliga/2023,2024-04-06,True
2024-04-06,FC Koln,Bochum,1.23733,0.777136,23316,2023,https://understat.com/getLeagueData/Bundesliga/2023,2024-04-06,True
2024-04-06,Freiburg,RB Leipzig,1.55898,2.88698,23310,2023,https://understat.com/getLeagueData/Bundesliga/2023,2024-04-06,True
2024-04-06,Heidenheim,Bayern Munich,1.35048,2.12066,23315,2023,https://understat.com/getLeagueData/Bundesliga/2023,2024-04-06,True
2024-04-06,Mainz,Darmstadt,3.84973,0.558152,23313,2023,https://understat.com/getLeagueData/Bundesliga/2023,2024-04-06,True
2024-04-06,Union Berlin,Leverkusen,0.269865,2.7617,23309,2023,https://understat.com/getLeagueData/Bundesliga/2023,2024-04-06,True
2024-04-07,Hoffenheim,Augsburg,2.21977,0.806763,23314,2023,https://understat.com/getLeagueData/Bundesliga/2023,2024-04-07,True
2024-04-07,Wolfsburg,M'gladbach,1.26689,1.38704,23312,2023,https://understat.com/getLeagueData/Bundesliga/2023,2024-04-07,True
2024-04-12,Augsburg,Union Berlin,1.7073,1.55042,23323,2023,https://understat.com/getLeagueData/Bundesliga/2023,2024-04-12,True
2024-04-13,Bayern Munich,FC Koln,2.34705,0.766768,23317,2023,https://understat.com/getLeagueData/Bundesliga/2023,2024-04-13,True
2024-04-13,Bochum,Heidenheim,1.11714,1.40689,23322,2023,https://understat.com/getLeagueData/Bundesliga/2023,2024-04-13,True
2024-04-13,M'gladbach,Dortmund,1.17228,1.80703,23321,2023,https://understat.com/getLeagueData/Bundesliga/2023,2024-04-13,True
2024-04-13,Mainz,Hoffenheim,2.58388,0.529727,23320,2023,https://understat.com/getLeagueData/Bundesliga/2023,2024-04-13,True
2024-04-13,RB Leipzig,Wolfsburg,1.68139,0.323042,23318,2023,https://understat.com/getLeagueData/Bundesliga/2023,2024-04-13,True
2024-04-13,Stuttgart,Ein Frankfurt,1.26199,0.565621,23324,2023,https://understat.com/getLeagueData/Bundesliga/2023,2024-04-13,True
2024-04-14,Darmstadt,Freiburg,0.962275,1.34437,23325,2023,https://understat.com/getLeagueData/Bundesliga/2023,2024-04-14,True
2024-04-14,Leverkusen,Werder Bremen,3.33579,0.885426,23319,2023,https://understat.com/getLeagueData/Bundesliga/2023,2024-04-14,True
2024-04-19,Ein Frankfurt,Augsburg,1.88744,0.597958,23329,2023,https://understat.com/getLeagueData/Bundesliga/2023,2024-04-19,True
2024-04-20,FC Koln,Darmstadt,1.1117,1.95124,23331,2023,https://understat.com/getLeagueData/Bundesliga/2023,2024-04-20,True
2024-04-20,Heidenheim,RB Leipzig,1.35248,1.58114,23334,2023,https://understat.com/getLeagueData/Bundesliga/2023,2024-04-20,True
2024-04-20,Hoffenheim,M'gladbach,2.77278,1.36369,23332,2023,https://understat.com/getLeagueData/Bundesliga/2023,2024-04-20,True
2024-04-20,Union Berlin,Bayern Munich,1.06863,1.92795,23327,2023,https://understat.com/getLeagueData/Bundesliga/2023,2024-04-20,True
2024-04-20,Wolfsburg,Bochum,1.34814,1.37904,23330,2023,https://understat.com/getLeagueData/Bundesliga/2023,2024-04-20,True
2024-04-21,Dortmund,Leverkusen,0.773997,1.51278,23326,2023,https://understat.com/getLeagueData/Bundesliga/2023,2024-04-21,True
2024-04-21,Freiburg,Mainz,1.25572,1.47938,23328,2023,https://understat.com/getLeagueData/Bundesliga/2023,2024-04-21,True
2024-04-21,Werder Bremen,Stuttgart,1.40776,3.32355,23333,2023,https://understat.com/getLeagueData/Bundesliga/2023,2024-04-21,True
2024-04-26,Bochum,Hoffenheim,3.91029,1.28293,23341,2023,https://understat.com/getLeagueData/Bundesliga/2023,2024-04-26,True
2024-04-27,Augsburg,Werder Bremen,0.54257,2.53138,23342,2023,https://understat.com/getLeagueData/Bundesliga/2023,2024-04-27,True
2024-04-27,Bayern Munich,Ein Frankfurt,3.29649,0.392852,23335,2023,https://understat.com/getLeagueData/Bundesliga/2023,2024-04-27,True
2024-04-27,Freiburg,Wolfsburg,1.86256,0.583145,23337,2023,https://understat.com/getLeagueData/Bundesliga/2023,2024-04-27,True
2024-04-27,Leverkusen,Stuttgart,1.66579,2.02009,23338,2023,https://understat.com/getLeagueData/Bundesliga/2023,2024-04-27,True
2024-04-27,RB Leipzig,Dortmund,2.74912,1.7764,23336,2023,https://understat.com/getLeagueData/Bundesliga/2023,2024-04-27,True
2024-04-28,Darmstadt,Heidenheim,0.532047,1.49165,23343,2023,https://understat.com/getLeagueData/Bundesliga/2023,2024-04-28,True
2024-04-28,M'gladbach,Union Berlin,1.21021,1.11351,23340,2023,https://understat.com/getLeagueData/Bundesliga/2023,2024-04-28,True
2024-04-28,Mainz,FC Koln,1.88933,2.85686,23339,2023,https://understat.com/getLeagueData/Bundesliga/2023,2024-04-28,True
2024-05-03,Hoffenheim,RB Leipzig,1.80367,1.03434,23349,2023,https://understat.com/getLeagueData/Bundesliga/2023,2024-05-03,True
2024-05-04,Dortmund,Augsburg,3.67101,2.56978,23344,2023,https://understat.com/getLeagueData/Bundesliga/2023,2024-05-04,True
2024-05-04,FC Koln,Freiburg,1.08936,1.12733,23348,2023,https://understat.com/getLeagueData/Bundesliga/2023,2024-05-04,True
2024-05-04,Stuttgart,Bayern Munich,2.0106,1.92761,23351,2023,https://understat.com/getLeagueData/Bundesliga/2023,2024-05-04,True
2024-05-04,Werder Bremen,M'gladbach,1.31618,2.28533,23350,2023,https://understat.com/getLeagueData/Bundesliga/2023,2024-05-04,True
2024-05-04,Wolfsburg,Darmstadt,3.16035,0.372357,23347,2023,https://understat.com/getLeagueData/Bundesliga/2023,2024-05-04,True
2024-05-05,Ein Frankfurt,Leverkusen,1.57584,3.11322,23346,2023,https://understat.com/getLeagueData/Bundesliga/2023,2024-05-05,True
2024-05-05,Heidenheim,Mainz,1.42565,2.2312,23352,2023,https://understat.com/getLeagueData/Bundesliga/2023,2024-05-05,True
2024-05-05,Union Berlin,Bochum,1.49561,1.84679,23345,2023,https://understat.com/getLeagueData/Bundesliga/2023,2024-05-05,True
2024-05-10,Augsburg,Stuttgart,0.562362,1.82603,23360,2023,https://understat.com/getLeagueData/Bundesliga/2023,2024-05-10,True
2024-05-11,FC Koln,Union Berlin,3.02417,1.66062,23358,2023,https://understat.com/getLeagueData/Bundesliga/2023,2024-05-11,True
2024-05-11,Freiburg,Heidenheim,1.8695,0.634464,23355,2023,https://understat.com/getLeagueData/Bundesliga/2023,2024-05-11,True
2024-05-11,M'gladbach,Ein Frankfurt,0.323547,2.33139,23357,2023,https://understat.com/getLeagueData/Bundesliga/2023,2024-05-11,True
2024-05-11,Mainz,Dortmund,3.05403,0.398966,23356,2023,https://understat.com/getLeagueData/Bundesliga/2023,2024-05-11,True
2024-05-11,RB Leipzig,Werder Bremen,1.60961,1.0305,23354,2023,https://understat.com/getLeagueData/Bundesliga/2023,2024-05-11,True
2024-05-12,Bayern Munich,Wolfsburg,0.37152,0.132383,23353,2023,https://understat.com/getLeagueData/Bundesliga/2023,2024-05-12,True
2024-05-12,Bochum,Leverkusen,0.221516,4.59495,23359,2023,https://understat.com/getLeagueData/Bundesliga/2023,2024-05-12,True
2024-05-12,Darmstadt,Hoffenheim,0.467229,3.67135,23361,2023,https://understat.com/getLeagueData/Bundesliga/2023,2024-05-12,True
2024-05-18,Dortmund,Darmstadt,3.0526,0.281801,23362,2023,https://understat.com/getLeagueData/Bundesliga/2023,2024-05-18,True
2024-05-18,Ein Frankfurt,RB Leipzig,2.62491,1.79078,23365,2023,https://understat.com/getLeagueData/Bundesliga/2023,2024-05-18,True
2024-05-18,Heidenheim,FC Koln,1.46315,2.70114,23370,2023,https://understat.com/getLeagueData/Bundesliga/2023,2024-05-18,True
2024-05-18,Hoffenheim,Bayern Munich,2.44188,1.69159,23367,2023,https://understat.com/getLeagueData/Bundesliga/2023,2024-05-18,True
2024-05-18,Leverkusen,Augsburg,2.40225,1.19936,23364,2023,https://understat.com/getLeagueData/Bundesliga/2023,2024-05-18,True
2024-05-18,Stuttgart,M'gladbach,2.1075,1.65395,23369,2023,https://understat.com/getLeagueData/Bundesliga/2023,2024-05-18,True
2024-05-18,Union Berlin,Freiburg,2.28943,0.963773,23363,2023,https://understat.com/getLeagueData/Bundesliga/2023,2024-05-18,True
2024-05-18,Werder Bremen,Bochum,3.80667,2.14301,23368,2023,https://understat.com/getLeagueData/Bundesliga/2023,2024-05-18,True
2024-05-18,Wolfsburg,Mainz,1.5246,2.37382,23366,2023,https://understat.com/getLeagueData/Bundesliga/2023,2024-05-18,True
2024-08-23,M'gladbach,Leverkusen,1.51665,3.23588,27742,2024,https://understat.com/getLeagueData/Bundesliga/2024,2024-08-23,True
2024-08-24,Augsburg,Werder Bremen,1.31571,1.54312,27746,2024,https://understat.com/getLeagueData/Bundesliga/2024,2024-08-24,True
2024-08-24,Dortmund,Ein Frankfurt,1.9263,1.15188,27748,2024,https://understat.com/getLeagueData/Bundesliga/2024,2024-08-24,True
2024-08-24,Freiburg,Stuttgart,3.0149,0.374185,27745,2024,https://understat.com/getLeagueData/Bundesliga/2024,2024-08-24,True
2024-08-24,Hoffenheim,Holstein Kiel,3.73706,1.97238,27744,2024,https://understat.com/getLeagueData/Bundesliga/2024,2024-08-24,True
2024-08-24,Mainz,Union Berlin,1.77023,0.731569,27747,2024,https://understat.com/getLeagueData/Bundesliga/2024,2024-08-24,True
2024-08-24,RB Leipzig,Bochum,0.937134,1.31541,27743,2024,https://understat.com/getLeagueData/Bundesliga/2024,2024-08-24,True
2024-08-25,St Pauli,Heidenheim,1.1609,1.16833,27750,2024,https://understat.com/getLeagueData/Bundesliga/2024,2024-08-25,True
2024-08-25,Wolfsburg,Bayern Munich,2.08125,2.17538,27749,2024,https://understat.com/getLeagueData/Bundesliga/2024,2024-08-25,True
2024-08-30,Union Berlin,St Pauli,1.0488,0.644857,27751,2024,https://understat.com/getLeagueData/Bundesliga/2024,2024-08-30,True
2024-08-31,Bochum,M'gladbach,0.918629,2.66887,27752,2024,https://understat.com/getLeagueData/Bundesliga/2024,2024-08-31,True
2024-08-31,Ein Frankfurt,Hoffenheim,2.68507,0.832386,27756,2024,https://understat.com/getLeagueData/Bundesliga/2024,2024-08-31,True
2024-08-31,Holstein Kiel,Wolfsburg,0.89489,1.4619,27754,2024,https://understat.com/getLeagueData/Bundesliga/2024,2024-08-31,True
2024-08-31,Leverkusen,RB Leipzig,3.42266,1.50532,27757,2024,https://understat.com/getLeagueData/Bundesliga/2024,2024-08-31,True
2024-08-31,Stuttgart,Mainz,4.2134,1.95179,27755,2024,https://understat.com/getLeagueData/Bundesliga/2024,2024-08-31,True
2024-08-31,Werder Bremen,Dortmund,0.278533,0.918302,27753,2024,https://understat.com/getLeagueData/Bundesliga/2024,2024-08-31,True
2024-09-01,Bayern Munich,Freiburg,1.62797,0.970892,27759,2024,https://understat.com/getLeagueData/Bundesliga/2024,2024-09-01,True
2024-09-01,Heidenheim,Augsburg,3.09376,0.641534,27758,2024,https://understat.com/getLeagueData/Bundesliga/2024,2024-09-01,True
2024-09-13,Dortmund,Heidenheim,2.84066,1.61406,27760,2024,https://understat.com/getLeagueData/Bundesliga/2024,2024-09-13,True
2024-09-14,Freiburg,Bochum,3.95617,1.10732,27762,2024,https://understat.com/getLeagueData/Bundesliga/2024,2024-09-14,True
2024-09-14,Hoffenheim,Leverkusen,1.06356,3.41829,27761,2024,https://understat.com/getLeagueData/Bundesliga/2024,2024-09-14,True
2024-09-14,Holstein Kiel,Bayern Munich,0.299776,4.13442,27766,2024,https://understat.com/getLeagueData/Bundesliga/2024,2024-09-14,True
2024-09-14,M'gladbach,Stuttgart,2.05136,2.7214,27765,2024,https://understat.com/getLeagueData/Bundesliga/2024,2024-09-14,True
2024-09-14,RB Leipzig,Union Berlin,1.29462,0.859112,27763,2024,https://understat.com/getLeagueData/Bundesliga/2024,2024-09-14,True
2024-09-14,Wolfsburg,Ein Frankfurt,1.23249,2.86858,27764,2024,https://understat.com/getLeagueData/Bundesliga/2024,2024-09-14,True
2024-09-15,Augsburg,St Pauli,2.61475,0.49314,27767,2024,https://understat.com/getLeagueData/Bundesliga/2024,2024-09-15,True
2024-09-15,Mainz,Werder Bremen,1.67115,1.8089,27768,2024,https://understat.com/getLeagueData/Bundesliga/2024,2024-09-15,True
2024-09-20,Augsburg,Mainz,2.79562,1.25788,27769,2024,https://understat.com/getLeagueData/Bundesliga/2024,2024-09-20,True
2024-09-21,Bochum,Holstein Kiel,1.32383,2.26878,27771,2024,https://understat.com/getLeagueData/Bundesliga/2024,2024-09-21,True
2024-09-21,Ein Frankfurt,M'gladbach,2.93252,1.19669,27774,2024,https://understat.com/getLeagueData/Bundesliga/2024,2024-09-21,True
2024-09-21,Heidenheim,Freiburg,0.379656,1.23884,27772,2024,https://understat.com/getLeagueData/Bundesliga/2024,2024-09-21,True
2024-09-21,Union Berlin,Hoffenheim,1.21587,0.378776,27770,2024,https://understat.com/getLeagueData/Bundesliga/2024,2024-09-21,True
2024-09-21,Werder Bremen,Bayern Munich,0.0,3.34451,27773,2024,https://understat.com/getLeagueData/Bundesliga/2024,2024-09-21,True
2024-09-22,Leverkusen,Wolfsburg,1.71874,0.836406,27775,2024,https://understat.com/getLeagueData/Bundesliga/2024,2024-09-22,True
2024-09-22,St Pauli,RB Leipzig,1.67285,0.841324,27777,2024,https://understat.com/getLeagueData/Bundesliga/2024,2024-09-22,True
2024-09-22,Stuttgart,Dortmund,3.56218,0.60692,27776,2024,https://understat.com/getLeagueData/Bundesliga/2024,2024-09-22,True
2024-09-27,Dortmund,Bochum,4.1712,1.02915,27778,2024,https://understat.com/getLeagueData/Bundesliga/2024,2024-09-27,True
2024-09-28,Bayern Munich,Leverkusen,1.19457,0.0870163,27784,2024,https://understat.com/getLeagueData/Bundesliga/2024,2024-09-28,True
2024-09-28,Freiburg,St Pauli,1.10172,1.40925,27779,2024,https://understat.com/getLeagueData/Bundesliga/2024,2024-09-28,True
2024-09-28,M'gladbach,Union Berlin,1.38305,0.731164,27782,2024,https://understat.com/getLeagueData/Bundesliga/2024,2024-09-28,True
2024-09-28,Mainz,Heidenheim,0.371434,1.09304,27781,2024,https://understat.com/getLeagueData/Bundesliga/2024,2024-09-28,True
2024-09-28,RB Leipzig,Augsburg,2.81593,1.07415,27783,2024,https://understat.com/getLeagueData/Bundesliga/2024,2024-09-28,True
2024-09-28,Wolfsburg,Stuttgart,1.0386,2.58036,27780,2024,https://understat.com/getLeagueData/Bundesliga/2024,2024-09-28,True
2024-09-29,Hoffenheim,Werder Bremen,1.78654,4.06917,27786,2024,https://understat.com/getLeagueData/Bundesliga/2024,2024-09-29,True
2024-09-29,Holstein Kiel,Ein Frankfurt,1.02971,2.43436,27785,2024,https://understat.com/getLeagueData/Bundesliga/2024,2024-09-29,True
2024-10-04,Augsburg,M'gladbach,1.75524,0.807021,27790,2024,https://understat.com/getLeagueData/Bundesliga/2024,2024-10-04,True
2024-10-05,Bochum,Wolfsburg,2.28586,2.37344,27792,2024,https://understat.com/getLeagueData/Bundesliga/2024,2024-10-05,True
2024-10-05,Leverkusen,Holstein Kiel,2.5839,1.98438,27794,2024,https://understat.com/getLeagueData/Bundesliga/2024,2024-10-05,True
2024-10-05,St Pauli,Mainz,0.805413,1.29606,27793,2024,https://understat.com/getLeagueData/Bundesliga/2024,2024-10-05,True
2024-10-05,Union Berlin,Dortmund,1.52691,0.748758,27791,2024,https://understat.com/getLeagueData/Bundesliga/2024,2024-10-05,True
2024-10-05,Werder Bremen,Freiburg,0.879674,1.58065,27789,2024,https://understat.com/getLeagueData/Bundesliga/2024,2024-10-05,True
2024-10-06,Ein Frankfurt,Bayern Munich,1.49515,2.83119,27787,2024,https://understat.com/getLeagueData/Bundesliga/2024,2024-10-06,True
2024-10-06,Heidenheim,RB Leipzig,1.08159,1.81585,27788,2024,https://understat.com/getLeagueData/Bundesliga/2024,2024-10-06,True
2024-10-06,Stuttgart,Hoffenheim,1.72567,0.893468,27795,2024,https://understat.com/getLeagueData/Bundesliga/2024,2024-10-06,True
2024-10-18,Dortmund,St Pauli,3.97161,1.07012,27798,2024,https://understat.com/getLeagueData/Bundesliga/2024,2024-10-18,True
2024-10-19,Bayern Munich,Stuttgart,3.61889,0.286656,27797,2024,https://understat.com/getLeagueData/Bundesliga/2024,2024-10-19,True
2024-10-19,Freiburg,Augsburg,1.07588,0.868723,27800,2024,https://understat.com/getLeagueData/Bundesliga/2024,2024-10-19,True
2024-10-19,Hoffenheim,Bochum,2.46268,2.3454,27799,2024,https://understat.com/getLeagueData/Bundesliga/2024,2024-10-19,True
2024-10-19,Leverkusen,Ein Frankfurt,4.07146,1.55158,27796,2024,https://understat.com/getLeagueData/Bundesliga/2024,2024-10-19,True
2024-10-19,M'gladbach,Heidenheim,4.14976,1.89766,27803,2024,https://understat.com/getLeagueData/Bundesliga/2024,2024-10-19,True
2024-10-19,Mainz,RB Leipzig,0.611288,2.16084,27802,2024,https://understat.com/getLeagueData/Bundesliga/2024,2024-10-19,True
2024-10-20,Holstein Kiel,Union Berlin,0.901058,1.2809,27804,2024,https://understat.com/getLeagueData/Bundesliga/2024,2024-10-20,True
2024-10-20,Wolfsburg,Werder Bremen,2.17351,2.14788,27801,2024,https://understat.com/getLeagueData/Bundesliga/2024,2024-10-20,True
2024-10-25,Mainz,M'gladbach,1.45557,0.934033,27810,2024,https://understat.com/getLeagueData/Bundesliga/2024,2024-10-25,True
2024-10-26,Augsburg,Dortmund,0.560509,0.776944,27809,2024,https://understat.com/getLeagueData/Bundesliga/2024,2024-10-26,True
2024-10-26,RB Leipzig,Freiburg,2.69047,1.75887,27806,2024,https://understat.com/getLeagueData/Bundesliga/2024,2024-10-26,True
2024-10-26,St Pauli,Wolfsburg,0.730167,0.940969,27813,2024,https://understat.com/getLeagueData/Bundesliga/2024,2024-10-26,True
2024-10-26,Stuttgart,Holstein Kiel,1.90999,0.680092,27805,2024,https://understat.com/getLeagueData/Bundesliga/2024,2024-10-26,True
2024-10-26,Werder Bremen,Leverkusen,1.78808,1.30852,27808,2024,https://understat.com/getLeagueData/Bundesliga/2024,2024-10-26,True
2024-10-27,Bochum,Bayern Munich,0.205046,3.1499,27812,2024,https://understat.com/getLeagueData/Bundesliga/2024,2024-10-27,True
2024-10-27,Heidenheim,Hoffenheim,1.57817,0.692793,27807,2024,https://understat.com/getLeagueData/Bundesliga/2024,2024-10-27,True
2024-10-27,Union Berlin,Ein Frankfurt,1.86305,1.54058,27811,2024,https://understat.com/getLeagueData/Bundesliga/2024,2024-10-27,True
2024-11-01,Leverkusen,Stuttgart,2.78287,0.223778,27814,2024,https://understat.com/getLeagueData/Bundesliga/2024,2024-11-01,True
2024-11-02,Bayern Munich,Union Berlin,2.76181,0.4664,27815,2024,https://understat.com/getLeagueData/Bundesliga/2024,2024-11-02,True
2024-11-02,Dortmund,RB Leipzig,3.30102,0.23928,27816,2024,https://understat.com/getLeagueData/Bundesliga/2024,2024-11-02,True
2024-11-02,Ein Frankfurt,Bochum,3.83028,2.08714,27817,2024,https://understat.com/getLeagueData/Bundesliga/2024,2024-11-02,True
2024-11-02,Hoffenheim,St Pauli,0.746379,1.1155,27818,2024,https://understat.com/getLeagueData/Bundesliga/2024,2024-11-02,True
2024-11-02,Holstein Kiel,Heidenheim,2.13316,1.27585,27822,2024,https://understat.com/getLeagueData/Bundesliga/2024,2024-11-02,True
2024-11-02,Wolfsburg,Augsburg,1.11324,0.499473,27820,2024,https://understat.com/getLeagueData/Bundesliga/2024,2024-11-02,True
2024-11-03,Freiburg,Mainz,0.463898,0.903716,27819,2024,https://understat.com/getLeagueData/Bundesliga/2024,2024-11-03,True
2024-11-03,M'gladbach,Werder Bremen,2.95668,1.30211,27821,2024,https://understat.com/getLeagueData/Bundesliga/2024,2024-11-03,True
2024-11-08,Union Berlin,Freiburg,0.801684,2.66619,27829,2024,https://understat.com/getLeagueData/Bundesliga/2024,2024-11-08,True
2024-11-09,Bochum,Leverkusen,0.777554,1.40554,27830,2024,https://understat.com/getLeagueData/Bundesliga/2024,2024-11-09,True
2024-11-09,Mainz,Dortmund,3.18749,0.845107,27828,2024,https://understat.com/getLeagueData/Bundesliga/2024,2024-11-09,True
2024-11-09,RB Leipzig,M'gladbach,0.849803,1.31521,27824,2024,https://understat.com/getLeagueData/Bundesliga/2024,2024-11-09,True
2024-11-09,St Pauli,Bayern Munich,0.0751538,1.67296,27831,2024,https://understat.com/getLeagueData/Bundesliga/2024,2024-11-09,True
2024-11-09,Werder Bremen,Holstein Kiel,2.26129,0.884231,27826,2024,https://understat.com/getLeagueData/Bundesliga/2024,2024-11-09,True
2024-11-10,Augsburg,Hoffenheim,0.970329,0.415649,27827,2024,https://understat.com/getLeagueData/Bundesliga/2024,2024-11-10,True
2024-11-10,Heidenheim,Wolfsburg,2.62448,1.55233,27825,2024,https://understat.com/getLeagueData/Bundesliga/2024,2024-11-10,True
2024-11-10,Stuttgart,Ein Frankfurt,2.81862,1.93894,27823,2024,https://understat.com/getLeagueData/Bundesliga/2024,2024-11-10,True
2024-11-22,Bayern Munich,Augsburg,4.02659,0.149096,27834,2024,https://understat.com/getLeagueData/Bundesliga/2024,2024-11-22,True
2024-11-23,Dortmund,Freiburg,1.49974,1.1957,27835,2024,https://understat.com/getLeagueData/Bundesliga/2024,2024-11-23,True
2024-11-23,Ein Frankfurt,Werder Bremen,1.47057,0.632819,27836,2024,https://understat.com/getLeagueData/Bundesliga/2024,2024-11-23,True
2024-11-23,Hoffenheim,RB Leipzig,2.60143,1.72976,27837,2024,https://understat.com/getLeagueData/Bundesliga/2024,2024-11-23,True
2024-11-23,Leverkusen,Heidenheim,2.02581,1.03141,27832,2024,https://understat.com/getLeagueData/Bundesliga/2024,2024-11-23,True
2024-11-23,Stuttgart,Bochum,2.05767,0.652259,27833,2024,https://understat.com/getLeagueData/Bundesliga/2024,2024-11-23,True
2024-11-23,Wolfsburg,Union Berlin,0.742754,0.63337,27838,2024,https://understat.com/getLeagueData/Bundesliga/2024,2024-11-23,True
2024-11-24,Holstein Kiel,Mainz,0.346026,2.13631,27840,2024,https://understat.com/getLeagueData/Bundesliga/2024,2024-11-24,True
2024-11-24,M'gladbach,St Pauli,2.99128,1.15234,27839,2024,https://understat.com/getLeagueData/Bundesliga/2024,2024-11-24,True
2024-11-29,St Pauli,Holstein Kiel,1.96179,1.1506,27849,2024,https://understat.com/getLeagueData/Bundesliga/2024,2024-11-30,True
2024-11-30,Augsburg,Bochum,2.15529,0.250706,27846,2024,https://understat.com/getLeagueData/Bundesliga/2024,2024-11-30,True
2024-11-30,Dortmund,Bayern Munich,0.55981,1.83117,27842,2024,https://understat.com/getLeagueData/Bundesliga/2024,2024-11-30,True
2024-11-30,Freiburg,M'gladbach,2.15426,1.27811,27845,2024,https://understat.com/getLeagueData/Bundesliga/2024,2024-11-30,True
2024-11-30,RB Leipzig,Wolfsburg,1.4486,2.69881,27841,2024,https://understat.com/getLeagueData/Bundesliga/2024,2024-11-30,True
2024-11-30,Union Berlin,Leverkusen,1.11328,0.906684,27848,2024,https://understat.com/getLeagueData/Bundesliga/2024,2024-11-30,True
2024-11-30,Werder Bremen,Stuttgart,2.14949,1.6651,27844,2024,https://understat.com/getLeagueData/Bundesliga/2024,2024-11-30,True
2024-12-01,Heidenheim,Ein Frankfurt,0.861094,3.19019,27843,2024,https://understat.com/getLeagueData/Bundesliga/2024,2024-12-01,True
2024-12-01,Mainz,Hoffenheim,2.62793,0.814599,27847,2024,https://understat.com/getLeagueData/Bundesliga/2024,2024-12-01,True
2024-12-06,Stuttgart,Union Berlin,1.81349,1.86301,27851,2024,https://understat.com/getLeagueData/Bundesliga/2024,2024-12-06,True
2024-12-07,Bayern Munich,Heidenheim,3.08538,1.16879,27857,2024,https://understat.com/getLeagueData/Bundesliga/2024,2024-12-07,True
2024-12-07,Bochum,Werder Bremen,1.16256,1.20754,27855,2024,https://understat.com/getLeagueData/Bundesliga/2024,2024-12-07,True
2024-12-07,Ein Frankfurt,Augsburg,1.53465,1.17089,27858,2024,https://understat.com/getLeagueData/Bundesliga/2024,2024-12-07,True
2024-12-07,Holstein Kiel,RB Leipzig,1.14963,1.72704,27856,2024,https://understat.com/getLeagueData/Bundesliga/2024,2024-12-07,True
2024-12-07,Leverkusen,St Pauli,0.729523,2.18395,27850,2024,https://understat.com/getLeagueData/Bundesliga/2024,2024-12-07,True
2024-12-07,M'gladbach,Dortmund,1.10194,1.58856,27854,2024,https://understat.com/getLeagueData/Bundesliga/2024,2024-12-07,True
2024-12-08,Hoffenheim,Freiburg,1.49449,1.53138,27852,2024,https://understat.com/getLeagueData/Bundesliga/2024,2024-12-08,True
2024-12-08,Wolfsburg,Mainz,1.48692,3.02237,27853,2024,https://understat.com/getLeagueData/Bundesliga/2024,2024-12-08,True
2024-12-13,Freiburg,Wolfsburg,2.96777,1.85123,27862,2024,https://understat.com/getLeagueData/Bundesliga/2024,2024-12-13,True
2024-12-14,Augsburg,Leverkusen,0.43671,1.02095,27863,2024,https://understat.com/getLeagueData/Bundesliga/2024,2024-12-14,True
2024-12-14,M'gladbach,Holstein Kiel,2.33425,0.323948,27865,2024,https://understat.com/getLeagueData/Bundesliga/2024,2024-12-14,True
2024-12-14,Mainz,Bayern Munich,1.64219,0.992002,27864,2024,https://understat.com/getLeagueData/Bundesliga/2024,2024-12-14,True
2024-12-14,St Pauli,Werder Bremen,0.515437,0.986101,27867,2024,https://understat.com/getLeagueData/Bundesliga/2024,2024-12-14,True
2024-12-14,Union Berlin,Bochum,3.0131,1.23723,27866,2024,https://understat.com/getLeagueData/Bundesliga/2024,2024-12-14,True
2024-12-15,Dortmund,Hoffenheim,0.433347,1.31436,27860,2024,https://understat.com/getLeagueData/Bundesliga/2024,2024-12-15,True
2024-12-15,Heidenheim,Stuttgart,0.808275,3.46171,27861,2024,https://understat.com/getLeagueData/Bundesliga/2024,2024-12-15,True
2024-12-15,RB Leipzig,Ein Frankfurt,2.4958,0.839379,27859,2024,https://understat.com/getLeagueData/Bundesliga/2024,2024-12-15,True
2024-12-20,Bayern Munich,RB Leipzig,4.35715,0.552564,27870,2024,https://understat.com/getLeagueData/Bundesliga/2024,2024-12-20,True
2024-12-21,Ein Frankfurt,Mainz,2.58915,0.753285,27871,2024,https://understat.com/getLeagueData/Bundesliga/2024,2024-12-21,True
2024-12-21,Hoffenheim,M'gladbach,3.7229,0.490494,27872,2024,https://understat.com/getLeagueData/Bundesliga/2024,2024-12-21,True
2024-12-21,Holstein Kiel,Augsburg,2.48595,1.13064,27876,2024,https://understat.com/getLeagueData/Bundesliga/2024,2024-12-21,True
2024-12-21,Leverkusen,Freiburg,3.25968,1.34161,27868,2024,https://understat.com/getLeagueData/Bundesliga/2024,2024-12-21,True
2024-12-21,Stuttgart,St Pauli,2.41593,2.57781,27869,2024,https://understat.com/getLeagueData/Bundesliga/2024,2024-12-21,True
2024-12-21,Werder Bremen,Union Berlin,2.73356,1.64107,27873,2024,https://understat.com/getLeagueData/Bundesliga/2024,2024-12-21,True
2024-12-22,Bochum,Heidenheim,1.68369,0.512353,27875,2024,https://understat.com/getLeagueData/Bundesliga/2024,2024-12-22,True
2024-12-22,Wolfsburg,Dortmund,1.95337,2.4116,27874,2024,https://understat.com/getLeagueData/Bundesliga/2024,2024-12-22,True
2025-01-10,Dortmund,Leverkusen,1.48663,1.8834,27878,2024,https://understat.com/getLeagueData/Bundesliga/2024,2025-01-10,True
2025-01-11,Freiburg,Holstein Kiel,0.750017,1.66855,27881,2024,https://understat.com/getLeagueData/Bundesliga/2024,2025-01-11,True
2025-01-11,Heidenheim,Union Berlin,1.75563,1.03435,27880,2024,https://understat.com/getLeagueData/Bundesliga/2024,2025-01-11,True
2025-01-11,Hoffenheim,Wolfsburg,1.18042,1.49127,27879,2024,https://understat.com/getLeagueData/Bundesliga/2024,2025-01-11,True
2025-01-11,M'gladbach,Bayern Munich,0.326195,4.47736,27884,2024,https://understat.com/getLeagueData/Bundesliga/2024,2025-01-11,True
2025-01-11,Mainz,Bochum,1.7238,0.697735,27883,2024,https://understat.com/getLeagueData/Bundesliga/2024,2025-01-11,True
2025-01-11,St Pauli,Ein Frankfurt,2.5542,2.23689,27885,2024,https://understat.com/getLeagueData/Bundesliga/2024,2025-01-11,True
2025-01-12,Augsburg,Stuttgart,0.339144,2.61617,27882,2024,https://understat.com/getLeagueData/Bundesliga/2024,2025-01-12,True
2025-01-12,RB Leipzig,Werder Bremen,2.65039,1.32687,27877,2024,https://understat.com/getLeagueData/Bundesliga/2024,2025-01-12,True
2025-01-14,Ein Frankfurt,Freiburg,2.82238,0.587762,27889,2024,https://understat.com/getLeagueData/Bundesliga/2024,2025-01-14,True
2025-01-14,Holstein Kiel,Dortmund,1.95929,1.16391,27894,2024,https://understat.com/getLeagueData/Bundesliga/2024,2025-01-14,True
2025-01-14,Leverkusen,Mainz,1.99412,0.603471,27886,2024,https://understat.com/getLeagueData/Bundesliga/2024,2025-01-14,True
2025-01-14,Wolfsburg,M'gladbach,3.72762,0.856948,27891,2024,https://understat.com/getLeagueData/Bundesliga/2024,2025-01-14,True
2025-01-15,Bayern Munich,Hoffenheim,3.80458,0.222965,27888,2024,https://understat.com/getLeagueData/Bundesliga/2024,2025-01-15,True
2025-01-15,Bochum,St Pauli,1.8213,1.15308,27893,2024,https://understat.com/getLeagueData/Bundesliga/2024,2025-01-15,True
2025-01-15,Stuttgart,RB Leipzig,2.42754,0.710278,27887,2024,https://understat.com/getLeagueData/Bundesliga/2024,2025-01-15,True
2025-01-15,Union Berlin,Augsburg,0.549286,1.41902,27892,2024,https://understat.com/getLeagueData/Bundesliga/2024,2025-01-15,True
2025-01-15,Werder Bremen,Heidenheim,1.87497,1.91878,27890,2024,https://understat.com/getLeagueData/Bundesliga/2024,2025-01-15,True
2025-01-17,Ein Frankfurt,Dortmund,2.05106,0.57641,27898,2024,https://understat.com/getLeagueData/Bundesliga/2024,2025-01-17,True
2025-01-18,Bayern Munich,Wolfsburg,3.23282,0.702414,27897,2024,https://understat.com/getLeagueData/Bundesliga/2024,2025-01-18,True
2025-01-18,Bochum,RB Leipzig,2.75969,2.38567,27902,2024,https://understat.com/getLeagueData/Bundesliga/2024,2025-01-18,True
2025-01-18,Heidenheim,St Pauli,0.923964,2.23242,27899,2024,https://understat.com/getLeagueData/Bundesliga/2024,2025-01-18,True
2025-01-18,Holstein Kiel,Hoffenheim,0.908525,0.905544,27903,2024,https://understat.com/getLeagueData/Bundesliga/2024,2025-01-18,True
2025-01-18,Leverkusen,M'gladbach,2.08382,0.473935,27895,2024,https://understat.com/getLeagueData/Bundesliga/2024,2025-01-18,True
2025-01-18,Stuttgart,Freiburg,2.26605,0.187694,27896,2024,https://understat.com/getLeagueData/Bundesliga/2024,2025-01-18,True
2025-01-19,Union Berlin,Mainz,2.44953,1.40424,27901,2024,https://understat.com/getLeagueData/Bundesliga/2024,2025-01-19,True
2025-01-19,Werder Bremen,Augsburg,1.15183,1.31644,27900,2024,https://understat.com/getLeagueData/Bundesliga/2024,2025-01-19,True
2025-01-24,Wolfsburg,Holstein Kiel,2.52045,0.265769,27910,2024,https://understat.com/getLeagueData/Bundesliga/2024,2025-01-24,True
2025-01-25,Augsburg,Heidenheim,1.63821,0.94738,27911,2024,https://understat.com/getLeagueData/Bundesliga/2024,2025-01-25,True
2025-01-25,Dortmund,Werder Bremen,1.49423,1.11662,27905,2024,https://understat.com/getLeagueData/Bundesliga/2024,2025-01-25,True
2025-01-25,Freiburg,Bayern Munich,0.271308,0.787581,27912,2024,https://understat.com/getLeagueData/Bundesliga/2024,2025-01-25,True
2025-01-25,M'gladbach,Bochum,2.93153,0.759449,27908,2024,https://understat.com/getLeagueData/Bundesliga/2024,2025-01-25,True
2025-01-25,Mainz,Stuttgart,2.22883,0.917385,27909,2024,https://understat.com/getLeagueData/Bundesliga/2024,2025-01-25,True
2025-01-25,RB Leipzig,Leverkusen,0.708246,2.57674,27904,2024,https://understat.com/getLeagueData/Bundesliga/2024,2025-01-25,True
2025-01-26,Hoffenheim,Ein Frankfurt,2.32141,2.30325,27906,2024,https://understat.com/getLeagueData/Bundesliga/2024,2025-01-26,True
2025-01-26,St Pauli,Union Berlin,1.40358,0.986402,27907,2024,https://understat.com/getLeagueData/Bundesliga/2024,2025-01-26,True
2025-01-31,Werder Bremen,Mainz,2.58542,1.01597,27921,2024,https://understat.com/getLeagueData/Bundesliga/2024,2025-01-31,True
2025-02-01,Bayern Munich,Holstein Kiel,4.93236,2.05752,27918,2024,https://understat.com/getLeagueData/Bundesliga/2024,2025-02-01,True
2025-02-01,Bochum,Freiburg,0.843049,3.33243,27914,2024,https://understat.com/getLeagueData/Bundesliga/2024,2025-02-01,True
2025-02-01,Heidenheim,Dortmund,0.525888,2.68284,27920,2024,https://understat.com/getLeagueData/Bundesliga/2024,2025-02-01,True
2025-02-01,St Pauli,Augsburg,0.849878,0.194891,27915,2024,https://understat.com/getLeagueData/Bundesliga/2024,2025-02-01,True
2025-02-01,Stuttgart,M'gladbach,0.950734,1.96971,27917,2024,https://understat.com/getLeagueData/Bundesliga/2024,2025-02-01,True
2025-02-01,Union Berlin,RB Leipzig,1.74847,0.237923,27913,2024,https://understat.com/getLeagueData/Bundesliga/2024,2025-02-01,True
2025-02-02,Ein Frankfurt,Wolfsburg,1.69604,1.46292,27919,2024,https://understat.com/getLeagueData/Bundesliga/2024,2025-02-02,True
2025-02-02,Leverkusen,Hoffenheim,1.35418,1.94944,27916,2024,https://understat.com/getLeagueData/Bundesliga/2024,2025-02-02,True
2025-02-07,Bayern Munich,Werder Bremen,4.47713,0.151051,27922,2024,https://understat.com/getLeagueData/Bundesliga/2024,2025-02-07,True
2025-02-08,Dortmund,Stuttgart,1.07063,0.452825,27924,2024,https://understat.com/getLeagueData/Bundesliga/2024,2025-02-08,True
2025-02-08,Freiburg,Heidenheim,1.33195,0.434356,27926,2024,https://understat.com/getLeagueData/Bundesliga/2024,2025-02-08,True
2025-02-08,Hoffenheim,Union Berlin,0.881646,3.86589,27925,2024,https://understat.com/getLeagueData/Bundesliga/2024,2025-02-08,True
2025-02-08,M'gladbach,Ein Frankfurt,0.656491,2.5487,27929,2024,https://understat.com/getLeagueData/Bundesliga/2024,2025-02-08,True
2025-02-08,Mainz,Augsburg,1.99994,0.260742,27928,2024,https://understat.com/getLeagueData/Bundesliga/2024,2025-02-08,True
2025-02-08,Wolfsburg,Leverkusen,0.895017,1.66317,27927,2024,https://understat.com/getLeagueData/Bundesliga/2024,2025-02-08,True
2025-02-09,Holstein Kiel,Bochum,2.0,2.0,27930,2024,https://understat.com/getLeagueData/Bundesliga/2024,2025-02-09,True
2025-02-09,RB Leipzig,St Pauli,1.89601,0.72321,27923,2024,https://understat.com/getLeagueData/Bundesliga/2024,2025-02-09,True
2025-02-14,Augsburg,RB Leipzig,1.05445,1.6452,27936,2024,https://understat.com/getLeagueData/Bundesliga/2024,2025-02-14,True
2025-02-15,Bochum,Dortmund,3.3688,2.70519,27938,2024,https://understat.com/getLeagueData/Bundesliga/2024,2025-02-15,True
2025-02-15,Leverkusen,Bayern Munich,2.55729,0.0720406,27931,2024,https://understat.com/getLeagueData/Bundesliga/2024,2025-02-15,True
2025-02-15,St Pauli,Freiburg,0.19059,1.25072,27939,2024,https://understat.com/getLeagueData/Bundesliga/2024,2025-02-15,True
2025-02-15,Stuttgart,Wolfsburg,1.22466,1.75731,27932,2024,https://understat.com/getLeagueData/Bundesliga/2024,2025-02-15,True
2025-02-15,Union Berlin,M'gladbach,1.66824,2.22036,27937,2024,https://understat.com/getLeagueData/Bundesliga/2024,2025-02-15,True
2025-02-16,Ein Frankfurt,Holstein Kiel,3.02527,1.26559,27933,2024,https://understat.com/getLeagueData/Bundesliga/2024,2025-02-16,True
2025-02-16,Heidenheim,Mainz,0.545205,1.94932,27934,2024,https://understat.com/getLeagueData/Bundesliga/2024,2025-02-16,True
2025-02-16,Werder Bremen,Hoffenheim,0.85665,1.91874,27935,2024,https://understat.com/getLeagueData/Bundesliga/2024,2025-02-16,True
2025-02-21,Freiburg,Werder Bremen,2.66243,1.25462,27944,2024,https://understat.com/getLeagueData/Bundesliga/2024,2025-02-21,True
2025-02-22,Dortmund,Union Berlin,5.44112,0.365382,27942,2024,https://understat.com/getLeagueData/Bundesliga/2024,2025-02-22,True
2025-02-22,Holstein Kiel,Leverkusen,0.494995,2.55557,27948,2024,https://understat.com/getLeagueData/Bundesliga/2024,2025-02-22,True
2025-02-22,M'gladbach,Augsburg,0.800003,1.73915,27947,2024,https://understat.com/getLeagueData/Bundesliga/2024,2025-02-22,True
2025-02-22,Mainz,St Pauli,1.35603,0.90068,27946,2024,https://understat.com/getLeagueData/Bundesliga/2024,2025-02-22,True
2025-02-22,Wolfsburg,Bochum,2.16138,1.46609,27945,2024,https://understat.com/getLeagueData/Bundesliga/2024,2025-02-22,True
2025-02-23,Bayern Munich,Ein Frankfurt,4.48699,0.49278,27940,2024,https://understat.com/getLeagueData/Bundesliga/2024,2025-02-23,True
2025-02-23,Hoffenheim,Stuttgart,0.705815,3.67099,27943,2024,https://understat.com/getLeagueData/Bundesliga/2024,2025-02-23,True
2025-02-23,RB Leipzig,Heidenheim,1.6451,0.834882,27941,2024,https://understat.com/getLeagueData/Bundesliga/2024,2025-02-23,True
2025-02-28,Stuttgart,Bayern Munich,0.653703,2.29942,27949,2024,https://understat.com/getLeagueData/Bundesliga/2024,2025-02-28,True
2025-03-01,Bochum,Hoffenheim,1.4452,0.525952,27957,2024,https://understat.com/getLeagueData/Bundesliga/2024,2025-03-01,True
2025-03-01,Ein Frankfurt,Leverkusen,1.00046,2.37018,27951,2024,https://understat.com/getLeagueData/Bundesliga/2024,2025-03-01,True
2025-03-01,Heidenheim,M'gladbach,1.87707,1.7158,27952,2024,https://understat.com/getLeagueData/Bundesliga/2024,2025-03-01,True
2025-03-01,RB Leipzig,Mainz,1.78404,1.64735,27950,2024,https://understat.com/getLeagueData/Bundesliga/2024,2025-03-01,True
2025-03-01,St Pauli,Dortmund,0.293506,2.23846,27956,2024,https://understat.com/getLeagueData/Bundesliga/2024,2025-03-01,True
2025-03-01,Werder Bremen,Wolfsburg,2.10317,1.11674,27953,2024,https://understat.com/getLeagueData/Bundesliga/2024,2025-03-01,True
2025-03-02,Augsburg,Freiburg,2.222,0.799243,27954,2024,https://understat.com/getLeagueData/Bundesliga/2024,2025-03-02,True
2025-03-02,Union Berlin,Holstein Kiel,0.886081,0.692509,27955,2024,https://understat.com/getLeagueData/Bundesliga/2024,2025-03-02,True
2025-03-07,M'gladbach,Mainz,1.25544,1.98889,27965,2024,https://understat.com/getLeagueData/Bundesliga/2024,2025-03-07,True
2025-03-08,Bayern Munich,Bochum,2.72891,1.36274,27959,2024,https://understat.com/getLeagueData/Bundesliga/2024,2025-03-08,True
2025-03-08,Dortmund,Augsburg,1.11055,0.250168,27960,2024,https://understat.com/getLeagueData/Bundesliga/2024,2025-03-08,True
2025-03-08,Freiburg,RB Leipzig,0.510953,2.02806,27963,2024,https://understat.com/getLeagueData/Bundesliga/2024,2025-03-08,True
2025-03-08,Holstein Kiel,Stuttgart,1.97246,1.0726,27966,2024,https://understat.com/getLeagueData/Bundesliga/2024,2025-03-08,True
2025-03-08,Leverkusen,Werder Bremen,1.36325,1.67701,27958,2024,https://understat.com/getLeagueData/Bundesliga/2024,2025-03-08,True
2025-03-08,Wolfsburg,St Pauli,1.96602,1.23696,27964,2024,https://understat.com/getLeagueData/Bundesliga/2024,2025-03-08,True
2025-03-09,Ein Frankfurt,Union Berlin,2.00811,0.725817,27961,2024,https://understat.com/getLeagueData/Bundesliga/2024,2025-03-09,True
2025-03-09,Hoffenheim,Heidenheim,1.78028,2.31324,27962,2024,https://understat.com/getLeagueData/Bundesliga/2024,2025-03-09,True
2025-03-14,St Pauli,Hoffenheim,1.43518,0.196271,27975,2024,https://understat.com/getLeagueData/Bundesliga/2024,2025-03-14,True
2025-03-15,Augsburg,Wolfsburg,0.598968,0.763636,27971,2024,https://understat.com/getLeagueData/Bundesliga/2024,2025-03-15,True
2025-03-15,Mainz,Freiburg,1.33307,2.93264,27972,2024,https://understat.com/getLeagueData/Bundesliga/2024,2025-03-15,True
2025-03-15,RB Leipzig,Dortmund,2.55875,4.09542,27968,2024,https://understat.com/getLeagueData/Bundesliga/2024,2025-03-15,True
2025-03-15,Union Berlin,Bayern Munich,0.8044,1.83549,27973,2024,https://understat.com/getLeagueData/Bundesliga/2024,2025-03-15,True
2025-03-15,Werder Bremen,M'gladbach,2.98283,2.32056,27970,2024,https://understat.com/getLeagueData/Bundesliga/2024,2025-03-15,True
2025-03-16,Bochum,Ein Frankfurt,1.88062,3.29403,27974,2024,https://understat.com/getLeagueData/Bundesliga/2024,2025-03-16,True
2025-03-16,Heidenheim,Holstein Kiel,1.6572,1.14988,27969,2024,https://understat.com/getLeagueData/Bundesliga/2024,2025-03-16,True
2025-03-16,Stuttgart,Leverkusen,2.85024,2.07439,27967,2024,https://understat.com/getLeagueData/Bundesliga/2024,2025-03-16,True
2025-03-28,Leverkusen,Bochum,2.08076,0.702152,27976,2024,https://understat.com/getLeagueData/Bundesliga/2024,2025-03-28,True
2025-03-29,Bayern Munich,St Pauli,4.00213,0.841269,27977,2024,https://understat.com/getLeagueData/Bundesliga/2024,2025-03-29,True
2025-03-29,Ein Frankfurt,Stuttgart,3.69196,0.863163,27978,2024,https://understat.com/getLeagueData/Bundesliga/2024,2025-03-29,True
2025-03-29,Hoffenheim,Augsburg,1.94509,0.688621,27983,2024,https://understat.com/getLeagueData/Bundesliga/2024,2025-03-29,True
2025-03-29,Holstein Kiel,Werder Bremen,0.56476,1.48157,27984,2024,https://understat.com/getLeagueData/Bundesliga/2024,2025-03-29,True
2025-03-29,M'gladbach,RB Leipzig,1.79539,0.929047,27980,2024,https://understat.com/getLeagueData/Bundesliga/2024,2025-03-29,True
2025-03-29,Wolfsburg,Heidenheim,1.23886,1.31407,27981,2024,https://understat.com/getLeagueData/Bundesliga/2024,2025-03-29,True
2025-03-30,Dortmund,Mainz,2.69722,0.654443,27979,2024,https://understat.com/getLeagueData/Bundesliga/2024,2025-03-30,True
2025-03-30,Freiburg,Union Berlin,1.01023,1.38632,27982,2024,https://understat.com/getLeagueData/Bundesliga/2024,2025-03-30,True
2025-04-04,Augsburg,Bayern Munich,0.567653,1.91653,27989,2024,https://understat.com/getLeagueData/Bundesliga/2024,2025-04-04,True
2025-04-05,Bochum,Stuttgart,0.815791,2.64663,27992,2024,https://understat.com/getLeagueData/Bundesliga/2024,2025-04-05,True
2025-04-05,Freiburg,Dortmund,2.02793,3.55487,27988,2024,https://understat.com/getLeagueData/Bundesliga/2024,2025-04-05,True
2025-04-05,Heidenheim,Leverkusen,1.30234,0.367393,27986,2024,https://understat.com/getLeagueData/Bundesliga/2024,2025-04-05,True
2025-04-05,Mainz,Holstein Kiel,1.65205,1.66267,27990,2024,https://understat.com/getLeagueData/Bundesliga/2024,2025-04-05,True
2025-04-05,RB Leipzig,Hoffenheim,1.40121,1.18624,27985,2024,https://understat.com/getLeagueData/Bundesliga/2024,2025-04-05,True
2025-04-05,Werder Bremen,Ein Frankfurt,1.22711,0.515073,27987,2024,https://understat.com/getLeagueData/Bundesliga/2024,2025-04-05,True
2025-04-06,St Pauli,M'gladbach,2.19443,0.646648,27993,2024,https://understat.com/getLeagueData/Bundesliga/2024,2025-04-06,True
2025-04-06,Union Berlin,Wolfsburg,1.55071,1.79618,27991,2024,https://understat.com/getLeagueData/Bundesliga/2024,2025-04-06,True
2025-04-11,Wolfsburg,RB Leipzig,1.84361,1.60065,27999,2024,https://understat.com/getLeagueData/Bundesliga/2024,2025-04-11,True
2025-04-12,Bayern Munich,Dortmund,2.94706,1.71681,27996,2024,https://understat.com/getLeagueData/Bundesliga/2024,2025-04-12,True
2025-04-12,Bochum,Augsburg,1.86097,1.02536,28001,2024,https://understat.com/getLeagueData/Bundesliga/2024,2025-04-12,True
2025-04-12,Hoffenheim,Mainz,1.42393,0.969601,27998,2024,https://understat.com/getLeagueData/Bundesliga/2024,2025-04-12,True
2025-04-12,Holstein Kiel,St Pauli,0.692664,1.06614,28002,2024,https://understat.com/getLeagueData/Bundesliga/2024,2025-04-12,True
2025-04-12,Leverkusen,Union Berlin,0.495489,0.513825,27994,2024,https://understat.com/getLeagueData/Bundesliga/2024,2025-04-12,True
2025-04-12,M'gladbach,Freiburg,0.524784,2.31704,28000,2024,https://understat.com/getLeagueData/Bundesliga/2024,2025-04-12,True
2025-04-13,Ein Frankfurt,Heidenheim,3.64515,1.28841,27997,2024,https://understat.com/getLeagueData/Bundesliga/2024,2025-04-13,True
2025-04-13,Stuttgart,Werder Bremen,1.75437,1.65438,27995,2024,https://understat.com/getLeagueData/Bundesliga/2024,2025-04-13,True
2025-04-19,Freiburg,Hoffenheim,1.54968,1.94701,28007,2024,https://understat.com/getLeagueData/Bundesliga/2024,2025-04-19,True
2025-04-19,Heidenheim,Bayern Munich,0.529774,3.54191,28005,2024,https://understat.com/getLeagueData/Bundesliga/2024,2025-04-19,True
2025-04-19,Mainz,Wolfsburg,2.68235,1.80796,28009,2024,https://understat.com/getLeagueData/Bundesliga/2024,2025-04-19,True
2025-04-19,RB Leipzig,Holstein Kiel,2.16761,1.017,28003,2024,https://understat.com/getLeagueData/Bundesliga/2024,2025-04-19,True
2025-04-19,Union Berlin,Stuttgart,2.16124,1.19,28010,2024,https://understat.com/getLeagueData/Bundesliga/2024,2025-04-19,True
2025-04-19,Werder Bremen,Bochum,2.70919,0.4947,28006,2024,https://understat.com/getLeagueData/Bundesliga/2024,2025-04-19,True
2025-04-20,Augsburg,Ein Frankfurt,1.14215,1.39546,28008,2024,https://understat.com/getLeagueData/Bundesliga/2024,2025-04-20,True
2025-04-20,Dortmund,M'gladbach,1.18456,1.2185,28004,2024,https://understat.com/getLeagueData/Bundesliga/2024,2025-04-20,True
2025-04-20,St Pauli,Leverkusen,2.3164,1.13491,28011,2024,https://understat.com/getLeagueData/Bundesliga/2024,2025-04-20,True
2025-04-25,Stuttgart,Heidenheim,1.91698,0.522621,28013,2024,https://understat.com/getLeagueData/Bundesliga/2024,2025-04-25,True
2025-04-26,Bayern Munich,Mainz,1.70143,0.923874,28014,2024,https://understat.com/getLeagueData/Bundesliga/2024,2025-04-26,True
2025-04-26,Ein Frankfurt,RB Leipzig,2.23942,0.316263,28015,2024,https://understat.com/getLeagueData/Bundesliga/2024,2025-04-26,True
2025-04-26,Hoffenheim,Dortmund,1.19025,2.41526,28016,2024,https://understat.com/getLeagueData/Bundesliga/2024,2025-04-26,True
2025-04-26,Holstein Kiel,M'gladbach,3.0385,2.55098,28020,2024,https://understat.com/getLeagueData/Bundesliga/2024,2025-04-26,True
2025-04-26,Leverkusen,Augsburg,1.03782,0.640893,28012,2024,https://understat.com/getLeagueData/Bundesliga/2024,2025-04-26,True
2025-04-26,Wolfsburg,Freiburg,0.288019,1.95821,28018,2024,https://understat.com/getLeagueData/Bundesliga/2024,2025-04-26,True
2025-04-27,Bochum,Union Berlin,1.5178,0.498974,28019,2024,https://understat.com/getLeagueData/Bundesliga/2024,2025-04-27,True
2025-04-27,Werder Bremen,St Pauli,1.55064,0.830832,28017,2024,https://understat.com/getLeagueData/Bundesliga/2024,2025-04-27,True
2025-05-02,Heidenheim,Bochum,0.463987,1.81311,28023,2024,https://understat.com/getLeagueData/Bundesliga/2024,2025-05-02,True
2025-05-03,Dortmund,Wolfsburg,2.54996,1.3634,28022,2024,https://understat.com/getLeagueData/Bundesliga/2024,2025-05-03,True
2025-05-03,M'gladbach,Hoffenheim,1.91833,1.91093,28027,2024,https://understat.com/getLeagueData/Bundesliga/2024,2025-05-03,True
2025-05-03,RB Leipzig,Bayern Munich,1.74905,1.97214,28021,2024,https://understat.com/getLeagueData/Bundesliga/2024,2025-05-03,True
2025-05-03,St Pauli,Stuttgart,0.213208,3.56335,28029,2024,https://understat.com/getLeagueData/Bundesliga/2024,2025-05-03,True
2025-05-03,Union Berlin,Werder Bremen,1.35336,1.35783,28028,2024,https://understat.com/getLeagueData/Bundesliga/2024,2025-05-03,True
2025-05-04,Augsburg,Holstein Kiel,3.93001,2.10407,28025,2024,https://understat.com/getLeagueData/Bundesliga/2024,2025-05-04,True
2025-05-04,Freiburg,Leverkusen,0.904468,0.227838,28024,2024,https://understat.com/getLeagueData/Bundesliga/2024,2025-05-04,True
2025-05-04,Mainz,Ein Frankfurt,1.64254,1.3876,28026,2024,https://understat.com/getLeagueData/Bundesliga/2024,2025-05-04,True
2025-05-09,Wolfsburg,Hoffenheim,1.36763,1.10881,28035,2024,https://understat.com/getLeagueData/Bundesliga/2024,2025-05-09,True
2025-05-10,Bayern Munich,M'gladbach,2.78307,1.35544,28032,2024,https://understat.com/getLeagueData/Bundesliga/2024,2025-05-10,True
2025-05-10,Bochum,Mainz,0.734972,2.48765,28037,2024,https://understat.com/getLeagueData/Bundesliga/2024,2025-05-10,True
2025-05-10,Holstein Kiel,Freiburg,0.974297,2.01558,28038,2024,https://understat.com/getLeagueData/Bundesliga/2024,2025-05-10,True
2025-05-10,Union Berlin,Heidenheim,0.528885,1.86184,28036,2024,https://understat.com/getLeagueData/Bundesliga/2024,2025-05-10,True
2025-05-10,Werder Bremen,RB Leipzig,3.20616,1.39403,28034,2024,https://understat.com/getLeagueData/Bundesliga/2024,2025-05-10,True
2025-05-11,Ein Frankfurt,St Pauli,1.82027,0.666882,28033,2024,https://understat.com/getLeagueData/Bundesliga/2024,2025-05-11,True
2025-05-11,Leverkusen,Dortmund,1.90473,1.39477,28030,2024,https://understat.com/getLeagueData/Bundesliga/2024,2025-05-11,True
2025-05-11,Stuttgart,Augsburg,4.97233,0.381838,28031,2024,https://understat.com/getLeagueData/Bundesliga/2024,2025-05-11,True
2025-05-17,Augsburg,Union Berlin,1.57932,1.14135,28044,2024,https://understat.com/getLeagueData/Bundesliga/2024,2025-05-17,True
2025-05-17,Dortmund,Holstein Kiel,2.56073,0.574499,28040,2024,https://understat.com/getLeagueData/Bundesliga/2024,2025-05-17,True
2025-05-17,Freiburg,Ein Frankfurt,1.14001,2.61814,28043,2024,https://understat.com/getLeagueData/Bundesliga/2024,2025-05-17,True
2025-05-17,Heidenheim,Werder Bremen,1.75706,2.20606,28042,2024,https://understat.com/getLeagueData/Bundesliga/2024,2025-05-17,True
2025-05-17,Hoffenheim,Bayern Munich,0.661398,2.21427,28041,2024,https://understat.com/getLeagueData/Bundesliga/2024,2025-05-17,True
2025-05-17,M'gladbach,Wolfsburg,0.744546,1.5757,28046,2024,https://understat.com/getLeagueData/Bundesliga/2024,2025-05-17,True
2025-05-17,Mainz,Leverkusen,2.89903,1.33572,28045,2024,https://understat.com/getLeagueData/Bundesliga/2024,2025-05-17,True
2025-05-17,RB Leipzig,Stuttgart,1.42373,3.34624,28039,2024,https://understat.com/getLeagueData/Bundesliga/2024,2025-05-17,True
2025-05-17,St Pauli,Bochum,0.802748,1.34252,28047,2024,https://understat.com/getLeagueData/Bundesliga/2024,2025-05-17,True
2025-08-22,Bayern Munich,RB Leipzig,3.29885,0.52226,30224,2025,https://understat.com/getLeagueData/Bundesliga/2025,2025-08-22,True
2025-08-23,Ein Frankfurt,Werder Bremen,3.10684,0.587822,30228,2025,https://understat.com/getLeagueData/Bundesliga/2025,2025-08-23,True
2025-08-23,Freiburg,Augsburg,2.27247,1.30191,30229,2025,https://understat.com/getLeagueData/Bundesliga/2025,2025-08-23,True
2025-08-23,Heidenheim,Wolfsburg,0.783156,2.57718,30225,2025,https://understat.com/getLeagueData/Bundesliga/2025,2025-08-23,True
2025-08-23,Leverkusen,Hoffenheim,1.05253,0.505193,30226,2025,https://understat.com/getLeagueData/Bundesliga/2025,2025-08-23,True
2025-08-23,St Pauli,Dortmund,1.46772,2.10289,30230,2025,https://understat.com/getLeagueData/Bundesliga/2025,2025-08-23,True
2025-08-23,Union Berlin,Stuttgart,0.529421,1.80147,30227,2025,https://understat.com/getLeagueData/Bundesliga/2025,2025-08-23,True
2025-08-24,M'gladbach,Hamburg,1.01717,0.285593,30232,2025,https://understat.com/getLeagueData/Bundesliga/2025,2025-08-24,True
2025-08-24,Mainz,FC Koln,1.31655,1.64676,30231,2025,https://understat.com/getLeagueData/Bundesliga/2025,2025-08-24,True
2025-08-29,Hamburg,St Pauli,0.74111,1.85404,30233,2025,https://understat.com/getLeagueData/Bundesliga/2025,2025-08-29,True
2025-08-30,Augsburg,Bayern Munich,0.506028,3.37523,30238,2025,https://understat.com/getLeagueData/Bundesliga/2025,2025-08-30,True
2025-08-30,Hoffenheim,Ein Frankfurt,1.28178,1.82087,30234,2025,https://understat.com/getLeagueData/Bundesliga/2025,2025-08-30,True
2025-08-30,RB Leipzig,Heidenheim,3.29717,0.969982,30235,2025,https://understat.com/getLeagueData/Bundesliga/2025,2025-08-30,True
2025-08-30,Stuttgart,M'gladbach,0.925105,1.60717,30237,2025,https://understat.com/getLeagueData/Bundesliga/2025,2025-08-30,True
2025-08-30,Werder Bremen,Leverkusen,2.32676,2.03733,30236,2025,https://understat.com/getLeagueData/Bundesliga/2025,2025-08-30,True
2025-08-31,Dortmund,Union Berlin,1.82606,0.971167,30240,2025,https://understat.com/getLeagueData/Bundesliga/2025,2025-08-31,True
2025-08-31,FC Koln,Freiburg,1.84068,0.933072,30241,2025,https://understat.com/getLeagueData/Bundesliga/2025,2025-08-31,True
2025-08-31,Wolfsburg,Mainz,0.616661,1.81482,30239,2025,https://understat.com/getLeagueData/Bundesliga/2025,2025-08-31,True
2025-09-12,Leverkusen,Ein Frankfurt,2.31465,0.791863,30242,2025,https://understat.com/getLeagueData/Bundesliga/2025,2025-09-12,True
2025-09-13,Bayern Munich,Hamburg,3.03718,0.559174,30248,2025,https://understat.com/getLeagueData/Bundesliga/2025,2025-09-13,True
2025-09-13,Freiburg,Stuttgart,1.6832,0.548804,30243,2025,https://understat.com/getLeagueData/Bundesliga/2025,2025-09-13,True
2025-09-13,Heidenheim,Dortmund,0.299026,2.84999,30244,2025,https://understat.com/getLeagueData/Bundesliga/2025,2025-09-13,True
2025-09-13,Mainz,RB Leipzig,0.770276,1.5009,30245,2025,https://understat.com/getLeagueData/Bundesliga/2025,2025-09-13,True
2025-09-13,Union Berlin,Hoffenheim,3.0814,3.34084,30247,2025,https://understat.com/getLeagueData/Bundesliga/2025,2025-09-13,True
2025-09-13,Wolfsburg,FC Koln,1.79835,1.72631,30246,2025,https://understat.com/getLeagueData/Bundesliga/2025,2025-09-13,True
2025-09-14,M'gladbach,Werder Bremen,1.58932,2.24671,30250,2025,https://understat.com/getLeagueData/Bundesliga/2025,2025-09-14,True
2025-09-14,St Pauli,Augsburg,1.95499,0.934223,30249,2025,https://understat.com/getLeagueData/Bundesliga/2025,2025-09-14,True
2025-09-19,Stuttgart,St Pauli,2.78829,1.05657,30251,2025,https://understat.com/getLeagueData/Bundesliga/2025,2025-09-19,True
2025-09-20,Augsburg,Mainz,0.870451,2.57047,30253,2025,https://understat.com/getLeagueData/Bundesliga/2025,2025-09-20,True
2025-09-20,Hamburg,Heidenheim,3.32157,2.63607,30254,2025,https://understat.com/getLeagueData/Bundesliga/2025,2025-09-20,True
2025-09-20,Hoffenheim,Bayern Munich,1.03716,2.7142,30255,2025,https://understat.com/getLeagueData/Bundesliga/2025,2025-09-20,True
2025-09-20,RB Leipzig,FC Koln,3.79591,1.39264,30256,2025,https://understat.com/getLeagueData/Bundesliga/2025,2025-09-20,True
2025-09-20,Werder Bremen,Freiburg,1.27257,2.36315,30252,2025,https://understat.com/getLeagueData/Bundesliga/2025,2025-09-20,True
2025-09-21,Dortmund,Wolfsburg,1.24747,0.975457,30259,2025,https://understat.com/getLeagueData/Bundesliga/2025,2025-09-21,True
2025-09-21,Ein Frankfurt,Union Berlin,1.75582,2.23419,30257,2025,https://understat.com/getLeagueData/Bundesliga/2025,2025-09-21,True
2025-09-21,Leverkusen,M'gladbach,1.9461,1.29876,30258,2025,https://understat.com/getLeagueData/Bundesliga/2025,2025-09-21,True
2025-09-26,Bayern Munich,Werder Bremen,4.31859,0.298618,30260,2025,https://understat.com/getLeagueData/Bundesliga/2025,2025-09-26,True
2025-09-27,Heidenheim,Augsburg,1.79097,0.619833,30261,2025,https://understat.com/getLeagueData/Bundesliga/2025,2025-09-27,True
2025-09-27,M'gladbach,Ein Frankfurt,2.12935,3.78879,30265,2025,https://understat.com/getLeagueData/Bundesliga/2025,2025-09-27,True
2025-09-27,Mainz,Dortmund,0.525149,1.75519,30262,2025,https://understat.com/getLeagueData/Bundesliga/2025,2025-09-27,True
2025-09-27,St Pauli,Leverkusen,0.813325,1.28912,30263,2025,https://understat.com/getLeagueData/Bundesliga/2025,2025-09-27,True
2025-09-27,Wolfsburg,RB Leipzig,2.59654,2.61107,30264,2025,https://understat.com/getLeagueData/Bundesliga/2025,2025-09-27,True
2025-09-28,FC Koln,Stuttgart,1.07972,2.20939,30267,2025,https://understat.com/getLeagueData/Bundesliga/2025,2025-09-28,True
2025-09-28,Freiburg,Hoffenheim,1.2587,2.24224,30266,2025,https://understat.com/getLeagueData/Bundesliga/2025,2025-09-28,True
2025-09-28,Union Berlin,Hamburg,1.54274,1.11274,30268,2025,https://understat.com/getLeagueData/Bundesliga/2025,2025-09-28,True
2025-10-03,Hoffenheim,FC Koln,1.42371,1.30873,30274,2025,https://understat.com/getLeagueData/Bundesliga/2025,2025-10-03,True
2025-10-04,Augsburg,Wolfsburg,1.75326,1.22584,30276,2025,https://understat.com/getLeagueData/Bundesliga/2025,2025-10-04,True
2025-10-04,Dortmund,RB Leipzig,0.668613,1.14077,30271,2025,https://understat.com/getLeagueData/Bundesliga/2025,2025-10-04,True
2025-10-04,Ein Frankfurt,Bayern Munich,0.560138,2.2301,30272,2025,https://understat.com/getLeagueData/Bundesliga/2025,2025-10-04,True
2025-10-04,Leverkusen,Union Berlin,3.35673,1.19684,30269,2025,https://understat.com/getLeagueData/Bundesliga/2025,2025-10-04,True
2025-10-04,Werder Bremen,St Pauli,1.77957,0.912425,30277,2025,https://understat.com/getLeagueData/Bundesliga/2025,2025-10-04,True
2025-10-05,Hamburg,Mainz,1.65883,0.591161,30273,2025,https://understat.com/getLeagueData/Bundesliga/2025,2025-10-05,True
2025-10-05,M'gladbach,Freiburg,0.471184,0.689073,30270,2025,https://understat.com/getLeagueData/Bundesliga/2025,2025-10-05,True
2025-10-05,Stuttgart,Heidenheim,1.10781,0.290942,30275,2025,https://understat.com/getLeagueData/Bundesliga/2025,2025-10-05,True
2025-10-17,Union Berlin,M'gladbach,1.53032,0.628848,30285,2025,https://understat.com/getLeagueData/Bundesliga/2025,2025-10-17,True
2025-10-18,Bayern Munich,Dortmund,2.81994,1.41011,30278,2025,https://understat.com/getLeagueData/Bundesliga/2025,2025-10-18,True
2025-10-18,FC Koln,Augsburg,0.523854,1.11917,30279,2025,https://understat.com/getLeagueData/Bundesliga/2025,2025-10-18,True
2025-10-18,Heidenheim,Werder Bremen,3.07635,1.85638,30281,2025,https://understat.com/getLeagueData/Bundesliga/2025,2025-10-18,True
2025-10-18,Mainz,Leverkusen,1.62978,4.43462,30282,2025,https://understat.com/getLeagueData/Bundesliga/2025,2025-10-18,True
2025-10-18,RB Leipzig,Hamburg,1.15611,1.29355,30283,2025,https://understat.com/getLeagueData/Bundesliga/2025,2025-10-18,True
2025-10-18,Wolfsburg,Stuttgart,0.392885,2.39474,30286,2025,https://understat.com/getLeagueData/Bundesliga/2025,2025-10-18,True
2025-10-19,Freiburg,Ein Frankfurt,1.12896,0.772638,30280,2025,https://understat.com/getLeagueData/Bundesliga/2025,2025-10-19,True
2025-10-19,St Pauli,Hoffenheim,0.871968,1.79103,30284,2025,https://understat.com/getLeagueData/Bundesliga/2025,2025-10-19,True
2025-10-24,Werder Bremen,Union Berlin,1.1444,0.487613,30295,2025,https://understat.com/getLeagueData/Bundesliga/2025,2025-10-24,True
2025-10-25,Augsburg,RB Leipzig,0.639182,2.69438,30287,2025,https://understat.com/getLeagueData/Bundesliga/2025,2025-10-25,True
2025-10-25,Dortmund,FC Koln,2.09125,0.70563,30290,2025,https://understat.com/getLeagueData/Bundesliga/2025,2025-10-25,True
2025-10-25,Ein Frankfurt,St Pauli,2.42632,0.519973,30291,2025,https://understat.com/getLeagueData/Bundesliga/2025,2025-10-25,True
2025-10-25,Hamburg,Wolfsburg,2.40547,0.695528,30292,2025,https://understat.com/getLeagueData/Bundesliga/2025,2025-10-25,True
2025-10-25,Hoffenheim,Heidenheim,2.4278,0.902315,30293,2025,https://understat.com/getLeagueData/Bundesliga/2025,2025-10-25,True
2025-10-25,M'gladbach,Bayern Munich,0.757777,2.65026,30289,2025,https://understat.com/getLeagueData/Bundesliga/2025,2025-10-25,True
2025-10-26,Leverkusen,Freiburg,2.46787,0.542897,30288,2025,https://understat.com/getLeagueData/Bundesliga/2025,2025-10-26,True
2025-10-26,Stuttgart,Mainz,1.66805,1.40956,30294,2025,https://understat.com/getLeagueData/Bundesliga/2025,2025-10-26,True
2025-10-31,Augsburg,Dortmund,0.969501,0.588196,30296,2025,https://understat.com/getLeagueData/Bundesliga/2025,2025-10-31,True
2025-11-01,Bayern Munich,Leverkusen,2.28295,0.382774,30297,2025,https://understat.com/getLeagueData/Bundesliga/2025,2025-11-01,True
2025-11-01,Heidenheim,Ein Frankfurt,0.831882,1.22406,30299,2025,https://understat.com/getLeagueData/Bundesliga/2025,2025-11-01,True
2025-11-01,Mainz,Werder Bremen,1.90161,0.880505,30300,2025,https://understat.com/getLeagueData/Bundesliga/2025,2025-11-01,True
2025-11-01,RB Leipzig,Stuttgart,1.73471,1.0701,30301,2025,https://understat.com/getLeagueData/Bundesliga/2025,2025-11-01,True
2025-11-01,St Pauli,M'gladbach,0.804394,3.6262,30302,2025,https://understat.com/getLeagueData/Bundesliga/2025,2025-11-01,True
2025-11-01,Union Berlin,Freiburg,1.34842,1.16519,30303,2025,https://understat.com/getLeagueData/Bundesliga/2025,2025-11-01,True
2025-11-02,FC Koln,Hamburg,3.87376,1.19296,30298,2025,https://understat.com/getLeagueData/Bundesliga/2025,2025-11-02,True
2025-11-02,Wolfsburg,Hoffenheim,1.40117,1.74291,30304,2025,https://understat.com/getLeagueData/Bundesliga/2025,2025-11-02,True
2025-11-07,Werder Bremen,Wolfsburg,1.69456,0.676326,30313,2025,https://understat.com/getLeagueData/Bundesliga/2025,2025-11-07,True
2025-11-08,Hamburg,Dortmund,0.419878,1.42582,30309,2025,https://understat.com/getLeagueData/Bundesliga/2025,2025-11-08,True
2025-11-08,Hoffenheim,RB Leipzig,1.92349,1.56187,30310,2025,https://understat.com/getLeagueData/Bundesliga/2025,2025-11-08,True
2025-11-08,Leverkusen,Heidenheim,3.90142,0.063377,30305,2025,https://understat.com/getLeagueData/Bundesliga/2025,2025-11-08,True
2025-11-08,M'gladbach,FC Koln,2.46206,2.15818,30306,2025,https://understat.com/getLeagueData/Bundesliga/2025,2025-11-08,True
2025-11-08,Union Berlin,Bayern Munich,1.02778,1.34246,30312,2025,https://understat.com/getLeagueData/Bundesliga/2025,2025-11-08,True
2025-11-09,Ein Frankfurt,Mainz,1.77854,0.121469,30307,2025,https://understat.com/getLeagueData/Bundesliga/2025,2025-11-09,True
2025-11-09,Freiburg,St Pauli,1.66558,0.640748,30308,2025,https://understat.com/getLeagueData/Bundesliga/2025,2025-11-09,True
2025-11-09,Stuttgart,Augsburg,2.44526,1.90345,30311,2025,https://understat.com/getLeagueData/Bundesliga/2025,2025-11-09,True
2025-11-21,Mainz,Hoffenheim,2.88712,1.54404,30319,2025,https://understat.com/getLeagueData/Bundesliga/2025,2025-11-21,True
2025-11-22,Augsburg,Hamburg,1.61897,1.555,30314,2025,https://understat.com/getLeagueData/Bundesliga/2025,2025-11-22,True
2025-11-22,Bayern Munich,Freiburg,3.13858,0.516966,30315,2025,https://understat.com/getLeagueData/Bundesliga/2025,2025-11-22,True
2025-11-22,Dortmund,Stuttgart,3.15124,1.80942,30316,2025,https://understat.com/getLeagueData/Bundesliga/2025,2025-11-22,True
2025-11-22,FC Koln,Ein Frankfurt,1.38923,2.44506,30317,2025,https://understat.com/getLeagueData/Bundesliga/2025,2025-11-22,True
2025-11-22,Heidenheim,M'gladbach,0.363207,2.79666,30318,2025,https://understat.com/getLeagueData/Bundesliga/2025,2025-11-22,True
2025-11-22,Wolfsburg,Leverkusen,2.07979,1.58644,30322,2025,https://understat.com/getLeagueData/Bundesliga/2025,2025-11-22,True
2025-11-23,RB Leipzig,Werder Bremen,2.42834,0.774872,30320,2025,https://understat.com/getLeagueData/Bundesliga/2025,2025-11-23,True
2025-11-23,St Pauli,Union Berlin,0.568717,0.398431,30321,2025,https://understat.com/getLeagueData/Bundesliga/2025,2025-11-23,True
2025-11-28,M'gladbach,RB Leipzig,0.388883,1.09232,30325,2025,https://understat.com/getLeagueData/Bundesliga/2025,2025-11-28,True
2025-11-29,Bayern Munich,St Pauli,2.53942,0.74073,30324,2025,https://understat.com/getLeagueData/Bundesliga/2025,2025-11-29,True
2025-11-29,Hoffenheim,Augsburg,1.79612,0.655496,30329,2025,https://understat.com/getLeagueData/Bundesliga/2025,2025-11-29,True
2025-11-29,Leverkusen,Dortmund,1.08287,1.1562,30323,2025,https://understat.com/getLeagueData/Bundesliga/2025,2025-11-29,True
2025-11-29,Union Berlin,Heidenheim,0.942923,0.522102,30330,2025,https://understat.com/getLeagueData/Bundesliga/2025,2025-11-29,True
2025-11-29,Werder Bremen,FC Koln,1.53668,1.1848,30331,2025,https://understat.com/getLeagueData/Bundesliga/2025,2025-11-29,True
2025-11-30,Ein Frankfurt,Wolfsburg,1.66051,1.60645,30326,2025,https://understat.com/getLeagueData/Bundesliga/2025,2025-11-30,True
2025-11-30,Freiburg,Mainz,4.15677,0.0500621,30327,2025,https://understat.com/getLeagueData/Bundesliga/2025,2025-11-30,True
2025-11-30,Hamburg,Stuttgart,1.21357,1.10868,30328,2025,https://understat.com/getLeagueData/Bundesliga/2025,2025-11-30,True
2025-12-05,Mainz,M'gladbach,1.09331,1.90297,30339,2025,https://understat.com/getLeagueData/Bundesliga/2025,2025-12-05,True
2025-12-06,Augsburg,Leverkusen,2.14102,1.41889,30334,2025,https://understat.com/getLeagueData/Bundesliga/2025,2025-12-06,True
2025-12-06,FC Koln,St Pauli,1.90409,0.143945,30336,2025,https://understat.com/getLeagueData/Bundesliga/2025,2025-12-06,True
2025-12-06,Heidenheim,Freiburg,2.66592,0.800321,30338,2025,https://understat.com/getLeagueData/Bundesliga/2025,2025-12-06,True
2025-12-06,RB Leipzig,Ein Frankfurt,3.64182,0.473289,30340,2025,https://understat.com/getLeagueData/Bundesliga/2025,2025-12-06,True
2025-12-06,Stuttgart,Bayern Munich,0.729313,4.07867,30332,2025,https://understat.com/getLeagueData/Bundesliga/2025,2025-12-06,True
2025-12-06,Wolfsburg,Union Berlin,0.929936,2.01932,30333,2025,https://understat.com/getLeagueData/Bundesliga/2025,2025-12-06,True
2025-12-07,Dortmund,Hoffenheim,1.10147,1.42364,30335,2025,https://understat.com/getLeagueData/Bundesliga/2025,2025-12-07,True
2025-12-07,Hamburg,Werder Bremen,1.57713,1.17349,30337,2025,https://understat.com/getLeagueData/Bundesliga/2025,2025-12-07,True
2025-12-12,Union Berlin,RB Leipzig,1.4766,0.495677,30348,2025,https://understat.com/getLeagueData/Bundesliga/2025,2025-12-12,True
2025-12-13,Ein Frankfurt,Augsburg,1.52024,0.655733,30344,2025,https://understat.com/getLeagueData/Bundesliga/2025,2025-12-13,True
2025-12-13,Hoffenheim,Hamburg,2.48806,1.40522,30346,2025,https://understat.com/getLeagueData/Bundesliga/2025,2025-12-13,True
2025-12-13,Leverkusen,FC Koln,2.295,0.436565,30341,2025,https://understat.com/getLeagueData/Bundesliga/2025,2025-12-13,True
2025-12-13,M'gladbach,Wolfsburg,0.620418,2.72142,30343,2025,https://understat.com/getLeagueData/Bundesliga/2025,2025-12-13,True
2025-12-13,St Pauli,Heidenheim,1.00037,1.8944,30347,2025,https://understat.com/getLeagueData/Bundesliga/2025,2025-12-13,True
2025-12-14,Bayern Munich,Mainz,4.67956,0.803171,30342,2025,https://understat.com/getLeagueData/Bundesliga/2025,2025-12-14,True
2025-12-14,Freiburg,Dortmund,1.10621,1.47427,30345,2025,https://understat.com/getLeagueData/Bundesliga/2025,2025-12-14,True
2025-12-14,Werder Bremen,Stuttgart,0.607898,2.05209,30349,2025,https://understat.com/getLeagueData/Bundesliga/2025,2025-12-14,True
2025-12-19,Dortmund,M'gladbach,1.65394,0.221237,30351,2025,https://understat.com/getLeagueData/Bundesliga/2025,2025-12-19,True
2025-12-20,Augsburg,Werder Bremen,1.49411,0.90686,30350,2025,https://understat.com/getLeagueData/Bundesliga/2025,2025-12-20,True
2025-12-20,FC Koln,Union Berlin,0.677102,1.4739,30352,2025,https://understat.com/getLeagueData/Bundesliga/2025,2025-12-20,True
2025-12-20,Hamburg,Ein Frankfurt,1.09769,1.09137,30353,2025,https://understat.com/getLeagueData/Bundesliga/2025,2025-12-20,True
2025-12-20,RB Leipzig,Leverkusen,1.93929,2.70478,30356,2025,https://understat.com/getLeagueData/Bundesliga/2025,2025-12-20,True
2025-12-20,Stuttgart,Hoffenheim,1.46116,0.154175,30357,2025,https://understat.com/getLeagueData/Bundesliga/2025,2025-12-20,True
2025-12-20,Wolfsburg,Freiburg,1.30583,2.65964,30358,2025,https://understat.com/getLeagueData/Bundesliga/2025,2025-12-20,True
2025-12-21,Heidenheim,Bayern Munich,1.48758,3.36795,30354,2025,https://understat.com/getLeagueData/Bundesliga/2025,2025-12-21,True
2025-12-21,Mainz,St Pauli,1.87368,0.227249,30355,2025,https://understat.com/getLeagueData/Bundesliga/2025,2025-12-21,True
2026-01-09,Ein Frankfurt,Dortmund,1.66426,2.29827,30362,2025,https://understat.com/getLeagueData/Bundesliga/2025,2026-01-09,True
2026-01-10,Freiburg,Hamburg,2.93517,0.850812,30363,2025,https://understat.com/getLeagueData/Bundesliga/2025,2026-01-10,True
2026-01-10,Heidenheim,FC Koln,2.14635,2.75624,30364,2025,https://understat.com/getLeagueData/Bundesliga/2025,2026-01-10,True
2026-01-10,Leverkusen,Stuttgart,1.98318,2.68822,30359,2025,https://understat.com/getLeagueData/Bundesliga/2025,2026-01-10,True
2026-01-10,Union Berlin,Mainz,3.6505,1.56492,30366,2025,https://understat.com/getLeagueData/Bundesliga/2025,2026-01-10,True
2026-01-11,Bayern Munich,Wolfsburg,3.54931,1.08515,30360,2025,https://understat.com/getLeagueData/Bundesliga/2025,2026-01-11,True
2026-01-11,M'gladbach,Augsburg,3.57201,1.57502,30361,2025,https://understat.com/getLeagueData/Bundesliga/2025,2026-01-11,True
2026-01-13,Dortmund,Werder Bremen,2.31769,0.39948,30369,2025,https://understat.com/getLeagueData/Bundesliga/2025,2026-01-13,True
2026-01-13,Mainz,Heidenheim,1.95686,1.23557,30373,2025,https://understat.com/getLeagueData/Bundesliga/2025,2026-01-13,True
2026-01-13,Stuttgart,Ein Frankfurt,3.54461,0.896468,30375,2025,https://understat.com/getLeagueData/Bundesliga/2025,2026-01-13,True
2026-01-14,FC Koln,Bayern Munich,0.714659,2.11635,30370,2025,https://understat.com/getLeagueData/Bundesliga/2025,2026-01-14,True
2026-01-14,Hoffenheim,M'gladbach,4.3777,0.83294,30372,2025,https://understat.com/getLeagueData/Bundesliga/2025,2026-01-14,True
2026-01-14,RB Leipzig,Freiburg,2.80289,0.147682,30374,2025,https://understat.com/getLeagueData/Bundesliga/2025,2026-01-14,True
2026-01-14,Wolfsburg,St Pauli,1.78032,1.21171,30376,2025,https://understat.com/getLeagueData/Bundesliga/2025,2026-01-14,True
2026-01-15,Augsburg,Union Berlin,0.559529,1.73831,30368,2025,https://understat.com/getLeagueData/Bundesliga/2025,2026-01-15,True
2026-01-16,Werder Bremen,Ein Frankfurt,2.10111,1.20772,30384,2025,https://understat.com/getLeagueData/Bundesliga/2025,2026-01-16,True
2026-01-17,Dortmund,St Pauli,2.5477,0.532613,30378,2025,https://understat.com/getLeagueData/Bundesliga/2025,2026-01-17,True
2026-01-17,FC Koln,Mainz,2.41277,1.91073,30379,2025,https://understat.com/getLeagueData/Bundesliga/2025,2026-01-17,True
2026-01-17,Hamburg,M'gladbach,1.26205,0.576522,30380,2025,https://understat.com/getLeagueData/Bundesliga/2025,2026-01-17,True
2026-01-17,Hoffenheim,Leverkusen,2.11995,1.27048,30381,2025,https://understat.com/getLeagueData/Bundesliga/2025,2026-01-17,True
2026-01-17,RB Leipzig,Bayern Munich,2.86917,4.65226,30382,2025,https://understat.com/getLeagueData/Bundesliga/2025,2026-01-17,True
2026-01-17,Wolfsburg,Heidenheim,1.07653,0.991172,30385,2025,https://understat.com/getLeagueData/Bundesliga/2025,2026-01-17,True
2026-01-18,Augsburg,Freiburg,0.986653,1.59107,30377,2025,https://understat.com/getLeagueData/Bundesliga/2025,2026-01-18,True
2026-01-18,Stuttgart,Union Berlin,2.1978,1.88763,30383,2025,https://understat.com/getLeagueData/Bundesliga/2025,2026-01-18,True
2026-01-23,St Pauli,Hamburg,0.311991,0.333197,30393,2025,https://understat.com/getLeagueData/Bundesliga/2025,2026-01-23,True
2026-01-24,Bayern Munich,Augsburg,2.30773,1.24551,30387,2025,https://understat.com/getLeagueData/Bundesliga/2025,2026-01-24,True
2026-01-24,Ein Frankfurt,Hoffenheim,0.829658,1.62813,30389,2025,https://understat.com/getLeagueData/Bundesliga/2025,2026-01-24,True
2026-01-24,Heidenheim,RB Leipzig,0.987658,2.07675,30391,2025,https://understat.com/getLeagueData/Bundesliga/2025,2026-01-24,True
2026-01-24,Leverkusen,Werder Bremen,2.51599,0.673986,30386,2025,https://understat.com/getLeagueData/Bundesliga/2025,2026-01-24,True
2026-01-24,Mainz,Wolfsburg,4.34199,1.09338,30392,2025,https://understat.com/getLeagueData/Bundesliga/2025,2026-01-24,True
2026-01-24,Union Berlin,Dortmund,0.989732,2.27286,30394,2025,https://understat.com/getLeagueData/Bundesliga/2025,2026-01-24,True
2026-01-25,Freiburg,FC Koln,2.56728,1.69119,30390,2025,https://understat.com/getLeagueData/Bundesliga/2025,2026-01-25,True
2026-01-25,M'gladbach,Stuttgart,1.22197,2.72682,30388,2025,https://understat.com/getLeagueData/Bundesliga/2025,2026-01-25,True
2026-01-27,St Pauli,RB Leipzig,1.33165,2.05989,30365,2025,https://understat.com/getLeagueData/Bundesliga/2025,2026-01-27,True
2026-01-27,Werder Bremen,Hoffenheim,1.42692,0.567567,30367,2025,https://understat.com/getLeagueData/Bundesliga/2025,2026-01-27,True
2026-01-30,FC Koln,Wolfsburg,1.43559,1.34631,30398,2025,https://understat.com/getLeagueData/Bundesliga/2025,2026-01-30,True
2026-01-31,Augsburg,St Pauli,2.11699,2.88611,30395,2025,https://understat.com/getLeagueData/Bundesliga/2025,2026-01-31,True
2026-01-31,Ein Frankfurt,Leverkusen,1.31849,1.52952,30397,2025,https://understat.com/getLeagueData/Bundesliga/2025,2026-01-31,True
2026-01-31,Hamburg,Bayern Munich,2.64497,2.28911,30399,2025,https://understat.com/getLeagueData/Bundesliga/2025,2026-01-31,True
2026-01-31,Hoffenheim,Union Berlin,1.50682,1.23275,30400,2025,https://understat.com/getLeagueData/Bundesliga/2025,2026-01-31,True
2026-01-31,RB Leipzig,Mainz,2.09422,2.57678,30401,2025,https://understat.com/getLeagueData/Bundesliga/2025,2026-01-31,True
2026-01-31,Werder Bremen,M'gladbach,0.991152,1.25715,30403,2025,https://understat.com/getLeagueData/Bundesliga/2025,2026-01-31,True
2026-02-01,Dortmund,Heidenheim,4.13897,3.04324,30396,2025,https://understat.com/getLeagueData/Bundesliga/2025,2026-02-01,True
2026-02-01,Stuttgart,Freiburg,2.95203,0.936187,30402,2025,https://understat.com/getLeagueData/Bundesliga/2025,2026-02-01,True
2026-02-06,Union Berlin,Ein Frankfurt,1.27118,0.296813,30411,2025,https://understat.com/getLeagueData/Bundesliga/2025,2026-02-06,True
2026-02-07,Freiburg,Werder Bremen,0.36452,1.12332,30407,2025,https://understat.com/getLeagueData/Bundesliga/2025,2026-02-07,True
2026-02-07,Heidenheim,Hamburg,1.04614,1.55106,30408,2025,https://understat.com/getLeagueData/Bundesliga/2025,2026-02-07,True
2026-02-07,M'gladbach,Leverkusen,0.783478,0.741257,30405,2025,https://understat.com/getLeagueData/Bundesliga/2025,2026-02-07,True
2026-02-07,Mainz,Augsburg,3.00656,1.35939,30409,2025,https://understat.com/getLeagueData/Bundesliga/2025,2026-02-07,True
2026-02-07,St Pauli,Stuttgart,1.66217,0.912627,30410,2025,https://understat.com/getLeagueData/Bundesliga/2025,2026-02-07,True
2026-02-07,Wolfsburg,Dortmund,2.02751,1.70601,30412,2025,https://understat.com/getLeagueData/Bundesliga/2025,2026-02-07,True
2026-02-08,Bayern Munich,Hoffenheim,6.37827,2.66829,30404,2025,https://understat.com/getLeagueData/Bundesliga/2025,2026-02-08,True
2026-02-08,FC Koln,RB Leipzig,1.12167,3.0577,30406,2025,https://understat.com/getLeagueData/Bundesliga/2025,2026-02-08,True
2026-02-13,Dortmund,Mainz,1.81026,1.67199,30415,2025,https://understat.com/getLeagueData/Bundesliga/2025,2026-02-13,True
2026-02-14,Ein Frankfurt,M'gladbach,1.98736,1.03155,30416,2025,https://understat.com/getLeagueData/Bundesliga/2025,2026-02-14,True
2026-02-14,Hamburg,Union Berlin,2.20339,2.18966,30417,2025,https://understat.com/getLeagueData/Bundesliga/2025,2026-02-14,True
2026-02-14,Hoffenheim,Freiburg,1.90052,0.744054,30418,2025,https://understat.com/getLeagueData/Bundesliga/2025,2026-02-14,True
2026-02-14,Leverkusen,St Pauli,2.26044,0.654783,30414,2025,https://understat.com/getLeagueData/Bundesliga/2025,2026-02-14,True
2026-02-14,Stuttgart,FC Koln,2.56266,1.13246,30420,2025,https://understat.com/getLeagueData/Bundesliga/2025,2026-02-14,True
2026-02-14,Werder Bremen,Bayern Munich,0.77965,1.87713,30421,2025,https://understat.com/getLeagueData/Bundesliga/2025,2026-02-14,True
2026-02-15,Augsburg,Heidenheim,1.87679,0.697774,30413,2025,https://understat.com/getLeagueData/Bundesliga/2025,2026-02-15,True
2026-02-15,RB Leipzig,Wolfsburg,2.51087,0.687761,30419,2025,https://understat.com/getLeagueData/Bundesliga/2025,2026-02-15,True
2026-02-20,Mainz,Hamburg,1.75215,0.823398,30426,2025,https://understat.com/getLeagueData/Bundesliga/2025,2026-02-20,True
2026-02-21,Bayern Munich,Ein Frankfurt,2.83518,2.29258,30422,2025,https://understat.com/getLeagueData/Bundesliga/2025,2026-02-21,True
2026-02-21,FC Koln,Hoffenheim,1.12252,1.8243,30423,2025,https://understat.com/getLeagueData/Bundesliga/2025,2026-02-21,True
2026-02-21,RB Leipzig,Dortmund,3.50934,1.35347,30427,2025,https://understat.com/getLeagueData/Bundesliga/2025,2026-02-21,True
2026-02-21,Union Berlin,Leverkusen,0.757702,1.20274,30429,2025,https://understat.com/getLeagueData/Bundesliga/2025,2026-02-21,True
2026-02-21,Wolfsburg,Augsburg,2.17584,1.56427,30430,2025,https://understat.com/getLeagueData/Bundesliga/2025,2026-02-21,True
2026-02-22,Freiburg,M'gladbach,1.29234,1.02855,30424,2025,https://understat.com/getLeagueData/Bundesliga/2025,2026-02-22,True
2026-02-22,Heidenheim,Stuttgart,2.21575,2.27505,30425,2025,https://understat.com/getLeagueData/Bundesliga/2025,2026-02-22,True
2026-02-22,St Pauli,Werder Bremen,0.260698,1.61141,30428,2025,https://understat.com/getLeagueData/Bundesliga/2025,2026-02-22,True
2026-02-27,Augsburg,FC Koln,1.55844,0.492698,30431,2025,https://understat.com/getLeagueData/Bundesliga/2025,2026-02-27,True
2026-02-28,Dortmund,Bayern Munich,1.39761,1.89016,30434,2025,https://understat.com/getLeagueData/Bundesliga/2025,2026-02-28,True
2026-02-28,Hoffenheim,St Pauli,2.57411,0.946504,30437,2025,https://understat.com/getLeagueData/Bundesliga/2025,2026-02-28,True
2026-02-28,Leverkusen,Mainz,1.94817,0.9714,30432,2025,https://understat.com/getLeagueData/Bundesliga/2025,2026-02-28,True
2026-02-28,M'gladbach,Union Berlin,2.56014,0.137598,30433,2025,https://understat.com/getLeagueData/Bundesliga/2025,2026-02-28,True
2026-02-28,Werder Bremen,Heidenheim,3.47889,1.70919,30439,2025,https://understat.com/getLeagueData/Bundesliga/2025,2026-02-28,True
2026-03-01,Ein Frankfurt,Freiburg,1.67095,0.64193,30435,2025,https://understat.com/getLeagueData/Bundesliga/2025,2026-03-01,True
2026-03-01,Hamburg,RB Leipzig,0.820585,2.28997,30436,2025,https://understat.com/getLeagueData/Bundesliga/2025,2026-03-01,True
2026-03-01,Stuttgart,Wolfsburg,2.95189,0.865739,30438,2025,https://understat.com/getLeagueData/Bundesliga/2025,2026-03-01,True
2026-03-04,Hamburg,Leverkusen,1.28692,2.67874,30371,2025,https://understat.com/getLeagueData/Bundesliga/2025,2026-03-04,True
2026-03-06,Bayern Munich,M'gladbach,3.11976,1.21993,30440,2025,https://understat.com/getLeagueData/Bundesliga/2025,2026-03-06,True
2026-03-07,FC Koln,Dortmund,0.96405,1.9574,30441,2025,https://understat.com/getLeagueData/Bundesliga/2025,2026-03-07,True
2026-03-07,Freiburg,Leverkusen,2.58409,2.1863,30442,2025,https://understat.com/getLeagueData/Bundesliga/2025,2026-03-07,True
2026-03-07,Heidenheim,Hoffenheim,0.966678,2.79383,30443,2025,https://understat.com/getLeagueData/Bundesliga/2025,2026-03-07,True
2026-03-07,Mainz,Stuttgart,3.52523,0.920068,30444,2025,https://understat.com/getLeagueData/Bundesliga/2025,2026-03-07,True
2026-03-07,RB Leipzig,Augsburg,2.19435,3.6651,30445,2025,https://understat.com/getLeagueData/Bundesliga/2025,2026-03-07,True
2026-03-07,Wolfsburg,Hamburg,2.46612,1.80445,30448,2025,https://understat.com/getLeagueData/Bundesliga/2025,2026-03-07,True
2026-03-08,St Pauli,Ein Frankfurt,0.472285,0.451537,30446,2025,https://understat.com/getLeagueData/Bundesliga/2025,2026-03-08,True
2026-03-08,Union Berlin,Werder Bremen,1.12998,2.23984,30447,2025,https://understat.com/getLeagueData/Bundesliga/2025,2026-03-08,True
2026-03-13,M'gladbach,St Pauli,1.08342,0.628713,30450,2025,https://understat.com/getLeagueData/Bundesliga/2025,2026-03-13,True
2026-03-14,Dortmund,Augsburg,2.49053,0.755745,30451,2025,https://understat.com/getLeagueData/Bundesliga/2025,2026-03-14,True
2026-03-14,Ein Frankfurt,Heidenheim,0.725159,0.136174,30452,2025,https://understat.com/getLeagueData/Bundesliga/2025,2026-03-14,True
2026-03-14,Hamburg,FC Koln,0.556493,0.984168,30454,2025,https://understat.com/getLeagueData/Bundesliga/2025,2026-03-14,True
2026-03-14,Hoffenheim,Wolfsburg,2.23813,0.221431,30455,2025,https://understat.com/getLeagueData/Bundesliga/2025,2026-03-14,True
2026-03-14,Leverkusen,Bayern Munich,2.65255,1.26817,30449,2025,https://understat.com/getLeagueData/Bundesliga/2025,2026-03-14,True
2026-03-15,Freiburg,Union Berlin,1.34508,1.0006,30453,2025,https://understat.com/getLeagueData/Bundesliga/2025,2026-03-15,True
2026-03-15,Stuttgart,RB Leipzig,1.93167,1.12178,30456,2025,https://understat.com/getLeagueData/Bundesliga/2025,2026-03-15,True
2026-03-15,Werder Bremen,Mainz,0.890006,2.05621,30457,2025,https://understat.com/getLeagueData/Bundesliga/2025,2026-03-15,True
2026-03-20,RB Leipzig,Hoffenheim,2.90699,0.521404,30464,2025,https://understat.com/getLeagueData/Bundesliga/2025,2026-03-20,True
2026-03-21,Bayern Munich,Union Berlin,5.93389,0.224572,30459,2025,https://understat.com/getLeagueData/Bundesliga/2025,2026-03-21,True
2026-03-21,Dortmund,Hamburg,6.10187,1.23049,30460,2025,https://understat.com/getLeagueData/Bundesliga/2025,2026-03-21,True
2026-03-21,FC Koln,M'gladbach,1.29293,1.08153,30461,2025,https://understat.com/getLeagueData/Bundesliga/2025,2026-03-21,True
2026-03-21,Heidenheim,Leverkusen,1.73738,1.96287,30462,2025,https://understat.com/getLeagueData/Bundesliga/2025,2026-03-21,True
2026-03-21,Wolfsburg,Werder Bremen,1.05686,0.414924,30466,2025,https://understat.com/getLeagueData/Bundesliga/2025,2026-03-21,True
2026-03-22,Augsburg,Stuttgart,1.59097,3.87094,30458,2025,https://understat.com/getLeagueData/Bundesliga/2025,2026-03-22,True
2026-03-22,Mainz,Ein Frankfurt,1.38387,1.71748,30463,2025,https://understat.com/getLeagueData/Bundesliga/2025,2026-03-22,True
2026-03-22,St Pauli,Freiburg,1.39653,2.74421,30465,2025,https://understat.com/getLeagueData/Bundesliga/2025,2026-03-22,True
2026-04-04,Freiburg,Bayern Munich,2.04585,2.49116,30470,2025,https://understat.com/getLeagueData/Bundesliga/2025,2026-04-04,True
2026-04-04,Hamburg,Augsburg,1.53108,2.57589,30471,2025,https://understat.com/getLeagueData/Bundesliga/2025,2026-04-04,True
2026-04-04,Hoffenheim,Mainz,1.51732,2.22893,30472,2025,https://understat.com/getLeagueData/Bundesliga/2025,2026-04-04,True
2026-04-04,Leverkusen,Wolfsburg,4.59518,2.54712,30467,2025,https://understat.com/getLeagueData/Bundesliga/2025,2026-04-04,True
2026-04-04,M'gladbach,Heidenheim,1.09174,0.883368,30468,2025,https://understat.com/getLeagueData/Bundesliga/2025,2026-04-04,True
2026-04-04,Stuttgart,Dortmund,0.553248,0.76449,30473,2025,https://understat.com/getLeagueData/Bundesliga/2025,2026-04-04,True
2026-04-04,Werder Bremen,RB Leipzig,0.898486,1.61345,30475,2025,https://understat.com/getLeagueData/Bundesliga/2025,2026-04-04,True
2026-04-05,Ein Frankfurt,FC Koln,2.16998,3.09815,30469,2025,https://understat.com/getLeagueData/Bundesliga/2025,2026-04-05,True
2026-04-05,Union Berlin,St Pauli,1.78288,0.325477,30474,2025,https://understat.com/getLeagueData/Bundesliga/2025,2026-04-05,True
2026-04-10,Augsburg,Hoffenheim,2.67199,1.43152,30476,2025,https://understat.com/getLeagueData/Bundesliga/2025,2026-04-10,True
2026-04-11,Dortmund,Leverkusen,1.01423,0.728586,30477,2025,https://understat.com/getLeagueData/Bundesliga/2025,2026-04-11,True
2026-04-11,Heidenheim,Union Berlin,2.11247,1.11885,30479,2025,https://understat.com/getLeagueData/Bundesliga/2025,2026-04-11,True
2026-04-11,RB Leipzig,M'gladbach,2.56843,1.66258,30481,2025,https://understat.com/getLeagueData/Bundesliga/2025,2026-04-11,True
2026-04-11,St Pauli,Bayern Munich,0.355983,4.15447,30482,2025,https://understat.com/getLeagueData/Bundesliga/2025,2026-04-11,True
2026-04-11,Wolfsburg,Ein Frankfurt,2.26232,1.38694,30484,2025,https://understat.com/getLeagueData/Bundesliga/2025,2026-04-11,True
2026-04-12,FC Koln,Werder Bremen,3.90871,0.870139,30478,2025,https://understat.com/getLeagueData/Bundesliga/2025,2026-04-12,True
2026-04-12,Mainz,Freiburg,0.458085,0.538882,30480,2025,https://understat.com/getLeagueData/Bundesliga/2025,2026-04-12,True
2026-04-12,Stuttgart,Hamburg,3.8645,0.417554,30483,2025,https://understat.com/getLeagueData/Bundesliga/2025,2026-04-12,True
2026-04-17,St Pauli,FC Koln,2.2798,1.26761,30491,2025,https://understat.com/getLeagueData/Bundesliga/2025,2026-04-17,True
2026-04-18,Ein Frankfurt,RB Leipzig,1.40341,2.02122,30488,2025,https://understat.com/getLeagueData/Bundesliga/2025,2026-04-18,True
2026-04-18,Hoffenheim,Dortmund,2.22458,1.28292,30490,2025,https://understat.com/getLeagueData/Bundesliga/2025,2026-04-18,True
2026-04-18,Leverkusen,Augsburg,3.73107,1.29743,30485,2025,https://understat.com/getLeagueData/Bundesliga/2025,2026-04-18,True
2026-04-18,Union Berlin,Wolfsburg,2.38881,0.23493,30492,2025,https://understat.com/getLeagueData/Bundesliga/2025,2026-04-18,True
2026-04-18,Werder Bremen,Hamburg,1.60257,0.914249,30493,2025,https://understat.com/getLeagueData/Bundesliga/2025,2026-04-18,True
2026-04-19,Bayern Munich,Stuttgart,5.11014,1.26038,30486,2025,https://understat.com/getLeagueData/Bundesliga/2025,2026-04-19,True
2026-04-19,Freiburg,Heidenheim,2.13766,1.74426,30489,2025,https://understat.com/getLeagueData/Bundesliga/2025,2026-04-19,True
2026-04-19,M'gladbach,Mainz,1.11134,2.46195,30487,2025,https://understat.com/getLeagueData/Bundesliga/2025,2026-04-19,True
2026-04-24,RB Leipzig,Union Berlin,4.53545,0.372365,30500,2025,https://understat.com/getLeagueData/Bundesliga/2025,2026-04-24,True
2026-04-25,Augsburg,Ein Frankfurt,2.13872,0.854238,30494,2025,https://understat.com/getLeagueData/Bundesliga/2025,2026-04-25,True
2026-04-25,FC Koln,Leverkusen,3.49945,1.85749,30496,2025,https://understat.com/getLeagueData/Bundesliga/2025,2026-04-25,True
2026-04-25,Hamburg,Hoffenheim,1.48261,2.42862,30497,2025,https://understat.com/getLeagueData/Bundesliga/2025,2026-04-25,True
2026-04-25,Heidenheim,St Pauli,2.17234,1.17753,30498,2025,https://understat.com/getLeagueData/Bundesliga/2025,2026-04-25,True
2026-04-25,Mainz,Bayern Munich,3.22403,2.36194,30499,2025,https://understat.com/getLeagueData/Bundesliga/2025,2026-04-25,True
2026-04-25,Wolfsburg,M'gladbach,1.61116,0.473153,30502,2025,https://understat.com/getLeagueData/Bundesliga/2025,2026-04-25,True
2026-04-26,Dortmund,Freiburg,3.09306,0.496971,30495,2025,https://understat.com/getLeagueData/Bundesliga/2025,2026-04-26,True
2026-04-26,Stuttgart,Werder Bremen,1.99681,0.958992,30501,2025,https://understat.com/getLeagueData/Bundesliga/2025,2026-04-26,True
2026-05-02,Bayern Munich,Heidenheim,1.87973,2.48197,30504,2025,https://understat.com/getLeagueData/Bundesliga/2025,2026-05-02,True
2026-05-02,Ein Frankfurt,Hamburg,0.992322,0.627209,30506,2025,https://understat.com/getLeagueData/Bundesliga/2025,2026-05-02,True
2026-05-02,Hoffenheim,Stuttgart,2.6399,1.76153,30508,2025,https://understat.com/getLeagueData/Bundesliga/2025,2026-05-02,True
2026-05-02,Leverkusen,RB Leipzig,5.41733,1.49733,30503,2025,https://understat.com/getLeagueData/Bundesliga/2025,2026-05-02,True
2026-05-02,Union Berlin,FC Koln,0.887532,1.6958,30510,2025,https://understat.com/getLeagueData/Bundesliga/2025,2026-05-02,True
2026-05-02,Werder Bremen,Augsburg,0.814452,3.23625,30511,2025,https://understat.com/getLeagueData/Bundesliga/2025,2026-05-02,True
2026-05-03,Freiburg,Wolfsburg,0.947988,1.11086,30507,2025,https://understat.com/getLeagueData/Bundesliga/2025,2026-05-03,True
2026-05-03,M'gladbach,Dortmund,2.68245,0.4281,30505,2025,https://understat.com/getLeagueData/Bundesliga/2025,2026-05-03,True
2026-05-03,St Pauli,Mainz,1.08664,2.80672,30509,2025,https://understat.com/getLeagueData/Bundesliga/2025,2026-05-03,True
2026-05-08,Dortmund,Ein Frankfurt,2.94988,0.942523,30513,2025,https://understat.com/getLeagueData/Bundesliga/2025,2026-05-08,True
2026-05-09,Augsburg,M'gladbach,2.80244,1.05493,30512,2025,https://understat.com/getLeagueData/Bundesliga/2025,2026-05-09,True
2026-05-09,Hoffenheim,Werder Bremen,1.28965,1.45272,30516,2025,https://understat.com/getLeagueData/Bundesliga/2025,2026-05-09,True
2026-05-09,RB Leipzig,St Pauli,2.32909,0.945954,30518,2025,https://understat.com/getLeagueData/Bundesliga/2025,2026-05-09,True
2026-05-09,Stuttgart,Leverkusen,3.42891,0.631905,30519,2025,https://understat.com/getLeagueData/Bundesliga/2025,2026-05-09,True
2026-05-09,Wolfsburg,Bayern Munich,3.26878,1.9054,30520,2025,https://understat.com/getLeagueData/Bundesliga/2025,2026-05-09,True
2026-05-10,FC Koln,Heidenheim,1.51486,2.04489,30514,2025,https://understat.com/getLeagueData/Bundesliga/2025,2026-05-10,True
2026-05-10,Hamburg,Freiburg,2.02228,0.583605,30515,2025,https://understat.com/getLeagueData/Bundesliga/2025,2026-05-10,True
2026-05-10,Mainz,Union Berlin,2.09983,2.94155,30517,2025,https://understat.com/getLeagueData/Bundesliga/2025,2026-05-10,True
2026-05-16,Bayern Munich,FC Koln,2.81515,0.880203,30522,2025,https://understat.com/getLeagueData/Bundesliga/2025,2026-05-16,True
2026-05-16,Ein Frankfurt,Stuttgart,2.99231,1.81013,30524,2025,https://understat.com/getLeagueData/Bundesliga/2025,2026-05-16,True
2026-05-16,Freiburg,RB Leipzig,2.54392,1.51341,30525,2025,https://understat.com/getLeagueData/Bundesliga/2025,2026-05-16,True
2026-05-16,Heidenheim,Mainz,3.03813,3.90834,30526,2025,https://understat.com/getLeagueData/Bundesliga/2025,2026-05-16,True
2026-05-16,Leverkusen,Hamburg,3.08571,1.63049,30521,2025,https://understat.com/getLeagueData/Bundesliga/2025,2026-05-16,True
2026-05-16,M'gladbach,Hoffenheim,0.845598,1.77286,30523,2025,https://understat.com/getLeagueData/Bundesliga/2025,2026-05-16,True
2026-05-16,St Pauli,Wolfsburg,1.98722,4.0649,30527,2025,https://understat.com/getLeagueData/Bundesliga/2025,2026-05-16,True
2026-05-16,Union Berlin,Augsburg,2.45125,0.506181,30528,2025,https://understat.com/getLeagueData/Bundesliga/2025,2026-05-16,True
2026-05-16,Werder Bremen,Dortmund,0.530615,3.37413,30529,2025,https://understat.com/getLeagueData/Bundesliga/2025,2026-05-16,True
2026-08-28,Bayern Munich,Stuttgart,4.07897,1.24951,32247,2026,https://understat.com/getLeagueData/Bundesliga/2026,2026-08-28,True
2026-08-29,Dortmund,Hamburg,1.31287,1.10643,32252,2026,https://understat.com/getLeagueData/Bundesliga/2026,2026-08-29,True
2026-08-29,Elversberg,Leverkusen,1.40032,2.61527,32758,2026,https://understat.com/getLeagueData/Bundesliga/2026,2026-08-29,True
2026-08-29,FC Koln,Hoffenheim,2.31412,1.92317,32249,2026,https://understat.com/getLeagueData/Bundesliga/2026,2026-08-29,True
2026-08-29,Mainz,Paderborn,1.54945,0.691131,32251,2026,https://understat.com/getLeagueData/Bundesliga/2026,2026-08-29,True
2026-08-29,RB Leipzig,M'gladbach,3.76496,1.23375,32250,2026,https://understat.com/getLeagueData/Bundesliga/2026,2026-08-29,True
2026-08-29,Union Berlin,Ein Frankfurt,2.28332,2.1189,32248,2026,https://understat.com/getLeagueData/Bundesliga/2026,2026-08-29,True
2026-08-30,Augsburg,Schalke 04,5.53649,1.83691,32254,2026,https://understat.com/getLeagueData/Bundesliga/2026,2026-08-30,True
2026-08-30,Freiburg,Werder Bremen,2.38503,0.948636,32253,2026,https://understat.com/getLeagueData/Bundesliga/2026,2026-08-30,True
2026-09-04,Stuttgart,FC Koln,3.5224,2.85818,32255,2026,https://understat.com/getLeagueData/Bundesliga/2026,2026-09-04,True
2026-09-05,Hoffenheim,Dortmund,2.16627,2.02481,32258,2026,https://understat.com/getLeagueData/Bundesliga/2026,2026-09-05,True
2026-09-05,Leverkusen,Union Berlin,3.39215,0.249852,32257,2026,https://understat.com/getLeagueData/Bundesliga/2026,2026-09-05,True
2026-09-05,M'gladbach,Elversberg,2.88776,3.03199,32759,2026,https://understat.com/getLeagueData/Bundesliga/2026,2026-09-05,True
2026-09-05,Paderborn,Freiburg,0.733133,1.1716,32259,2026,https://understat.com/getLeagueData/Bundesliga/2026,2026-09-05,True
2026-09-05,Schalke 04,Bayern Munich,0.25073,2.0536,32260,2026,https://understat.com/getLeagueData/Bundesliga/2026,2026-09-05,True
2026-09-05,Werder Bremen,RB Leipzig,0.854137,1.58161,32256,2026,https://understat.com/getLeagueData/Bundesliga/2026,2026-09-05,True
2026-09-06,Ein Frankfurt,Augsburg,2.51037,1.44545,32262,2026,https://understat.com/getLeagueData/Bundesliga/2026,2026-09-06,True
2026-09-06,Hamburg,Mainz,0.257239,3.27983,32261,2026,https://understat.com/getLeagueData/Bundesliga/2026,2026-09-06,True
2026-09-11,Union Berlin,Schalke 04,1.91756,3.21809,32263,2026,https://understat.com/getLeagueData/Bundesliga/2026,2026-09-11,True
2026-09-12,Augsburg,Leverkusen,0.842513,1.88606,32267,2026,https://understat.com/getLeagueData/Bundesliga/2026,2026-09-12,True
2026-09-12,Dortmund,Paderborn,3.14526,0.311097,32268,2026,https://understat.com/getLeagueData/Bundesliga/2026,2026-09-12,True
2026-09-12,FC Koln,Werder Bremen,1.61333,1.18178,32269,2026,https://understat.com/getLeagueData/Bundesliga/2026,2026-09-12,True
2026-09-12,Freiburg,M'gladbach,2.1488,0.268308,32264,2026,https://understat.com/getLeagueData/Bundesliga/2026,2026-09-12,True
2026-09-12,Hoffenheim,Stuttgart,2.95745,2.66977,32265,2026,https://understat.com/getLeagueData/Bundesliga/2026,2026-09-12,True
2026-09-12,Mainz,Ein Frankfurt,2.24195,2.15926,32266,2026,https://understat.com/getLeagueData/Bundesliga/2026,2026-09-12,True
2026-09-13,Elversberg,Bayern Munich,1.02972,3.06035,32760,2026,https://understat.com/getLeagueData/Bundesliga/2026,2026-09-13,True
2026-09-13,RB Leipzig,Hamburg,2.4682,0.508374,32270,2026,https://understat.com/getLeagueData/Bundesliga/2026,2026-09-13,True
2026-09-18,Bayern Munich,Union Berlin,4.1308,0.471553,32271,2026,https://understat.com/getLeagueData/Bundesliga/2026,2026-09-18,True
2026-09-19,Ein Frankfurt,Freiburg,2.08323,2.93158,32273,2026,https://understat.com/getLeagueData/Bundesliga/2026,2026-09-19,True
2026-09-19,Hamburg,FC Koln,2.07655,2.15949,32274,2026,https://understat.com/getLeagueData/Bundesliga/2026,2026-09-19,True
2026-09-19,M'gladbach,Mainz,3.0902,3.46968,32272,2026,https://understat.com/getLeagueData/Bundesliga/2026,2026-09-19,True
2026-09-19,Stuttgart,Dortmund,0.666049,2.11223,32276,2026,https://understat.com/getLeagueData/Bundesliga/2026,2026-09-19,True
2026-09-19,Werder Bremen,Augsburg,2.30122,0.742238,32275,2026,https://understat.com/getLeagueData/Bundesliga/2026,2026-09-19,True
2026-09-20,Leverkusen,RB Leipzig,2.54515,0.929998,32277,2026,https://understat.com/getLeagueData/Bundesliga/2026,2026-09-20,True
2026-09-20,Paderborn,Hoffenheim,1.34065,1.67256,32278,2026,https://understat.com/getLeagueData/Bundesliga/2026,2026-09-20,True
2026-09-20,Schalke 04,Elversberg,1.26962,0.795372,32761,2026,https://understat.com/getLeagueData/Bundesliga/2026,2026-09-20,True
